[
  {
    "path": "README.md",
    "fileType": "md",
    "lines": [
      {
        "lineNumber": 1,
        "author": {
          "gitId": "-"
        },
        "content": "# Setting up"
      },
      {
        "lineNumber": 2,
        "author": {
          "gitId": "-"
        },
        "content": ""
      },
      {
        "lineNumber": 3,
        "author": {
          "gitId": "-"
        },
        "content": "**Prerequisites**"
      },
      {
        "lineNumber": 4,
        "author": {
          "gitId": "-"
        },
        "content": ""
      },
      {
        "lineNumber": 5,
        "author": {
          "gitId": "-"
        },
        "content": "* JDK 11"
      },
      {
        "lineNumber": 6,
        "author": {
          "gitId": "-"
        },
        "content": "* Recommended: IntelliJ IDE"
      },
      {
        "lineNumber": 7,
        "author": {
          "gitId": "-"
        },
        "content": "* Fork this repo to your GitHub account and clone the fork to your computer"
      },
      {
        "lineNumber": 8,
        "author": {
          "gitId": "-"
        },
        "content": ""
      },
      {
        "lineNumber": 9,
        "author": {
          "gitId": "-"
        },
        "content": "**Importing the project into IntelliJ**"
      },
      {
        "lineNumber": 10,
        "author": {
          "gitId": "-"
        },
        "content": ""
      },
      {
        "lineNumber": 11,
        "author": {
          "gitId": "-"
        },
        "content": "1. Open IntelliJ (if you are not in the welcome screen, click `File` \u003e `Close Project` to close the existing project dialog first)."
      },
      {
        "lineNumber": 12,
        "author": {
          "gitId": "-"
        },
        "content": "1. Set up the correct JDK version."
      },
      {
        "lineNumber": 13,
        "author": {
          "gitId": "-"
        },
        "content": "   * Click `Configure` \u003e `Structure for new Projects` (in older versions of Intellij:`Configure` \u003e `Project Defaults` \u003e `Project Structure`)."
      },
      {
        "lineNumber": 14,
        "author": {
          "gitId": "-"
        },
        "content": "   * If JDK 11 is listed in the drop down, select it. If it is not, click `New...` and select the directory where you installed JDK 11."
      },
      {
        "lineNumber": 15,
        "author": {
          "gitId": "-"
        },
        "content": "   * Click `OK`."
      },
      {
        "lineNumber": 16,
        "author": {
          "gitId": "-"
        },
        "content": "1. Click `Import Project`."
      },
      {
        "lineNumber": 17,
        "author": {
          "gitId": "-"
        },
        "content": "1. Locate the project directory and click `OK`."
      },
      {
        "lineNumber": 18,
        "author": {
          "gitId": "-"
        },
        "content": "1. Select `Create project from existing sources` and click `Next`."
      },
      {
        "lineNumber": 19,
        "author": {
          "gitId": "-"
        },
        "content": "1. Rename the project if you want. Click `Next`."
      },
      {
        "lineNumber": 20,
        "author": {
          "gitId": "-"
        },
        "content": "1. Ensure that your src folder is checked. Keep clicking `Next`."
      },
      {
        "lineNumber": 21,
        "author": {
          "gitId": "-"
        },
        "content": "1. Click `Finish`."
      },
      {
        "lineNumber": 22,
        "author": {
          "gitId": "-"
        },
        "content": ""
      },
      {
        "lineNumber": 23,
        "author": {
          "gitId": "-"
        },
        "content": "# Tutorials "
      },
      {
        "lineNumber": 24,
        "author": {
          "gitId": "-"
        },
        "content": ""
      },
      {
        "lineNumber": 25,
        "author": {
          "gitId": "yantingsanity"
        },
        "content": "duke.Duke Increment | Tutorial"
      },
      {
        "lineNumber": 26,
        "author": {
          "gitId": "-"
        },
        "content": "---------------|---------------"
      },
      {
        "lineNumber": 27,
        "author": {
          "gitId": "-"
        },
        "content": "`A-Gradle` | [Gradle Tutorial](tutorials/gradleTutorial.md)"
      },
      {
        "lineNumber": 28,
        "author": {
          "gitId": "-"
        },
        "content": "`A-TextUiTesting` | [Text UI Testing Tutorial](tutorials/textUiTestingTutorial.md)"
      },
      {
        "lineNumber": 29,
        "author": {
          "gitId": "yantingsanity"
        },
        "content": "`Level-10` | JavaFX tutorials:\u003cbr\u003e→ [Part 1: Introduction to JavaFX][fx1]\u003cbr\u003e→ [Part 2: Creating a GUI for duke.Duke][fx2]\u003cbr\u003e→ [Part 3: Interacting with the user][fx3]\u003cbr\u003e→ [Part 4: Introduction to FXML][fx4]"
      },
      {
        "lineNumber": 30,
        "author": {
          "gitId": "-"
        },
        "content": ""
      },
      {
        "lineNumber": 31,
        "author": {
          "gitId": "-"
        },
        "content": "[fx1]: \u003ctutorials/javaFxTutorialPart1.md\u003e"
      },
      {
        "lineNumber": 32,
        "author": {
          "gitId": "-"
        },
        "content": "[fx2]: \u003ctutorials/javaFxTutorialPart2.md\u003e"
      },
      {
        "lineNumber": 33,
        "author": {
          "gitId": "-"
        },
        "content": "[fx3]: \u003ctutorials/javaFxTutorialPart3.md\u003e"
      },
      {
        "lineNumber": 34,
        "author": {
          "gitId": "-"
        },
        "content": "[fx4]: \u003ctutorials/javaFxTutorialPart4.md\u003e"
      },
      {
        "lineNumber": 35,
        "author": {
          "gitId": "-"
        },
        "content": ""
      },
      {
        "lineNumber": 36,
        "author": {
          "gitId": "-"
        },
        "content": "# Feedback, Bug Reports"
      },
      {
        "lineNumber": 37,
        "author": {
          "gitId": "-"
        },
        "content": ""
      },
      {
        "lineNumber": 38,
        "author": {
          "gitId": "-"
        },
        "content": "* If you have feedback or bug reports, please post in [se-edu/duke issue tracker](https://github.com/se-edu/duke/issues)."
      },
      {
        "lineNumber": 39,
        "author": {
          "gitId": "-"
        },
        "content": "* We welcome pull requests too."
      }
    ],
    "authorContributionMap": {
      "yantingsanity": 2,
      "-": 37
    }
  },
  {
    "path": "src/main/java/duke/Duke.java",
    "fileType": "java",
    "lines": [
      {
        "lineNumber": 1,
        "author": {
          "gitId": "yantingsanity"
        },
        "content": "package duke;"
      },
      {
        "lineNumber": 2,
        "author": {
          "gitId": "yantingsanity"
        },
        "content": ""
      },
      {
        "lineNumber": 3,
        "author": {
          "gitId": "yantingsanity"
        },
        "content": "import duke.exceptions.InvalidInputException;"
      },
      {
        "lineNumber": 4,
        "author": {
          "gitId": "yantingsanity"
        },
        "content": "import duke.task.Task;"
      },
      {
        "lineNumber": 5,
        "author": {
          "gitId": "yantingsanity"
        },
        "content": "import duke.task.commands.Deadline;"
      },
      {
        "lineNumber": 6,
        "author": {
          "gitId": "yantingsanity"
        },
        "content": "import duke.task.commands.Event;"
      },
      {
        "lineNumber": 7,
        "author": {
          "gitId": "yantingsanity"
        },
        "content": "import duke.task.commands.ToDo;"
      },
      {
        "lineNumber": 8,
        "author": {
          "gitId": "yantingsanity"
        },
        "content": ""
      },
      {
        "lineNumber": 9,
        "author": {
          "gitId": "yantingsanity"
        },
        "content": "import java.util.Scanner;"
      },
      {
        "lineNumber": 10,
        "author": {
          "gitId": "yantingsanity"
        },
        "content": "import java.util.ArrayList;"
      },
      {
        "lineNumber": 11,
        "author": {
          "gitId": "yantingsanity"
        },
        "content": "import java.io.File;"
      },
      {
        "lineNumber": 12,
        "author": {
          "gitId": "yantingsanity"
        },
        "content": "import java.io.FileNotFoundException;"
      },
      {
        "lineNumber": 13,
        "author": {
          "gitId": "yantingsanity"
        },
        "content": "import java.io.FileWriter;"
      },
      {
        "lineNumber": 14,
        "author": {
          "gitId": "yantingsanity"
        },
        "content": "import java.io.IOException;"
      },
      {
        "lineNumber": 15,
        "author": {
          "gitId": "yantingsanity"
        },
        "content": ""
      },
      {
        "lineNumber": 16,
        "author": {
          "gitId": "-"
        },
        "content": "public class Duke {"
      },
      {
        "lineNumber": 17,
        "author": {
          "gitId": "yantingsanity"
        },
        "content": ""
      },
      {
        "lineNumber": 18,
        "author": {
          "gitId": "yantingsanity"
        },
        "content": "    private static ArrayList \u003cTask\u003e totalTasks \u003d new ArrayList\u003c\u003e();"
      },
      {
        "lineNumber": 19,
        "author": {
          "gitId": "yantingsanity"
        },
        "content": ""
      },
      {
        "lineNumber": 20,
        "author": {
          "gitId": "yantingsanity"
        },
        "content": "    public static void getWelcomeMessage(){"
      },
      {
        "lineNumber": 21,
        "author": {
          "gitId": "yantingsanity"
        },
        "content": "        String logo \u003d \"  __  .__             /\\\\            .___     __           \\n\" +"
      },
      {
        "lineNumber": 22,
        "author": {
          "gitId": "yantingsanity"
        },
        "content": "                \"_/  |_|__| ____    ___)/ ______   __| _/_ __|  | __ ____  \\n\" +"
      },
      {
        "lineNumber": 23,
        "author": {
          "gitId": "yantingsanity"
        },
        "content": "                \"\\\\   __\\\\  |/    \\\\  / ___\\\\/  ___/  / __ |  |  \\\\  |/ // __ \\\\ \\n\" +"
      },
      {
        "lineNumber": 24,
        "author": {
          "gitId": "yantingsanity"
        },
        "content": "                \" |  | |  |   |  \\\\/ /_/  \u003e___ \\\\  / /_/ |  |  /    \u003c\\\\  ___/ \\n\" +"
      },
      {
        "lineNumber": 25,
        "author": {
          "gitId": "yantingsanity"
        },
        "content": "                \" |__| |__|___|  /\\\\___  /____  \u003e \\\\____ |____/|__|_ \\\\\\\\___  \u003e\\n\" +"
      },
      {
        "lineNumber": 26,
        "author": {
          "gitId": "yantingsanity"
        },
        "content": "                \"              \\\\//_____/     \\\\/       \\\\/          \\\\/    \\\\/ \";"
      },
      {
        "lineNumber": 27,
        "author": {
          "gitId": "-"
        },
        "content": "        System.out.println(\"Hello from\\n\" + logo);"
      },
      {
        "lineNumber": 28,
        "author": {
          "gitId": "yantingsanity"
        },
        "content": "        System.out.println(\"What can I do for you, today?\");"
      },
      {
        "lineNumber": 29,
        "author": {
          "gitId": "yantingsanity"
        },
        "content": "        System.out.println(\"____________________________________________________________________\");"
      },
      {
        "lineNumber": 30,
        "author": {
          "gitId": "yantingsanity"
        },
        "content": "    }"
      },
      {
        "lineNumber": 31,
        "author": {
          "gitId": "yantingsanity"
        },
        "content": ""
      },
      {
        "lineNumber": 32,
        "author": {
          "gitId": "yantingsanity"
        },
        "content": "    public static void getHelpMessage() {"
      },
      {
        "lineNumber": 33,
        "author": {
          "gitId": "yantingsanity"
        },
        "content": "        System.out.println(\"Some help for you!! :)\");"
      },
      {
        "lineNumber": 34,
        "author": {
          "gitId": "yantingsanity"
        },
        "content": "        System.out.println(\"3 different ways to add tasks into the list:\");"
      },
      {
        "lineNumber": 35,
        "author": {
          "gitId": "yantingsanity"
        },
        "content": "        System.out.println(\"+ event \u003cevent_name\u003e /at \u003cevent date\u003e \u003cevent time\u003e\");"
      },
      {
        "lineNumber": 36,
        "author": {
          "gitId": "yantingsanity"
        },
        "content": "        System.out.println(\"+ todo \u003ctodo_task\u003e\");"
      },
      {
        "lineNumber": 37,
        "author": {
          "gitId": "yantingsanity"
        },
        "content": "        System.out.println(\"+ deadline \u003cdeadline_task\u003e /by \u003cdeadline date\u003e \u003cdeadline time\u003e\");"
      },
      {
        "lineNumber": 38,
        "author": {
          "gitId": "yantingsanity"
        },
        "content": "    }"
      },
      {
        "lineNumber": 39,
        "author": {
          "gitId": "yantingsanity"
        },
        "content": ""
      },
      {
        "lineNumber": 40,
        "author": {
          "gitId": "yantingsanity"
        },
        "content": "    public static void printAllTasks(){"
      },
      {
        "lineNumber": 41,
        "author": {
          "gitId": "yantingsanity"
        },
        "content": "        if (totalTasks.size() \u003e 0){"
      },
      {
        "lineNumber": 42,
        "author": {
          "gitId": "yantingsanity"
        },
        "content": "            System.out.println(\"Here are the tasks in your list:\");"
      },
      {
        "lineNumber": 43,
        "author": {
          "gitId": "yantingsanity"
        },
        "content": "            int index \u003d 0;"
      },
      {
        "lineNumber": 44,
        "author": {
          "gitId": "yantingsanity"
        },
        "content": "            for (Task task : totalTasks){"
      },
      {
        "lineNumber": 45,
        "author": {
          "gitId": "yantingsanity"
        },
        "content": "                System.out.println((++index) + \". \" + task);"
      },
      {
        "lineNumber": 46,
        "author": {
          "gitId": "yantingsanity"
        },
        "content": "            }"
      },
      {
        "lineNumber": 47,
        "author": {
          "gitId": "yantingsanity"
        },
        "content": "        } else {"
      },
      {
        "lineNumber": 48,
        "author": {
          "gitId": "yantingsanity"
        },
        "content": "            System.out.println(\"There are currently no tasks in your list!\");"
      },
      {
        "lineNumber": 49,
        "author": {
          "gitId": "yantingsanity"
        },
        "content": "        }"
      },
      {
        "lineNumber": 50,
        "author": {
          "gitId": "yantingsanity"
        },
        "content": "    }"
      },
      {
        "lineNumber": 51,
        "author": {
          "gitId": "yantingsanity"
        },
        "content": ""
      },
      {
        "lineNumber": 52,
        "author": {
          "gitId": "yantingsanity"
        },
        "content": "    public static void updateTaskStatus(String userInput){"
      },
      {
        "lineNumber": 53,
        "author": {
          "gitId": "yantingsanity"
        },
        "content": "        String [] inputStrings \u003d userInput.split(\" \");"
      },
      {
        "lineNumber": 54,
        "author": {
          "gitId": "yantingsanity"
        },
        "content": "        String updateType \u003d inputStrings[0];"
      },
      {
        "lineNumber": 55,
        "author": {
          "gitId": "yantingsanity"
        },
        "content": "        if (inputStrings.length \u003e 1) {"
      },
      {
        "lineNumber": 56,
        "author": {
          "gitId": "yantingsanity"
        },
        "content": "            int index \u003d Integer.parseInt(inputStrings[1].trim()) - 1;"
      },
      {
        "lineNumber": 57,
        "author": {
          "gitId": "yantingsanity"
        },
        "content": "            Task task \u003d null;"
      },
      {
        "lineNumber": 58,
        "author": {
          "gitId": "yantingsanity"
        },
        "content": "            try {"
      },
      {
        "lineNumber": 59,
        "author": {
          "gitId": "yantingsanity"
        },
        "content": "                task \u003d totalTasks.get(index);"
      },
      {
        "lineNumber": 60,
        "author": {
          "gitId": "yantingsanity"
        },
        "content": "                if (updateType.equals(\"done\")) {"
      },
      {
        "lineNumber": 61,
        "author": {
          "gitId": "yantingsanity"
        },
        "content": "                    task.setTaskAsDone();"
      },
      {
        "lineNumber": 62,
        "author": {
          "gitId": "yantingsanity"
        },
        "content": "                    System.out.println(\"Nice! I have marked this task as done:\");"
      },
      {
        "lineNumber": 63,
        "author": {
          "gitId": "yantingsanity"
        },
        "content": "                    System.out.println(task);"
      },
      {
        "lineNumber": 64,
        "author": {
          "gitId": "yantingsanity"
        },
        "content": "                } else if (updateType.equals(\"delete\")) {"
      },
      {
        "lineNumber": 65,
        "author": {
          "gitId": "yantingsanity"
        },
        "content": "                    System.out.println(\"Noted. I\u0027ve removed this task:\");"
      },
      {
        "lineNumber": 66,
        "author": {
          "gitId": "yantingsanity"
        },
        "content": "                    task.setTaskAsDone();"
      },
      {
        "lineNumber": 67,
        "author": {
          "gitId": "yantingsanity"
        },
        "content": "                    System.out.println(task);"
      },
      {
        "lineNumber": 68,
        "author": {
          "gitId": "yantingsanity"
        },
        "content": "                    totalTasks.remove(index);"
      },
      {
        "lineNumber": 69,
        "author": {
          "gitId": "yantingsanity"
        },
        "content": "                    System.out.println(\"Now you have \" + totalTasks.size() + \" in the list.\");"
      },
      {
        "lineNumber": 70,
        "author": {
          "gitId": "yantingsanity"
        },
        "content": "                } else {"
      },
      {
        "lineNumber": 71,
        "author": {
          "gitId": "yantingsanity"
        },
        "content": "                    getHelpMessage();"
      },
      {
        "lineNumber": 72,
        "author": {
          "gitId": "yantingsanity"
        },
        "content": "                }"
      },
      {
        "lineNumber": 73,
        "author": {
          "gitId": "yantingsanity"
        },
        "content": "            } catch (IndexOutOfBoundsException e) {"
      },
      {
        "lineNumber": 74,
        "author": {
          "gitId": "yantingsanity"
        },
        "content": "                System.out.println(\"Please provide an appropriate index to update/delete!\");"
      },
      {
        "lineNumber": 75,
        "author": {
          "gitId": "yantingsanity"
        },
        "content": "            }"
      },
      {
        "lineNumber": 76,
        "author": {
          "gitId": "yantingsanity"
        },
        "content": "        } else {"
      },
      {
        "lineNumber": 77,
        "author": {
          "gitId": "yantingsanity"
        },
        "content": "            System.out.println(\"Please provide an index to update/delete!\");"
      },
      {
        "lineNumber": 78,
        "author": {
          "gitId": "yantingsanity"
        },
        "content": "        }"
      },
      {
        "lineNumber": 79,
        "author": {
          "gitId": "yantingsanity"
        },
        "content": "    }"
      },
      {
        "lineNumber": 80,
        "author": {
          "gitId": "yantingsanity"
        },
        "content": ""
      },
      {
        "lineNumber": 81,
        "author": {
          "gitId": "yantingsanity"
        },
        "content": "    public static void addNewTask(String userInput) throws InvalidInputException{"
      },
      {
        "lineNumber": 82,
        "author": {
          "gitId": "yantingsanity"
        },
        "content": "        String [] taskStrings \u003d userInput.split(\"/\");"
      },
      {
        "lineNumber": 83,
        "author": {
          "gitId": "yantingsanity"
        },
        "content": "        String [] taskDescriptions \u003d taskStrings[0].split(\" \", 2);"
      },
      {
        "lineNumber": 84,
        "author": {
          "gitId": "yantingsanity"
        },
        "content": "        String [] taskDate \u003d new String[0];"
      },
      {
        "lineNumber": 85,
        "author": {
          "gitId": "yantingsanity"
        },
        "content": "        if (taskStrings.length \u003e 1){"
      },
      {
        "lineNumber": 86,
        "author": {
          "gitId": "yantingsanity"
        },
        "content": "            taskDate \u003d taskStrings[1].split(\" \", 2);"
      },
      {
        "lineNumber": 87,
        "author": {
          "gitId": "yantingsanity"
        },
        "content": "        }"
      },
      {
        "lineNumber": 88,
        "author": {
          "gitId": "yantingsanity"
        },
        "content": "        try {"
      },
      {
        "lineNumber": 89,
        "author": {
          "gitId": "yantingsanity"
        },
        "content": "            Task newTask;"
      },
      {
        "lineNumber": 90,
        "author": {
          "gitId": "yantingsanity"
        },
        "content": "            switch (taskDescriptions[0].trim()){"
      },
      {
        "lineNumber": 91,
        "author": {
          "gitId": "yantingsanity"
        },
        "content": "            case \"todo\":"
      },
      {
        "lineNumber": 92,
        "author": {
          "gitId": "yantingsanity"
        },
        "content": "                newTask \u003d new ToDo(taskDescriptions[1]);"
      },
      {
        "lineNumber": 93,
        "author": {
          "gitId": "yantingsanity"
        },
        "content": "                break;"
      },
      {
        "lineNumber": 94,
        "author": {
          "gitId": "yantingsanity"
        },
        "content": "            case \"event\":"
      },
      {
        "lineNumber": 95,
        "author": {
          "gitId": "yantingsanity"
        },
        "content": "                newTask \u003d new Event(taskDescriptions[1], taskDate[1]);"
      },
      {
        "lineNumber": 96,
        "author": {
          "gitId": "yantingsanity"
        },
        "content": "                break;"
      },
      {
        "lineNumber": 97,
        "author": {
          "gitId": "yantingsanity"
        },
        "content": "            case \"deadline\":"
      },
      {
        "lineNumber": 98,
        "author": {
          "gitId": "yantingsanity"
        },
        "content": "                newTask \u003d new Deadline(taskDescriptions[1], taskDate[1]);"
      },
      {
        "lineNumber": 99,
        "author": {
          "gitId": "yantingsanity"
        },
        "content": "                break;"
      },
      {
        "lineNumber": 100,
        "author": {
          "gitId": "yantingsanity"
        },
        "content": "            default:"
      },
      {
        "lineNumber": 101,
        "author": {
          "gitId": "yantingsanity"
        },
        "content": "                throw new InvalidInputException();"
      },
      {
        "lineNumber": 102,
        "author": {
          "gitId": "yantingsanity"
        },
        "content": "            }"
      },
      {
        "lineNumber": 103,
        "author": {
          "gitId": "yantingsanity"
        },
        "content": "            System.out.println(\"Got it. I\u0027ve added this task:\");"
      },
      {
        "lineNumber": 104,
        "author": {
          "gitId": "yantingsanity"
        },
        "content": "            System.out.println(newTask);"
      },
      {
        "lineNumber": 105,
        "author": {
          "gitId": "yantingsanity"
        },
        "content": "            //Add new task"
      },
      {
        "lineNumber": 106,
        "author": {
          "gitId": "yantingsanity"
        },
        "content": "            totalTasks.add(newTask);"
      },
      {
        "lineNumber": 107,
        "author": {
          "gitId": "yantingsanity"
        },
        "content": "            System.out.println(\"Now you have \" + totalTasks.size() + \" tasks in the list.\");"
      },
      {
        "lineNumber": 108,
        "author": {
          "gitId": "yantingsanity"
        },
        "content": "        } catch (IndexOutOfBoundsException e){"
      },
      {
        "lineNumber": 109,
        "author": {
          "gitId": "yantingsanity"
        },
        "content": "            System.out.println(\"There is a missing parameter in your input!\");"
      },
      {
        "lineNumber": 110,
        "author": {
          "gitId": "yantingsanity"
        },
        "content": "            getHelpMessage();"
      },
      {
        "lineNumber": 111,
        "author": {
          "gitId": "yantingsanity"
        },
        "content": "        }"
      },
      {
        "lineNumber": 112,
        "author": {
          "gitId": "yantingsanity"
        },
        "content": "    }"
      },
      {
        "lineNumber": 113,
        "author": {
          "gitId": "yantingsanity"
        },
        "content": ""
      },
      {
        "lineNumber": 114,
        "author": {
          "gitId": "yantingsanity"
        },
        "content": "    public static void writeToFile() throws IOException {"
      },
      {
        "lineNumber": 115,
        "author": {
          "gitId": "yantingsanity"
        },
        "content": "        //String filepath \u003d \"../../../src/main/java/duke/data/duke.txt\";"
      },
      {
        "lineNumber": 116,
        "author": {
          "gitId": "yantingsanity"
        },
        "content": "        String filepath \u003d \"src/main/java/duke/data/duke.txt\";"
      },
      {
        "lineNumber": 117,
        "author": {
          "gitId": "yantingsanity"
        },
        "content": "        FileWriter fw \u003d new FileWriter(filepath);"
      },
      {
        "lineNumber": 118,
        "author": {
          "gitId": "yantingsanity"
        },
        "content": "        String stringToWrite \u003d \"\";"
      },
      {
        "lineNumber": 119,
        "author": {
          "gitId": "yantingsanity"
        },
        "content": "        for (Task task : totalTasks){"
      },
      {
        "lineNumber": 120,
        "author": {
          "gitId": "yantingsanity"
        },
        "content": "            String status \u003d \"\";"
      },
      {
        "lineNumber": 121,
        "author": {
          "gitId": "yantingsanity"
        },
        "content": "            if (task.getTaskStatus() \u003d\u003d \"✓\"){"
      },
      {
        "lineNumber": 122,
        "author": {
          "gitId": "yantingsanity"
        },
        "content": "                status \u003d \"1\";"
      },
      {
        "lineNumber": 123,
        "author": {
          "gitId": "yantingsanity"
        },
        "content": "            } else {"
      },
      {
        "lineNumber": 124,
        "author": {
          "gitId": "yantingsanity"
        },
        "content": "                status \u003d \"0\";"
      },
      {
        "lineNumber": 125,
        "author": {
          "gitId": "yantingsanity"
        },
        "content": "            }"
      },
      {
        "lineNumber": 126,
        "author": {
          "gitId": "yantingsanity"
        },
        "content": ""
      },
      {
        "lineNumber": 127,
        "author": {
          "gitId": "yantingsanity"
        },
        "content": "            switch (task.getTaskType()){"
      },
      {
        "lineNumber": 128,
        "author": {
          "gitId": "yantingsanity"
        },
        "content": "            case \u0027T\u0027:"
      },
      {
        "lineNumber": 129,
        "author": {
          "gitId": "yantingsanity"
        },
        "content": "                stringToWrite \u003d task.getTaskType() + \",\" + status + \",\" + task.getTaskDescription() + \"\\n\";"
      },
      {
        "lineNumber": 130,
        "author": {
          "gitId": "yantingsanity"
        },
        "content": "                break;"
      },
      {
        "lineNumber": 131,
        "author": {
          "gitId": "yantingsanity"
        },
        "content": "            case \u0027E\u0027:"
      },
      {
        "lineNumber": 132,
        "author": {
          "gitId": "yantingsanity"
        },
        "content": "            case \u0027D\u0027:"
      },
      {
        "lineNumber": 133,
        "author": {
          "gitId": "yantingsanity"
        },
        "content": "                stringToWrite \u003d task.getTaskType() + \",\" + status + \",\" + task.getTaskDescription() + \",\" + task.getDate() + \"\\n\";"
      },
      {
        "lineNumber": 134,
        "author": {
          "gitId": "yantingsanity"
        },
        "content": "                break;"
      },
      {
        "lineNumber": 135,
        "author": {
          "gitId": "yantingsanity"
        },
        "content": "            }"
      },
      {
        "lineNumber": 136,
        "author": {
          "gitId": "yantingsanity"
        },
        "content": "            fw.write(stringToWrite);"
      },
      {
        "lineNumber": 137,
        "author": {
          "gitId": "yantingsanity"
        },
        "content": "        }"
      },
      {
        "lineNumber": 138,
        "author": {
          "gitId": "yantingsanity"
        },
        "content": "        fw.close();"
      },
      {
        "lineNumber": 139,
        "author": {
          "gitId": "yantingsanity"
        },
        "content": "    }"
      },
      {
        "lineNumber": 140,
        "author": {
          "gitId": "yantingsanity"
        },
        "content": ""
      },
      {
        "lineNumber": 141,
        "author": {
          "gitId": "yantingsanity"
        },
        "content": "    public static void loadFileToTotalTasks() {"
      },
      {
        "lineNumber": 142,
        "author": {
          "gitId": "yantingsanity"
        },
        "content": "        try {"
      },
      {
        "lineNumber": 143,
        "author": {
          "gitId": "yantingsanity"
        },
        "content": "            //File f \u003d new File(\"../../../src/main/java/duke/data/duke.txt\");"
      },
      {
        "lineNumber": 144,
        "author": {
          "gitId": "yantingsanity"
        },
        "content": "            File f \u003d new File(\"src/main/java/duke/data/duke.txt\");"
      },
      {
        "lineNumber": 145,
        "author": {
          "gitId": "yantingsanity"
        },
        "content": "            Scanner s \u003d new Scanner(f);"
      },
      {
        "lineNumber": 146,
        "author": {
          "gitId": "yantingsanity"
        },
        "content": "            while (s.hasNext()) {"
      },
      {
        "lineNumber": 147,
        "author": {
          "gitId": "yantingsanity"
        },
        "content": "                String newLine \u003d s.nextLine();"
      },
      {
        "lineNumber": 148,
        "author": {
          "gitId": "yantingsanity"
        },
        "content": "                String[] contents \u003d newLine.split(\",\", 4);"
      },
      {
        "lineNumber": 149,
        "author": {
          "gitId": "yantingsanity"
        },
        "content": "                Task newTask \u003d null;"
      },
      {
        "lineNumber": 150,
        "author": {
          "gitId": "yantingsanity"
        },
        "content": "                switch (contents[0]) {"
      },
      {
        "lineNumber": 151,
        "author": {
          "gitId": "yantingsanity"
        },
        "content": "                case \"T\":"
      },
      {
        "lineNumber": 152,
        "author": {
          "gitId": "yantingsanity"
        },
        "content": "                    newTask \u003d new ToDo(contents[2]);"
      },
      {
        "lineNumber": 153,
        "author": {
          "gitId": "yantingsanity"
        },
        "content": "                    break;"
      },
      {
        "lineNumber": 154,
        "author": {
          "gitId": "yantingsanity"
        },
        "content": "                case \"E\":"
      },
      {
        "lineNumber": 155,
        "author": {
          "gitId": "yantingsanity"
        },
        "content": "                    newTask \u003d new Event(contents[2], contents[3]);"
      },
      {
        "lineNumber": 156,
        "author": {
          "gitId": "yantingsanity"
        },
        "content": "                    break;"
      },
      {
        "lineNumber": 157,
        "author": {
          "gitId": "yantingsanity"
        },
        "content": "                case \"D\":"
      },
      {
        "lineNumber": 158,
        "author": {
          "gitId": "yantingsanity"
        },
        "content": "                    newTask \u003d new Deadline(contents[2], contents[3]);"
      },
      {
        "lineNumber": 159,
        "author": {
          "gitId": "yantingsanity"
        },
        "content": "                    break;"
      },
      {
        "lineNumber": 160,
        "author": {
          "gitId": "yantingsanity"
        },
        "content": "                }"
      },
      {
        "lineNumber": 161,
        "author": {
          "gitId": "yantingsanity"
        },
        "content": "                if (contents[1].equals(\"1\")) {"
      },
      {
        "lineNumber": 162,
        "author": {
          "gitId": "yantingsanity"
        },
        "content": "                    newTask.setTaskAsDone();"
      },
      {
        "lineNumber": 163,
        "author": {
          "gitId": "yantingsanity"
        },
        "content": "                }"
      },
      {
        "lineNumber": 164,
        "author": {
          "gitId": "yantingsanity"
        },
        "content": "                totalTasks.add(newTask);"
      },
      {
        "lineNumber": 165,
        "author": {
          "gitId": "yantingsanity"
        },
        "content": "            }"
      },
      {
        "lineNumber": 166,
        "author": {
          "gitId": "yantingsanity"
        },
        "content": "        } catch (FileNotFoundException e) {"
      },
      {
        "lineNumber": 167,
        "author": {
          "gitId": "yantingsanity"
        },
        "content": "            System.out.println(\"File not found\");"
      },
      {
        "lineNumber": 168,
        "author": {
          "gitId": "yantingsanity"
        },
        "content": "        }"
      },
      {
        "lineNumber": 169,
        "author": {
          "gitId": "yantingsanity"
        },
        "content": "    }"
      },
      {
        "lineNumber": 170,
        "author": {
          "gitId": "yantingsanity"
        },
        "content": ""
      },
      {
        "lineNumber": 171,
        "author": {
          "gitId": "yantingsanity"
        },
        "content": "    public static void main(String[] args){"
      },
      {
        "lineNumber": 172,
        "author": {
          "gitId": "yantingsanity"
        },
        "content": ""
      },
      {
        "lineNumber": 173,
        "author": {
          "gitId": "yantingsanity"
        },
        "content": "        getWelcomeMessage();"
      },
      {
        "lineNumber": 174,
        "author": {
          "gitId": "yantingsanity"
        },
        "content": "        loadFileToTotalTasks();"
      },
      {
        "lineNumber": 175,
        "author": {
          "gitId": "yantingsanity"
        },
        "content": ""
      },
      {
        "lineNumber": 176,
        "author": {
          "gitId": "yantingsanity"
        },
        "content": "        Scanner input \u003d new Scanner(System.in);"
      },
      {
        "lineNumber": 177,
        "author": {
          "gitId": "yantingsanity"
        },
        "content": "        String userInput \u003d input.nextLine();"
      },
      {
        "lineNumber": 178,
        "author": {
          "gitId": "yantingsanity"
        },
        "content": ""
      },
      {
        "lineNumber": 179,
        "author": {
          "gitId": "yantingsanity"
        },
        "content": "        while (!userInput.equals(\"bye\")) {"
      },
      {
        "lineNumber": 180,
        "author": {
          "gitId": "yantingsanity"
        },
        "content": "            if (userInput.equals(\"list\")){"
      },
      {
        "lineNumber": 181,
        "author": {
          "gitId": "yantingsanity"
        },
        "content": "                printAllTasks();"
      },
      {
        "lineNumber": 182,
        "author": {
          "gitId": "yantingsanity"
        },
        "content": "            } else if (userInput.contains(\"done\") || userInput.contains(\"delete\")){"
      },
      {
        "lineNumber": 183,
        "author": {
          "gitId": "yantingsanity"
        },
        "content": "                updateTaskStatus(userInput);"
      },
      {
        "lineNumber": 184,
        "author": {
          "gitId": "yantingsanity"
        },
        "content": "                try {"
      },
      {
        "lineNumber": 185,
        "author": {
          "gitId": "yantingsanity"
        },
        "content": "                    writeToFile();"
      },
      {
        "lineNumber": 186,
        "author": {
          "gitId": "yantingsanity"
        },
        "content": "                } catch (IOException e){"
      },
      {
        "lineNumber": 187,
        "author": {
          "gitId": "yantingsanity"
        },
        "content": "                    System.out.println(e);"
      },
      {
        "lineNumber": 188,
        "author": {
          "gitId": "yantingsanity"
        },
        "content": "                }"
      },
      {
        "lineNumber": 189,
        "author": {
          "gitId": "yantingsanity"
        },
        "content": "            } else {"
      },
      {
        "lineNumber": 190,
        "author": {
          "gitId": "yantingsanity"
        },
        "content": "                try {"
      },
      {
        "lineNumber": 191,
        "author": {
          "gitId": "yantingsanity"
        },
        "content": "                    addNewTask(userInput);"
      },
      {
        "lineNumber": 192,
        "author": {
          "gitId": "yantingsanity"
        },
        "content": "                    try {"
      },
      {
        "lineNumber": 193,
        "author": {
          "gitId": "yantingsanity"
        },
        "content": "                        writeToFile();"
      },
      {
        "lineNumber": 194,
        "author": {
          "gitId": "yantingsanity"
        },
        "content": "                    } catch (IOException e){"
      },
      {
        "lineNumber": 195,
        "author": {
          "gitId": "yantingsanity"
        },
        "content": "                        System.out.println(e);"
      },
      {
        "lineNumber": 196,
        "author": {
          "gitId": "yantingsanity"
        },
        "content": "                    }"
      },
      {
        "lineNumber": 197,
        "author": {
          "gitId": "yantingsanity"
        },
        "content": "                } catch (InvalidInputException e){"
      },
      {
        "lineNumber": 198,
        "author": {
          "gitId": "yantingsanity"
        },
        "content": "                    System.out.println(\"OOPS ONO, I\u0027m so sorry, but I don\u0027t know what this (\" + userInput + \") means\");"
      },
      {
        "lineNumber": 199,
        "author": {
          "gitId": "yantingsanity"
        },
        "content": "                    System.out.println(\"Please try again!\");"
      },
      {
        "lineNumber": 200,
        "author": {
          "gitId": "yantingsanity"
        },
        "content": "                }"
      },
      {
        "lineNumber": 201,
        "author": {
          "gitId": "yantingsanity"
        },
        "content": "            }"
      },
      {
        "lineNumber": 202,
        "author": {
          "gitId": "yantingsanity"
        },
        "content": "            System.out.println(\"____________________________________________________________________\");"
      },
      {
        "lineNumber": 203,
        "author": {
          "gitId": "yantingsanity"
        },
        "content": "            userInput \u003d input.nextLine();"
      },
      {
        "lineNumber": 204,
        "author": {
          "gitId": "yantingsanity"
        },
        "content": "        }"
      },
      {
        "lineNumber": 205,
        "author": {
          "gitId": "yantingsanity"
        },
        "content": ""
      },
      {
        "lineNumber": 206,
        "author": {
          "gitId": "yantingsanity"
        },
        "content": "        System.out.println(\"BYE BYE SEE YOU SOON!\");"
      },
      {
        "lineNumber": 207,
        "author": {
          "gitId": "yantingsanity"
        },
        "content": "        input.close();"
      },
      {
        "lineNumber": 208,
        "author": {
          "gitId": "-"
        },
        "content": "    }"
      },
      {
        "lineNumber": 209,
        "author": {
          "gitId": "-"
        },
        "content": "}"
      }
    ],
    "authorContributionMap": {
      "yantingsanity": 205,
      "-": 4
    }
  },
  {
    "path": "src/main/java/duke/data/duke.txt",
    "fileType": "txt",
    "lines": [
      {
        "lineNumber": 1,
        "author": {
          "gitId": "yantingsanity"
        },
        "content": "T,1,read book"
      },
      {
        "lineNumber": 2,
        "author": {
          "gitId": "yantingsanity"
        },
        "content": "D,0,return book,June 6th"
      },
      {
        "lineNumber": 3,
        "author": {
          "gitId": "yantingsanity"
        },
        "content": "D,0,return book,June 6th"
      },
      {
        "lineNumber": 4,
        "author": {
          "gitId": "yantingsanity"
        },
        "content": "T,0,read a history book"
      },
      {
        "lineNumber": 5,
        "author": {
          "gitId": "yantingsanity"
        },
        "content": "T,0,read a new book"
      },
      {
        "lineNumber": 6,
        "author": {
          "gitId": "yantingsanity"
        },
        "content": "T,0,read a new book"
      }
    ],
    "authorContributionMap": {
      "yantingsanity": 6
    }
  },
  {
    "path": "src/main/java/duke/exceptions/InvalidInputException.java",
    "fileType": "java",
    "lines": [
      {
        "lineNumber": 1,
        "author": {
          "gitId": "yantingsanity"
        },
        "content": "package duke.exceptions;"
      },
      {
        "lineNumber": 2,
        "author": {
          "gitId": "yantingsanity"
        },
        "content": ""
      },
      {
        "lineNumber": 3,
        "author": {
          "gitId": "yantingsanity"
        },
        "content": "public class InvalidInputException extends Exception {"
      },
      {
        "lineNumber": 4,
        "author": {
          "gitId": "yantingsanity"
        },
        "content": ""
      },
      {
        "lineNumber": 5,
        "author": {
          "gitId": "yantingsanity"
        },
        "content": "}"
      }
    ],
    "authorContributionMap": {
      "yantingsanity": 5
    }
  },
  {
    "path": "src/main/java/duke/task/Task.java",
    "fileType": "java",
    "lines": [
      {
        "lineNumber": 1,
        "author": {
          "gitId": "yantingsanity"
        },
        "content": "package duke.task;"
      },
      {
        "lineNumber": 2,
        "author": {
          "gitId": "yantingsanity"
        },
        "content": ""
      },
      {
        "lineNumber": 3,
        "author": {
          "gitId": "yantingsanity"
        },
        "content": "public class Task {"
      },
      {
        "lineNumber": 4,
        "author": {
          "gitId": "yantingsanity"
        },
        "content": "    private String description;"
      },
      {
        "lineNumber": 5,
        "author": {
          "gitId": "yantingsanity"
        },
        "content": "    private boolean isDone;"
      },
      {
        "lineNumber": 6,
        "author": {
          "gitId": "yantingsanity"
        },
        "content": ""
      },
      {
        "lineNumber": 7,
        "author": {
          "gitId": "yantingsanity"
        },
        "content": "    public Task(String description) {"
      },
      {
        "lineNumber": 8,
        "author": {
          "gitId": "yantingsanity"
        },
        "content": "        this.description \u003d description;"
      },
      {
        "lineNumber": 9,
        "author": {
          "gitId": "yantingsanity"
        },
        "content": "        isDone \u003d false;"
      },
      {
        "lineNumber": 10,
        "author": {
          "gitId": "yantingsanity"
        },
        "content": "    }"
      },
      {
        "lineNumber": 11,
        "author": {
          "gitId": "yantingsanity"
        },
        "content": ""
      },
      {
        "lineNumber": 12,
        "author": {
          "gitId": "yantingsanity"
        },
        "content": "    //set the duke.task.Task as done"
      },
      {
        "lineNumber": 13,
        "author": {
          "gitId": "yantingsanity"
        },
        "content": "    public void setTaskAsDone() {"
      },
      {
        "lineNumber": 14,
        "author": {
          "gitId": "yantingsanity"
        },
        "content": "        this.isDone \u003d true;"
      },
      {
        "lineNumber": 15,
        "author": {
          "gitId": "yantingsanity"
        },
        "content": "    }"
      },
      {
        "lineNumber": 16,
        "author": {
          "gitId": "yantingsanity"
        },
        "content": ""
      },
      {
        "lineNumber": 17,
        "author": {
          "gitId": "yantingsanity"
        },
        "content": "    public String getTaskStatus() {"
      },
      {
        "lineNumber": 18,
        "author": {
          "gitId": "yantingsanity"
        },
        "content": "        if (isDone \u003d\u003d true){"
      },
      {
        "lineNumber": 19,
        "author": {
          "gitId": "yantingsanity"
        },
        "content": "            return \"✓\";"
      },
      {
        "lineNumber": 20,
        "author": {
          "gitId": "yantingsanity"
        },
        "content": "        } else {"
      },
      {
        "lineNumber": 21,
        "author": {
          "gitId": "yantingsanity"
        },
        "content": "            return \"✗\";"
      },
      {
        "lineNumber": 22,
        "author": {
          "gitId": "yantingsanity"
        },
        "content": "        }"
      },
      {
        "lineNumber": 23,
        "author": {
          "gitId": "yantingsanity"
        },
        "content": "    }"
      },
      {
        "lineNumber": 24,
        "author": {
          "gitId": "yantingsanity"
        },
        "content": ""
      },
      {
        "lineNumber": 25,
        "author": {
          "gitId": "yantingsanity"
        },
        "content": "    public String getTaskDescription() {"
      },
      {
        "lineNumber": 26,
        "author": {
          "gitId": "yantingsanity"
        },
        "content": "        return description;"
      },
      {
        "lineNumber": 27,
        "author": {
          "gitId": "yantingsanity"
        },
        "content": "    }"
      },
      {
        "lineNumber": 28,
        "author": {
          "gitId": "yantingsanity"
        },
        "content": ""
      },
      {
        "lineNumber": 29,
        "author": {
          "gitId": "yantingsanity"
        },
        "content": "    public char getTaskType() {"
      },
      {
        "lineNumber": 30,
        "author": {
          "gitId": "yantingsanity"
        },
        "content": "        return 0;"
      },
      {
        "lineNumber": 31,
        "author": {
          "gitId": "yantingsanity"
        },
        "content": "    }"
      },
      {
        "lineNumber": 32,
        "author": {
          "gitId": "yantingsanity"
        },
        "content": ""
      },
      {
        "lineNumber": 33,
        "author": {
          "gitId": "yantingsanity"
        },
        "content": "    public String getDate(){"
      },
      {
        "lineNumber": 34,
        "author": {
          "gitId": "yantingsanity"
        },
        "content": "        return \"\";"
      },
      {
        "lineNumber": 35,
        "author": {
          "gitId": "yantingsanity"
        },
        "content": "    }"
      },
      {
        "lineNumber": 36,
        "author": {
          "gitId": "yantingsanity"
        },
        "content": "}"
      }
    ],
    "authorContributionMap": {
      "yantingsanity": 36
    }
  },
  {
    "path": "src/main/java/duke/task/commands/Deadline.java",
    "fileType": "java",
    "lines": [
      {
        "lineNumber": 1,
        "author": {
          "gitId": "yantingsanity"
        },
        "content": "package duke.task.commands;"
      },
      {
        "lineNumber": 2,
        "author": {
          "gitId": "yantingsanity"
        },
        "content": ""
      },
      {
        "lineNumber": 3,
        "author": {
          "gitId": "yantingsanity"
        },
        "content": "import duke.task.Task;"
      },
      {
        "lineNumber": 4,
        "author": {
          "gitId": "yantingsanity"
        },
        "content": ""
      },
      {
        "lineNumber": 5,
        "author": {
          "gitId": "yantingsanity"
        },
        "content": "public class Deadline extends Task {"
      },
      {
        "lineNumber": 6,
        "author": {
          "gitId": "yantingsanity"
        },
        "content": "    private char taskType;"
      },
      {
        "lineNumber": 7,
        "author": {
          "gitId": "yantingsanity"
        },
        "content": "    private String deadlineDate;"
      },
      {
        "lineNumber": 8,
        "author": {
          "gitId": "yantingsanity"
        },
        "content": "    public Deadline(String description, String date) {"
      },
      {
        "lineNumber": 9,
        "author": {
          "gitId": "yantingsanity"
        },
        "content": "        super(description);"
      },
      {
        "lineNumber": 10,
        "author": {
          "gitId": "yantingsanity"
        },
        "content": "        taskType \u003d \u0027D\u0027;"
      },
      {
        "lineNumber": 11,
        "author": {
          "gitId": "yantingsanity"
        },
        "content": "        deadlineDate \u003d date;"
      },
      {
        "lineNumber": 12,
        "author": {
          "gitId": "yantingsanity"
        },
        "content": "    }"
      },
      {
        "lineNumber": 13,
        "author": {
          "gitId": "yantingsanity"
        },
        "content": ""
      },
      {
        "lineNumber": 14,
        "author": {
          "gitId": "yantingsanity"
        },
        "content": "    public String toString() {"
      },
      {
        "lineNumber": 15,
        "author": {
          "gitId": "yantingsanity"
        },
        "content": "        return \"[\" + taskType + \"][\" + super.getTaskStatus() + \"] \" + super.getTaskDescription() +"
      },
      {
        "lineNumber": 16,
        "author": {
          "gitId": "yantingsanity"
        },
        "content": "                \" (by: \" + deadlineDate + \")\";"
      },
      {
        "lineNumber": 17,
        "author": {
          "gitId": "yantingsanity"
        },
        "content": "    }"
      },
      {
        "lineNumber": 18,
        "author": {
          "gitId": "yantingsanity"
        },
        "content": ""
      },
      {
        "lineNumber": 19,
        "author": {
          "gitId": "yantingsanity"
        },
        "content": "    @Override"
      },
      {
        "lineNumber": 20,
        "author": {
          "gitId": "yantingsanity"
        },
        "content": "    public char getTaskType() {"
      },
      {
        "lineNumber": 21,
        "author": {
          "gitId": "yantingsanity"
        },
        "content": "        return this.taskType;"
      },
      {
        "lineNumber": 22,
        "author": {
          "gitId": "yantingsanity"
        },
        "content": "    }"
      },
      {
        "lineNumber": 23,
        "author": {
          "gitId": "yantingsanity"
        },
        "content": ""
      },
      {
        "lineNumber": 24,
        "author": {
          "gitId": "yantingsanity"
        },
        "content": "    @Override"
      },
      {
        "lineNumber": 25,
        "author": {
          "gitId": "yantingsanity"
        },
        "content": "    public String getDate(){"
      },
      {
        "lineNumber": 26,
        "author": {
          "gitId": "yantingsanity"
        },
        "content": "        return this.deadlineDate;"
      },
      {
        "lineNumber": 27,
        "author": {
          "gitId": "yantingsanity"
        },
        "content": "    }"
      },
      {
        "lineNumber": 28,
        "author": {
          "gitId": "yantingsanity"
        },
        "content": "}"
      }
    ],
    "authorContributionMap": {
      "yantingsanity": 28
    }
  },
  {
    "path": "src/main/java/duke/task/commands/Event.java",
    "fileType": "java",
    "lines": [
      {
        "lineNumber": 1,
        "author": {
          "gitId": "yantingsanity"
        },
        "content": "package duke.task.commands;"
      },
      {
        "lineNumber": 2,
        "author": {
          "gitId": "yantingsanity"
        },
        "content": ""
      },
      {
        "lineNumber": 3,
        "author": {
          "gitId": "yantingsanity"
        },
        "content": "import duke.task.Task;"
      },
      {
        "lineNumber": 4,
        "author": {
          "gitId": "yantingsanity"
        },
        "content": ""
      },
      {
        "lineNumber": 5,
        "author": {
          "gitId": "yantingsanity"
        },
        "content": "public class Event extends Task {"
      },
      {
        "lineNumber": 6,
        "author": {
          "gitId": "yantingsanity"
        },
        "content": "    private char taskType;"
      },
      {
        "lineNumber": 7,
        "author": {
          "gitId": "yantingsanity"
        },
        "content": "    private String eventDate;"
      },
      {
        "lineNumber": 8,
        "author": {
          "gitId": "yantingsanity"
        },
        "content": ""
      },
      {
        "lineNumber": 9,
        "author": {
          "gitId": "yantingsanity"
        },
        "content": "    public Event(String description, String date) {"
      },
      {
        "lineNumber": 10,
        "author": {
          "gitId": "yantingsanity"
        },
        "content": "        super(description);"
      },
      {
        "lineNumber": 11,
        "author": {
          "gitId": "yantingsanity"
        },
        "content": "        taskType \u003d \u0027E\u0027;"
      },
      {
        "lineNumber": 12,
        "author": {
          "gitId": "yantingsanity"
        },
        "content": "        eventDate \u003d date;"
      },
      {
        "lineNumber": 13,
        "author": {
          "gitId": "yantingsanity"
        },
        "content": "    }"
      },
      {
        "lineNumber": 14,
        "author": {
          "gitId": "yantingsanity"
        },
        "content": ""
      },
      {
        "lineNumber": 15,
        "author": {
          "gitId": "yantingsanity"
        },
        "content": "    public String toString() {"
      },
      {
        "lineNumber": 16,
        "author": {
          "gitId": "yantingsanity"
        },
        "content": "        return \"[\" + taskType + \"][\" + super.getTaskStatus() + \"] \" + super.getTaskDescription() +"
      },
      {
        "lineNumber": 17,
        "author": {
          "gitId": "yantingsanity"
        },
        "content": "                \" (at: \" + eventDate + \")\";"
      },
      {
        "lineNumber": 18,
        "author": {
          "gitId": "yantingsanity"
        },
        "content": "    }"
      },
      {
        "lineNumber": 19,
        "author": {
          "gitId": "yantingsanity"
        },
        "content": ""
      },
      {
        "lineNumber": 20,
        "author": {
          "gitId": "yantingsanity"
        },
        "content": "    @Override"
      },
      {
        "lineNumber": 21,
        "author": {
          "gitId": "yantingsanity"
        },
        "content": "    public String getDate() {"
      },
      {
        "lineNumber": 22,
        "author": {
          "gitId": "yantingsanity"
        },
        "content": "        return this.eventDate;"
      },
      {
        "lineNumber": 23,
        "author": {
          "gitId": "yantingsanity"
        },
        "content": "    }"
      },
      {
        "lineNumber": 24,
        "author": {
          "gitId": "yantingsanity"
        },
        "content": "}"
      }
    ],
    "authorContributionMap": {
      "yantingsanity": 24
    }
  },
  {
    "path": "src/main/java/duke/task/commands/ToDo.java",
    "fileType": "java",
    "lines": [
      {
        "lineNumber": 1,
        "author": {
          "gitId": "yantingsanity"
        },
        "content": "package duke.task.commands;"
      },
      {
        "lineNumber": 2,
        "author": {
          "gitId": "yantingsanity"
        },
        "content": ""
      },
      {
        "lineNumber": 3,
        "author": {
          "gitId": "yantingsanity"
        },
        "content": "import duke.task.Task;"
      },
      {
        "lineNumber": 4,
        "author": {
          "gitId": "yantingsanity"
        },
        "content": ""
      },
      {
        "lineNumber": 5,
        "author": {
          "gitId": "yantingsanity"
        },
        "content": "public class ToDo extends Task {"
      },
      {
        "lineNumber": 6,
        "author": {
          "gitId": "yantingsanity"
        },
        "content": "    private char taskType;"
      },
      {
        "lineNumber": 7,
        "author": {
          "gitId": "yantingsanity"
        },
        "content": ""
      },
      {
        "lineNumber": 8,
        "author": {
          "gitId": "yantingsanity"
        },
        "content": "    public ToDo(String description) {"
      },
      {
        "lineNumber": 9,
        "author": {
          "gitId": "yantingsanity"
        },
        "content": "        super(description);"
      },
      {
        "lineNumber": 10,
        "author": {
          "gitId": "yantingsanity"
        },
        "content": "        taskType \u003d \u0027T\u0027;"
      },
      {
        "lineNumber": 11,
        "author": {
          "gitId": "yantingsanity"
        },
        "content": "    }"
      },
      {
        "lineNumber": 12,
        "author": {
          "gitId": "yantingsanity"
        },
        "content": ""
      },
      {
        "lineNumber": 13,
        "author": {
          "gitId": "yantingsanity"
        },
        "content": "    public String toString() {"
      },
      {
        "lineNumber": 14,
        "author": {
          "gitId": "yantingsanity"
        },
        "content": "        return \"[\" + taskType + \"][\" + super.getTaskStatus() + \"] \" + super.getTaskDescription();"
      },
      {
        "lineNumber": 15,
        "author": {
          "gitId": "yantingsanity"
        },
        "content": "    }"
      },
      {
        "lineNumber": 16,
        "author": {
          "gitId": "yantingsanity"
        },
        "content": ""
      },
      {
        "lineNumber": 17,
        "author": {
          "gitId": "yantingsanity"
        },
        "content": "    @Override"
      },
      {
        "lineNumber": 18,
        "author": {
          "gitId": "yantingsanity"
        },
        "content": "    public char getTaskType() {"
      },
      {
        "lineNumber": 19,
        "author": {
          "gitId": "yantingsanity"
        },
        "content": "        return this.taskType;"
      },
      {
        "lineNumber": 20,
        "author": {
          "gitId": "yantingsanity"
        },
        "content": "    }"
      },
      {
        "lineNumber": 21,
        "author": {
          "gitId": "yantingsanity"
        },
        "content": "}"
      }
    ],
    "authorContributionMap": {
      "yantingsanity": 21
    }
  }
]
