{
  "authorDailyContributionsMap": {
    "HAOYUN49": [
      {
        "insertions": 13,
        "deletions": 0,
        "date": "2020-01-26",
        "commitResults": [
          {
            "hash": "e253dff96a9438c4501dd8e18737df887298e2c7",
            "messageTitle": "commit Duke.java",
            "messageBody": "",
            "tags": [
              "Level-0"
            ],
            "insertions": 13,
            "deletions": 0
          }
        ]
      },
      {
        "insertions": 83,
        "deletions": 16,
        "date": "2020-02-02",
        "commitResults": [
          {
            "hash": "486b84117324bba7ab2297234039b4fb2ab8956e",
            "messageTitle": "Add Greet, Echo, Exit to Duke.java",
            "messageBody": "",
            "tags": [
              "Level-1"
            ],
            "insertions": 27,
            "deletions": 3
          },
          {
            "hash": "a7d63e5787a5d467a7d0019975a293bf2f771408",
            "messageTitle": "Add, List ability",
            "messageBody": "",
            "tags": [
              "Level-2"
            ],
            "insertions": 36,
            "deletions": 7
          },
          {
            "hash": "e282ba7bead5af8ead0a9a2a07cf7174a4e2db79",
            "messageTitle": "Add ability to mark DONE",
            "messageBody": "",
            "tags": [
              "mark-done",
              "introduce_Task_class",
              "Level-3",
              "A-CodingStandard",
              "A-Classes"
            ],
            "insertions": 20,
            "deletions": 6
          }
        ]
      },
      {
        "insertions": 123,
        "deletions": 35,
        "date": "2020-02-09",
        "commitResults": [
          {
            "hash": "9c6c52e48f6f7109a694db8dad05a85883ff177a",
            "messageTitle": "Add Todo, Dealine, Event",
            "messageBody": "",
            "tags": [
              "Level-4",
              "A-TextUiTesting",
              "A-Inheritance",
              "A-CodeQuality"
            ],
            "insertions": 123,
            "deletions": 35
          }
        ]
      },
      {
        "insertions": 71,
        "deletions": 15,
        "date": "2020-02-15",
        "commitResults": [
          {
            "hash": "f0422715499e362a062f542b3044d65f6ad36d9a",
            "messageTitle": "Handle errors with Exceptions",
            "messageBody": "",
            "tags": [
              "A-Exceptions"
            ],
            "insertions": 47,
            "deletions": 8
          },
          {
            "hash": "f91a9c3f0e7b380ac1a3165a46e587de61b0e351",
            "messageTitle": "add packages duke and duke.task",
            "messageBody": "",
            "tags": [
              "Level-5",
              "A-Packages"
            ],
            "insertions": 24,
            "deletions": 7
          }
        ]
      },
      {
        "insertions": 178,
        "deletions": 70,
        "date": "2020-02-16",
        "commitResults": [
          {
            "hash": "6f0b7eb2fcba652de555f8ed97eaa323a98913f9",
            "messageTitle": "add Delete command",
            "messageBody": "",
            "tags": [
              "Level-6",
              "A-Collections"
            ],
            "insertions": 46,
            "deletions": 34
          },
          {
            "hash": "40ffee0aff6a1dc846a14023797d66424cee5472",
            "messageTitle": "add Save",
            "messageBody": "",
            "tags": [
              "Level-7"
            ],
            "insertions": 101,
            "deletions": 8
          },
          {
            "hash": "a362fd3cdeee3e350694bc482db904c2d5840b34",
            "messageTitle": "use debugger to revise code to realize Save",
            "messageBody": "",
            "insertions": 20,
            "deletions": 17
          },
          {
            "hash": "f684ba1b21de2c33d6a2ce55f085cf63130de66d",
            "messageTitle": "revise codes and create a JAR file",
            "messageBody": "",
            "tags": [
              "v1.0",
              "A-Jar"
            ],
            "insertions": 11,
            "deletions": 11
          }
        ]
      },
      {
        "insertions": 8,
        "deletions": 3,
        "date": "2020-02-24",
        "commitResults": [
          {
            "hash": "0716c7ee7b4c53fdf2153ee748ecc2adebed212f",
            "messageTitle": "unimportant commit",
            "messageBody": "",
            "insertions": 8,
            "deletions": 3
          }
        ]
      },
      {
        "insertions": 533,
        "deletions": 238,
        "date": "2020-02-25",
        "commitResults": [
          {
            "hash": "4d1a286aa77c82bf0d52296dfcf554bab9bed960",
            "messageTitle": "Use more OOP",
            "messageBody": "",
            "tags": [
              "A-MoreOOP"
            ],
            "insertions": 533,
            "deletions": 238
          }
        ]
      },
      {
        "insertions": 315,
        "deletions": 88,
        "date": "2020-02-26",
        "commitResults": [
          {
            "hash": "37353f05c158afcae003766c6d0b48d299c14ad0",
            "messageTitle": "Add Find",
            "messageBody": "",
            "tags": [
              "Level-9"
            ],
            "insertions": 59,
            "deletions": 13
          },
          {
            "hash": "a827ebe741b6ea1aa8d71cd4b205add7fe191d98",
            "messageTitle": "Add JavaDoc",
            "messageBody": "",
            "tags": [
              "A-JavaDoc"
            ],
            "insertions": 36,
            "deletions": 0
          },
          {
            "hash": "0e60f25f37bdd4f29a8c26c8845a412e264fb0e1",
            "messageTitle": "revise JavaDoc",
            "messageBody": "",
            "insertions": 160,
            "deletions": 45
          },
          {
            "hash": "12f441a6c23da44a50ee595d1997aa0ba22c4dc1",
            "messageTitle": "Add a User Guide",
            "messageBody": "",
            "tags": [
              "A-UserGuide"
            ],
            "insertions": 60,
            "deletions": 30
          }
        ]
      },
      {
        "insertions": 7,
        "deletions": 7,
        "date": "2020-02-27",
        "commitResults": [
          {
            "hash": "db22159b76495e4f8a9788e8c171ef4c4933a0e6",
            "messageTitle": "Update README.md",
            "messageBody": "",
            "insertions": 7,
            "deletions": 7
          }
        ]
      },
      {
        "insertions": 46,
        "deletions": 40,
        "date": "2020-02-29",
        "commitResults": [
          {
            "hash": "971f8d84c99b352f345aa2b6bba9ede9f36948fc",
            "messageTitle": "bug-fixing",
            "messageBody": "",
            "insertions": 44,
            "deletions": 22
          },
          {
            "hash": "c8dca177b4ea7ae3ed13d4ebe55ce47b59c966fb",
            "messageTitle": "revise",
            "messageBody": "",
            "insertions": 2,
            "deletions": 2
          },
          {
            "hash": "e5fb6da1eb54ae770155b5ef6269ce6c922e3d0c",
            "messageTitle": "important revison",
            "messageBody": "",
            "insertions": 0,
            "deletions": 4
          },
          {
            "hash": "5df9c947c348646892945addb095b9adb9c163d7",
            "messageTitle": "Update README.md",
            "messageBody": "",
            "insertions": 0,
            "deletions": 1
          },
          {
            "hash": "c5c1b7a1780c78918c89336088e60ed649cfe0fd",
            "messageTitle": "delete some unnecessary files",
            "messageBody": "",
            "tags": [
              "v1.2",
              "A-Release"
            ],
            "insertions": 0,
            "deletions": 11
          }
        ]
      },
      {
        "insertions": 59,
        "deletions": 11,
        "date": "2020-03-01",
        "commitResults": [
          {
            "hash": "0e1cf647d57e863ee5505ee8af54a2da26b1f553",
            "messageTitle": "Update README.md",
            "messageBody": "",
            "insertions": 59,
            "deletions": 11
          }
        ]
      }
    ]
  },
  "authorFinalContributionMap": {
    "HAOYUN49": 961
  },
  "authorFileTypeContributionMap": {
    "HAOYUN49": {
      "java": 842,
      "md": 118,
      "fxml": 0,
      "sh": 0,
      "bat": 0,
      "gradle": 1,
      "txt": 0
    }
  },
  "authorContributionVariance": {
    "HAOYUN49": 16224.02
  },
  "authorDisplayNameMap": {
    "HAOYUN49": "CS2113T-T13-2 HAO .. YUN"
  }
}
