[
  {
    "path": "src/main/java/duke/Duke.java",
    "fileType": "java",
    "lines": [
      {
        "lineNumber": 1,
        "author": {
          "gitId": "jinfayap"
        },
        "content": "package duke;"
      },
      {
        "lineNumber": 2,
        "author": {
          "gitId": "jinfayap"
        },
        "content": ""
      },
      {
        "lineNumber": 3,
        "author": {
          "gitId": "jinfayap"
        },
        "content": "import duke.exception.DukeException;"
      },
      {
        "lineNumber": 4,
        "author": {
          "gitId": "jinfayap"
        },
        "content": "import duke.task.Deadline;"
      },
      {
        "lineNumber": 5,
        "author": {
          "gitId": "jinfayap"
        },
        "content": "import duke.task.Event;"
      },
      {
        "lineNumber": 6,
        "author": {
          "gitId": "jinfayap"
        },
        "content": "import duke.task.Task;"
      },
      {
        "lineNumber": 7,
        "author": {
          "gitId": "jinfayap"
        },
        "content": "import duke.task.Todo;"
      },
      {
        "lineNumber": 8,
        "author": {
          "gitId": "jinfayap"
        },
        "content": ""
      },
      {
        "lineNumber": 9,
        "author": {
          "gitId": "jinfayap"
        },
        "content": "import java.util.Scanner;"
      },
      {
        "lineNumber": 10,
        "author": {
          "gitId": "jinfayap"
        },
        "content": ""
      },
      {
        "lineNumber": 11,
        "author": {
          "gitId": "-"
        },
        "content": "public class Duke {"
      },
      {
        "lineNumber": 12,
        "author": {
          "gitId": "jinfayap"
        },
        "content": "    "
      },
      {
        "lineNumber": 13,
        "author": {
          "gitId": "jinfayap"
        },
        "content": "    private static final String DIVIDER \u003d \"____________________________________________________________\";"
      },
      {
        "lineNumber": 14,
        "author": {
          "gitId": "jinfayap"
        },
        "content": "    private static final String LS \u003d System.lineSeparator();"
      },
      {
        "lineNumber": 15,
        "author": {
          "gitId": "jinfayap"
        },
        "content": "    private static final String TAB \u003d \"\\t\";"
      },
      {
        "lineNumber": 16,
        "author": {
          "gitId": "jinfayap"
        },
        "content": "    "
      },
      {
        "lineNumber": 17,
        "author": {
          "gitId": "jinfayap"
        },
        "content": "    private static final String WELCOME_MESSAGE \u003d \"Hello! I\u0027m Duke\" + LS + \"What can i do for you?\";"
      },
      {
        "lineNumber": 18,
        "author": {
          "gitId": "jinfayap"
        },
        "content": "    "
      },
      {
        "lineNumber": 19,
        "author": {
          "gitId": "jinfayap"
        },
        "content": "    private static final String COMMAND_LIST_WORD \u003d \"list\";"
      },
      {
        "lineNumber": 20,
        "author": {
          "gitId": "jinfayap"
        },
        "content": "    private static final String COMMAND_LIST_EMPTY \u003d TAB + \"The list is empty!\";"
      },
      {
        "lineNumber": 21,
        "author": {
          "gitId": "jinfayap"
        },
        "content": "    private static final String COMMAND_LIST_MESSAGE \u003d \"Here are the tasks in your list:\";"
      },
      {
        "lineNumber": 22,
        "author": {
          "gitId": "jinfayap"
        },
        "content": "    "
      },
      {
        "lineNumber": 23,
        "author": {
          "gitId": "jinfayap"
        },
        "content": "    private static final String COMMAND_BLAH_WORD \u003d \"blah\";"
      },
      {
        "lineNumber": 24,
        "author": {
          "gitId": "jinfayap"
        },
        "content": "    private static final String COMMAND_BLAH_MESSAGE \u003d \"I\u0027m sorry, but I don\u0027t know what that means :-(\";"
      },
      {
        "lineNumber": 25,
        "author": {
          "gitId": "jinfayap"
        },
        "content": "    "
      },
      {
        "lineNumber": 26,
        "author": {
          "gitId": "jinfayap"
        },
        "content": "    private static final String COMMAND_BYE_WORD \u003d \"bye\";"
      },
      {
        "lineNumber": 27,
        "author": {
          "gitId": "jinfayap"
        },
        "content": "    private static final String COMMAND_BYE_MESSAGE \u003d TAB + \"Bye. Hope to see you again soon!\";"
      },
      {
        "lineNumber": 28,
        "author": {
          "gitId": "jinfayap"
        },
        "content": "    "
      },
      {
        "lineNumber": 29,
        "author": {
          "gitId": "jinfayap"
        },
        "content": "    private static final String COMMAND_DONE_WORD \u003d \"done\";"
      },
      {
        "lineNumber": 30,
        "author": {
          "gitId": "jinfayap"
        },
        "content": "    private static final String COMMAND_DONE_MESSAGE \u003d TAB + \"Nice! I\u0027ve marked this task as done:\";"
      },
      {
        "lineNumber": 31,
        "author": {
          "gitId": "jinfayap"
        },
        "content": "    "
      },
      {
        "lineNumber": 32,
        "author": {
          "gitId": "jinfayap"
        },
        "content": "    private static final String COMMAND_TODO_WORD \u003d \"todo\";"
      },
      {
        "lineNumber": 33,
        "author": {
          "gitId": "jinfayap"
        },
        "content": "    private static final String COMMAND_DEADLINE_WORD \u003d \"deadline\";"
      },
      {
        "lineNumber": 34,
        "author": {
          "gitId": "jinfayap"
        },
        "content": "    private static final String COMMAND_EVENT_WORD \u003d \"event\";"
      },
      {
        "lineNumber": 35,
        "author": {
          "gitId": "jinfayap"
        },
        "content": "    private static final String COMMAND_ADD_MESSAGE \u003d"
      },
      {
        "lineNumber": 36,
        "author": {
          "gitId": "jinfayap"
        },
        "content": "            \"Got it. I\u0027ve added this task:\" + LS + TAB + \"%s\" + LS + \"Now \" + \"you have %d task(s) in the list.\";"
      },
      {
        "lineNumber": 37,
        "author": {
          "gitId": "jinfayap"
        },
        "content": "    "
      },
      {
        "lineNumber": 38,
        "author": {
          "gitId": "jinfayap"
        },
        "content": "    private static final String COMMAND_INVALID_MESSAGE \u003d \"Command is invalid, \" + \"please try another command\";"
      },
      {
        "lineNumber": 39,
        "author": {
          "gitId": "jinfayap"
        },
        "content": "    private static final String COMMAND_INVALID_INDEX \u003d \"Index is invalid\";"
      },
      {
        "lineNumber": 40,
        "author": {
          "gitId": "jinfayap"
        },
        "content": "    "
      },
      {
        "lineNumber": 41,
        "author": {
          "gitId": "jinfayap"
        },
        "content": "    private static final String ENTER_A_COMMAND \u003d \"Enter a command: \";"
      },
      {
        "lineNumber": 42,
        "author": {
          "gitId": "jinfayap"
        },
        "content": "    private static final String COMMAND_ENTERED \u003d \"Command entered: \";"
      },
      {
        "lineNumber": 43,
        "author": {
          "gitId": "jinfayap"
        },
        "content": "    "
      },
      {
        "lineNumber": 44,
        "author": {
          "gitId": "jinfayap"
        },
        "content": "    private static final String MISSING_DATE_MESSAGE \u003d \"OOPS!!! The date of a %s cannot be empty.\";"
      },
      {
        "lineNumber": 45,
        "author": {
          "gitId": "jinfayap"
        },
        "content": "    private static final String MISSING_DESCRIPTION_MESSAGE \u003d \"OOPS!!! The description of a %s cannot be empty.\";"
      },
      {
        "lineNumber": 46,
        "author": {
          "gitId": "jinfayap"
        },
        "content": "    private static final String SPILT_BY_SPACE \u003d \"\\\\s+\";"
      },
      {
        "lineNumber": 47,
        "author": {
          "gitId": "jinfayap"
        },
        "content": "    private static final String SPILT_BY_SLASH \u003d \"/\";"
      },
      {
        "lineNumber": 48,
        "author": {
          "gitId": "jinfayap"
        },
        "content": "    "
      },
      {
        "lineNumber": 49,
        "author": {
          "gitId": "jinfayap"
        },
        "content": "    private static Scanner in \u003d new Scanner(System.in);"
      },
      {
        "lineNumber": 50,
        "author": {
          "gitId": "jinfayap"
        },
        "content": "    "
      },
      {
        "lineNumber": 51,
        "author": {
          "gitId": "jinfayap"
        },
        "content": "    "
      },
      {
        "lineNumber": 52,
        "author": {
          "gitId": "jinfayap"
        },
        "content": "    private static final int MAX_CAPACITY \u003d 100;"
      },
      {
        "lineNumber": 53,
        "author": {
          "gitId": "jinfayap"
        },
        "content": "    private static Task[] tasks \u003d new Task[MAX_CAPACITY];"
      },
      {
        "lineNumber": 54,
        "author": {
          "gitId": "jinfayap"
        },
        "content": "    "
      },
      {
        "lineNumber": 55,
        "author": {
          "gitId": "jinfayap"
        },
        "content": "    public static void main(String[] args) {"
      },
      {
        "lineNumber": 56,
        "author": {
          "gitId": "jinfayap"
        },
        "content": "        displayWelcomeMessage();"
      },
      {
        "lineNumber": 57,
        "author": {
          "gitId": "jinfayap"
        },
        "content": "        while (true) {"
      },
      {
        "lineNumber": 58,
        "author": {
          "gitId": "jinfayap"
        },
        "content": "            String userInput \u003d getUserInput();"
      },
      {
        "lineNumber": 59,
        "author": {
          "gitId": "jinfayap"
        },
        "content": "            executeCommand(userInput);"
      },
      {
        "lineNumber": 60,
        "author": {
          "gitId": "jinfayap"
        },
        "content": "        }"
      },
      {
        "lineNumber": 61,
        "author": {
          "gitId": "jinfayap"
        },
        "content": "    }"
      },
      {
        "lineNumber": 62,
        "author": {
          "gitId": "jinfayap"
        },
        "content": "    "
      },
      {
        "lineNumber": 63,
        "author": {
          "gitId": "jinfayap"
        },
        "content": "    /* Solution below adapted from"
      },
      {
        "lineNumber": 64,
        "author": {
          "gitId": "jinfayap"
        },
        "content": "       https://github.com/nus-cs2113-AY1920S2/contacts/blob/master/src/main/java/Contacts1.java"
      },
      {
        "lineNumber": 65,
        "author": {
          "gitId": "jinfayap"
        },
        "content": "     */"
      },
      {
        "lineNumber": 66,
        "author": {
          "gitId": "jinfayap"
        },
        "content": "    private static void executeCommand(String userInput) {"
      },
      {
        "lineNumber": 67,
        "author": {
          "gitId": "jinfayap"
        },
        "content": "        String[] commandTypeAndParams \u003d splitInputLine(userInput, SPILT_BY_SPACE);"
      },
      {
        "lineNumber": 68,
        "author": {
          "gitId": "jinfayap"
        },
        "content": "        String[] paramAndDate \u003d splitInputLine(commandTypeAndParams[1], SPILT_BY_SLASH);"
      },
      {
        "lineNumber": 69,
        "author": {
          "gitId": "jinfayap"
        },
        "content": "        String commandWord \u003d commandTypeAndParams[0];"
      },
      {
        "lineNumber": 70,
        "author": {
          "gitId": "jinfayap"
        },
        "content": "        String commandArgs \u003d paramAndDate[0];"
      },
      {
        "lineNumber": 71,
        "author": {
          "gitId": "jinfayap"
        },
        "content": "        String commandDate \u003d paramAndDate[1];"
      },
      {
        "lineNumber": 72,
        "author": {
          "gitId": "jinfayap"
        },
        "content": "        "
      },
      {
        "lineNumber": 73,
        "author": {
          "gitId": "jinfayap"
        },
        "content": "        try {"
      },
      {
        "lineNumber": 74,
        "author": {
          "gitId": "jinfayap"
        },
        "content": "            hasEmptyDescription(commandWord, commandArgs);"
      },
      {
        "lineNumber": 75,
        "author": {
          "gitId": "jinfayap"
        },
        "content": "            hasEmptyDate(commandWord, commandDate);"
      },
      {
        "lineNumber": 76,
        "author": {
          "gitId": "jinfayap"
        },
        "content": "            operateCommand(commandWord, commandArgs, commandDate);"
      },
      {
        "lineNumber": 77,
        "author": {
          "gitId": "jinfayap"
        },
        "content": "        } catch (DukeException e) {"
      },
      {
        "lineNumber": 78,
        "author": {
          "gitId": "jinfayap"
        },
        "content": "            System.out.println(e);"
      },
      {
        "lineNumber": 79,
        "author": {
          "gitId": "jinfayap"
        },
        "content": "        }"
      },
      {
        "lineNumber": 80,
        "author": {
          "gitId": "jinfayap"
        },
        "content": "    }"
      },
      {
        "lineNumber": 81,
        "author": {
          "gitId": "jinfayap"
        },
        "content": "    "
      },
      {
        "lineNumber": 82,
        "author": {
          "gitId": "jinfayap"
        },
        "content": "    private static void operateCommand(String commandWord, String commandArgs, String commandDate) {"
      },
      {
        "lineNumber": 83,
        "author": {
          "gitId": "jinfayap"
        },
        "content": "        switch (commandWord.toLowerCase()) {"
      },
      {
        "lineNumber": 84,
        "author": {
          "gitId": "jinfayap"
        },
        "content": "        case COMMAND_TODO_WORD:"
      },
      {
        "lineNumber": 85,
        "author": {
          "gitId": "jinfayap"
        },
        "content": "            tasks[Task.getTaskCount()] \u003d new Todo(commandArgs);"
      },
      {
        "lineNumber": 86,
        "author": {
          "gitId": "jinfayap"
        },
        "content": "            displayAddMessage();"
      },
      {
        "lineNumber": 87,
        "author": {
          "gitId": "jinfayap"
        },
        "content": "            break;"
      },
      {
        "lineNumber": 88,
        "author": {
          "gitId": "jinfayap"
        },
        "content": "        case COMMAND_DEADLINE_WORD:"
      },
      {
        "lineNumber": 89,
        "author": {
          "gitId": "jinfayap"
        },
        "content": "            tasks[Task.getTaskCount()] \u003d new Deadline(commandArgs, commandDate);"
      },
      {
        "lineNumber": 90,
        "author": {
          "gitId": "jinfayap"
        },
        "content": "            displayAddMessage();"
      },
      {
        "lineNumber": 91,
        "author": {
          "gitId": "jinfayap"
        },
        "content": "            break;"
      },
      {
        "lineNumber": 92,
        "author": {
          "gitId": "jinfayap"
        },
        "content": "        case COMMAND_EVENT_WORD:"
      },
      {
        "lineNumber": 93,
        "author": {
          "gitId": "jinfayap"
        },
        "content": "            tasks[Task.getTaskCount()] \u003d new Event(commandArgs, commandDate);"
      },
      {
        "lineNumber": 94,
        "author": {
          "gitId": "jinfayap"
        },
        "content": "            displayAddMessage();"
      },
      {
        "lineNumber": 95,
        "author": {
          "gitId": "jinfayap"
        },
        "content": "            break;"
      },
      {
        "lineNumber": 96,
        "author": {
          "gitId": "jinfayap"
        },
        "content": "        case COMMAND_LIST_WORD:"
      },
      {
        "lineNumber": 97,
        "author": {
          "gitId": "jinfayap"
        },
        "content": "            displayTaskList();"
      },
      {
        "lineNumber": 98,
        "author": {
          "gitId": "jinfayap"
        },
        "content": "            break;"
      },
      {
        "lineNumber": 99,
        "author": {
          "gitId": "jinfayap"
        },
        "content": "        case COMMAND_DONE_WORD:"
      },
      {
        "lineNumber": 100,
        "author": {
          "gitId": "jinfayap"
        },
        "content": "            displayDoneMessage(commandArgs);"
      },
      {
        "lineNumber": 101,
        "author": {
          "gitId": "jinfayap"
        },
        "content": "            break;"
      },
      {
        "lineNumber": 102,
        "author": {
          "gitId": "jinfayap"
        },
        "content": "        case COMMAND_BYE_WORD:"
      },
      {
        "lineNumber": 103,
        "author": {
          "gitId": "jinfayap"
        },
        "content": "            displayByeMessageAndExit();"
      },
      {
        "lineNumber": 104,
        "author": {
          "gitId": "jinfayap"
        },
        "content": "            break;"
      },
      {
        "lineNumber": 105,
        "author": {
          "gitId": "jinfayap"
        },
        "content": "        case COMMAND_BLAH_WORD:"
      },
      {
        "lineNumber": 106,
        "author": {
          "gitId": "jinfayap"
        },
        "content": "            displayBlahMessage();"
      },
      {
        "lineNumber": 107,
        "author": {
          "gitId": "jinfayap"
        },
        "content": "            break;"
      },
      {
        "lineNumber": 108,
        "author": {
          "gitId": "jinfayap"
        },
        "content": "        default:"
      },
      {
        "lineNumber": 109,
        "author": {
          "gitId": "jinfayap"
        },
        "content": "            displayInvalidMessage();"
      },
      {
        "lineNumber": 110,
        "author": {
          "gitId": "jinfayap"
        },
        "content": "        }"
      },
      {
        "lineNumber": 111,
        "author": {
          "gitId": "jinfayap"
        },
        "content": "    }"
      },
      {
        "lineNumber": 112,
        "author": {
          "gitId": "jinfayap"
        },
        "content": "    "
      },
      {
        "lineNumber": 113,
        "author": {
          "gitId": "jinfayap"
        },
        "content": "    private static void hasEmptyDescription(String commandWord, String commandArgs) throws DukeException {"
      },
      {
        "lineNumber": 114,
        "author": {
          "gitId": "jinfayap"
        },
        "content": "        if ((commandWord.equalsIgnoreCase(COMMAND_TODO_WORD) || commandWord.equalsIgnoreCase(COMMAND_DEADLINE_WORD) ||"
      },
      {
        "lineNumber": 115,
        "author": {
          "gitId": "jinfayap"
        },
        "content": "                commandWord.equalsIgnoreCase(COMMAND_EVENT_WORD)) \u0026\u0026 commandArgs.equals(\"\")) {"
      },
      {
        "lineNumber": 116,
        "author": {
          "gitId": "jinfayap"
        },
        "content": "            throw new DukeException(String.format(MISSING_DESCRIPTION_MESSAGE, commandWord));"
      },
      {
        "lineNumber": 117,
        "author": {
          "gitId": "jinfayap"
        },
        "content": "            "
      },
      {
        "lineNumber": 118,
        "author": {
          "gitId": "jinfayap"
        },
        "content": "        }"
      },
      {
        "lineNumber": 119,
        "author": {
          "gitId": "jinfayap"
        },
        "content": "    }"
      },
      {
        "lineNumber": 120,
        "author": {
          "gitId": "jinfayap"
        },
        "content": "    "
      },
      {
        "lineNumber": 121,
        "author": {
          "gitId": "jinfayap"
        },
        "content": "    private static void hasEmptyDate(String commandWord, String commandDate) throws DukeException {"
      },
      {
        "lineNumber": 122,
        "author": {
          "gitId": "jinfayap"
        },
        "content": "        if ((commandWord.equalsIgnoreCase(COMMAND_DEADLINE_WORD) || commandWord.equalsIgnoreCase(COMMAND_EVENT_WORD)) \u0026\u0026"
      },
      {
        "lineNumber": 123,
        "author": {
          "gitId": "jinfayap"
        },
        "content": "                commandDate.equals(\"\")) {"
      },
      {
        "lineNumber": 124,
        "author": {
          "gitId": "jinfayap"
        },
        "content": "            throw new DukeException(String.format(MISSING_DATE_MESSAGE, commandWord));"
      },
      {
        "lineNumber": 125,
        "author": {
          "gitId": "jinfayap"
        },
        "content": "        }"
      },
      {
        "lineNumber": 126,
        "author": {
          "gitId": "jinfayap"
        },
        "content": "    }"
      },
      {
        "lineNumber": 127,
        "author": {
          "gitId": "jinfayap"
        },
        "content": "    "
      },
      {
        "lineNumber": 128,
        "author": {
          "gitId": "jinfayap"
        },
        "content": "    private static String getUserInput() {"
      },
      {
        "lineNumber": 129,
        "author": {
          "gitId": "jinfayap"
        },
        "content": "        System.out.print(ENTER_A_COMMAND);"
      },
      {
        "lineNumber": 130,
        "author": {
          "gitId": "jinfayap"
        },
        "content": "        String inputLine \u003d in.nextLine();"
      },
      {
        "lineNumber": 131,
        "author": {
          "gitId": "jinfayap"
        },
        "content": "        echoUserInput(inputLine.trim());"
      },
      {
        "lineNumber": 132,
        "author": {
          "gitId": "jinfayap"
        },
        "content": "        return inputLine.trim();"
      },
      {
        "lineNumber": 133,
        "author": {
          "gitId": "jinfayap"
        },
        "content": "    }"
      },
      {
        "lineNumber": 134,
        "author": {
          "gitId": "jinfayap"
        },
        "content": "    "
      },
      {
        "lineNumber": 135,
        "author": {
          "gitId": "jinfayap"
        },
        "content": "    private static void echoUserInput(String userInput) {"
      },
      {
        "lineNumber": 136,
        "author": {
          "gitId": "jinfayap"
        },
        "content": "        System.out.println(COMMAND_ENTERED + userInput);"
      },
      {
        "lineNumber": 137,
        "author": {
          "gitId": "jinfayap"
        },
        "content": "    }"
      },
      {
        "lineNumber": 138,
        "author": {
          "gitId": "jinfayap"
        },
        "content": "    "
      },
      {
        "lineNumber": 139,
        "author": {
          "gitId": "jinfayap"
        },
        "content": "    /* Solution below adapted from"
      },
      {
        "lineNumber": 140,
        "author": {
          "gitId": "jinfayap"
        },
        "content": "       https://github.com/nus-cs2113-AY1920S2/contacts/blob/master/src/main/java/Contacts1.java"
      },
      {
        "lineNumber": 141,
        "author": {
          "gitId": "jinfayap"
        },
        "content": "     */"
      },
      {
        "lineNumber": 142,
        "author": {
          "gitId": "jinfayap"
        },
        "content": "    public static String[] splitInputLine(String rawUserInput, String regex) {"
      },
      {
        "lineNumber": 143,
        "author": {
          "gitId": "jinfayap"
        },
        "content": "        String[] split \u003d rawUserInput.trim().split(regex, 2);"
      },
      {
        "lineNumber": 144,
        "author": {
          "gitId": "jinfayap"
        },
        "content": "        return split.length \u003d\u003d 2 ? split : new String[]{split[0], \"\"}; // else no parameters"
      },
      {
        "lineNumber": 145,
        "author": {
          "gitId": "jinfayap"
        },
        "content": "    }"
      },
      {
        "lineNumber": 146,
        "author": {
          "gitId": "jinfayap"
        },
        "content": "    "
      },
      {
        "lineNumber": 147,
        "author": {
          "gitId": "jinfayap"
        },
        "content": "    private static void displayWelcomeMessage() {"
      },
      {
        "lineNumber": 148,
        "author": {
          "gitId": "jinfayap"
        },
        "content": "        System.out.println(DIVIDER + LS + WELCOME_MESSAGE + LS + DIVIDER);"
      },
      {
        "lineNumber": 149,
        "author": {
          "gitId": "jinfayap"
        },
        "content": "    }"
      },
      {
        "lineNumber": 150,
        "author": {
          "gitId": "jinfayap"
        },
        "content": "    "
      },
      {
        "lineNumber": 151,
        "author": {
          "gitId": "jinfayap"
        },
        "content": "    private static void displayAddMessage() {"
      },
      {
        "lineNumber": 152,
        "author": {
          "gitId": "jinfayap"
        },
        "content": "        System.out.println(DIVIDER);"
      },
      {
        "lineNumber": 153,
        "author": {
          "gitId": "jinfayap"
        },
        "content": "        System.out.println(String.format(COMMAND_ADD_MESSAGE, tasks[Task.getTaskCount() - 1], Task.getTaskCount()));"
      },
      {
        "lineNumber": 154,
        "author": {
          "gitId": "jinfayap"
        },
        "content": "        System.out.println(DIVIDER);"
      },
      {
        "lineNumber": 155,
        "author": {
          "gitId": "jinfayap"
        },
        "content": "    }"
      },
      {
        "lineNumber": 156,
        "author": {
          "gitId": "jinfayap"
        },
        "content": "    "
      },
      {
        "lineNumber": 157,
        "author": {
          "gitId": "jinfayap"
        },
        "content": "    private static void displayDoneMessage(String index) {"
      },
      {
        "lineNumber": 158,
        "author": {
          "gitId": "jinfayap"
        },
        "content": "        try {"
      },
      {
        "lineNumber": 159,
        "author": {
          "gitId": "jinfayap"
        },
        "content": "            int doneTaskIndex \u003d Integer.parseInt(index) - 1;"
      },
      {
        "lineNumber": 160,
        "author": {
          "gitId": "jinfayap"
        },
        "content": "            if (doneTaskIndex \u003e\u003d Task.getTaskCount()) {"
      },
      {
        "lineNumber": 161,
        "author": {
          "gitId": "jinfayap"
        },
        "content": "                throw new ArrayIndexOutOfBoundsException();"
      },
      {
        "lineNumber": 162,
        "author": {
          "gitId": "jinfayap"
        },
        "content": "            }"
      },
      {
        "lineNumber": 163,
        "author": {
          "gitId": "jinfayap"
        },
        "content": "            tasks[doneTaskIndex].markAsDone();"
      },
      {
        "lineNumber": 164,
        "author": {
          "gitId": "jinfayap"
        },
        "content": "            System.out.println(DIVIDER + LS + COMMAND_DONE_MESSAGE);"
      },
      {
        "lineNumber": 165,
        "author": {
          "gitId": "jinfayap"
        },
        "content": "            System.out.println(TAB + tasks[doneTaskIndex]);"
      },
      {
        "lineNumber": 166,
        "author": {
          "gitId": "jinfayap"
        },
        "content": "            System.out.println(DIVIDER);"
      },
      {
        "lineNumber": 167,
        "author": {
          "gitId": "jinfayap"
        },
        "content": "        } catch (ArrayIndexOutOfBoundsException e) {"
      },
      {
        "lineNumber": 168,
        "author": {
          "gitId": "jinfayap"
        },
        "content": "            System.out.println(DIVIDER + LS + COMMAND_INVALID_INDEX + LS + DIVIDER);"
      },
      {
        "lineNumber": 169,
        "author": {
          "gitId": "jinfayap"
        },
        "content": "        }"
      },
      {
        "lineNumber": 170,
        "author": {
          "gitId": "jinfayap"
        },
        "content": "    }"
      },
      {
        "lineNumber": 171,
        "author": {
          "gitId": "jinfayap"
        },
        "content": "    "
      },
      {
        "lineNumber": 172,
        "author": {
          "gitId": "jinfayap"
        },
        "content": "    private static void displayInvalidMessage() {"
      },
      {
        "lineNumber": 173,
        "author": {
          "gitId": "jinfayap"
        },
        "content": "        try {"
      },
      {
        "lineNumber": 174,
        "author": {
          "gitId": "jinfayap"
        },
        "content": "            throw new DukeException(COMMAND_INVALID_MESSAGE);"
      },
      {
        "lineNumber": 175,
        "author": {
          "gitId": "jinfayap"
        },
        "content": "        } catch (DukeException e) {"
      },
      {
        "lineNumber": 176,
        "author": {
          "gitId": "jinfayap"
        },
        "content": "            System.out.println(DIVIDER);"
      },
      {
        "lineNumber": 177,
        "author": {
          "gitId": "jinfayap"
        },
        "content": "            System.out.println(e);"
      },
      {
        "lineNumber": 178,
        "author": {
          "gitId": "jinfayap"
        },
        "content": "            System.out.println(DIVIDER);"
      },
      {
        "lineNumber": 179,
        "author": {
          "gitId": "jinfayap"
        },
        "content": "        }"
      },
      {
        "lineNumber": 180,
        "author": {
          "gitId": "jinfayap"
        },
        "content": "    }"
      },
      {
        "lineNumber": 181,
        "author": {
          "gitId": "jinfayap"
        },
        "content": "    "
      },
      {
        "lineNumber": 182,
        "author": {
          "gitId": "jinfayap"
        },
        "content": "    private static void displayBlahMessage() {"
      },
      {
        "lineNumber": 183,
        "author": {
          "gitId": "jinfayap"
        },
        "content": "        try {"
      },
      {
        "lineNumber": 184,
        "author": {
          "gitId": "jinfayap"
        },
        "content": "            throw new DukeException(COMMAND_BLAH_MESSAGE);"
      },
      {
        "lineNumber": 185,
        "author": {
          "gitId": "jinfayap"
        },
        "content": "        } catch (DukeException e) {"
      },
      {
        "lineNumber": 186,
        "author": {
          "gitId": "jinfayap"
        },
        "content": "            System.out.println(e);"
      },
      {
        "lineNumber": 187,
        "author": {
          "gitId": "jinfayap"
        },
        "content": "        }"
      },
      {
        "lineNumber": 188,
        "author": {
          "gitId": "jinfayap"
        },
        "content": "    }"
      },
      {
        "lineNumber": 189,
        "author": {
          "gitId": "jinfayap"
        },
        "content": "    "
      },
      {
        "lineNumber": 190,
        "author": {
          "gitId": "jinfayap"
        },
        "content": "    private static void displayByeMessageAndExit() {"
      },
      {
        "lineNumber": 191,
        "author": {
          "gitId": "jinfayap"
        },
        "content": "        System.out.println(DIVIDER + LS + COMMAND_BYE_MESSAGE + LS + DIVIDER);"
      },
      {
        "lineNumber": 192,
        "author": {
          "gitId": "jinfayap"
        },
        "content": "        System.exit(0);"
      },
      {
        "lineNumber": 193,
        "author": {
          "gitId": "jinfayap"
        },
        "content": "    }"
      },
      {
        "lineNumber": 194,
        "author": {
          "gitId": "jinfayap"
        },
        "content": "    "
      },
      {
        "lineNumber": 195,
        "author": {
          "gitId": "jinfayap"
        },
        "content": "    private static void displayTaskList() {"
      },
      {
        "lineNumber": 196,
        "author": {
          "gitId": "jinfayap"
        },
        "content": "        System.out.println(DIVIDER);"
      },
      {
        "lineNumber": 197,
        "author": {
          "gitId": "jinfayap"
        },
        "content": "        if (Task.getTaskCount() \u003d\u003d 0) {"
      },
      {
        "lineNumber": 198,
        "author": {
          "gitId": "jinfayap"
        },
        "content": "            System.out.println(COMMAND_LIST_EMPTY);"
      },
      {
        "lineNumber": 199,
        "author": {
          "gitId": "jinfayap"
        },
        "content": "            System.out.println(DIVIDER);"
      },
      {
        "lineNumber": 200,
        "author": {
          "gitId": "jinfayap"
        },
        "content": "            return;"
      },
      {
        "lineNumber": 201,
        "author": {
          "gitId": "jinfayap"
        },
        "content": "        }"
      },
      {
        "lineNumber": 202,
        "author": {
          "gitId": "jinfayap"
        },
        "content": "        System.out.println(COMMAND_LIST_MESSAGE);"
      },
      {
        "lineNumber": 203,
        "author": {
          "gitId": "jinfayap"
        },
        "content": "        for (int i \u003d 0; i \u003c Task.getTaskCount(); ++i) {"
      },
      {
        "lineNumber": 204,
        "author": {
          "gitId": "jinfayap"
        },
        "content": "            System.out.println((i + 1) + \".\" + tasks[i]);"
      },
      {
        "lineNumber": 205,
        "author": {
          "gitId": "-"
        },
        "content": "        }"
      },
      {
        "lineNumber": 206,
        "author": {
          "gitId": "jinfayap"
        },
        "content": "        System.out.println(DIVIDER);"
      },
      {
        "lineNumber": 207,
        "author": {
          "gitId": "jinfayap"
        },
        "content": "    }"
      },
      {
        "lineNumber": 208,
        "author": {
          "gitId": "jinfayap"
        },
        "content": "    "
      },
      {
        "lineNumber": 209,
        "author": {
          "gitId": "-"
        },
        "content": "}"
      }
    ],
    "authorContributionMap": {
      "jinfayap": 206,
      "-": 3
    }
  },
  {
    "path": "src/main/java/duke/exception/DukeException.java",
    "fileType": "java",
    "lines": [
      {
        "lineNumber": 1,
        "author": {
          "gitId": "jinfayap"
        },
        "content": "package duke.exception;"
      },
      {
        "lineNumber": 2,
        "author": {
          "gitId": "jinfayap"
        },
        "content": ""
      },
      {
        "lineNumber": 3,
        "author": {
          "gitId": "jinfayap"
        },
        "content": "public class DukeException extends Exception {"
      },
      {
        "lineNumber": 4,
        "author": {
          "gitId": "jinfayap"
        },
        "content": "    "
      },
      {
        "lineNumber": 5,
        "author": {
          "gitId": "jinfayap"
        },
        "content": "    private static final String DIVIDER \u003d \"____________________________________________________________\";"
      },
      {
        "lineNumber": 6,
        "author": {
          "gitId": "jinfayap"
        },
        "content": "    private static final String LS \u003d System.lineSeparator();"
      },
      {
        "lineNumber": 7,
        "author": {
          "gitId": "jinfayap"
        },
        "content": "    "
      },
      {
        "lineNumber": 8,
        "author": {
          "gitId": "jinfayap"
        },
        "content": "    public DukeException(String message) {"
      },
      {
        "lineNumber": 9,
        "author": {
          "gitId": "jinfayap"
        },
        "content": "        super(message);"
      },
      {
        "lineNumber": 10,
        "author": {
          "gitId": "jinfayap"
        },
        "content": "    }"
      },
      {
        "lineNumber": 11,
        "author": {
          "gitId": "jinfayap"
        },
        "content": "    "
      },
      {
        "lineNumber": 12,
        "author": {
          "gitId": "jinfayap"
        },
        "content": "    @Override"
      },
      {
        "lineNumber": 13,
        "author": {
          "gitId": "jinfayap"
        },
        "content": "    public String toString() {"
      },
      {
        "lineNumber": 14,
        "author": {
          "gitId": "jinfayap"
        },
        "content": "        return  DIVIDER + LS +  getMessage() + LS + DIVIDER;"
      },
      {
        "lineNumber": 15,
        "author": {
          "gitId": "jinfayap"
        },
        "content": "    }"
      },
      {
        "lineNumber": 16,
        "author": {
          "gitId": "jinfayap"
        },
        "content": "}"
      }
    ],
    "authorContributionMap": {
      "jinfayap": 16
    }
  },
  {
    "path": "src/main/java/duke/task/Deadline.java",
    "fileType": "java",
    "lines": [
      {
        "lineNumber": 1,
        "author": {
          "gitId": "jinfayap"
        },
        "content": "package duke.task;"
      },
      {
        "lineNumber": 2,
        "author": {
          "gitId": "jinfayap"
        },
        "content": ""
      },
      {
        "lineNumber": 3,
        "author": {
          "gitId": "jinfayap"
        },
        "content": "public class Deadline extends Task {"
      },
      {
        "lineNumber": 4,
        "author": {
          "gitId": "jinfayap"
        },
        "content": "    "
      },
      {
        "lineNumber": 5,
        "author": {
          "gitId": "jinfayap"
        },
        "content": "    private String by;"
      },
      {
        "lineNumber": 6,
        "author": {
          "gitId": "jinfayap"
        },
        "content": "    private final String TAG \u003d \"[D]\";"
      },
      {
        "lineNumber": 7,
        "author": {
          "gitId": "jinfayap"
        },
        "content": "    private final String OPEN_BRACKET \u003d \"(\";"
      },
      {
        "lineNumber": 8,
        "author": {
          "gitId": "jinfayap"
        },
        "content": "    private final String CLOSE_BRACKET \u003d \")\";"
      },
      {
        "lineNumber": 9,
        "author": {
          "gitId": "jinfayap"
        },
        "content": "    "
      },
      {
        "lineNumber": 10,
        "author": {
          "gitId": "jinfayap"
        },
        "content": "    public Deadline(String description, String by) {"
      },
      {
        "lineNumber": 11,
        "author": {
          "gitId": "jinfayap"
        },
        "content": "        super(description);"
      },
      {
        "lineNumber": 12,
        "author": {
          "gitId": "jinfayap"
        },
        "content": "        this.by \u003d OPEN_BRACKET + by + CLOSE_BRACKET;"
      },
      {
        "lineNumber": 13,
        "author": {
          "gitId": "jinfayap"
        },
        "content": "        this.by \u003d stringBuilder(this.by);"
      },
      {
        "lineNumber": 14,
        "author": {
          "gitId": "jinfayap"
        },
        "content": "    }"
      },
      {
        "lineNumber": 15,
        "author": {
          "gitId": "jinfayap"
        },
        "content": "    "
      },
      {
        "lineNumber": 16,
        "author": {
          "gitId": "jinfayap"
        },
        "content": "    @Override"
      },
      {
        "lineNumber": 17,
        "author": {
          "gitId": "jinfayap"
        },
        "content": "    public String toString() {"
      },
      {
        "lineNumber": 18,
        "author": {
          "gitId": "jinfayap"
        },
        "content": "        return TAG + super.toString() + by;"
      },
      {
        "lineNumber": 19,
        "author": {
          "gitId": "jinfayap"
        },
        "content": "    }"
      },
      {
        "lineNumber": 20,
        "author": {
          "gitId": "jinfayap"
        },
        "content": "    "
      },
      {
        "lineNumber": 21,
        "author": {
          "gitId": "jinfayap"
        },
        "content": "    "
      },
      {
        "lineNumber": 22,
        "author": {
          "gitId": "jinfayap"
        },
        "content": "}"
      }
    ],
    "authorContributionMap": {
      "jinfayap": 22
    }
  },
  {
    "path": "src/main/java/duke/task/Event.java",
    "fileType": "java",
    "lines": [
      {
        "lineNumber": 1,
        "author": {
          "gitId": "jinfayap"
        },
        "content": "package duke.task;"
      },
      {
        "lineNumber": 2,
        "author": {
          "gitId": "jinfayap"
        },
        "content": ""
      },
      {
        "lineNumber": 3,
        "author": {
          "gitId": "jinfayap"
        },
        "content": "public class Event extends Task {"
      },
      {
        "lineNumber": 4,
        "author": {
          "gitId": "jinfayap"
        },
        "content": "    "
      },
      {
        "lineNumber": 5,
        "author": {
          "gitId": "jinfayap"
        },
        "content": "    private String at;"
      },
      {
        "lineNumber": 6,
        "author": {
          "gitId": "jinfayap"
        },
        "content": "    private final String TAG \u003d \"[E]\";"
      },
      {
        "lineNumber": 7,
        "author": {
          "gitId": "jinfayap"
        },
        "content": "    private final String OPEN_BRACKET \u003d \"(\";"
      },
      {
        "lineNumber": 8,
        "author": {
          "gitId": "jinfayap"
        },
        "content": "    private final String CLOSE_BRACKET \u003d \")\";"
      },
      {
        "lineNumber": 9,
        "author": {
          "gitId": "jinfayap"
        },
        "content": "    "
      },
      {
        "lineNumber": 10,
        "author": {
          "gitId": "jinfayap"
        },
        "content": "    public Event(String description, String at) {"
      },
      {
        "lineNumber": 11,
        "author": {
          "gitId": "jinfayap"
        },
        "content": "        super(description);"
      },
      {
        "lineNumber": 12,
        "author": {
          "gitId": "jinfayap"
        },
        "content": "        this.at \u003d OPEN_BRACKET + at + CLOSE_BRACKET;"
      },
      {
        "lineNumber": 13,
        "author": {
          "gitId": "jinfayap"
        },
        "content": "        this.at \u003d stringBuilder(this.at);"
      },
      {
        "lineNumber": 14,
        "author": {
          "gitId": "jinfayap"
        },
        "content": "    }"
      },
      {
        "lineNumber": 15,
        "author": {
          "gitId": "jinfayap"
        },
        "content": "    "
      },
      {
        "lineNumber": 16,
        "author": {
          "gitId": "jinfayap"
        },
        "content": "    @Override"
      },
      {
        "lineNumber": 17,
        "author": {
          "gitId": "jinfayap"
        },
        "content": "    public String toString() {"
      },
      {
        "lineNumber": 18,
        "author": {
          "gitId": "jinfayap"
        },
        "content": "        return TAG + super.toString() + at;"
      },
      {
        "lineNumber": 19,
        "author": {
          "gitId": "jinfayap"
        },
        "content": "    }"
      },
      {
        "lineNumber": 20,
        "author": {
          "gitId": "jinfayap"
        },
        "content": "    "
      },
      {
        "lineNumber": 21,
        "author": {
          "gitId": "jinfayap"
        },
        "content": "}"
      }
    ],
    "authorContributionMap": {
      "jinfayap": 21
    }
  },
  {
    "path": "src/main/java/duke/task/Task.java",
    "fileType": "java",
    "lines": [
      {
        "lineNumber": 1,
        "author": {
          "gitId": "jinfayap"
        },
        "content": "package duke.task;"
      },
      {
        "lineNumber": 2,
        "author": {
          "gitId": "jinfayap"
        },
        "content": ""
      },
      {
        "lineNumber": 3,
        "author": {
          "gitId": "jinfayap"
        },
        "content": "public class Task {"
      },
      {
        "lineNumber": 4,
        "author": {
          "gitId": "jinfayap"
        },
        "content": "    protected String description;"
      },
      {
        "lineNumber": 5,
        "author": {
          "gitId": "jinfayap"
        },
        "content": "    protected boolean isDone;"
      },
      {
        "lineNumber": 6,
        "author": {
          "gitId": "jinfayap"
        },
        "content": "    private static int taskCount \u003d 0;"
      },
      {
        "lineNumber": 7,
        "author": {
          "gitId": "jinfayap"
        },
        "content": "    "
      },
      {
        "lineNumber": 8,
        "author": {
          "gitId": "jinfayap"
        },
        "content": "    public Task(String description) {"
      },
      {
        "lineNumber": 9,
        "author": {
          "gitId": "jinfayap"
        },
        "content": "        this.description \u003d description;"
      },
      {
        "lineNumber": 10,
        "author": {
          "gitId": "jinfayap"
        },
        "content": "        this.isDone \u003d false;"
      },
      {
        "lineNumber": 11,
        "author": {
          "gitId": "jinfayap"
        },
        "content": "        taskCount +\u003d 1;"
      },
      {
        "lineNumber": 12,
        "author": {
          "gitId": "jinfayap"
        },
        "content": "    }"
      },
      {
        "lineNumber": 13,
        "author": {
          "gitId": "jinfayap"
        },
        "content": "    "
      },
      {
        "lineNumber": 14,
        "author": {
          "gitId": "jinfayap"
        },
        "content": "    public String getStatusIcon() {"
      },
      {
        "lineNumber": 15,
        "author": {
          "gitId": "jinfayap"
        },
        "content": "        return (isDone ? \"[\\u2713]\" : \"[\\u2718]\"); //return tick or X symbols"
      },
      {
        "lineNumber": 16,
        "author": {
          "gitId": "jinfayap"
        },
        "content": "    }"
      },
      {
        "lineNumber": 17,
        "author": {
          "gitId": "jinfayap"
        },
        "content": "    "
      },
      {
        "lineNumber": 18,
        "author": {
          "gitId": "jinfayap"
        },
        "content": "    public void markAsDone() {"
      },
      {
        "lineNumber": 19,
        "author": {
          "gitId": "jinfayap"
        },
        "content": "        this.isDone \u003d true;"
      },
      {
        "lineNumber": 20,
        "author": {
          "gitId": "jinfayap"
        },
        "content": "    }"
      },
      {
        "lineNumber": 21,
        "author": {
          "gitId": "jinfayap"
        },
        "content": "    "
      },
      {
        "lineNumber": 22,
        "author": {
          "gitId": "jinfayap"
        },
        "content": "    public static int getTaskCount() {"
      },
      {
        "lineNumber": 23,
        "author": {
          "gitId": "jinfayap"
        },
        "content": "        return taskCount;"
      },
      {
        "lineNumber": 24,
        "author": {
          "gitId": "jinfayap"
        },
        "content": "    }"
      },
      {
        "lineNumber": 25,
        "author": {
          "gitId": "jinfayap"
        },
        "content": "    "
      },
      {
        "lineNumber": 26,
        "author": {
          "gitId": "jinfayap"
        },
        "content": "    "
      },
      {
        "lineNumber": 27,
        "author": {
          "gitId": "jinfayap"
        },
        "content": "    public String toString() {"
      },
      {
        "lineNumber": 28,
        "author": {
          "gitId": "jinfayap"
        },
        "content": "        return getStatusIcon() + \" \" + description;"
      },
      {
        "lineNumber": 29,
        "author": {
          "gitId": "jinfayap"
        },
        "content": "    }"
      },
      {
        "lineNumber": 30,
        "author": {
          "gitId": "jinfayap"
        },
        "content": "    "
      },
      {
        "lineNumber": 31,
        "author": {
          "gitId": "jinfayap"
        },
        "content": "    //Solution below adapted from https://www.baeldung.com/java-add-character-to-string"
      },
      {
        "lineNumber": 32,
        "author": {
          "gitId": "jinfayap"
        },
        "content": "    protected String stringBuilder(String input) {"
      },
      {
        "lineNumber": 33,
        "author": {
          "gitId": "jinfayap"
        },
        "content": "        StringBuilder sb \u003d new StringBuilder(input);"
      },
      {
        "lineNumber": 34,
        "author": {
          "gitId": "jinfayap"
        },
        "content": "        sb.insert(3, \":\");"
      },
      {
        "lineNumber": 35,
        "author": {
          "gitId": "jinfayap"
        },
        "content": "        return sb.toString();"
      },
      {
        "lineNumber": 36,
        "author": {
          "gitId": "jinfayap"
        },
        "content": "    }"
      },
      {
        "lineNumber": 37,
        "author": {
          "gitId": "jinfayap"
        },
        "content": "    "
      },
      {
        "lineNumber": 38,
        "author": {
          "gitId": "jinfayap"
        },
        "content": "}"
      }
    ],
    "authorContributionMap": {
      "jinfayap": 38
    }
  },
  {
    "path": "src/main/java/duke/task/Todo.java",
    "fileType": "java",
    "lines": [
      {
        "lineNumber": 1,
        "author": {
          "gitId": "jinfayap"
        },
        "content": "package duke.task;"
      },
      {
        "lineNumber": 2,
        "author": {
          "gitId": "jinfayap"
        },
        "content": ""
      },
      {
        "lineNumber": 3,
        "author": {
          "gitId": "jinfayap"
        },
        "content": "public class Todo extends Task {"
      },
      {
        "lineNumber": 4,
        "author": {
          "gitId": "jinfayap"
        },
        "content": "    "
      },
      {
        "lineNumber": 5,
        "author": {
          "gitId": "jinfayap"
        },
        "content": "    private final String TAG \u003d \"[T]\";"
      },
      {
        "lineNumber": 6,
        "author": {
          "gitId": "jinfayap"
        },
        "content": "    "
      },
      {
        "lineNumber": 7,
        "author": {
          "gitId": "jinfayap"
        },
        "content": "    public Todo(String description) {"
      },
      {
        "lineNumber": 8,
        "author": {
          "gitId": "jinfayap"
        },
        "content": "        super(description);"
      },
      {
        "lineNumber": 9,
        "author": {
          "gitId": "jinfayap"
        },
        "content": "    }"
      },
      {
        "lineNumber": 10,
        "author": {
          "gitId": "jinfayap"
        },
        "content": "    "
      },
      {
        "lineNumber": 11,
        "author": {
          "gitId": "jinfayap"
        },
        "content": "    @Override"
      },
      {
        "lineNumber": 12,
        "author": {
          "gitId": "jinfayap"
        },
        "content": "    public String toString() {"
      },
      {
        "lineNumber": 13,
        "author": {
          "gitId": "jinfayap"
        },
        "content": "        return TAG + super.toString();"
      },
      {
        "lineNumber": 14,
        "author": {
          "gitId": "jinfayap"
        },
        "content": "    }"
      },
      {
        "lineNumber": 15,
        "author": {
          "gitId": "jinfayap"
        },
        "content": "    "
      },
      {
        "lineNumber": 16,
        "author": {
          "gitId": "jinfayap"
        },
        "content": "}"
      }
    ],
    "authorContributionMap": {
      "jinfayap": 16
    }
  },
  {
    "path": "text-ui-test/EXPECTED.txt",
    "fileType": "txt",
    "lines": [
      {
        "lineNumber": 1,
        "author": {
          "gitId": "jinfayap"
        },
        "content": "____________________________________________________________"
      },
      {
        "lineNumber": 2,
        "author": {
          "gitId": "jinfayap"
        },
        "content": "Hello! I\u0027m Duke"
      },
      {
        "lineNumber": 3,
        "author": {
          "gitId": "jinfayap"
        },
        "content": "What can i do for you?"
      },
      {
        "lineNumber": 4,
        "author": {
          "gitId": "jinfayap"
        },
        "content": "____________________________________________________________"
      },
      {
        "lineNumber": 5,
        "author": {
          "gitId": "jinfayap"
        },
        "content": "Enter a command: Command entered: list"
      },
      {
        "lineNumber": 6,
        "author": {
          "gitId": "jinfayap"
        },
        "content": "____________________________________________________________"
      },
      {
        "lineNumber": 7,
        "author": {
          "gitId": "jinfayap"
        },
        "content": "\tThe list is empty!"
      },
      {
        "lineNumber": 8,
        "author": {
          "gitId": "jinfayap"
        },
        "content": "____________________________________________________________"
      },
      {
        "lineNumber": 9,
        "author": {
          "gitId": "jinfayap"
        },
        "content": "Enter a command: Command entered: todo read book"
      },
      {
        "lineNumber": 10,
        "author": {
          "gitId": "jinfayap"
        },
        "content": "____________________________________________________________"
      },
      {
        "lineNumber": 11,
        "author": {
          "gitId": "jinfayap"
        },
        "content": "Got it. I\u0027ve added this task:"
      },
      {
        "lineNumber": 12,
        "author": {
          "gitId": "jinfayap"
        },
        "content": "\t[T][✘] read book"
      },
      {
        "lineNumber": 13,
        "author": {
          "gitId": "jinfayap"
        },
        "content": "Now you have 1 task(s) in the list."
      },
      {
        "lineNumber": 14,
        "author": {
          "gitId": "jinfayap"
        },
        "content": "____________________________________________________________"
      },
      {
        "lineNumber": 15,
        "author": {
          "gitId": "jinfayap"
        },
        "content": "Enter a command: Command entered: list"
      },
      {
        "lineNumber": 16,
        "author": {
          "gitId": "jinfayap"
        },
        "content": "____________________________________________________________"
      },
      {
        "lineNumber": 17,
        "author": {
          "gitId": "jinfayap"
        },
        "content": "Here are the tasks in your list:"
      },
      {
        "lineNumber": 18,
        "author": {
          "gitId": "jinfayap"
        },
        "content": "1.[T][✘] read book"
      },
      {
        "lineNumber": 19,
        "author": {
          "gitId": "jinfayap"
        },
        "content": "____________________________________________________________"
      },
      {
        "lineNumber": 20,
        "author": {
          "gitId": "jinfayap"
        },
        "content": "Enter a command: Command entered: deadline return book /by Sunday"
      },
      {
        "lineNumber": 21,
        "author": {
          "gitId": "jinfayap"
        },
        "content": "____________________________________________________________"
      },
      {
        "lineNumber": 22,
        "author": {
          "gitId": "jinfayap"
        },
        "content": "Got it. I\u0027ve added this task:"
      },
      {
        "lineNumber": 23,
        "author": {
          "gitId": "jinfayap"
        },
        "content": "\t[D][✘] return book (by: Sunday)"
      },
      {
        "lineNumber": 24,
        "author": {
          "gitId": "jinfayap"
        },
        "content": "Now you have 2 task(s) in the list."
      },
      {
        "lineNumber": 25,
        "author": {
          "gitId": "jinfayap"
        },
        "content": "____________________________________________________________"
      },
      {
        "lineNumber": 26,
        "author": {
          "gitId": "jinfayap"
        },
        "content": "Enter a command: Command entered: event project meeting /at Mon 2-4pm"
      },
      {
        "lineNumber": 27,
        "author": {
          "gitId": "jinfayap"
        },
        "content": "____________________________________________________________"
      },
      {
        "lineNumber": 28,
        "author": {
          "gitId": "jinfayap"
        },
        "content": "Got it. I\u0027ve added this task:"
      },
      {
        "lineNumber": 29,
        "author": {
          "gitId": "jinfayap"
        },
        "content": "\t[E][✘] project meeting (at: Mon 2-4pm)"
      },
      {
        "lineNumber": 30,
        "author": {
          "gitId": "jinfayap"
        },
        "content": "Now you have 3 task(s) in the list."
      },
      {
        "lineNumber": 31,
        "author": {
          "gitId": "jinfayap"
        },
        "content": "____________________________________________________________"
      },
      {
        "lineNumber": 32,
        "author": {
          "gitId": "jinfayap"
        },
        "content": "Enter a command: Command entered: list"
      },
      {
        "lineNumber": 33,
        "author": {
          "gitId": "jinfayap"
        },
        "content": "____________________________________________________________"
      },
      {
        "lineNumber": 34,
        "author": {
          "gitId": "jinfayap"
        },
        "content": "Here are the tasks in your list:"
      },
      {
        "lineNumber": 35,
        "author": {
          "gitId": "jinfayap"
        },
        "content": "1.[T][✘] read book"
      },
      {
        "lineNumber": 36,
        "author": {
          "gitId": "jinfayap"
        },
        "content": "2.[D][✘] return book (by: Sunday)"
      },
      {
        "lineNumber": 37,
        "author": {
          "gitId": "jinfayap"
        },
        "content": "3.[E][✘] project meeting (at: Mon 2-4pm)"
      },
      {
        "lineNumber": 38,
        "author": {
          "gitId": "jinfayap"
        },
        "content": "____________________________________________________________"
      },
      {
        "lineNumber": 39,
        "author": {
          "gitId": "jinfayap"
        },
        "content": "Enter a command: Command entered: done 4"
      },
      {
        "lineNumber": 40,
        "author": {
          "gitId": "jinfayap"
        },
        "content": "____________________________________________________________"
      },
      {
        "lineNumber": 41,
        "author": {
          "gitId": "jinfayap"
        },
        "content": "Index is invalid"
      },
      {
        "lineNumber": 42,
        "author": {
          "gitId": "jinfayap"
        },
        "content": "____________________________________________________________"
      },
      {
        "lineNumber": 43,
        "author": {
          "gitId": "jinfayap"
        },
        "content": "Enter a command: Command entered: done 2"
      },
      {
        "lineNumber": 44,
        "author": {
          "gitId": "jinfayap"
        },
        "content": "____________________________________________________________"
      },
      {
        "lineNumber": 45,
        "author": {
          "gitId": "jinfayap"
        },
        "content": "\tNice! I\u0027ve marked this task as done:"
      },
      {
        "lineNumber": 46,
        "author": {
          "gitId": "jinfayap"
        },
        "content": "\t[D][✓] return book (by: Sunday)"
      },
      {
        "lineNumber": 47,
        "author": {
          "gitId": "jinfayap"
        },
        "content": "____________________________________________________________"
      },
      {
        "lineNumber": 48,
        "author": {
          "gitId": "jinfayap"
        },
        "content": "Enter a command: Command entered: list"
      },
      {
        "lineNumber": 49,
        "author": {
          "gitId": "jinfayap"
        },
        "content": "____________________________________________________________"
      },
      {
        "lineNumber": 50,
        "author": {
          "gitId": "jinfayap"
        },
        "content": "Here are the tasks in your list:"
      },
      {
        "lineNumber": 51,
        "author": {
          "gitId": "jinfayap"
        },
        "content": "1.[T][✘] read book"
      },
      {
        "lineNumber": 52,
        "author": {
          "gitId": "jinfayap"
        },
        "content": "2.[D][✓] return book (by: Sunday)"
      },
      {
        "lineNumber": 53,
        "author": {
          "gitId": "jinfayap"
        },
        "content": "3.[E][✘] project meeting (at: Mon 2-4pm)"
      },
      {
        "lineNumber": 54,
        "author": {
          "gitId": "jinfayap"
        },
        "content": "____________________________________________________________"
      },
      {
        "lineNumber": 55,
        "author": {
          "gitId": "jinfayap"
        },
        "content": "Enter a command: Command entered: done 1"
      },
      {
        "lineNumber": 56,
        "author": {
          "gitId": "jinfayap"
        },
        "content": "____________________________________________________________"
      },
      {
        "lineNumber": 57,
        "author": {
          "gitId": "jinfayap"
        },
        "content": "\tNice! I\u0027ve marked this task as done:"
      },
      {
        "lineNumber": 58,
        "author": {
          "gitId": "jinfayap"
        },
        "content": "\t[T][✓] read book"
      },
      {
        "lineNumber": 59,
        "author": {
          "gitId": "jinfayap"
        },
        "content": "____________________________________________________________"
      },
      {
        "lineNumber": 60,
        "author": {
          "gitId": "jinfayap"
        },
        "content": "Enter a command: Command entered: done 3"
      },
      {
        "lineNumber": 61,
        "author": {
          "gitId": "jinfayap"
        },
        "content": "____________________________________________________________"
      },
      {
        "lineNumber": 62,
        "author": {
          "gitId": "jinfayap"
        },
        "content": "\tNice! I\u0027ve marked this task as done:"
      },
      {
        "lineNumber": 63,
        "author": {
          "gitId": "jinfayap"
        },
        "content": "\t[E][✓] project meeting (at: Mon 2-4pm)"
      },
      {
        "lineNumber": 64,
        "author": {
          "gitId": "jinfayap"
        },
        "content": "____________________________________________________________"
      },
      {
        "lineNumber": 65,
        "author": {
          "gitId": "jinfayap"
        },
        "content": "Enter a command: Command entered: list"
      },
      {
        "lineNumber": 66,
        "author": {
          "gitId": "jinfayap"
        },
        "content": "____________________________________________________________"
      },
      {
        "lineNumber": 67,
        "author": {
          "gitId": "jinfayap"
        },
        "content": "Here are the tasks in your list:"
      },
      {
        "lineNumber": 68,
        "author": {
          "gitId": "jinfayap"
        },
        "content": "1.[T][✓] read book"
      },
      {
        "lineNumber": 69,
        "author": {
          "gitId": "jinfayap"
        },
        "content": "2.[D][✓] return book (by: Sunday)"
      },
      {
        "lineNumber": 70,
        "author": {
          "gitId": "jinfayap"
        },
        "content": "3.[E][✓] project meeting (at: Mon 2-4pm)"
      },
      {
        "lineNumber": 71,
        "author": {
          "gitId": "jinfayap"
        },
        "content": "____________________________________________________________"
      },
      {
        "lineNumber": 72,
        "author": {
          "gitId": "jinfayap"
        },
        "content": "Enter a command: Command entered: blah"
      },
      {
        "lineNumber": 73,
        "author": {
          "gitId": "jinfayap"
        },
        "content": "____________________________________________________________"
      },
      {
        "lineNumber": 74,
        "author": {
          "gitId": "jinfayap"
        },
        "content": "I\u0027m sorry, but I don\u0027t know what that means :-("
      },
      {
        "lineNumber": 75,
        "author": {
          "gitId": "jinfayap"
        },
        "content": "____________________________________________________________"
      },
      {
        "lineNumber": 76,
        "author": {
          "gitId": "jinfayap"
        },
        "content": "Enter a command: Command entered: todo"
      },
      {
        "lineNumber": 77,
        "author": {
          "gitId": "jinfayap"
        },
        "content": "____________________________________________________________"
      },
      {
        "lineNumber": 78,
        "author": {
          "gitId": "jinfayap"
        },
        "content": "OOPS!!! The description of a todo cannot be empty."
      },
      {
        "lineNumber": 79,
        "author": {
          "gitId": "jinfayap"
        },
        "content": "____________________________________________________________"
      },
      {
        "lineNumber": 80,
        "author": {
          "gitId": "jinfayap"
        },
        "content": "Enter a command: Command entered: deadline"
      },
      {
        "lineNumber": 81,
        "author": {
          "gitId": "jinfayap"
        },
        "content": "____________________________________________________________"
      },
      {
        "lineNumber": 82,
        "author": {
          "gitId": "jinfayap"
        },
        "content": "OOPS!!! The description of a deadline cannot be empty."
      },
      {
        "lineNumber": 83,
        "author": {
          "gitId": "jinfayap"
        },
        "content": "____________________________________________________________"
      },
      {
        "lineNumber": 84,
        "author": {
          "gitId": "jinfayap"
        },
        "content": "Enter a command: Command entered: event"
      },
      {
        "lineNumber": 85,
        "author": {
          "gitId": "jinfayap"
        },
        "content": "____________________________________________________________"
      },
      {
        "lineNumber": 86,
        "author": {
          "gitId": "jinfayap"
        },
        "content": "OOPS!!! The description of a event cannot be empty."
      },
      {
        "lineNumber": 87,
        "author": {
          "gitId": "jinfayap"
        },
        "content": "____________________________________________________________"
      },
      {
        "lineNumber": 88,
        "author": {
          "gitId": "jinfayap"
        },
        "content": "Enter a command: Command entered: deadline return book"
      },
      {
        "lineNumber": 89,
        "author": {
          "gitId": "jinfayap"
        },
        "content": "____________________________________________________________"
      },
      {
        "lineNumber": 90,
        "author": {
          "gitId": "jinfayap"
        },
        "content": "OOPS!!! The date of a deadline cannot be empty."
      },
      {
        "lineNumber": 91,
        "author": {
          "gitId": "jinfayap"
        },
        "content": "____________________________________________________________"
      },
      {
        "lineNumber": 92,
        "author": {
          "gitId": "jinfayap"
        },
        "content": "Enter a command: Command entered: event read book"
      },
      {
        "lineNumber": 93,
        "author": {
          "gitId": "jinfayap"
        },
        "content": "____________________________________________________________"
      },
      {
        "lineNumber": 94,
        "author": {
          "gitId": "jinfayap"
        },
        "content": "OOPS!!! The date of a event cannot be empty."
      },
      {
        "lineNumber": 95,
        "author": {
          "gitId": "jinfayap"
        },
        "content": "____________________________________________________________"
      },
      {
        "lineNumber": 96,
        "author": {
          "gitId": "jinfayap"
        },
        "content": "Enter a command: Command entered: done 5"
      },
      {
        "lineNumber": 97,
        "author": {
          "gitId": "jinfayap"
        },
        "content": "____________________________________________________________"
      },
      {
        "lineNumber": 98,
        "author": {
          "gitId": "jinfayap"
        },
        "content": "Index is invalid"
      },
      {
        "lineNumber": 99,
        "author": {
          "gitId": "jinfayap"
        },
        "content": "____________________________________________________________"
      },
      {
        "lineNumber": 100,
        "author": {
          "gitId": "jinfayap"
        },
        "content": "Enter a command: Command entered: TODO"
      },
      {
        "lineNumber": 101,
        "author": {
          "gitId": "jinfayap"
        },
        "content": "____________________________________________________________"
      },
      {
        "lineNumber": 102,
        "author": {
          "gitId": "jinfayap"
        },
        "content": "OOPS!!! The description of a TODO cannot be empty."
      },
      {
        "lineNumber": 103,
        "author": {
          "gitId": "jinfayap"
        },
        "content": "____________________________________________________________"
      },
      {
        "lineNumber": 104,
        "author": {
          "gitId": "jinfayap"
        },
        "content": "Enter a command: Command entered: DEADLINE"
      },
      {
        "lineNumber": 105,
        "author": {
          "gitId": "jinfayap"
        },
        "content": "____________________________________________________________"
      },
      {
        "lineNumber": 106,
        "author": {
          "gitId": "jinfayap"
        },
        "content": "OOPS!!! The description of a DEADLINE cannot be empty."
      },
      {
        "lineNumber": 107,
        "author": {
          "gitId": "jinfayap"
        },
        "content": "____________________________________________________________"
      },
      {
        "lineNumber": 108,
        "author": {
          "gitId": "jinfayap"
        },
        "content": "Enter a command: Command entered: EVENT"
      },
      {
        "lineNumber": 109,
        "author": {
          "gitId": "jinfayap"
        },
        "content": "____________________________________________________________"
      },
      {
        "lineNumber": 110,
        "author": {
          "gitId": "jinfayap"
        },
        "content": "OOPS!!! The description of a EVENT cannot be empty."
      },
      {
        "lineNumber": 111,
        "author": {
          "gitId": "jinfayap"
        },
        "content": "____________________________________________________________"
      },
      {
        "lineNumber": 112,
        "author": {
          "gitId": "jinfayap"
        },
        "content": "Enter a command: Command entered: bye"
      },
      {
        "lineNumber": 113,
        "author": {
          "gitId": "jinfayap"
        },
        "content": "____________________________________________________________"
      },
      {
        "lineNumber": 114,
        "author": {
          "gitId": "jinfayap"
        },
        "content": "\tBye. Hope to see you again soon!"
      },
      {
        "lineNumber": 115,
        "author": {
          "gitId": "jinfayap"
        },
        "content": "____________________________________________________________"
      }
    ],
    "authorContributionMap": {
      "jinfayap": 115
    }
  },
  {
    "path": "text-ui-test/input.txt",
    "fileType": "txt",
    "lines": [
      {
        "lineNumber": 1,
        "author": {
          "gitId": "jinfayap"
        },
        "content": "list"
      },
      {
        "lineNumber": 2,
        "author": {
          "gitId": "jinfayap"
        },
        "content": "todo read book"
      },
      {
        "lineNumber": 3,
        "author": {
          "gitId": "jinfayap"
        },
        "content": "list"
      },
      {
        "lineNumber": 4,
        "author": {
          "gitId": "jinfayap"
        },
        "content": "deadline return book /by Sunday"
      },
      {
        "lineNumber": 5,
        "author": {
          "gitId": "jinfayap"
        },
        "content": "event project meeting /at Mon 2-4pm"
      },
      {
        "lineNumber": 6,
        "author": {
          "gitId": "jinfayap"
        },
        "content": "list"
      },
      {
        "lineNumber": 7,
        "author": {
          "gitId": "jinfayap"
        },
        "content": "done 4"
      },
      {
        "lineNumber": 8,
        "author": {
          "gitId": "jinfayap"
        },
        "content": "done 2"
      },
      {
        "lineNumber": 9,
        "author": {
          "gitId": "jinfayap"
        },
        "content": "list"
      },
      {
        "lineNumber": 10,
        "author": {
          "gitId": "jinfayap"
        },
        "content": "done 1"
      },
      {
        "lineNumber": 11,
        "author": {
          "gitId": "jinfayap"
        },
        "content": "done 3"
      },
      {
        "lineNumber": 12,
        "author": {
          "gitId": "jinfayap"
        },
        "content": "list"
      },
      {
        "lineNumber": 13,
        "author": {
          "gitId": "jinfayap"
        },
        "content": "blah"
      },
      {
        "lineNumber": 14,
        "author": {
          "gitId": "jinfayap"
        },
        "content": "todo"
      },
      {
        "lineNumber": 15,
        "author": {
          "gitId": "jinfayap"
        },
        "content": "deadline"
      },
      {
        "lineNumber": 16,
        "author": {
          "gitId": "jinfayap"
        },
        "content": "event"
      },
      {
        "lineNumber": 17,
        "author": {
          "gitId": "jinfayap"
        },
        "content": "deadline return book"
      },
      {
        "lineNumber": 18,
        "author": {
          "gitId": "jinfayap"
        },
        "content": "event read book"
      },
      {
        "lineNumber": 19,
        "author": {
          "gitId": "jinfayap"
        },
        "content": "done 5"
      },
      {
        "lineNumber": 20,
        "author": {
          "gitId": "jinfayap"
        },
        "content": "TODO"
      },
      {
        "lineNumber": 21,
        "author": {
          "gitId": "jinfayap"
        },
        "content": "DEADLINE"
      },
      {
        "lineNumber": 22,
        "author": {
          "gitId": "jinfayap"
        },
        "content": "EVENT"
      },
      {
        "lineNumber": 23,
        "author": {
          "gitId": "jinfayap"
        },
        "content": "bye"
      }
    ],
    "authorContributionMap": {
      "jinfayap": 23
    }
  },
  {
    "path": "text-ui-test/runtest.bat",
    "fileType": "bat",
    "lines": [
      {
        "lineNumber": 1,
        "author": {
          "gitId": "jinfayap"
        },
        "content": "@ECHO OFF"
      },
      {
        "lineNumber": 2,
        "author": {
          "gitId": "jinfayap"
        },
        "content": ""
      },
      {
        "lineNumber": 3,
        "author": {
          "gitId": "jinfayap"
        },
        "content": "REM create bin directory if it doesn\u0027t exist"
      },
      {
        "lineNumber": 4,
        "author": {
          "gitId": "jinfayap"
        },
        "content": "if not exist ..\\bin mkdir ..\\bin"
      },
      {
        "lineNumber": 5,
        "author": {
          "gitId": "jinfayap"
        },
        "content": ""
      },
      {
        "lineNumber": 6,
        "author": {
          "gitId": "jinfayap"
        },
        "content": "REM delete output from previous run"
      },
      {
        "lineNumber": 7,
        "author": {
          "gitId": "jinfayap"
        },
        "content": "del ACTUAL.TXT"
      },
      {
        "lineNumber": 8,
        "author": {
          "gitId": "jinfayap"
        },
        "content": ""
      },
      {
        "lineNumber": 9,
        "author": {
          "gitId": "jinfayap"
        },
        "content": "REM compile the code into the bin folder"
      },
      {
        "lineNumber": 10,
        "author": {
          "gitId": "jinfayap"
        },
        "content": "javac  -cp ..\\src\\main\\java -Xlint:none -d ..\\bin ..\\src\\main\\java\\duke\\*.java ..\\src\\main\\java\\duke\\task\\*.java ..\\src\\main\\java\\duke\\exception\\*.java"
      },
      {
        "lineNumber": 11,
        "author": {
          "gitId": "jinfayap"
        },
        "content": "IF ERRORLEVEL 1 ("
      },
      {
        "lineNumber": 12,
        "author": {
          "gitId": "jinfayap"
        },
        "content": "    echo ********** BUILD FAILURE **********"
      },
      {
        "lineNumber": 13,
        "author": {
          "gitId": "jinfayap"
        },
        "content": "    exit /b 1"
      },
      {
        "lineNumber": 14,
        "author": {
          "gitId": "jinfayap"
        },
        "content": ")"
      },
      {
        "lineNumber": 15,
        "author": {
          "gitId": "jinfayap"
        },
        "content": "REM no error here, errorlevel \u003d\u003d 0"
      },
      {
        "lineNumber": 16,
        "author": {
          "gitId": "jinfayap"
        },
        "content": ""
      },
      {
        "lineNumber": 17,
        "author": {
          "gitId": "jinfayap"
        },
        "content": "REM run the program, feed commands from input.txt file and redirect the output to the ACTUAL.TXT"
      },
      {
        "lineNumber": 18,
        "author": {
          "gitId": "jinfayap"
        },
        "content": "java -Dfile.encoding\u003dUTF8 -classpath ..\\bin duke.Duke \u003c input.txt \u003e ACTUAL.TXT"
      },
      {
        "lineNumber": 19,
        "author": {
          "gitId": "jinfayap"
        },
        "content": ""
      },
      {
        "lineNumber": 20,
        "author": {
          "gitId": "jinfayap"
        },
        "content": "REM compare the output to the expected output"
      },
      {
        "lineNumber": 21,
        "author": {
          "gitId": "jinfayap"
        },
        "content": "FC ACTUAL.TXT EXPECTED.TXT"
      }
    ],
    "authorContributionMap": {
      "jinfayap": 21
    }
  },
  {
    "path": "text-ui-test/runtest.sh",
    "fileType": "sh",
    "lines": [
      {
        "lineNumber": 1,
        "author": {
          "gitId": "jinfayap"
        },
        "content": "#!/usr/bin/env bash"
      },
      {
        "lineNumber": 2,
        "author": {
          "gitId": "jinfayap"
        },
        "content": ""
      },
      {
        "lineNumber": 3,
        "author": {
          "gitId": "jinfayap"
        },
        "content": "# create bin directory if it doesn\u0027t exist"
      },
      {
        "lineNumber": 4,
        "author": {
          "gitId": "jinfayap"
        },
        "content": "if [ ! -d \"../bin\" ]"
      },
      {
        "lineNumber": 5,
        "author": {
          "gitId": "jinfayap"
        },
        "content": "then"
      },
      {
        "lineNumber": 6,
        "author": {
          "gitId": "jinfayap"
        },
        "content": "    mkdir ../bin"
      },
      {
        "lineNumber": 7,
        "author": {
          "gitId": "jinfayap"
        },
        "content": "fi"
      },
      {
        "lineNumber": 8,
        "author": {
          "gitId": "jinfayap"
        },
        "content": ""
      },
      {
        "lineNumber": 9,
        "author": {
          "gitId": "jinfayap"
        },
        "content": "# delete output from previous run"
      },
      {
        "lineNumber": 10,
        "author": {
          "gitId": "jinfayap"
        },
        "content": "if [ -e \"./ACTUAL.TXT\" ]"
      },
      {
        "lineNumber": 11,
        "author": {
          "gitId": "jinfayap"
        },
        "content": "then"
      },
      {
        "lineNumber": 12,
        "author": {
          "gitId": "jinfayap"
        },
        "content": "    rm ACTUAL.TXT"
      },
      {
        "lineNumber": 13,
        "author": {
          "gitId": "jinfayap"
        },
        "content": "fi"
      },
      {
        "lineNumber": 14,
        "author": {
          "gitId": "jinfayap"
        },
        "content": ""
      },
      {
        "lineNumber": 15,
        "author": {
          "gitId": "jinfayap"
        },
        "content": "# compile the code into the bin folder, terminates if error occurred"
      },
      {
        "lineNumber": 16,
        "author": {
          "gitId": "jinfayap"
        },
        "content": "if ! javac -cp ../src -Xlint:none -d ../bin ../src/main/java/duke/*.java ../src/main/java/duke/task/*.java ../src/main/java/duke/exception/*.java"
      },
      {
        "lineNumber": 17,
        "author": {
          "gitId": "jinfayap"
        },
        "content": "then"
      },
      {
        "lineNumber": 18,
        "author": {
          "gitId": "jinfayap"
        },
        "content": "    echo \"********** BUILD FAILURE **********\""
      },
      {
        "lineNumber": 19,
        "author": {
          "gitId": "jinfayap"
        },
        "content": "    exit 1"
      },
      {
        "lineNumber": 20,
        "author": {
          "gitId": "jinfayap"
        },
        "content": "fi"
      },
      {
        "lineNumber": 21,
        "author": {
          "gitId": "jinfayap"
        },
        "content": ""
      },
      {
        "lineNumber": 22,
        "author": {
          "gitId": "jinfayap"
        },
        "content": "# run the program, feed commands from input.txt file and redirect the output to the ACTUAL.TXT"
      },
      {
        "lineNumber": 23,
        "author": {
          "gitId": "jinfayap"
        },
        "content": "java -Dfile.encoding\u003dUTF8 -classpath ../bin duke/Duke \u003c input.txt \u003e ACTUAL.TXT"
      },
      {
        "lineNumber": 24,
        "author": {
          "gitId": "jinfayap"
        },
        "content": ""
      },
      {
        "lineNumber": 25,
        "author": {
          "gitId": "jinfayap"
        },
        "content": "# compare the output to the expected output"
      },
      {
        "lineNumber": 26,
        "author": {
          "gitId": "jinfayap"
        },
        "content": "diff ACTUAL.TXT EXPECTED.TXT"
      },
      {
        "lineNumber": 27,
        "author": {
          "gitId": "jinfayap"
        },
        "content": "if [ $? -eq 0 ]"
      },
      {
        "lineNumber": 28,
        "author": {
          "gitId": "jinfayap"
        },
        "content": "then"
      },
      {
        "lineNumber": 29,
        "author": {
          "gitId": "jinfayap"
        },
        "content": "    echo \"Test result: PASSED\""
      },
      {
        "lineNumber": 30,
        "author": {
          "gitId": "jinfayap"
        },
        "content": "    exit 0"
      },
      {
        "lineNumber": 31,
        "author": {
          "gitId": "jinfayap"
        },
        "content": "else"
      },
      {
        "lineNumber": 32,
        "author": {
          "gitId": "jinfayap"
        },
        "content": "    echo \"Test result: FAILED\""
      },
      {
        "lineNumber": 33,
        "author": {
          "gitId": "jinfayap"
        },
        "content": "    exit 1"
      },
      {
        "lineNumber": 34,
        "author": {
          "gitId": "jinfayap"
        },
        "content": "fi"
      }
    ],
    "authorContributionMap": {
      "jinfayap": 34
    }
  }
]
