[
  {
    "path": "src/main/java/Duke.java",
    "fileType": "java",
    "lines": [
      {
        "lineNumber": 1,
        "author": {
          "gitId": "jinfayap"
        },
        "content": "import java.util.Scanner;"
      },
      {
        "lineNumber": 2,
        "author": {
          "gitId": "-"
        },
        "content": "public class Duke {"
      },
      {
        "lineNumber": 3,
        "author": {
          "gitId": "-"
        },
        "content": "    public static void main(String[] args) {"
      },
      {
        "lineNumber": 4,
        "author": {
          "gitId": "-"
        },
        "content": "        String logo \u003d \" ____        _        \\n\""
      },
      {
        "lineNumber": 5,
        "author": {
          "gitId": "-"
        },
        "content": "                + \"|  _ \\\\ _   _| | _____ \\n\""
      },
      {
        "lineNumber": 6,
        "author": {
          "gitId": "-"
        },
        "content": "                + \"| | | | | | | |/ / _ \\\\\\n\""
      },
      {
        "lineNumber": 7,
        "author": {
          "gitId": "-"
        },
        "content": "                + \"| |_| | |_| |   \u003c  __/\\n\""
      },
      {
        "lineNumber": 8,
        "author": {
          "gitId": "-"
        },
        "content": "                + \"|____/ \\\\__,_|_|\\\\_\\\\___|\\n\";"
      },
      {
        "lineNumber": 9,
        "author": {
          "gitId": "-"
        },
        "content": "        System.out.println(\"Hello from\\n\" + logo);"
      },
      {
        "lineNumber": 10,
        "author": {
          "gitId": "jinfayap"
        },
        "content": ""
      },
      {
        "lineNumber": 11,
        "author": {
          "gitId": "jinfayap"
        },
        "content": "        System.out.println(\"____________________________________________________________\");"
      },
      {
        "lineNumber": 12,
        "author": {
          "gitId": "jinfayap"
        },
        "content": "        System.out.println(\"Hello! I\u0027m Duke\");"
      },
      {
        "lineNumber": 13,
        "author": {
          "gitId": "jinfayap"
        },
        "content": "        System.out.println(\"What can i do for you?\");"
      },
      {
        "lineNumber": 14,
        "author": {
          "gitId": "jinfayap"
        },
        "content": "        System.out.println(\"____________________________________________________________\");"
      },
      {
        "lineNumber": 15,
        "author": {
          "gitId": "jinfayap"
        },
        "content": ""
      },
      {
        "lineNumber": 16,
        "author": {
          "gitId": "jinfayap"
        },
        "content": "        Task[] tasks \u003d new Task[100];"
      },
      {
        "lineNumber": 17,
        "author": {
          "gitId": "jinfayap"
        },
        "content": "        Scanner in \u003d new Scanner(System.in);"
      },
      {
        "lineNumber": 18,
        "author": {
          "gitId": "jinfayap"
        },
        "content": "        while (true) {"
      },
      {
        "lineNumber": 19,
        "author": {
          "gitId": "jinfayap"
        },
        "content": "            String userInput \u003d in.nextLine();"
      },
      {
        "lineNumber": 20,
        "author": {
          "gitId": "jinfayap"
        },
        "content": "            if (userInput.toLowerCase().equals(\"list\")) {"
      },
      {
        "lineNumber": 21,
        "author": {
          "gitId": "jinfayap"
        },
        "content": "                System.out.println(\"____________________________________________________________\");"
      },
      {
        "lineNumber": 22,
        "author": {
          "gitId": "jinfayap"
        },
        "content": "                for (int i \u003d 0; i \u003c Task.getTaskCount(); ++i) {"
      },
      {
        "lineNumber": 23,
        "author": {
          "gitId": "jinfayap"
        },
        "content": "                    System.out.println((i+1) + \".\" + tasks[i].getStatusIcon() + tasks[i].getDescription());"
      },
      {
        "lineNumber": 24,
        "author": {
          "gitId": "jinfayap"
        },
        "content": "                }"
      },
      {
        "lineNumber": 25,
        "author": {
          "gitId": "jinfayap"
        },
        "content": "                System.out.println(\"____________________________________________________________\");"
      },
      {
        "lineNumber": 26,
        "author": {
          "gitId": "jinfayap"
        },
        "content": "            } else if (userInput.toLowerCase().equals(\"blah\")) {"
      },
      {
        "lineNumber": 27,
        "author": {
          "gitId": "jinfayap"
        },
        "content": "                System.out.println(\"____________________________________________________________\");"
      },
      {
        "lineNumber": 28,
        "author": {
          "gitId": "jinfayap"
        },
        "content": "                System.out.println(\"\\tblah\");"
      },
      {
        "lineNumber": 29,
        "author": {
          "gitId": "jinfayap"
        },
        "content": "                System.out.println(\"____________________________________________________________\");"
      },
      {
        "lineNumber": 30,
        "author": {
          "gitId": "jinfayap"
        },
        "content": "            } else if (userInput.toLowerCase().equals(\"bye\")) {"
      },
      {
        "lineNumber": 31,
        "author": {
          "gitId": "jinfayap"
        },
        "content": "                System.out.println(\"____________________________________________________________\");"
      },
      {
        "lineNumber": 32,
        "author": {
          "gitId": "jinfayap"
        },
        "content": "                System.out.println(\"\\tBye. Hope to see you again soon!\");"
      },
      {
        "lineNumber": 33,
        "author": {
          "gitId": "jinfayap"
        },
        "content": "                System.out.println(\"____________________________________________________________\");"
      },
      {
        "lineNumber": 34,
        "author": {
          "gitId": "jinfayap"
        },
        "content": "                break;"
      },
      {
        "lineNumber": 35,
        "author": {
          "gitId": "jinfayap"
        },
        "content": "            } else if (userInput.toLowerCase().startsWith(\"done\")) {"
      },
      {
        "lineNumber": 36,
        "author": {
          "gitId": "jinfayap"
        },
        "content": "                System.out.println(\"____________________________________________________________\");"
      },
      {
        "lineNumber": 37,
        "author": {
          "gitId": "jinfayap"
        },
        "content": "                int doneTaskIndex \u003d  Integer.parseInt(userInput.substring(5)) - 1;"
      },
      {
        "lineNumber": 38,
        "author": {
          "gitId": "jinfayap"
        },
        "content": "                tasks[doneTaskIndex].markAsDone();"
      },
      {
        "lineNumber": 39,
        "author": {
          "gitId": "jinfayap"
        },
        "content": "                System.out.println(\"\\tNice! I\u0027ve marked this task as done: \");"
      },
      {
        "lineNumber": 40,
        "author": {
          "gitId": "jinfayap"
        },
        "content": "                System.out.println(\"\\t\\t\" + tasks[doneTaskIndex].getStatusIcon() + tasks[doneTaskIndex].getDescription());"
      },
      {
        "lineNumber": 41,
        "author": {
          "gitId": "jinfayap"
        },
        "content": "                System.out.println(\"____________________________________________________________\");"
      },
      {
        "lineNumber": 42,
        "author": {
          "gitId": "jinfayap"
        },
        "content": "            } else {"
      },
      {
        "lineNumber": 43,
        "author": {
          "gitId": "jinfayap"
        },
        "content": "                tasks[Task.getTaskCount()] \u003d new Task(userInput);"
      },
      {
        "lineNumber": 44,
        "author": {
          "gitId": "jinfayap"
        },
        "content": "                System.out.println(\"____________________________________________________________\");"
      },
      {
        "lineNumber": 45,
        "author": {
          "gitId": "jinfayap"
        },
        "content": "                System.out.println(\"\\tadded: \" + userInput);"
      },
      {
        "lineNumber": 46,
        "author": {
          "gitId": "jinfayap"
        },
        "content": "                System.out.println(\"____________________________________________________________\");"
      },
      {
        "lineNumber": 47,
        "author": {
          "gitId": "jinfayap"
        },
        "content": "            }"
      },
      {
        "lineNumber": 48,
        "author": {
          "gitId": "jinfayap"
        },
        "content": "        }"
      },
      {
        "lineNumber": 49,
        "author": {
          "gitId": "jinfayap"
        },
        "content": "        in.close();"
      },
      {
        "lineNumber": 50,
        "author": {
          "gitId": "-"
        },
        "content": "    }"
      },
      {
        "lineNumber": 51,
        "author": {
          "gitId": "-"
        },
        "content": "}"
      }
    ],
    "authorContributionMap": {
      "jinfayap": 41,
      "-": 10
    }
  },
  {
    "path": "src/main/java/Task.java",
    "fileType": "java",
    "lines": [
      {
        "lineNumber": 1,
        "author": {
          "gitId": "jinfayap"
        },
        "content": "public class Task {"
      },
      {
        "lineNumber": 2,
        "author": {
          "gitId": "jinfayap"
        },
        "content": "    protected String description;"
      },
      {
        "lineNumber": 3,
        "author": {
          "gitId": "jinfayap"
        },
        "content": "    protected boolean isDone;"
      },
      {
        "lineNumber": 4,
        "author": {
          "gitId": "jinfayap"
        },
        "content": "    private static int taskCount \u003d 0;"
      },
      {
        "lineNumber": 5,
        "author": {
          "gitId": "jinfayap"
        },
        "content": ""
      },
      {
        "lineNumber": 6,
        "author": {
          "gitId": "jinfayap"
        },
        "content": "    public Task(String description) {"
      },
      {
        "lineNumber": 7,
        "author": {
          "gitId": "jinfayap"
        },
        "content": "        this.description \u003d description;"
      },
      {
        "lineNumber": 8,
        "author": {
          "gitId": "jinfayap"
        },
        "content": "        this.isDone \u003d false;"
      },
      {
        "lineNumber": 9,
        "author": {
          "gitId": "jinfayap"
        },
        "content": "        taskCount +\u003d 1;"
      },
      {
        "lineNumber": 10,
        "author": {
          "gitId": "jinfayap"
        },
        "content": "    }"
      },
      {
        "lineNumber": 11,
        "author": {
          "gitId": "jinfayap"
        },
        "content": ""
      },
      {
        "lineNumber": 12,
        "author": {
          "gitId": "jinfayap"
        },
        "content": "    public String getStatusIcon() {"
      },
      {
        "lineNumber": 13,
        "author": {
          "gitId": "jinfayap"
        },
        "content": "        return (isDone ? \"[\\u2713] \" : \"[\\u2718] \"); //return tick or X symbols"
      },
      {
        "lineNumber": 14,
        "author": {
          "gitId": "jinfayap"
        },
        "content": "    }"
      },
      {
        "lineNumber": 15,
        "author": {
          "gitId": "jinfayap"
        },
        "content": ""
      },
      {
        "lineNumber": 16,
        "author": {
          "gitId": "jinfayap"
        },
        "content": "    public String getDescription() {"
      },
      {
        "lineNumber": 17,
        "author": {
          "gitId": "jinfayap"
        },
        "content": "        return description;"
      },
      {
        "lineNumber": 18,
        "author": {
          "gitId": "jinfayap"
        },
        "content": "    }"
      },
      {
        "lineNumber": 19,
        "author": {
          "gitId": "jinfayap"
        },
        "content": ""
      },
      {
        "lineNumber": 20,
        "author": {
          "gitId": "jinfayap"
        },
        "content": "    public void markAsDone() {"
      },
      {
        "lineNumber": 21,
        "author": {
          "gitId": "jinfayap"
        },
        "content": "        this.isDone \u003d true;"
      },
      {
        "lineNumber": 22,
        "author": {
          "gitId": "jinfayap"
        },
        "content": "    }"
      },
      {
        "lineNumber": 23,
        "author": {
          "gitId": "jinfayap"
        },
        "content": ""
      },
      {
        "lineNumber": 24,
        "author": {
          "gitId": "jinfayap"
        },
        "content": "    public static int getTaskCount() {"
      },
      {
        "lineNumber": 25,
        "author": {
          "gitId": "jinfayap"
        },
        "content": "        return taskCount;"
      },
      {
        "lineNumber": 26,
        "author": {
          "gitId": "jinfayap"
        },
        "content": "    }"
      },
      {
        "lineNumber": 27,
        "author": {
          "gitId": "jinfayap"
        },
        "content": "}"
      }
    ],
    "authorContributionMap": {
      "jinfayap": 27
    }
  }
]
