[
  {
    "path": "src/main/java/Duke.java",
    "fileType": "java",
    "lines": [
      {
        "lineNumber": 1,
        "author": {
          "gitId": "jinfayap"
        },
        "content": "import java.util.Scanner;"
      },
      {
        "lineNumber": 2,
        "author": {
          "gitId": "-"
        },
        "content": "public class Duke {"
      },
      {
        "lineNumber": 3,
        "author": {
          "gitId": "jinfayap"
        },
        "content": ""
      },
      {
        "lineNumber": 4,
        "author": {
          "gitId": "jinfayap"
        },
        "content": "    private static final String DIVIDER \u003d \"____________________________________________________________\";"
      },
      {
        "lineNumber": 5,
        "author": {
          "gitId": "jinfayap"
        },
        "content": "    private static final String LS \u003d System.lineSeparator();"
      },
      {
        "lineNumber": 6,
        "author": {
          "gitId": "jinfayap"
        },
        "content": "    private static final String WELCOME_MESSAGE \u003d \"Hello! I\u0027m Duke\" + LS + \"What can i do for you?\";"
      },
      {
        "lineNumber": 7,
        "author": {
          "gitId": "jinfayap"
        },
        "content": "    private static final String DUKE_LOGO \u003d \" ____        _        \\n\""
      },
      {
        "lineNumber": 8,
        "author": {
          "gitId": "-"
        },
        "content": "            + \"|  _ \\\\ _   _| | _____ \\n\""
      },
      {
        "lineNumber": 9,
        "author": {
          "gitId": "-"
        },
        "content": "            + \"| | | | | | | |/ / _ \\\\\\n\""
      },
      {
        "lineNumber": 10,
        "author": {
          "gitId": "-"
        },
        "content": "            + \"| |_| | |_| |   \u003c  __/\\n\""
      },
      {
        "lineNumber": 11,
        "author": {
          "gitId": "-"
        },
        "content": "            + \"|____/ \\\\__,_|_|\\\\_\\\\___|\\n\";"
      },
      {
        "lineNumber": 12,
        "author": {
          "gitId": "jinfayap"
        },
        "content": ""
      },
      {
        "lineNumber": 13,
        "author": {
          "gitId": "jinfayap"
        },
        "content": ""
      },
      {
        "lineNumber": 14,
        "author": {
          "gitId": "jinfayap"
        },
        "content": "    private static final String COMMAND_LIST_WORD \u003d \"list\";"
      },
      {
        "lineNumber": 15,
        "author": {
          "gitId": "jinfayap"
        },
        "content": "    private static final String COMMAND_LIST_EMPTY \u003d \"\\tThe list is empty!\";"
      },
      {
        "lineNumber": 16,
        "author": {
          "gitId": "jinfayap"
        },
        "content": ""
      },
      {
        "lineNumber": 17,
        "author": {
          "gitId": "jinfayap"
        },
        "content": "    private static final String COMMAND_BLAH_WORD \u003d \"blah\";"
      },
      {
        "lineNumber": 18,
        "author": {
          "gitId": "jinfayap"
        },
        "content": "    private static final String COMMAND_BLAH_MESSAGE \u003d \"\\tblah\";"
      },
      {
        "lineNumber": 19,
        "author": {
          "gitId": "jinfayap"
        },
        "content": ""
      },
      {
        "lineNumber": 20,
        "author": {
          "gitId": "jinfayap"
        },
        "content": "    private static final String COMMAND_BYE_WORD \u003d \"bye\";"
      },
      {
        "lineNumber": 21,
        "author": {
          "gitId": "jinfayap"
        },
        "content": "    private static final String COMMAND_BYE_MESSAGE \u003d \"\\tBye. Hope to see you again soon!\";"
      },
      {
        "lineNumber": 22,
        "author": {
          "gitId": "jinfayap"
        },
        "content": ""
      },
      {
        "lineNumber": 23,
        "author": {
          "gitId": "jinfayap"
        },
        "content": "    private static final String COMMAND_DONE_WORD \u003d \"done\";"
      },
      {
        "lineNumber": 24,
        "author": {
          "gitId": "jinfayap"
        },
        "content": "    private static final String COMMAND_DONE_MESSAGE \u003d \"\\tNice! I\u0027ve marked this task as done: \";"
      },
      {
        "lineNumber": 25,
        "author": {
          "gitId": "jinfayap"
        },
        "content": ""
      },
      {
        "lineNumber": 26,
        "author": {
          "gitId": "jinfayap"
        },
        "content": "    private static final String COMMAND_ADD_MESSAGE \u003d \"\\tadded: \";"
      },
      {
        "lineNumber": 27,
        "author": {
          "gitId": "jinfayap"
        },
        "content": ""
      },
      {
        "lineNumber": 28,
        "author": {
          "gitId": "jinfayap"
        },
        "content": "    private static final int MAX_CAPACITY \u003d 100;"
      },
      {
        "lineNumber": 29,
        "author": {
          "gitId": "jinfayap"
        },
        "content": "    private static Task[] tasks \u003d new Task[MAX_CAPACITY];"
      },
      {
        "lineNumber": 30,
        "author": {
          "gitId": "jinfayap"
        },
        "content": ""
      },
      {
        "lineNumber": 31,
        "author": {
          "gitId": "jinfayap"
        },
        "content": "    private static Scanner in \u003d new Scanner(System.in);"
      },
      {
        "lineNumber": 32,
        "author": {
          "gitId": "jinfayap"
        },
        "content": ""
      },
      {
        "lineNumber": 33,
        "author": {
          "gitId": "-"
        },
        "content": "    public static void main(String[] args) {"
      },
      {
        "lineNumber": 34,
        "author": {
          "gitId": "jinfayap"
        },
        "content": "        displayWelcomeMessage();"
      },
      {
        "lineNumber": 35,
        "author": {
          "gitId": "jinfayap"
        },
        "content": "        while (true) {"
      },
      {
        "lineNumber": 36,
        "author": {
          "gitId": "jinfayap"
        },
        "content": "            String userInput \u003d getUserInput();"
      },
      {
        "lineNumber": 37,
        "author": {
          "gitId": "jinfayap"
        },
        "content": "            if (userInput.equalsIgnoreCase(COMMAND_LIST_WORD)) {"
      },
      {
        "lineNumber": 38,
        "author": {
          "gitId": "jinfayap"
        },
        "content": "                printTaskList();"
      },
      {
        "lineNumber": 39,
        "author": {
          "gitId": "jinfayap"
        },
        "content": "            } else if (userInput.equalsIgnoreCase(COMMAND_BLAH_WORD)) {"
      },
      {
        "lineNumber": 40,
        "author": {
          "gitId": "jinfayap"
        },
        "content": "                displayBlahMessage();"
      },
      {
        "lineNumber": 41,
        "author": {
          "gitId": "jinfayap"
        },
        "content": "            } else if (userInput.equalsIgnoreCase(COMMAND_BYE_WORD)) {"
      },
      {
        "lineNumber": 42,
        "author": {
          "gitId": "jinfayap"
        },
        "content": "                displayByeMessage();"
      },
      {
        "lineNumber": 43,
        "author": {
          "gitId": "jinfayap"
        },
        "content": "                break;"
      },
      {
        "lineNumber": 44,
        "author": {
          "gitId": "jinfayap"
        },
        "content": "            } else if (userInput.toLowerCase().startsWith(COMMAND_DONE_WORD)) {"
      },
      {
        "lineNumber": 45,
        "author": {
          "gitId": "jinfayap"
        },
        "content": "                displayDoneMessage(userInput);"
      },
      {
        "lineNumber": 46,
        "author": {
          "gitId": "jinfayap"
        },
        "content": "            } else {"
      },
      {
        "lineNumber": 47,
        "author": {
          "gitId": "jinfayap"
        },
        "content": "                tasks[Task.getTaskCount()] \u003d new Task(userInput);"
      },
      {
        "lineNumber": 48,
        "author": {
          "gitId": "jinfayap"
        },
        "content": "                displayAddMessage(userInput);"
      },
      {
        "lineNumber": 49,
        "author": {
          "gitId": "jinfayap"
        },
        "content": "            }"
      },
      {
        "lineNumber": 50,
        "author": {
          "gitId": "jinfayap"
        },
        "content": "        }"
      },
      {
        "lineNumber": 51,
        "author": {
          "gitId": "-"
        },
        "content": "    }"
      },
      {
        "lineNumber": 52,
        "author": {
          "gitId": "jinfayap"
        },
        "content": ""
      },
      {
        "lineNumber": 53,
        "author": {
          "gitId": "jinfayap"
        },
        "content": "    private static void displayWelcomeMessage() {"
      },
      {
        "lineNumber": 54,
        "author": {
          "gitId": "jinfayap"
        },
        "content": "        System.out.println(\"Hello from\\n\" + DUKE_LOGO);"
      },
      {
        "lineNumber": 55,
        "author": {
          "gitId": "jinfayap"
        },
        "content": "        System.out.println(DIVIDER + LS + WELCOME_MESSAGE + LS + DIVIDER);"
      },
      {
        "lineNumber": 56,
        "author": {
          "gitId": "jinfayap"
        },
        "content": "    }"
      },
      {
        "lineNumber": 57,
        "author": {
          "gitId": "jinfayap"
        },
        "content": ""
      },
      {
        "lineNumber": 58,
        "author": {
          "gitId": "jinfayap"
        },
        "content": "    private static void displayAddMessage(String userInput) {"
      },
      {
        "lineNumber": 59,
        "author": {
          "gitId": "jinfayap"
        },
        "content": "        System.out.println(DIVIDER + LS + COMMAND_ADD_MESSAGE + userInput + LS + DIVIDER);"
      },
      {
        "lineNumber": 60,
        "author": {
          "gitId": "jinfayap"
        },
        "content": "    }"
      },
      {
        "lineNumber": 61,
        "author": {
          "gitId": "jinfayap"
        },
        "content": ""
      },
      {
        "lineNumber": 62,
        "author": {
          "gitId": "jinfayap"
        },
        "content": "    private static void displayDoneMessage(String userInput) {"
      },
      {
        "lineNumber": 63,
        "author": {
          "gitId": "jinfayap"
        },
        "content": "        int doneTaskIndex \u003d  Integer.parseInt(userInput.substring(5)) - 1;"
      },
      {
        "lineNumber": 64,
        "author": {
          "gitId": "jinfayap"
        },
        "content": "        tasks[doneTaskIndex].markAsDone();"
      },
      {
        "lineNumber": 65,
        "author": {
          "gitId": "jinfayap"
        },
        "content": "        System.out.println(DIVIDER + LS + COMMAND_DONE_MESSAGE);"
      },
      {
        "lineNumber": 66,
        "author": {
          "gitId": "jinfayap"
        },
        "content": "        System.out.println(\"\\t\\t\" + tasks[doneTaskIndex].getStatusIcon() + tasks[doneTaskIndex].getDescription());"
      },
      {
        "lineNumber": 67,
        "author": {
          "gitId": "jinfayap"
        },
        "content": "        System.out.println(DIVIDER);"
      },
      {
        "lineNumber": 68,
        "author": {
          "gitId": "jinfayap"
        },
        "content": "    }"
      },
      {
        "lineNumber": 69,
        "author": {
          "gitId": "jinfayap"
        },
        "content": ""
      },
      {
        "lineNumber": 70,
        "author": {
          "gitId": "jinfayap"
        },
        "content": "    private static void displayBlahMessage() {"
      },
      {
        "lineNumber": 71,
        "author": {
          "gitId": "jinfayap"
        },
        "content": "        System.out.println(DIVIDER + LS + COMMAND_BLAH_MESSAGE + LS + DIVIDER);"
      },
      {
        "lineNumber": 72,
        "author": {
          "gitId": "jinfayap"
        },
        "content": "    }"
      },
      {
        "lineNumber": 73,
        "author": {
          "gitId": "jinfayap"
        },
        "content": ""
      },
      {
        "lineNumber": 74,
        "author": {
          "gitId": "jinfayap"
        },
        "content": "    private static void displayByeMessage() {"
      },
      {
        "lineNumber": 75,
        "author": {
          "gitId": "jinfayap"
        },
        "content": "        System.out.println(DIVIDER + LS + COMMAND_BYE_MESSAGE + LS + DIVIDER);"
      },
      {
        "lineNumber": 76,
        "author": {
          "gitId": "jinfayap"
        },
        "content": "    }"
      },
      {
        "lineNumber": 77,
        "author": {
          "gitId": "jinfayap"
        },
        "content": ""
      },
      {
        "lineNumber": 78,
        "author": {
          "gitId": "jinfayap"
        },
        "content": "    private static String getUserInput() {"
      },
      {
        "lineNumber": 79,
        "author": {
          "gitId": "jinfayap"
        },
        "content": "        System.out.print(\"Enter a command: \");"
      },
      {
        "lineNumber": 80,
        "author": {
          "gitId": "jinfayap"
        },
        "content": "        String inputLine \u003d in.nextLine();"
      },
      {
        "lineNumber": 81,
        "author": {
          "gitId": "jinfayap"
        },
        "content": "        inputLine \u003d inputLine.trim();"
      },
      {
        "lineNumber": 82,
        "author": {
          "gitId": "jinfayap"
        },
        "content": "        return inputLine;"
      },
      {
        "lineNumber": 83,
        "author": {
          "gitId": "jinfayap"
        },
        "content": "    }"
      },
      {
        "lineNumber": 84,
        "author": {
          "gitId": "jinfayap"
        },
        "content": ""
      },
      {
        "lineNumber": 85,
        "author": {
          "gitId": "jinfayap"
        },
        "content": "    private static void printTaskList() {"
      },
      {
        "lineNumber": 86,
        "author": {
          "gitId": "jinfayap"
        },
        "content": "        System.out.println(DIVIDER);"
      },
      {
        "lineNumber": 87,
        "author": {
          "gitId": "jinfayap"
        },
        "content": "        if(Task.getTaskCount() \u003e 0) {"
      },
      {
        "lineNumber": 88,
        "author": {
          "gitId": "jinfayap"
        },
        "content": "            for (int i \u003d 0; i \u003c Task.getTaskCount(); ++i) {"
      },
      {
        "lineNumber": 89,
        "author": {
          "gitId": "jinfayap"
        },
        "content": "                System.out.println((i+1) + \".\" + tasks[i].getStatusIcon() + tasks[i].getDescription());"
      },
      {
        "lineNumber": 90,
        "author": {
          "gitId": "-"
        },
        "content": "            }"
      },
      {
        "lineNumber": 91,
        "author": {
          "gitId": "jinfayap"
        },
        "content": "        } else {"
      },
      {
        "lineNumber": 92,
        "author": {
          "gitId": "jinfayap"
        },
        "content": "            System.out.println(COMMAND_LIST_EMPTY);"
      },
      {
        "lineNumber": 93,
        "author": {
          "gitId": "jinfayap"
        },
        "content": "        }"
      },
      {
        "lineNumber": 94,
        "author": {
          "gitId": "jinfayap"
        },
        "content": "        System.out.println(DIVIDER);"
      },
      {
        "lineNumber": 95,
        "author": {
          "gitId": "jinfayap"
        },
        "content": "    }"
      },
      {
        "lineNumber": 96,
        "author": {
          "gitId": "jinfayap"
        },
        "content": ""
      },
      {
        "lineNumber": 97,
        "author": {
          "gitId": "-"
        },
        "content": "}"
      }
    ],
    "authorContributionMap": {
      "jinfayap": 88,
      "-": 9
    }
  },
  {
    "path": "src/main/java/Task.java",
    "fileType": "java",
    "lines": [
      {
        "lineNumber": 1,
        "author": {
          "gitId": "jinfayap"
        },
        "content": "public class Task {"
      },
      {
        "lineNumber": 2,
        "author": {
          "gitId": "jinfayap"
        },
        "content": "    protected String description;"
      },
      {
        "lineNumber": 3,
        "author": {
          "gitId": "jinfayap"
        },
        "content": "    protected boolean isDone;"
      },
      {
        "lineNumber": 4,
        "author": {
          "gitId": "jinfayap"
        },
        "content": "    private static int taskCount \u003d 0;"
      },
      {
        "lineNumber": 5,
        "author": {
          "gitId": "jinfayap"
        },
        "content": ""
      },
      {
        "lineNumber": 6,
        "author": {
          "gitId": "jinfayap"
        },
        "content": "    public Task(String description) {"
      },
      {
        "lineNumber": 7,
        "author": {
          "gitId": "jinfayap"
        },
        "content": "        this.description \u003d description;"
      },
      {
        "lineNumber": 8,
        "author": {
          "gitId": "jinfayap"
        },
        "content": "        this.isDone \u003d false;"
      },
      {
        "lineNumber": 9,
        "author": {
          "gitId": "jinfayap"
        },
        "content": "        taskCount +\u003d 1;"
      },
      {
        "lineNumber": 10,
        "author": {
          "gitId": "jinfayap"
        },
        "content": "    }"
      },
      {
        "lineNumber": 11,
        "author": {
          "gitId": "jinfayap"
        },
        "content": ""
      },
      {
        "lineNumber": 12,
        "author": {
          "gitId": "jinfayap"
        },
        "content": "    public String getStatusIcon() {"
      },
      {
        "lineNumber": 13,
        "author": {
          "gitId": "jinfayap"
        },
        "content": "        return (isDone ? \"[\\u2713] \" : \"[\\u2718] \"); //return tick or X symbols"
      },
      {
        "lineNumber": 14,
        "author": {
          "gitId": "jinfayap"
        },
        "content": "    }"
      },
      {
        "lineNumber": 15,
        "author": {
          "gitId": "jinfayap"
        },
        "content": ""
      },
      {
        "lineNumber": 16,
        "author": {
          "gitId": "jinfayap"
        },
        "content": "    public String getDescription() {"
      },
      {
        "lineNumber": 17,
        "author": {
          "gitId": "jinfayap"
        },
        "content": "        return description;"
      },
      {
        "lineNumber": 18,
        "author": {
          "gitId": "jinfayap"
        },
        "content": "    }"
      },
      {
        "lineNumber": 19,
        "author": {
          "gitId": "jinfayap"
        },
        "content": ""
      },
      {
        "lineNumber": 20,
        "author": {
          "gitId": "jinfayap"
        },
        "content": "    public void markAsDone() {"
      },
      {
        "lineNumber": 21,
        "author": {
          "gitId": "jinfayap"
        },
        "content": "        this.isDone \u003d true;"
      },
      {
        "lineNumber": 22,
        "author": {
          "gitId": "jinfayap"
        },
        "content": "    }"
      },
      {
        "lineNumber": 23,
        "author": {
          "gitId": "jinfayap"
        },
        "content": ""
      },
      {
        "lineNumber": 24,
        "author": {
          "gitId": "jinfayap"
        },
        "content": "    public static int getTaskCount() {"
      },
      {
        "lineNumber": 25,
        "author": {
          "gitId": "jinfayap"
        },
        "content": "        return taskCount;"
      },
      {
        "lineNumber": 26,
        "author": {
          "gitId": "jinfayap"
        },
        "content": "    }"
      },
      {
        "lineNumber": 27,
        "author": {
          "gitId": "jinfayap"
        },
        "content": "}"
      }
    ],
    "authorContributionMap": {
      "jinfayap": 27
    }
  }
]
