{
  "authorDailyContributionsMap": {
    "jinfayap": [
      {
        "insertions": 80,
        "deletions": 12,
        "date": "2020-01-23",
        "commitResults": [
          {
            "hash": "d4b738d999a8ebfe9b43eb36aa11eccbbaca262b",
            "messageTitle": "Add Level 0. Greet",
            "messageBody": "",
            "tags": [
              "Level-0"
            ],
            "insertions": 7,
            "deletions": 0
          },
          {
            "hash": "bce24efa31ef7a1ef02d99c0e6a97d301a4cf714",
            "messageTitle": "Add Level 1. Greet, Echo, Exit",
            "messageBody": "",
            "tags": [
              "Level-1"
            ],
            "insertions": 20,
            "deletions": 2
          },
          {
            "hash": "3bbc2ad5403d81b99101494711a1bec7e4d5a950",
            "messageTitle": "Add Level 2. Add, List",
            "messageBody": "",
            "tags": [
              "Level-2"
            ],
            "insertions": 10,
            "deletions": 1
          },
          {
            "hash": "559b59815a33b2cb0b9a30ec938d9553db8a66bb",
            "messageTitle": "Add Level 3. Mark as Done",
            "messageBody": "",
            "insertions": 9,
            "deletions": 1
          },
          {
            "hash": "aeeaea0e5f8b344ac9d82714ee1d16cdab2922dc",
            "messageTitle": "Add Extension: Task-Classes",
            "messageBody": "",
            "insertions": 7,
            "deletions": 8
          },
          {
            "hash": "5c010ef991d265fb4f3a7bbccc93e060b57444ea",
            "messageTitle": "Add Task-Classes",
            "messageBody": "",
            "tags": [
              "A-Classes"
            ],
            "insertions": 27,
            "deletions": 0
          }
        ]
      },
      {
        "insertions": 86,
        "deletions": 40,
        "date": "2020-01-31",
        "commitResults": [
          {
            "hash": "020b52adba8258b86ceb9a3eacdb3a7baa2a87b7",
            "messageTitle": "Extract Methods and Replace Magic Literal",
            "messageBody": "",
            "tags": [
              "Level-3",
              "A-CodingStandard"
            ],
            "insertions": 86,
            "deletions": 40
          }
        ]
      },
      {
        "insertions": 317,
        "deletions": 57,
        "date": "2020-02-01",
        "commitResults": [
          {
            "hash": "4c1a7f8d08e9c8dc049e4caab3d7ef0b05b4638c",
            "messageTitle": "Add Level-4",
            "messageBody": "",
            "insertions": 96,
            "deletions": 51
          },
          {
            "hash": "f456f661f3fc24a398b9f3dc16d74027c645fc36",
            "messageTitle": "Add TextUiTesting",
            "messageBody": "",
            "tags": [
              "A-TextUiTesting"
            ],
            "insertions": 154,
            "deletions": 0
          },
          {
            "hash": "25f96f2a182e02e32ef395ad3c68c3876c67a285",
            "messageTitle": "Add Deadline class",
            "messageBody": "",
            "insertions": 20,
            "deletions": 0
          },
          {
            "hash": "a878bfcfef8242ac61124916ab14c179e2254089",
            "messageTitle": "Add Todo Class",
            "messageBody": "",
            "insertions": 14,
            "deletions": 0
          },
          {
            "hash": "34e3d3d52735d8c1cc1c7b63162de3f633c69c20",
            "messageTitle": "Add Event class",
            "messageBody": "",
            "tags": [
              "A-Inheritance"
            ],
            "insertions": 19,
            "deletions": 0
          },
          {
            "hash": "bc17e459d59cdfd6da2cfa6b318bbb31afb43aa1",
            "messageTitle": "Add and Remove Functions",
            "messageBody": "",
            "tags": [
              "Level-4"
            ],
            "insertions": 14,
            "deletions": 6
          }
        ]
      },
      {
        "insertions": 45,
        "deletions": 37,
        "date": "2020-02-08",
        "commitResults": [
          {
            "hash": "f00aca17faf01b463deb386bed5595b1d1efaaeb",
            "messageTitle": "Improve Code Quality",
            "messageBody": "",
            "tags": [
              "A-CodeQuality"
            ],
            "insertions": 45,
            "deletions": 37
          }
        ]
      },
      {
        "insertions": 107,
        "deletions": 31,
        "date": "2020-02-09",
        "commitResults": [
          {
            "hash": "4529e210ce9aa105c7550ead12d31469305667a6",
            "messageTitle": "Add Level-5",
            "messageBody": "",
            "insertions": 71,
            "deletions": 18
          },
          {
            "hash": "f6ab87d40edf8425c6c4899939e747e220a106ce",
            "messageTitle": " Add A-Exceptions",
            "messageBody": "",
            "insertions": 11,
            "deletions": 0
          },
          {
            "hash": "f5667b5492c45e30469ebc0a5143501fd5b680d1",
            "messageTitle": "Remove Dead Code",
            "messageBody": "",
            "insertions": 0,
            "deletions": 2
          },
          {
            "hash": "9ce688b95cacc3e09e0e2c662407617ead960a8d",
            "messageTitle": "Edit File Path",
            "messageBody": "",
            "insertions": 4,
            "deletions": 4
          },
          {
            "hash": "743f51d5eb4419cc3f130662b051f0ed968be21c",
            "messageTitle": "Edit Input and Output",
            "messageBody": "",
            "insertions": 1,
            "deletions": 7
          },
          {
            "hash": "8e92b533a0afdf600e707b164766d4e8de800e22",
            "messageTitle": "Add Packages",
            "messageBody": "",
            "insertions": 20,
            "deletions": 0
          }
        ]
      }
    ]
  },
  "authorFinalContributionMap": {
    "jinfayap": 465
  },
  "authorFileTypeContributionMap": {
    "jinfayap": {
      "java": 317,
      "md": 0,
      "fxml": 0,
      "sh": 34,
      "bat": 21,
      "gradle": 0,
      "txt": 93
    }
  },
  "authorContributionVariance": {
    "jinfayap": 5944.143
  },
  "authorDisplayNameMap": {
    "jinfayap": "CS2113T-M16-2 YAP ..N FA"
  }
}
