{
  "authorDailyContributionsMap": {
    "jinfayap": [
      {
        "insertions": 80,
        "deletions": 12,
        "date": "2020-01-23",
        "commitResults": [
          {
            "hash": "d4b738d999a8ebfe9b43eb36aa11eccbbaca262b",
            "messageTitle": "Add Level 0. Greet",
            "messageBody": "",
            "tags": [
              "Level-0"
            ],
            "insertions": 7,
            "deletions": 0
          },
          {
            "hash": "bce24efa31ef7a1ef02d99c0e6a97d301a4cf714",
            "messageTitle": "Add Level 1. Greet, Echo, Exit",
            "messageBody": "",
            "tags": [
              "Level-1"
            ],
            "insertions": 20,
            "deletions": 2
          },
          {
            "hash": "3bbc2ad5403d81b99101494711a1bec7e4d5a950",
            "messageTitle": "Add Level 2. Add, List",
            "messageBody": "",
            "tags": [
              "Level-2"
            ],
            "insertions": 10,
            "deletions": 1
          },
          {
            "hash": "559b59815a33b2cb0b9a30ec938d9553db8a66bb",
            "messageTitle": "Add Level 3. Mark as Done",
            "messageBody": "",
            "insertions": 9,
            "deletions": 1
          },
          {
            "hash": "aeeaea0e5f8b344ac9d82714ee1d16cdab2922dc",
            "messageTitle": "Add Extension: Task-Classes",
            "messageBody": "",
            "insertions": 7,
            "deletions": 8
          },
          {
            "hash": "5c010ef991d265fb4f3a7bbccc93e060b57444ea",
            "messageTitle": "Add Task-Classes",
            "messageBody": "",
            "tags": [
              "A-Classes"
            ],
            "insertions": 27,
            "deletions": 0
          }
        ]
      },
      {
        "insertions": 86,
        "deletions": 40,
        "date": "2020-01-31",
        "commitResults": [
          {
            "hash": "020b52adba8258b86ceb9a3eacdb3a7baa2a87b7",
            "messageTitle": "Extract Methods and Replace Magic Literal",
            "messageBody": "",
            "tags": [
              "Level-3",
              "A-CodingStandard"
            ],
            "insertions": 86,
            "deletions": 40
          }
        ]
      },
      {
        "insertions": 317,
        "deletions": 57,
        "date": "2020-02-01",
        "commitResults": [
          {
            "hash": "4c1a7f8d08e9c8dc049e4caab3d7ef0b05b4638c",
            "messageTitle": "Add Level-4",
            "messageBody": "",
            "insertions": 96,
            "deletions": 51
          },
          {
            "hash": "f456f661f3fc24a398b9f3dc16d74027c645fc36",
            "messageTitle": "Add TextUiTesting",
            "messageBody": "",
            "tags": [
              "A-TextUiTesting"
            ],
            "insertions": 154,
            "deletions": 0
          },
          {
            "hash": "25f96f2a182e02e32ef395ad3c68c3876c67a285",
            "messageTitle": "Add Deadline class",
            "messageBody": "",
            "insertions": 20,
            "deletions": 0
          },
          {
            "hash": "a878bfcfef8242ac61124916ab14c179e2254089",
            "messageTitle": "Add Todo Class",
            "messageBody": "",
            "insertions": 14,
            "deletions": 0
          },
          {
            "hash": "34e3d3d52735d8c1cc1c7b63162de3f633c69c20",
            "messageTitle": "Add Event class",
            "messageBody": "",
            "tags": [
              "A-Inheritance"
            ],
            "insertions": 19,
            "deletions": 0
          },
          {
            "hash": "bc17e459d59cdfd6da2cfa6b318bbb31afb43aa1",
            "messageTitle": "Add and Remove Functions",
            "messageBody": "",
            "tags": [
              "Level-4"
            ],
            "insertions": 14,
            "deletions": 6
          }
        ]
      },
      {
        "insertions": 45,
        "deletions": 37,
        "date": "2020-02-08",
        "commitResults": [
          {
            "hash": "f00aca17faf01b463deb386bed5595b1d1efaaeb",
            "messageTitle": "Improve Code Quality",
            "messageBody": "",
            "tags": [
              "A-CodeQuality"
            ],
            "insertions": 45,
            "deletions": 37
          }
        ]
      },
      {
        "insertions": 161,
        "deletions": 38,
        "date": "2020-02-09",
        "commitResults": [
          {
            "hash": "4529e210ce9aa105c7550ead12d31469305667a6",
            "messageTitle": "Add Level-5",
            "messageBody": "",
            "insertions": 71,
            "deletions": 18
          },
          {
            "hash": "f6ab87d40edf8425c6c4899939e747e220a106ce",
            "messageTitle": " Add A-Exceptions",
            "messageBody": "",
            "insertions": 11,
            "deletions": 0
          },
          {
            "hash": "f5667b5492c45e30469ebc0a5143501fd5b680d1",
            "messageTitle": "Remove Dead Code",
            "messageBody": "",
            "insertions": 0,
            "deletions": 2
          },
          {
            "hash": "9ce688b95cacc3e09e0e2c662407617ead960a8d",
            "messageTitle": "Edit File Path",
            "messageBody": "",
            "insertions": 4,
            "deletions": 4
          },
          {
            "hash": "743f51d5eb4419cc3f130662b051f0ed968be21c",
            "messageTitle": "Edit Input and Output",
            "messageBody": "",
            "insertions": 1,
            "deletions": 7
          },
          {
            "hash": "8e92b533a0afdf600e707b164766d4e8de800e22",
            "messageTitle": "Add Packages",
            "messageBody": "",
            "insertions": 20,
            "deletions": 0
          },
          {
            "hash": "455d1ae1c2a5e579924fa42b9d6851ea9a8a7d51",
            "messageTitle": "Update Text-ui-test",
            "messageBody": "",
            "insertions": 46,
            "deletions": 1
          },
          {
            "hash": "951b3e908ddfaa63f3249794948a6d9052c8a3cf",
            "messageTitle": "Update Function",
            "messageBody": "",
            "insertions": 4,
            "deletions": 1
          },
          {
            "hash": "1a6a7844f0ea055255131aecb2b933a6fbd463fb",
            "messageTitle": "Update code for text-ui-test",
            "messageBody": "",
            "insertions": 4,
            "deletions": 5
          }
        ]
      },
      {
        "insertions": 200,
        "deletions": 107,
        "date": "2020-02-15",
        "commitResults": [
          {
            "hash": "e6cce4c7f9fe030546f1272829df362d0a0c67cc",
            "messageTitle": "Extract print methods from Duke",
            "messageBody": "",
            "insertions": 91,
            "deletions": 0
          },
          {
            "hash": "6a8a45bb74511a34d0f85aba8aee122ac3359531",
            "messageTitle": "Update text-ui-test code",
            "messageBody": "",
            "insertions": 7,
            "deletions": 2
          },
          {
            "hash": "bf73bfa249a279f88fbd327a398a143bd6002c1d",
            "messageTitle": "Format line spacing",
            "messageBody": "",
            "insertions": 1,
            "deletions": 1
          },
          {
            "hash": "28140f9b526453585b31cc5498ef114d19ec9ec0",
            "messageTitle": "Extract print methods to PrintMessage",
            "messageBody": "",
            "insertions": 12,
            "deletions": 80
          },
          {
            "hash": "0f19e8ecb1f1d512532f9fa06219668aa57b2748",
            "messageTitle": "Update Text-ui-text with delete keyword",
            "messageBody": "",
            "insertions": 51,
            "deletions": 0
          },
          {
            "hash": "e57cf7c029f389e515382287b9b8b389bcc5d1b5",
            "messageTitle": "Remove dead code, Change to abstract class",
            "messageBody": "",
            "insertions": 1,
            "deletions": 8
          },
          {
            "hash": "54f7f1f7c93f259e396f3ff58c8a205d660a681d",
            "messageTitle": "Add function, displayRemoveMessage",
            "messageBody": "",
            "insertions": 24,
            "deletions": 9
          },
          {
            "hash": "e5c46f21772fc55d97b7b2f6f585a17b1d311ac9",
            "messageTitle": "Add Level-6, Delete",
            "messageBody": "",
            "insertions": 13,
            "deletions": 7
          }
        ]
      },
      {
        "insertions": 396,
        "deletions": 117,
        "date": "2020-02-16",
        "commitResults": [
          {
            "hash": "fe3fd7126a4cce8106d07a86b2397991c3ea65f0",
            "messageTitle": "Add Function and Remove DeadCode",
            "messageBody": "",
            "insertions": 25,
            "deletions": 20
          },
          {
            "hash": "5f42dd581d4b10c92c894088e00a6a8f00f2ec1a",
            "messageTitle": "Add Level-7, Save",
            "messageBody": "",
            "insertions": 136,
            "deletions": 16
          },
          {
            "hash": "8cf62f1fb4bef2918b70a179cad1a25d492b38de",
            "messageTitle": "Move Method, getRelativepath to Storage class",
            "messageBody": "",
            "insertions": 14,
            "deletions": 27
          },
          {
            "hash": "810d46ec32ba9e563a368ed4fe2012d3890191cd",
            "messageTitle": "Remove filePath Parameter from methods",
            "messageBody": "",
            "insertions": 4,
            "deletions": 4
          },
          {
            "hash": "e86c4f1d5768a8d40633f6cf4501951b464a5506",
            "messageTitle": "Fix Save and Load File bug",
            "messageBody": "",
            "insertions": 37,
            "deletions": 23
          },
          {
            "hash": "921914f4b01afdf01df389945e675d27aa1c0b1f",
            "messageTitle": "Add deleteFileContent Method and functionality",
            "messageBody": "",
            "tags": [
              "Level-7"
            ],
            "insertions": 14,
            "deletions": 6
          },
          {
            "hash": "29b58835a0a7bf524c75314b33fc1a4aa49998c0",
            "messageTitle": "Remove Comment",
            "messageBody": "",
            "insertions": 1,
            "deletions": 1
          },
          {
            "hash": "28308e4427528d4d2a7e94883e554bbf271f62f2",
            "messageTitle": "Update Text UI Test",
            "messageBody": "",
            "insertions": 40,
            "deletions": 4
          },
          {
            "hash": "9cc39719ce6ededdd6e738ac999f411262db5732",
            "messageTitle": "Update Text UI Testing",
            "messageBody": "",
            "insertions": 10,
            "deletions": 13
          },
          {
            "hash": "1e199ba5e55d78a3d5469f8284c44c53d75f47e8",
            "messageTitle": "Add help methods and functionality",
            "messageBody": "",
            "insertions": 93,
            "deletions": 2
          },
          {
            "hash": "ef027ee935f5bc9b298754b6e50109997beb8c93",
            "messageTitle": "Update gradle files",
            "messageBody": "",
            "tags": [
              "v.0.1",
              "A-Gradle"
            ],
            "insertions": 22,
            "deletions": 1
          }
        ]
      },
      {
        "insertions": 10,
        "deletions": 9,
        "date": "2020-02-23",
        "commitResults": [
          {
            "hash": "ffaa92856d52ffb2fd380af0d66efe8b62ba0267",
            "messageTitle": "move Storage to storage package",
            "messageBody": "",
            "insertions": 10,
            "deletions": 9
          }
        ]
      },
      {
        "insertions": 825,
        "deletions": 616,
        "date": "2020-02-24",
        "commitResults": [
          {
            "hash": "fddb29b1867102b3ed7af542fbed568534d4cd47",
            "messageTitle": "Remove PrintMessage.java, shift to Parser.java",
            "messageBody": "",
            "insertions": 0,
            "deletions": 210
          },
          {
            "hash": "2abe209e6a3cb6db5bd26a1c8725e58e2990a375",
            "messageTitle": "Update Script file path",
            "messageBody": "",
            "insertions": 2,
            "deletions": 1
          },
          {
            "hash": "54ebb3648d43f96b7d0fd62073d5915ca314aa9e",
            "messageTitle": "Extract OOP v0.1",
            "messageBody": "",
            "insertions": 373,
            "deletions": 133
          },
          {
            "hash": "690ec1b9024698aa337dd334548c72c9c7822c98",
            "messageTitle": "Split into OOP Commands",
            "messageBody": "",
            "insertions": 414,
            "deletions": 260
          },
          {
            "hash": "81ee04acc0aaa65df1e5ae67d70b3b608c4cad9f",
            "messageTitle": "Update on Text-Ui-Testing",
            "messageBody": "",
            "insertions": 5,
            "deletions": 7
          },
          {
            "hash": "179c5d41372ea66b52487a994b95664ae7c34cf6",
            "messageTitle": "Refine Alignment",
            "messageBody": "",
            "insertions": 5,
            "deletions": 1
          },
          {
            "hash": "9c24425affe09e0ae741481cabee2be27d2ea069",
            "messageTitle": "Add common ExceptionMessage",
            "messageBody": "",
            "insertions": 13,
            "deletions": 0
          },
          {
            "hash": "a0b321c3bffa0cea43de3f18ff6b49f388ec032f",
            "messageTitle": "Edit Duke for Command OOP",
            "messageBody": "",
            "tags": [
              "A-MoreOOP"
            ],
            "insertions": 13,
            "deletions": 4
          }
        ]
      }
    ]
  },
  "authorFinalContributionMap": {
    "jinfayap": 1094
  },
  "authorFileTypeContributionMap": {
    "jinfayap": {
      "java": 791,
      "md": 0,
      "fxml": 0,
      "sh": 34,
      "bat": 22,
      "gradle": 22,
      "txt": 225
    }
  },
  "authorContributionVariance": {
    "jinfayap": 56130.36
  },
  "authorDisplayNameMap": {
    "jinfayap": "CS2113T-M16-2 YAP ..N FA"
  }
}
