[
  {
    "path": "src/main/java/Deadlines.java",
    "fileType": "java",
    "lines": [
      {
        "lineNumber": 1,
        "author": {
          "gitId": "lwxymere"
        },
        "content": "public class Deadlines extends Task {"
      },
      {
        "lineNumber": 2,
        "author": {
          "gitId": "lwxymere"
        },
        "content": "    protected String by;"
      },
      {
        "lineNumber": 3,
        "author": {
          "gitId": "lwxymere"
        },
        "content": ""
      },
      {
        "lineNumber": 4,
        "author": {
          "gitId": "lwxymere"
        },
        "content": "    Deadlines(String description, String by) {"
      },
      {
        "lineNumber": 5,
        "author": {
          "gitId": "lwxymere"
        },
        "content": "        super(description);"
      },
      {
        "lineNumber": 6,
        "author": {
          "gitId": "lwxymere"
        },
        "content": "        this.by \u003d by;"
      },
      {
        "lineNumber": 7,
        "author": {
          "gitId": "lwxymere"
        },
        "content": "    }"
      },
      {
        "lineNumber": 8,
        "author": {
          "gitId": "lwxymere"
        },
        "content": ""
      },
      {
        "lineNumber": 9,
        "author": {
          "gitId": "lwxymere"
        },
        "content": "    @Override"
      },
      {
        "lineNumber": 10,
        "author": {
          "gitId": "lwxymere"
        },
        "content": "    public String toString() {"
      },
      {
        "lineNumber": 11,
        "author": {
          "gitId": "lwxymere"
        },
        "content": "        return \"[D]\" + super.toString() + \" (by: \" + by + \")\";"
      },
      {
        "lineNumber": 12,
        "author": {
          "gitId": "lwxymere"
        },
        "content": "    }"
      },
      {
        "lineNumber": 13,
        "author": {
          "gitId": "lwxymere"
        },
        "content": "}"
      }
    ],
    "authorContributionMap": {
      "lwxymere": 13
    }
  },
  {
    "path": "src/main/java/Duke.java",
    "fileType": "java",
    "lines": [
      {
        "lineNumber": 1,
        "author": {
          "gitId": "lwxymere"
        },
        "content": "import java.util.Scanner;"
      },
      {
        "lineNumber": 2,
        "author": {
          "gitId": "lwxymere"
        },
        "content": ""
      },
      {
        "lineNumber": 3,
        "author": {
          "gitId": "-"
        },
        "content": "public class Duke {"
      },
      {
        "lineNumber": 4,
        "author": {
          "gitId": "-"
        },
        "content": "    public static void main(String[] args) {"
      },
      {
        "lineNumber": 5,
        "author": {
          "gitId": "lwxymere"
        },
        "content": "        printWelcomeBanner();"
      },
      {
        "lineNumber": 6,
        "author": {
          "gitId": "lwxymere"
        },
        "content": ""
      },
      {
        "lineNumber": 7,
        "author": {
          "gitId": "lwxymere"
        },
        "content": "        Scanner scanner \u003d new Scanner(System.in);"
      },
      {
        "lineNumber": 8,
        "author": {
          "gitId": "lwxymere"
        },
        "content": "        ToDoList list \u003d new ToDoList();"
      },
      {
        "lineNumber": 9,
        "author": {
          "gitId": "lwxymere"
        },
        "content": ""
      },
      {
        "lineNumber": 10,
        "author": {
          "gitId": "lwxymere"
        },
        "content": "        while (true) {"
      },
      {
        "lineNumber": 11,
        "author": {
          "gitId": "lwxymere"
        },
        "content": "            System.out.print(\"\u003e \");"
      },
      {
        "lineNumber": 12,
        "author": {
          "gitId": "lwxymere"
        },
        "content": "            String input \u003d scanner.nextLine();"
      },
      {
        "lineNumber": 13,
        "author": {
          "gitId": "lwxymere"
        },
        "content": "            String inputLC \u003d input.toLowerCase();"
      },
      {
        "lineNumber": 14,
        "author": {
          "gitId": "lwxymere"
        },
        "content": "            if (inputLC.equals(\"bye\")) {"
      },
      {
        "lineNumber": 15,
        "author": {
          "gitId": "lwxymere"
        },
        "content": "                // end duke program"
      },
      {
        "lineNumber": 16,
        "author": {
          "gitId": "lwxymere"
        },
        "content": "                printByeMessage();"
      },
      {
        "lineNumber": 17,
        "author": {
          "gitId": "lwxymere"
        },
        "content": "                break;"
      },
      {
        "lineNumber": 18,
        "author": {
          "gitId": "lwxymere"
        },
        "content": "            } else if (inputLC.equals(\"list\")) {"
      },
      {
        "lineNumber": 19,
        "author": {
          "gitId": "lwxymere"
        },
        "content": "                // list all existing tasks and task statuses"
      },
      {
        "lineNumber": 20,
        "author": {
          "gitId": "lwxymere"
        },
        "content": "                list.viewList();"
      },
      {
        "lineNumber": 21,
        "author": {
          "gitId": "lwxymere"
        },
        "content": "            } else if (inputLC.startsWith(\"done \")){"
      },
      {
        "lineNumber": 22,
        "author": {
          "gitId": "lwxymere"
        },
        "content": "                // mark a task as done"
      },
      {
        "lineNumber": 23,
        "author": {
          "gitId": "lwxymere"
        },
        "content": "                int taskIndex \u003d Character.getNumericValue(input.charAt(5)) - 1;"
      },
      {
        "lineNumber": 24,
        "author": {
          "gitId": "lwxymere"
        },
        "content": "                list.markAsDone(taskIndex);"
      },
      {
        "lineNumber": 25,
        "author": {
          "gitId": "lwxymere"
        },
        "content": "            } else {"
      },
      {
        "lineNumber": 26,
        "author": {
          "gitId": "lwxymere"
        },
        "content": "                // add user input to list"
      },
      {
        "lineNumber": 27,
        "author": {
          "gitId": "lwxymere"
        },
        "content": "                list.addToList(input);"
      },
      {
        "lineNumber": 28,
        "author": {
          "gitId": "lwxymere"
        },
        "content": "            }"
      },
      {
        "lineNumber": 29,
        "author": {
          "gitId": "lwxymere"
        },
        "content": "            printDividerLine();"
      },
      {
        "lineNumber": 30,
        "author": {
          "gitId": "lwxymere"
        },
        "content": "        }"
      },
      {
        "lineNumber": 31,
        "author": {
          "gitId": "lwxymere"
        },
        "content": "    }"
      },
      {
        "lineNumber": 32,
        "author": {
          "gitId": "lwxymere"
        },
        "content": ""
      },
      {
        "lineNumber": 33,
        "author": {
          "gitId": "lwxymere"
        },
        "content": "    private static void printDividerLine() {"
      },
      {
        "lineNumber": 34,
        "author": {
          "gitId": "lwxymere"
        },
        "content": "        System.out.println(\"_________________________________________________\");"
      },
      {
        "lineNumber": 35,
        "author": {
          "gitId": "lwxymere"
        },
        "content": "    }"
      },
      {
        "lineNumber": 36,
        "author": {
          "gitId": "lwxymere"
        },
        "content": ""
      },
      {
        "lineNumber": 37,
        "author": {
          "gitId": "lwxymere"
        },
        "content": "    // am I supposed to declare helper functions this way?"
      },
      {
        "lineNumber": 38,
        "author": {
          "gitId": "lwxymere"
        },
        "content": "    // seems abit dodgy"
      },
      {
        "lineNumber": 39,
        "author": {
          "gitId": "lwxymere"
        },
        "content": "    private static void printWelcomeBanner() {"
      },
      {
        "lineNumber": 40,
        "author": {
          "gitId": "lwxymere"
        },
        "content": "        printDividerLine();"
      },
      {
        "lineNumber": 41,
        "author": {
          "gitId": "-"
        },
        "content": "        String logo \u003d \" ____        _        \\n\""
      },
      {
        "lineNumber": 42,
        "author": {
          "gitId": "-"
        },
        "content": "                + \"|  _ \\\\ _   _| | _____ \\n\""
      },
      {
        "lineNumber": 43,
        "author": {
          "gitId": "-"
        },
        "content": "                + \"| | | | | | | |/ / _ \\\\\\n\""
      },
      {
        "lineNumber": 44,
        "author": {
          "gitId": "-"
        },
        "content": "                + \"| |_| | |_| |   \u003c  __/\\n\""
      },
      {
        "lineNumber": 45,
        "author": {
          "gitId": "-"
        },
        "content": "                + \"|____/ \\\\__,_|_|\\\\_\\\\___|\\n\";"
      },
      {
        "lineNumber": 46,
        "author": {
          "gitId": "lwxymere"
        },
        "content": "        System.out.println(\"This is\\n\" + logo);"
      },
      {
        "lineNumber": 47,
        "author": {
          "gitId": "lwxymere"
        },
        "content": "        System.out.println(\"How can I help you today?\");"
      },
      {
        "lineNumber": 48,
        "author": {
          "gitId": "lwxymere"
        },
        "content": "        printDividerLine();"
      },
      {
        "lineNumber": 49,
        "author": {
          "gitId": "-"
        },
        "content": "    }"
      },
      {
        "lineNumber": 50,
        "author": {
          "gitId": "lwxymere"
        },
        "content": ""
      },
      {
        "lineNumber": 51,
        "author": {
          "gitId": "lwxymere"
        },
        "content": "    private static void printByeMessage() {"
      },
      {
        "lineNumber": 52,
        "author": {
          "gitId": "lwxymere"
        },
        "content": "        System.out.println(\"Goodbye\");"
      },
      {
        "lineNumber": 53,
        "author": {
          "gitId": "lwxymere"
        },
        "content": "        printDividerLine();"
      },
      {
        "lineNumber": 54,
        "author": {
          "gitId": "-"
        },
        "content": "    }"
      },
      {
        "lineNumber": 55,
        "author": {
          "gitId": "-"
        },
        "content": "}"
      }
    ],
    "authorContributionMap": {
      "lwxymere": 45,
      "-": 10
    }
  },
  {
    "path": "src/main/java/Events.java",
    "fileType": "java",
    "lines": [
      {
        "lineNumber": 1,
        "author": {
          "gitId": "lwxymere"
        },
        "content": "public class Events extends Task {"
      },
      {
        "lineNumber": 2,
        "author": {
          "gitId": "lwxymere"
        },
        "content": "    protected String time;"
      },
      {
        "lineNumber": 3,
        "author": {
          "gitId": "lwxymere"
        },
        "content": ""
      },
      {
        "lineNumber": 4,
        "author": {
          "gitId": "lwxymere"
        },
        "content": "    Events(String description, String time) {"
      },
      {
        "lineNumber": 5,
        "author": {
          "gitId": "lwxymere"
        },
        "content": "        super(description);"
      },
      {
        "lineNumber": 6,
        "author": {
          "gitId": "lwxymere"
        },
        "content": "        this.time \u003d time;"
      },
      {
        "lineNumber": 7,
        "author": {
          "gitId": "lwxymere"
        },
        "content": "    }"
      },
      {
        "lineNumber": 8,
        "author": {
          "gitId": "lwxymere"
        },
        "content": ""
      },
      {
        "lineNumber": 9,
        "author": {
          "gitId": "lwxymere"
        },
        "content": "    @Override"
      },
      {
        "lineNumber": 10,
        "author": {
          "gitId": "lwxymere"
        },
        "content": "    public String toString() {"
      },
      {
        "lineNumber": 11,
        "author": {
          "gitId": "lwxymere"
        },
        "content": "        return \"[E]\" + super.toString() + \" (at: \" + time + \")\";"
      },
      {
        "lineNumber": 12,
        "author": {
          "gitId": "lwxymere"
        },
        "content": "    }"
      },
      {
        "lineNumber": 13,
        "author": {
          "gitId": "lwxymere"
        },
        "content": "}"
      }
    ],
    "authorContributionMap": {
      "lwxymere": 13
    }
  },
  {
    "path": "src/main/java/Task.java",
    "fileType": "java",
    "lines": [
      {
        "lineNumber": 1,
        "author": {
          "gitId": "lwxymere"
        },
        "content": "public class Task {"
      },
      {
        "lineNumber": 2,
        "author": {
          "gitId": "lwxymere"
        },
        "content": "    protected String description;"
      },
      {
        "lineNumber": 3,
        "author": {
          "gitId": "lwxymere"
        },
        "content": "    protected boolean isDone;"
      },
      {
        "lineNumber": 4,
        "author": {
          "gitId": "lwxymere"
        },
        "content": ""
      },
      {
        "lineNumber": 5,
        "author": {
          "gitId": "lwxymere"
        },
        "content": "    Task (String description) {"
      },
      {
        "lineNumber": 6,
        "author": {
          "gitId": "lwxymere"
        },
        "content": "        this.description \u003d description;"
      },
      {
        "lineNumber": 7,
        "author": {
          "gitId": "lwxymere"
        },
        "content": "        this.isDone \u003d false;"
      },
      {
        "lineNumber": 8,
        "author": {
          "gitId": "lwxymere"
        },
        "content": "    }"
      },
      {
        "lineNumber": 9,
        "author": {
          "gitId": "lwxymere"
        },
        "content": ""
      },
      {
        "lineNumber": 10,
        "author": {
          "gitId": "lwxymere"
        },
        "content": "    public String getStatusIcon() {"
      },
      {
        "lineNumber": 11,
        "author": {
          "gitId": "lwxymere"
        },
        "content": "        return (isDone ? \"\\u2713\" : \"\\u2718\"); //return tick or X symbols"
      },
      {
        "lineNumber": 12,
        "author": {
          "gitId": "lwxymere"
        },
        "content": "    }"
      },
      {
        "lineNumber": 13,
        "author": {
          "gitId": "lwxymere"
        },
        "content": ""
      },
      {
        "lineNumber": 14,
        "author": {
          "gitId": "lwxymere"
        },
        "content": "    public void markAsDone() {"
      },
      {
        "lineNumber": 15,
        "author": {
          "gitId": "lwxymere"
        },
        "content": "        this.isDone \u003d true;"
      },
      {
        "lineNumber": 16,
        "author": {
          "gitId": "lwxymere"
        },
        "content": "    }"
      },
      {
        "lineNumber": 17,
        "author": {
          "gitId": "lwxymere"
        },
        "content": ""
      },
      {
        "lineNumber": 18,
        "author": {
          "gitId": "lwxymere"
        },
        "content": "    @Override"
      },
      {
        "lineNumber": 19,
        "author": {
          "gitId": "lwxymere"
        },
        "content": "    public String toString() {"
      },
      {
        "lineNumber": 20,
        "author": {
          "gitId": "lwxymere"
        },
        "content": "        return \"[\" + getStatusIcon() + \"] \" + description;"
      },
      {
        "lineNumber": 21,
        "author": {
          "gitId": "lwxymere"
        },
        "content": "    }"
      },
      {
        "lineNumber": 22,
        "author": {
          "gitId": "lwxymere"
        },
        "content": "}"
      }
    ],
    "authorContributionMap": {
      "lwxymere": 22
    }
  },
  {
    "path": "src/main/java/ToDoList.java",
    "fileType": "java",
    "lines": [
      {
        "lineNumber": 1,
        "author": {
          "gitId": "lwxymere"
        },
        "content": "public class ToDoList {"
      },
      {
        "lineNumber": 2,
        "author": {
          "gitId": "lwxymere"
        },
        "content": "    // assume list holds a maximum of 100 tasks"
      },
      {
        "lineNumber": 3,
        "author": {
          "gitId": "lwxymere"
        },
        "content": "    private Task[] list;"
      },
      {
        "lineNumber": 4,
        "author": {
          "gitId": "lwxymere"
        },
        "content": "    private int numTasks;"
      },
      {
        "lineNumber": 5,
        "author": {
          "gitId": "lwxymere"
        },
        "content": ""
      },
      {
        "lineNumber": 6,
        "author": {
          "gitId": "lwxymere"
        },
        "content": "    ToDoList() {"
      },
      {
        "lineNumber": 7,
        "author": {
          "gitId": "lwxymere"
        },
        "content": "        this.list \u003d new Task[100];"
      },
      {
        "lineNumber": 8,
        "author": {
          "gitId": "lwxymere"
        },
        "content": "        this.numTasks \u003d 0;"
      },
      {
        "lineNumber": 9,
        "author": {
          "gitId": "lwxymere"
        },
        "content": "    }"
      },
      {
        "lineNumber": 10,
        "author": {
          "gitId": "lwxymere"
        },
        "content": ""
      },
      {
        "lineNumber": 11,
        "author": {
          "gitId": "lwxymere"
        },
        "content": "    public void addToList(String input) {"
      },
      {
        "lineNumber": 12,
        "author": {
          "gitId": "lwxymere"
        },
        "content": "        // input follows format \u003ctaskType\u003e \u003ctaskName\u003e /\u003cdate\u003e"
      },
      {
        "lineNumber": 13,
        "author": {
          "gitId": "lwxymere"
        },
        "content": "        int spaceIndex \u003d input.indexOf(\" \");"
      },
      {
        "lineNumber": 14,
        "author": {
          "gitId": "lwxymere"
        },
        "content": "        int slashIndex \u003d input.indexOf(\" /\", spaceIndex);"
      },
      {
        "lineNumber": 15,
        "author": {
          "gitId": "lwxymere"
        },
        "content": ""
      },
      {
        "lineNumber": 16,
        "author": {
          "gitId": "lwxymere"
        },
        "content": "        // split input into 3 main parts"
      },
      {
        "lineNumber": 17,
        "author": {
          "gitId": "lwxymere"
        },
        "content": "        String taskName, date \u003d null;"
      },
      {
        "lineNumber": 18,
        "author": {
          "gitId": "lwxymere"
        },
        "content": "        String taskTypeLC \u003d input.substring(0, spaceIndex).trim().toLowerCase();"
      },
      {
        "lineNumber": 19,
        "author": {
          "gitId": "lwxymere"
        },
        "content": "        if (slashIndex !\u003d -1) {"
      },
      {
        "lineNumber": 20,
        "author": {
          "gitId": "lwxymere"
        },
        "content": "            // -1 means that input does not contain a date"
      },
      {
        "lineNumber": 21,
        "author": {
          "gitId": "lwxymere"
        },
        "content": "            taskName \u003d input.substring(spaceIndex + 1, slashIndex).trim();"
      },
      {
        "lineNumber": 22,
        "author": {
          "gitId": "lwxymere"
        },
        "content": "            date \u003d input.substring(slashIndex + 4).trim();"
      },
      {
        "lineNumber": 23,
        "author": {
          "gitId": "lwxymere"
        },
        "content": "        } else {"
      },
      {
        "lineNumber": 24,
        "author": {
          "gitId": "lwxymere"
        },
        "content": "            taskName \u003d input.substring(spaceIndex + 1).trim();"
      },
      {
        "lineNumber": 25,
        "author": {
          "gitId": "lwxymere"
        },
        "content": "        }"
      },
      {
        "lineNumber": 26,
        "author": {
          "gitId": "lwxymere"
        },
        "content": ""
      },
      {
        "lineNumber": 27,
        "author": {
          "gitId": "lwxymere"
        },
        "content": "        Task task;"
      },
      {
        "lineNumber": 28,
        "author": {
          "gitId": "lwxymere"
        },
        "content": "        if (taskTypeLC.equals(\"todo\")) {"
      },
      {
        "lineNumber": 29,
        "author": {
          "gitId": "lwxymere"
        },
        "content": "            task \u003d new ToDos(taskName);"
      },
      {
        "lineNumber": 30,
        "author": {
          "gitId": "lwxymere"
        },
        "content": "        } else if (taskTypeLC.equals(\"deadline\")) {"
      },
      {
        "lineNumber": 31,
        "author": {
          "gitId": "lwxymere"
        },
        "content": "            task \u003d new Deadlines(taskName, date);"
      },
      {
        "lineNumber": 32,
        "author": {
          "gitId": "lwxymere"
        },
        "content": "        } else {"
      },
      {
        "lineNumber": 33,
        "author": {
          "gitId": "lwxymere"
        },
        "content": "            // taskTypeLC \u003d\u003d \"event\""
      },
      {
        "lineNumber": 34,
        "author": {
          "gitId": "lwxymere"
        },
        "content": "            task \u003d new Events(taskName, date);"
      },
      {
        "lineNumber": 35,
        "author": {
          "gitId": "lwxymere"
        },
        "content": "        }"
      },
      {
        "lineNumber": 36,
        "author": {
          "gitId": "lwxymere"
        },
        "content": ""
      },
      {
        "lineNumber": 37,
        "author": {
          "gitId": "lwxymere"
        },
        "content": "        this.list[numTasks] \u003d task;"
      },
      {
        "lineNumber": 38,
        "author": {
          "gitId": "lwxymere"
        },
        "content": "        numTasks++;"
      },
      {
        "lineNumber": 39,
        "author": {
          "gitId": "lwxymere"
        },
        "content": "        System.out.println(\"Task added: \");"
      },
      {
        "lineNumber": 40,
        "author": {
          "gitId": "lwxymere"
        },
        "content": "        System.out.println(\"  \" + task);"
      },
      {
        "lineNumber": 41,
        "author": {
          "gitId": "lwxymere"
        },
        "content": "        System.out.println(\"You have \" + numTasks + \" tasks in the list\");"
      },
      {
        "lineNumber": 42,
        "author": {
          "gitId": "lwxymere"
        },
        "content": "    }"
      },
      {
        "lineNumber": 43,
        "author": {
          "gitId": "lwxymere"
        },
        "content": ""
      },
      {
        "lineNumber": 44,
        "author": {
          "gitId": "lwxymere"
        },
        "content": "    public void viewList() {"
      },
      {
        "lineNumber": 45,
        "author": {
          "gitId": "lwxymere"
        },
        "content": "        if (numTasks \u003d\u003d 0) {"
      },
      {
        "lineNumber": 46,
        "author": {
          "gitId": "lwxymere"
        },
        "content": "            System.out.println(\"Nice, nothing to see here\");"
      },
      {
        "lineNumber": 47,
        "author": {
          "gitId": "lwxymere"
        },
        "content": "        } else {"
      },
      {
        "lineNumber": 48,
        "author": {
          "gitId": "lwxymere"
        },
        "content": "            System.out.println(\"Quite a few tasks you got there\");"
      },
      {
        "lineNumber": 49,
        "author": {
          "gitId": "lwxymere"
        },
        "content": "            for (int i \u003d 0; i \u003c numTasks; ++i) {"
      },
      {
        "lineNumber": 50,
        "author": {
          "gitId": "lwxymere"
        },
        "content": "                System.out.printf(\"%3d. %s\\n\", i + 1, list[i]);"
      },
      {
        "lineNumber": 51,
        "author": {
          "gitId": "lwxymere"
        },
        "content": "            }"
      },
      {
        "lineNumber": 52,
        "author": {
          "gitId": "lwxymere"
        },
        "content": "        }"
      },
      {
        "lineNumber": 53,
        "author": {
          "gitId": "lwxymere"
        },
        "content": "    }"
      },
      {
        "lineNumber": 54,
        "author": {
          "gitId": "lwxymere"
        },
        "content": ""
      },
      {
        "lineNumber": 55,
        "author": {
          "gitId": "lwxymere"
        },
        "content": "    public void markAsDone(int index) {"
      },
      {
        "lineNumber": 56,
        "author": {
          "gitId": "lwxymere"
        },
        "content": "        list[index].markAsDone();"
      },
      {
        "lineNumber": 57,
        "author": {
          "gitId": "lwxymere"
        },
        "content": "        System.out.println(\"Well, that\u0027s one task down\");"
      },
      {
        "lineNumber": 58,
        "author": {
          "gitId": "lwxymere"
        },
        "content": "        System.out.printf(\"   [%s] %s\\n\", list[index].getStatusIcon(), list[index].description);"
      },
      {
        "lineNumber": 59,
        "author": {
          "gitId": "lwxymere"
        },
        "content": "    }"
      },
      {
        "lineNumber": 60,
        "author": {
          "gitId": "lwxymere"
        },
        "content": "}"
      }
    ],
    "authorContributionMap": {
      "lwxymere": 60
    }
  },
  {
    "path": "src/main/java/ToDos.java",
    "fileType": "java",
    "lines": [
      {
        "lineNumber": 1,
        "author": {
          "gitId": "lwxymere"
        },
        "content": "public class ToDos extends Task {"
      },
      {
        "lineNumber": 2,
        "author": {
          "gitId": "lwxymere"
        },
        "content": "    ToDos(String description) {"
      },
      {
        "lineNumber": 3,
        "author": {
          "gitId": "lwxymere"
        },
        "content": "        super(description);"
      },
      {
        "lineNumber": 4,
        "author": {
          "gitId": "lwxymere"
        },
        "content": "    }"
      },
      {
        "lineNumber": 5,
        "author": {
          "gitId": "lwxymere"
        },
        "content": ""
      },
      {
        "lineNumber": 6,
        "author": {
          "gitId": "lwxymere"
        },
        "content": "    @Override"
      },
      {
        "lineNumber": 7,
        "author": {
          "gitId": "lwxymere"
        },
        "content": "    public String toString() {"
      },
      {
        "lineNumber": 8,
        "author": {
          "gitId": "lwxymere"
        },
        "content": "        return \"[T]\" + super.toString();"
      },
      {
        "lineNumber": 9,
        "author": {
          "gitId": "lwxymere"
        },
        "content": "    }"
      },
      {
        "lineNumber": 10,
        "author": {
          "gitId": "lwxymere"
        },
        "content": "}"
      }
    ],
    "authorContributionMap": {
      "lwxymere": 10
    }
  }
]
