{
  "authorDailyContributionsMap": {
    "jichngan": [
      {
        "insertions": 32,
        "deletions": 6,
        "date": "2020-01-19",
        "commitResults": [
          {
            "hash": "a38d1c4d8c7de653073ea14d006c787e1d22c66e",
            "messageTitle": "Add week 1 functionalities. Change name to Bob.",
            "messageBody": "",
            "tags": [
              "Level-1"
            ],
            "insertions": 32,
            "deletions": 6
          }
        ]
      },
      {
        "insertions": 76,
        "deletions": 13,
        "date": "2020-01-26",
        "commitResults": [
          {
            "hash": "39e6e32465aae1f451164451e84365af1c053b7e",
            "messageTitle": "Add functionality to add task to a list. Add functionality to list out the tasks.",
            "messageBody": "",
            "tags": [
              "Level-2"
            ],
            "insertions": 20,
            "deletions": 2
          },
          {
            "hash": "bcb575c3e897f54a1ca3b9c2cb4919f83a569050",
            "messageTitle": "Add Task class to track whether task is done. Functionality need for week-3",
            "messageBody": "",
            "insertions": 26,
            "deletions": 0
          },
          {
            "hash": "133aac0dff28fbb6c3e4459b92c414172ef6279a",
            "messageTitle": "Add functionality to track task to see whether task is done. Track whether task is done using checkmarks.",
            "messageBody": "",
            "tags": [
              "Level-3"
            ],
            "insertions": 30,
            "deletions": 11
          }
        ]
      },
      {
        "insertions": 62,
        "deletions": 16,
        "date": "2020-01-31",
        "commitResults": [
          {
            "hash": "05ed779546d7101a60e92b11d0c4252740e1b5af",
            "messageTitle": "Add override toString() for Task class. Change divider to constant.",
            "messageBody": "",
            "insertions": 25,
            "deletions": 16
          },
          {
            "hash": "3c77b1c137570b261fd5168907b64a4adee711e6",
            "messageTitle": "Add Deadline and Event class extending from Todo class.",
            "messageBody": "",
            "insertions": 37,
            "deletions": 0
          }
        ]
      }
    ]
  },
  "authorFinalContributionMap": {
    "jichngan": 141
  },
  "authorFileTypeContributionMap": {
    "jichngan": {
      "java": 141,
      "md": 0,
      "fxml": 0,
      "sh": 0,
      "bat": 0,
      "gradle": 0,
      "txt": 0
    }
  },
  "authorContributionVariance": {
    "jichngan": 696.69257
  },
  "authorDisplayNameMap": {
    "jichngan": "CS2113T-M16-1 NGAN..HENG"
  }
}
