{
  "authorDailyContributionsMap": {
    "jichngan": [
      {
        "insertions": 32,
        "deletions": 6,
        "date": "2020-01-19",
        "commitResults": [
          {
            "hash": "a38d1c4d8c7de653073ea14d006c787e1d22c66e",
            "messageTitle": "Add week 1 functionalities. Change name to Bob.",
            "messageBody": "",
            "tags": [
              "Level-1"
            ],
            "insertions": 32,
            "deletions": 6
          }
        ]
      },
      {
        "insertions": 76,
        "deletions": 13,
        "date": "2020-01-26",
        "commitResults": [
          {
            "hash": "39e6e32465aae1f451164451e84365af1c053b7e",
            "messageTitle": "Add functionality to add task to a list. Add functionality to list out the tasks.",
            "messageBody": "",
            "tags": [
              "Level-2"
            ],
            "insertions": 20,
            "deletions": 2
          },
          {
            "hash": "bcb575c3e897f54a1ca3b9c2cb4919f83a569050",
            "messageTitle": "Add Task class to track whether task is done. Functionality need for week-3",
            "messageBody": "",
            "insertions": 26,
            "deletions": 0
          },
          {
            "hash": "133aac0dff28fbb6c3e4459b92c414172ef6279a",
            "messageTitle": "Add functionality to track task to see whether task is done. Track whether task is done using checkmarks.",
            "messageBody": "",
            "tags": [
              "Level-3",
              "A-CodingStandard"
            ],
            "insertions": 30,
            "deletions": 11
          }
        ]
      },
      {
        "insertions": 62,
        "deletions": 16,
        "date": "2020-01-31",
        "commitResults": [
          {
            "hash": "05ed779546d7101a60e92b11d0c4252740e1b5af",
            "messageTitle": "Add override toString() for Task class. Change divider to constant.",
            "messageBody": "",
            "insertions": 25,
            "deletions": 16
          },
          {
            "hash": "3c77b1c137570b261fd5168907b64a4adee711e6",
            "messageTitle": "Add Deadline and Event class extending from Todo class.",
            "messageBody": "",
            "insertions": 37,
            "deletions": 0
          }
        ]
      },
      {
        "insertions": 56,
        "deletions": 8,
        "date": "2020-02-01",
        "commitResults": [
          {
            "hash": "015225bbe01ae1b3cd4f8c8f21caee26c7b2901d",
            "messageTitle": "Add input validation method that checks for Todo, Deadline and Event. Bug of null when `list` command given detected.",
            "messageBody": "",
            "insertions": 56,
            "deletions": 8
          }
        ]
      },
      {
        "insertions": 58,
        "deletions": 37,
        "date": "2020-02-02",
        "commitResults": [
          {
            "hash": "3c52d4c4a1dd6fbe3c6bc42bd87db8ac567cfd88",
            "messageTitle": "Fix list bug. Week 4 functionalities added.",
            "messageBody": "",
            "insertions": 57,
            "deletions": 36
          },
          {
            "hash": "f3a71ae331003f462b517cbae06e6b519ce2784d",
            "messageTitle": "Update coding standard.",
            "messageBody": "",
            "tags": [
              "Level-4",
              "A-CodeQuality"
            ],
            "insertions": 1,
            "deletions": 1
          }
        ]
      },
      {
        "insertions": 150,
        "deletions": 43,
        "date": "2020-02-08",
        "commitResults": [
          {
            "hash": "d498108dd979e69cf497aeacc93e9415b924f924",
            "messageTitle": "Add version 1 of input validation.",
            "messageBody": "",
            "insertions": 62,
            "deletions": 1
          },
          {
            "hash": "b2f52c25a6776db921e1b59dcd18abd83c0e5a4c",
            "messageTitle": "Add exception for ToDo, Event and Deadline",
            "messageBody": "",
            "insertions": 88,
            "deletions": 42
          }
        ]
      },
      {
        "insertions": 220,
        "deletions": 128,
        "date": "2020-02-09",
        "commitResults": [
          {
            "hash": "928c5d016a6ac45b8a009d17f4b7c390cf588cf9",
            "messageTitle": "Add minimal level-5 changes. Add exception for unknown input.",
            "messageBody": "",
            "insertions": 34,
            "deletions": 45
          },
          {
            "hash": "fc4c58b145e333a192f80c1a01fad69ac431dda5",
            "messageTitle": "Add new exceptions.",
            "messageBody": "",
            "insertions": 85,
            "deletions": 27
          },
          {
            "hash": "336c6ad018adf6c117a301a6406a20e937689a10",
            "messageTitle": "Place files into packages",
            "messageBody": "",
            "insertions": 33,
            "deletions": 3
          },
          {
            "hash": "a4b95929172084cca0782ccf15b8f95cb53c83b0",
            "messageTitle": "Add new ListEmptyException. Refractor code to include constants.",
            "messageBody": "",
            "insertions": 68,
            "deletions": 53
          }
        ]
      },
      {
        "insertions": 240,
        "deletions": 82,
        "date": "2020-02-15",
        "commitResults": [
          {
            "hash": "909c7ae5ef7b0467eb2540cb7552add7a4b6475c",
            "messageTitle": "Add delete functionality. Use ArrayList instead of normal array.",
            "messageBody": "",
            "insertions": 52,
            "deletions": 41
          },
          {
            "hash": "0ea8a8664385a5ec5c622c6b3a8d3533879a03cc",
            "messageTitle": "Use ArrayList instead of array.",
            "messageBody": "",
            "insertions": 24,
            "deletions": 35
          },
          {
            "hash": "3574135532d40c4c074e4bb61089e5fe292bda75",
            "messageTitle": "Add functionality to store and load from file.",
            "messageBody": "",
            "insertions": 164,
            "deletions": 6
          }
        ]
      },
      {
        "insertions": 1,
        "deletions": 0,
        "date": "2020-02-16",
        "commitResults": [
          {
            "hash": "43e07600519058a5784ce0d4e52acc29393085e9",
            "messageTitle": "Change Gitignore to include txt files",
            "messageBody": "",
            "tags": [
              "v1.0",
              "Level-7",
              "Level-6",
              "A-Jar"
            ],
            "insertions": 1,
            "deletions": 0
          }
        ]
      },
      {
        "insertions": 85,
        "deletions": 96,
        "date": "2020-02-19",
        "commitResults": [
          {
            "hash": "6bf9a3cecb9a14f50791f5bf7622e6120b4ced94",
            "messageTitle": "Change storage file format. Refractor storage code.",
            "messageBody": "",
            "insertions": 14,
            "deletions": 73
          },
          {
            "hash": "74b4b841c2b1e98643e5e49282590e8f903c2033",
            "messageTitle": "Add Ui class for handling user inputs.",
            "messageBody": "",
            "insertions": 71,
            "deletions": 23
          }
        ]
      }
    ]
  },
  "authorFinalContributionMap": {
    "jichngan": 566
  },
  "authorFileTypeContributionMap": {
    "jichngan": {
      "java": 562,
      "md": 2,
      "fxml": 0,
      "sh": 0,
      "bat": 0,
      "gradle": 0,
      "txt": 2
    }
  },
  "authorContributionVariance": {
    "jichngan": 7134.861
  },
  "authorDisplayNameMap": {
    "jichngan": "CS2113T-M16-1 NGAN..HENG"
  }
}
