[
  {
    "path": "gradlew.bat",
    "fileType": "bat",
    "lines": [
      {
        "lineNumber": 1,
        "author": {
          "gitId": "benchan911"
        },
        "content": "@if \"%DEBUG%\" \u003d\u003d \"\" @echo off"
      },
      {
        "lineNumber": 2,
        "author": {
          "gitId": "benchan911"
        },
        "content": "@rem ##########################################################################"
      },
      {
        "lineNumber": 3,
        "author": {
          "gitId": "benchan911"
        },
        "content": "@rem"
      },
      {
        "lineNumber": 4,
        "author": {
          "gitId": "benchan911"
        },
        "content": "@rem  Gradle startup script for Windows"
      },
      {
        "lineNumber": 5,
        "author": {
          "gitId": "benchan911"
        },
        "content": "@rem"
      },
      {
        "lineNumber": 6,
        "author": {
          "gitId": "benchan911"
        },
        "content": "@rem ##########################################################################"
      },
      {
        "lineNumber": 7,
        "author": {
          "gitId": "benchan911"
        },
        "content": ""
      },
      {
        "lineNumber": 8,
        "author": {
          "gitId": "benchan911"
        },
        "content": "@rem Set local scope for the variables with windows NT shell"
      },
      {
        "lineNumber": 9,
        "author": {
          "gitId": "benchan911"
        },
        "content": "if \"%OS%\"\u003d\u003d\"Windows_NT\" setlocal"
      },
      {
        "lineNumber": 10,
        "author": {
          "gitId": "benchan911"
        },
        "content": ""
      },
      {
        "lineNumber": 11,
        "author": {
          "gitId": "benchan911"
        },
        "content": "set DIRNAME\u003d%~dp0"
      },
      {
        "lineNumber": 12,
        "author": {
          "gitId": "benchan911"
        },
        "content": "if \"%DIRNAME%\" \u003d\u003d \"\" set DIRNAME\u003d."
      },
      {
        "lineNumber": 13,
        "author": {
          "gitId": "benchan911"
        },
        "content": "set APP_BASE_NAME\u003d%~n0"
      },
      {
        "lineNumber": 14,
        "author": {
          "gitId": "benchan911"
        },
        "content": "set APP_HOME\u003d%DIRNAME%"
      },
      {
        "lineNumber": 15,
        "author": {
          "gitId": "benchan911"
        },
        "content": ""
      },
      {
        "lineNumber": 16,
        "author": {
          "gitId": "benchan911"
        },
        "content": "@rem Add default JVM options here. You can also use JAVA_OPTS and GRADLE_OPTS to pass JVM options to this script."
      },
      {
        "lineNumber": 17,
        "author": {
          "gitId": "benchan911"
        },
        "content": "set DEFAULT_JVM_OPTS\u003d\"-Xmx64m\""
      },
      {
        "lineNumber": 18,
        "author": {
          "gitId": "benchan911"
        },
        "content": ""
      },
      {
        "lineNumber": 19,
        "author": {
          "gitId": "benchan911"
        },
        "content": "@rem Find java.exe"
      },
      {
        "lineNumber": 20,
        "author": {
          "gitId": "benchan911"
        },
        "content": "if defined JAVA_HOME goto findJavaFromJavaHome"
      },
      {
        "lineNumber": 21,
        "author": {
          "gitId": "benchan911"
        },
        "content": ""
      },
      {
        "lineNumber": 22,
        "author": {
          "gitId": "benchan911"
        },
        "content": "set JAVA_EXE\u003djava.exe"
      },
      {
        "lineNumber": 23,
        "author": {
          "gitId": "benchan911"
        },
        "content": "%JAVA_EXE% -version \u003eNUL 2\u003e\u00261"
      },
      {
        "lineNumber": 24,
        "author": {
          "gitId": "benchan911"
        },
        "content": "if \"%ERRORLEVEL%\" \u003d\u003d \"0\" goto init"
      },
      {
        "lineNumber": 25,
        "author": {
          "gitId": "benchan911"
        },
        "content": ""
      },
      {
        "lineNumber": 26,
        "author": {
          "gitId": "benchan911"
        },
        "content": "echo."
      },
      {
        "lineNumber": 27,
        "author": {
          "gitId": "benchan911"
        },
        "content": "echo ERROR: JAVA_HOME is not set and no \u0027java\u0027 command could be found in your PATH."
      },
      {
        "lineNumber": 28,
        "author": {
          "gitId": "benchan911"
        },
        "content": "echo."
      },
      {
        "lineNumber": 29,
        "author": {
          "gitId": "benchan911"
        },
        "content": "echo Please set the JAVA_HOME variable in your environment to match the"
      },
      {
        "lineNumber": 30,
        "author": {
          "gitId": "benchan911"
        },
        "content": "echo location of your Java installation."
      },
      {
        "lineNumber": 31,
        "author": {
          "gitId": "benchan911"
        },
        "content": ""
      },
      {
        "lineNumber": 32,
        "author": {
          "gitId": "benchan911"
        },
        "content": "goto fail"
      },
      {
        "lineNumber": 33,
        "author": {
          "gitId": "benchan911"
        },
        "content": ""
      },
      {
        "lineNumber": 34,
        "author": {
          "gitId": "benchan911"
        },
        "content": ":findJavaFromJavaHome"
      },
      {
        "lineNumber": 35,
        "author": {
          "gitId": "benchan911"
        },
        "content": "set JAVA_HOME\u003d%JAVA_HOME:\"\u003d%"
      },
      {
        "lineNumber": 36,
        "author": {
          "gitId": "benchan911"
        },
        "content": "set JAVA_EXE\u003d%JAVA_HOME%/bin/java.exe"
      },
      {
        "lineNumber": 37,
        "author": {
          "gitId": "benchan911"
        },
        "content": ""
      },
      {
        "lineNumber": 38,
        "author": {
          "gitId": "benchan911"
        },
        "content": "if exist \"%JAVA_EXE%\" goto init"
      },
      {
        "lineNumber": 39,
        "author": {
          "gitId": "benchan911"
        },
        "content": ""
      },
      {
        "lineNumber": 40,
        "author": {
          "gitId": "benchan911"
        },
        "content": "echo."
      },
      {
        "lineNumber": 41,
        "author": {
          "gitId": "benchan911"
        },
        "content": "echo ERROR: JAVA_HOME is set to an invalid directory: %JAVA_HOME%"
      },
      {
        "lineNumber": 42,
        "author": {
          "gitId": "benchan911"
        },
        "content": "echo."
      },
      {
        "lineNumber": 43,
        "author": {
          "gitId": "benchan911"
        },
        "content": "echo Please set the JAVA_HOME variable in your environment to match the"
      },
      {
        "lineNumber": 44,
        "author": {
          "gitId": "benchan911"
        },
        "content": "echo location of your Java installation."
      },
      {
        "lineNumber": 45,
        "author": {
          "gitId": "benchan911"
        },
        "content": ""
      },
      {
        "lineNumber": 46,
        "author": {
          "gitId": "benchan911"
        },
        "content": "goto fail"
      },
      {
        "lineNumber": 47,
        "author": {
          "gitId": "benchan911"
        },
        "content": ""
      },
      {
        "lineNumber": 48,
        "author": {
          "gitId": "benchan911"
        },
        "content": ":init"
      },
      {
        "lineNumber": 49,
        "author": {
          "gitId": "benchan911"
        },
        "content": "@rem Get command-line arguments, handling Windows variants"
      },
      {
        "lineNumber": 50,
        "author": {
          "gitId": "benchan911"
        },
        "content": ""
      },
      {
        "lineNumber": 51,
        "author": {
          "gitId": "benchan911"
        },
        "content": "if not \"%OS%\" \u003d\u003d \"Windows_NT\" goto win9xME_args"
      },
      {
        "lineNumber": 52,
        "author": {
          "gitId": "benchan911"
        },
        "content": ""
      },
      {
        "lineNumber": 53,
        "author": {
          "gitId": "benchan911"
        },
        "content": ":win9xME_args"
      },
      {
        "lineNumber": 54,
        "author": {
          "gitId": "benchan911"
        },
        "content": "@rem Slurp the command line arguments."
      },
      {
        "lineNumber": 55,
        "author": {
          "gitId": "benchan911"
        },
        "content": "set CMD_LINE_ARGS\u003d"
      },
      {
        "lineNumber": 56,
        "author": {
          "gitId": "benchan911"
        },
        "content": "set _SKIP\u003d2"
      },
      {
        "lineNumber": 57,
        "author": {
          "gitId": "benchan911"
        },
        "content": ""
      },
      {
        "lineNumber": 58,
        "author": {
          "gitId": "benchan911"
        },
        "content": ":win9xME_args_slurp"
      },
      {
        "lineNumber": 59,
        "author": {
          "gitId": "benchan911"
        },
        "content": "if \"x%~1\" \u003d\u003d \"x\" goto execute"
      },
      {
        "lineNumber": 60,
        "author": {
          "gitId": "benchan911"
        },
        "content": ""
      },
      {
        "lineNumber": 61,
        "author": {
          "gitId": "benchan911"
        },
        "content": "set CMD_LINE_ARGS\u003d%*"
      },
      {
        "lineNumber": 62,
        "author": {
          "gitId": "benchan911"
        },
        "content": ""
      },
      {
        "lineNumber": 63,
        "author": {
          "gitId": "benchan911"
        },
        "content": ":execute"
      },
      {
        "lineNumber": 64,
        "author": {
          "gitId": "benchan911"
        },
        "content": "@rem Setup the command line"
      },
      {
        "lineNumber": 65,
        "author": {
          "gitId": "benchan911"
        },
        "content": ""
      },
      {
        "lineNumber": 66,
        "author": {
          "gitId": "benchan911"
        },
        "content": "set CLASSPATH\u003d%APP_HOME%\\gradle\\wrapper\\gradle-wrapper.jar"
      },
      {
        "lineNumber": 67,
        "author": {
          "gitId": "benchan911"
        },
        "content": ""
      },
      {
        "lineNumber": 68,
        "author": {
          "gitId": "benchan911"
        },
        "content": "@rem Execute Gradle"
      },
      {
        "lineNumber": 69,
        "author": {
          "gitId": "benchan911"
        },
        "content": "\"%JAVA_EXE%\" %DEFAULT_JVM_OPTS% %JAVA_OPTS% %GRADLE_OPTS% \"-Dorg.gradle.appname\u003d%APP_BASE_NAME%\" -classpath \"%CLASSPATH%\" org.gradle.wrapper.GradleWrapperMain %CMD_LINE_ARGS%"
      },
      {
        "lineNumber": 70,
        "author": {
          "gitId": "benchan911"
        },
        "content": ""
      },
      {
        "lineNumber": 71,
        "author": {
          "gitId": "benchan911"
        },
        "content": ":end"
      },
      {
        "lineNumber": 72,
        "author": {
          "gitId": "benchan911"
        },
        "content": "@rem End local scope for the variables with windows NT shell"
      },
      {
        "lineNumber": 73,
        "author": {
          "gitId": "benchan911"
        },
        "content": "if \"%ERRORLEVEL%\"\u003d\u003d\"0\" goto mainEnd"
      },
      {
        "lineNumber": 74,
        "author": {
          "gitId": "benchan911"
        },
        "content": ""
      },
      {
        "lineNumber": 75,
        "author": {
          "gitId": "benchan911"
        },
        "content": ":fail"
      },
      {
        "lineNumber": 76,
        "author": {
          "gitId": "benchan911"
        },
        "content": "rem Set variable GRADLE_EXIT_CONSOLE if you need the _script_ return code instead of"
      },
      {
        "lineNumber": 77,
        "author": {
          "gitId": "benchan911"
        },
        "content": "rem the _cmd.exe /c_ return code!"
      },
      {
        "lineNumber": 78,
        "author": {
          "gitId": "benchan911"
        },
        "content": "if  not \"\" \u003d\u003d \"%GRADLE_EXIT_CONSOLE%\" exit 1"
      },
      {
        "lineNumber": 79,
        "author": {
          "gitId": "benchan911"
        },
        "content": "exit /b 1"
      },
      {
        "lineNumber": 80,
        "author": {
          "gitId": "benchan911"
        },
        "content": ""
      },
      {
        "lineNumber": 81,
        "author": {
          "gitId": "benchan911"
        },
        "content": ":mainEnd"
      },
      {
        "lineNumber": 82,
        "author": {
          "gitId": "benchan911"
        },
        "content": "if \"%OS%\"\u003d\u003d\"Windows_NT\" endlocal"
      },
      {
        "lineNumber": 83,
        "author": {
          "gitId": "benchan911"
        },
        "content": ""
      },
      {
        "lineNumber": 84,
        "author": {
          "gitId": "benchan911"
        },
        "content": ":omega"
      }
    ],
    "authorContributionMap": {
      "benchan911": 84
    }
  },
  {
    "path": "src/main/java/Duke.java",
    "fileType": "java",
    "lines": [
      {
        "lineNumber": 1,
        "author": {
          "gitId": "benchan911"
        },
        "content": "import java.util.Scanner;"
      },
      {
        "lineNumber": 2,
        "author": {
          "gitId": "benchan911"
        },
        "content": "import java.util.Arrays;"
      },
      {
        "lineNumber": 3,
        "author": {
          "gitId": "benchan911"
        },
        "content": ""
      },
      {
        "lineNumber": 4,
        "author": {
          "gitId": "-"
        },
        "content": "public class Duke {"
      },
      {
        "lineNumber": 5,
        "author": {
          "gitId": "benchan911"
        },
        "content": "    // Libary of common words"
      },
      {
        "lineNumber": 6,
        "author": {
          "gitId": "benchan911"
        },
        "content": "    private static Scanner sc \u003d new Scanner(System.in);"
      },
      {
        "lineNumber": 7,
        "author": {
          "gitId": "benchan911"
        },
        "content": "    private static final String BOT_NAME \u003d \"E.D.I.T.H.\";"
      },
      {
        "lineNumber": 8,
        "author": {
          "gitId": "benchan911"
        },
        "content": "    private static final String BOT_LOGO \u003d \"\\n\""
      },
      {
        "lineNumber": 9,
        "author": {
          "gitId": "benchan911"
        },
        "content": "            + \" _______         ______           _________        __________          __     __                \\n\""
      },
      {
        "lineNumber": 10,
        "author": {
          "gitId": "benchan911"
        },
        "content": "            + \"|   ____|       |    _  |         |__    __|      |___    ___|        |  |   |  |               \\n\""
      },
      {
        "lineNumber": 11,
        "author": {
          "gitId": "benchan911"
        },
        "content": "            + \"|   |___        |   | |  |           |  |             |  |            |  |___|  |               \\n\""
      },
      {
        "lineNumber": 12,
        "author": {
          "gitId": "benchan911"
        },
        "content": "            + \"|    ___|       |   | |  |           |  |             |  |            |   ___   |               \\n\""
      },
      {
        "lineNumber": 13,
        "author": {
          "gitId": "benchan911"
        },
        "content": "            + \"|   |___    _   |   |_|  |   _     __|  |__     _     |  |       _    |  |   |  |    _          \\n\""
      },
      {
        "lineNumber": 14,
        "author": {
          "gitId": "benchan911"
        },
        "content": "            + \"|_______|  |_|  |_______/   |_|   |________|   |_|    |__|      |_|   |__|   |__|   |_|         \\n\";"
      },
      {
        "lineNumber": 15,
        "author": {
          "gitId": "benchan911"
        },
        "content": ""
      },
      {
        "lineNumber": 16,
        "author": {
          "gitId": "benchan911"
        },
        "content": "    private static final String USERNAME \u003d \"USER\";"
      },
      {
        "lineNumber": 17,
        "author": {
          "gitId": "benchan911"
        },
        "content": "    private static final String MESSAGE_WELCOME \u003d \"\\n\\tHello! I\u0027m \" + BOT_NAME + \"\\n\\tWhat can I do for you?\";"
      },
      {
        "lineNumber": 18,
        "author": {
          "gitId": "benchan911"
        },
        "content": "    private static final String MESSAGE_EXIT \u003d \"Bye. Hope to see you again soon!\\n\";"
      },
      {
        "lineNumber": 19,
        "author": {
          "gitId": "benchan911"
        },
        "content": "    private static final String LINE_DIVIDER \u003d \"\\n\\t____________________________________________________________\";"
      },
      {
        "lineNumber": 20,
        "author": {
          "gitId": "benchan911"
        },
        "content": "    private static final String MESSAGE_INVALID_COMMAND \u003d \"\\tInvalid Command. Please try again\\n\";"
      },
      {
        "lineNumber": 21,
        "author": {
          "gitId": "benchan911"
        },
        "content": "    private static final String COMMAND_ADD_WORD \u003d \"ADD\";"
      },
      {
        "lineNumber": 22,
        "author": {
          "gitId": "benchan911"
        },
        "content": "    private static final String COMMAND_ADD_DESC \u003d \"Adds an item to the todo list\";"
      },
      {
        "lineNumber": 23,
        "author": {
          "gitId": "benchan911"
        },
        "content": "    private static final String COMMAND_HELP_WORD \u003d \"HELP\";"
      },
      {
        "lineNumber": 24,
        "author": {
          "gitId": "benchan911"
        },
        "content": "    private static final String COMMAND_HELP_DESC \u003d \"Here\u0027s the help list\\n1. Add\\n2. List\\n3. Mark\";"
      },
      {
        "lineNumber": 25,
        "author": {
          "gitId": "benchan911"
        },
        "content": "    public static final String COMMAND_LIST_WORD \u003d \"LIST\";"
      },
      {
        "lineNumber": 26,
        "author": {
          "gitId": "benchan911"
        },
        "content": "    public static final String COMMAND_MARK_WORD \u003d \"MARK\";"
      },
      {
        "lineNumber": 27,
        "author": {
          "gitId": "benchan911"
        },
        "content": "    public static final String COMMAND_DEADLINE_WORD \u003d \"DEADLINE\";"
      },
      {
        "lineNumber": 28,
        "author": {
          "gitId": "benchan911"
        },
        "content": "    public static final String COMMAND_EXIT_WORD \u003d \"EXIT\";"
      },
      {
        "lineNumber": 29,
        "author": {
          "gitId": "benchan911"
        },
        "content": "    public static final String COMMAND_BYE_WORD \u003d \"BYE\";"
      },
      {
        "lineNumber": 30,
        "author": {
          "gitId": "benchan911"
        },
        "content": "    public static final String COMMAND_EVENT_WORD \u003d \"EVENT\";"
      },
      {
        "lineNumber": 31,
        "author": {
          "gitId": "benchan911"
        },
        "content": "    public static final String COMMAND_DONE_WORD \u003d \"DONE\";"
      },
      {
        "lineNumber": 32,
        "author": {
          "gitId": "benchan911"
        },
        "content": "    public static final String COMMAND_TODO_WORD \u003d \"TODO\";"
      },
      {
        "lineNumber": 33,
        "author": {
          "gitId": "benchan911"
        },
        "content": ""
      },
      {
        "lineNumber": 34,
        "author": {
          "gitId": "benchan911"
        },
        "content": "    public static final void displayWelcomeMessage() {System.out.println(\"\\n\" + LINE_DIVIDER + MESSAGE_WELCOME + LINE_DIVIDER + BOT_LOGO + LINE_DIVIDER); }"
      },
      {
        "lineNumber": 35,
        "author": {
          "gitId": "benchan911"
        },
        "content": "    public static final void displayAcceptTask() { System.out.println(\"\\tGot it. I\u0027ve added this task: \"); }"
      },
      {
        "lineNumber": 36,
        "author": {
          "gitId": "benchan911"
        },
        "content": "    public static final void displayInvalidCommand() { System.out.println(MESSAGE_INVALID_COMMAND); }"
      },
      {
        "lineNumber": 37,
        "author": {
          "gitId": "benchan911"
        },
        "content": "    public static final void displayExitMessage() {"
      },
      {
        "lineNumber": 38,
        "author": {
          "gitId": "benchan911"
        },
        "content": "        System.out.println(MESSAGE_EXIT);"
      },
      {
        "lineNumber": 39,
        "author": {
          "gitId": "benchan911"
        },
        "content": "    }"
      },
      {
        "lineNumber": 40,
        "author": {
          "gitId": "benchan911"
        },
        "content": "    public static final void displayHelpMenu() {"
      },
      {
        "lineNumber": 41,
        "author": {
          "gitId": "benchan911"
        },
        "content": "        System.out.print(COMMAND_HELP_DESC);"
      },
      {
        "lineNumber": 42,
        "author": {
          "gitId": "benchan911"
        },
        "content": "    }"
      },
      {
        "lineNumber": 43,
        "author": {
          "gitId": "benchan911"
        },
        "content": "    public static final void displayLineDivider() {"
      },
      {
        "lineNumber": 44,
        "author": {
          "gitId": "benchan911"
        },
        "content": "        System.out.println(LINE_DIVIDER);"
      },
      {
        "lineNumber": 45,
        "author": {
          "gitId": "benchan911"
        },
        "content": "    }"
      },
      {
        "lineNumber": 46,
        "author": {
          "gitId": "benchan911"
        },
        "content": "    public static final void displayNumberOfTasks(int Tasks) { System.out.print(\"\\tNow you have \" + Tasks + \" tasks in the list.\");  }"
      },
      {
        "lineNumber": 47,
        "author": {
          "gitId": "benchan911"
        },
        "content": "    private static void echoUserCommand(String userCommand) {  System.out.println(\"\\t[Command entered: \" + userCommand + \"]\"); }"
      },
      {
        "lineNumber": 48,
        "author": {
          "gitId": "benchan911"
        },
        "content": "    private static void exitProgram() {"
      },
      {
        "lineNumber": 49,
        "author": {
          "gitId": "benchan911"
        },
        "content": "        displayExitMessage();"
      },
      {
        "lineNumber": 50,
        "author": {
          "gitId": "benchan911"
        },
        "content": "    }"
      },
      {
        "lineNumber": 51,
        "author": {
          "gitId": "benchan911"
        },
        "content": ""
      },
      {
        "lineNumber": 52,
        "author": {
          "gitId": "-"
        },
        "content": "    public static void main(String[] args) {"
      },
      {
        "lineNumber": 53,
        "author": {
          "gitId": "benchan911"
        },
        "content": "        Task task[] \u003d new Task[100];"
      },
      {
        "lineNumber": 54,
        "author": {
          "gitId": "benchan911"
        },
        "content": "        int index \u003d 0;"
      },
      {
        "lineNumber": 55,
        "author": {
          "gitId": "benchan911"
        },
        "content": "        int markIndex;"
      },
      {
        "lineNumber": 56,
        "author": {
          "gitId": "benchan911"
        },
        "content": "        String input;"
      },
      {
        "lineNumber": 57,
        "author": {
          "gitId": "benchan911"
        },
        "content": "        displayWelcomeMessage();"
      },
      {
        "lineNumber": 58,
        "author": {
          "gitId": "benchan911"
        },
        "content": "        String userCommand, description \u003d \"\", commandType;"
      },
      {
        "lineNumber": 59,
        "author": {
          "gitId": "benchan911"
        },
        "content": "        Task item;"
      },
      {
        "lineNumber": 60,
        "author": {
          "gitId": "benchan911"
        },
        "content": "        int dividerPosition;"
      },
      {
        "lineNumber": 61,
        "author": {
          "gitId": "benchan911"
        },
        "content": "        boolean run \u003d true;"
      },
      {
        "lineNumber": 62,
        "author": {
          "gitId": "benchan911"
        },
        "content": "        while (run) {"
      },
      {
        "lineNumber": 63,
        "author": {
          "gitId": "benchan911"
        },
        "content": "            userCommand \u003d sc.nextLine();"
      },
      {
        "lineNumber": 64,
        "author": {
          "gitId": "benchan911"
        },
        "content": "            displayLineDivider();"
      },
      {
        "lineNumber": 65,
        "author": {
          "gitId": "benchan911"
        },
        "content": "            echoUserCommand(userCommand);"
      },
      {
        "lineNumber": 66,
        "author": {
          "gitId": "benchan911"
        },
        "content": "            int startIndexOfInput \u003d userCommand.indexOf(\" \");"
      },
      {
        "lineNumber": 67,
        "author": {
          "gitId": "benchan911"
        },
        "content": "            int startIndexForDeadline \u003d userCommand.indexOf(\"/by\");"
      },
      {
        "lineNumber": 68,
        "author": {
          "gitId": "benchan911"
        },
        "content": "            int startIndexForEvent \u003d userCommand.indexOf(\"/at\");"
      },
      {
        "lineNumber": 69,
        "author": {
          "gitId": "benchan911"
        },
        "content": "            String completedBy;"
      },
      {
        "lineNumber": 70,
        "author": {
          "gitId": "benchan911"
        },
        "content": "            if (startIndexOfInput !\u003d -1) {"
      },
      {
        "lineNumber": 71,
        "author": {
          "gitId": "benchan911"
        },
        "content": "                commandType \u003d userCommand.substring(0, startIndexOfInput).toUpperCase();"
      },
      {
        "lineNumber": 72,
        "author": {
          "gitId": "benchan911"
        },
        "content": "                if (startIndexForEvent !\u003d -1) {"
      },
      {
        "lineNumber": 73,
        "author": {
          "gitId": "benchan911"
        },
        "content": "                    completedBy \u003d userCommand.substring(startIndexOfInput, startIndexForEvent);"
      },
      {
        "lineNumber": 74,
        "author": {
          "gitId": "benchan911"
        },
        "content": "                    description \u003d userCommand.substring(startIndexOfInput + 1, startIndexForEvent);"
      },
      {
        "lineNumber": 75,
        "author": {
          "gitId": "benchan911"
        },
        "content": "                } else if (startIndexForDeadline !\u003d -1) {"
      },
      {
        "lineNumber": 76,
        "author": {
          "gitId": "benchan911"
        },
        "content": "                    completedBy \u003d userCommand.substring(startIndexOfInput, startIndexForDeadline);"
      },
      {
        "lineNumber": 77,
        "author": {
          "gitId": "benchan911"
        },
        "content": "                    description \u003d userCommand.substring(startIndexOfInput + 1, startIndexForDeadline);"
      },
      {
        "lineNumber": 78,
        "author": {
          "gitId": "benchan911"
        },
        "content": "                } else {"
      },
      {
        "lineNumber": 79,
        "author": {
          "gitId": "benchan911"
        },
        "content": "                    description \u003d userCommand.substring(startIndexOfInput + 1);"
      },
      {
        "lineNumber": 80,
        "author": {
          "gitId": "benchan911"
        },
        "content": "                }"
      },
      {
        "lineNumber": 81,
        "author": {
          "gitId": "benchan911"
        },
        "content": "            } else {"
      },
      {
        "lineNumber": 82,
        "author": {
          "gitId": "benchan911"
        },
        "content": "                commandType \u003d userCommand.toUpperCase();"
      },
      {
        "lineNumber": 83,
        "author": {
          "gitId": "benchan911"
        },
        "content": "                description \u003d \"\";"
      },
      {
        "lineNumber": 84,
        "author": {
          "gitId": "benchan911"
        },
        "content": "            }"
      },
      {
        "lineNumber": 85,
        "author": {
          "gitId": "benchan911"
        },
        "content": "            switch (commandType) {"
      },
      {
        "lineNumber": 86,
        "author": {
          "gitId": "benchan911"
        },
        "content": "                case COMMAND_TODO_WORD:"
      },
      {
        "lineNumber": 87,
        "author": {
          "gitId": "benchan911"
        },
        "content": "                    item \u003d new Task(description, \"T\");"
      },
      {
        "lineNumber": 88,
        "author": {
          "gitId": "benchan911"
        },
        "content": "                    task[index] \u003d item;"
      },
      {
        "lineNumber": 89,
        "author": {
          "gitId": "benchan911"
        },
        "content": "                    index++;"
      },
      {
        "lineNumber": 90,
        "author": {
          "gitId": "benchan911"
        },
        "content": "                    displayAcceptTask();"
      },
      {
        "lineNumber": 91,
        "author": {
          "gitId": "benchan911"
        },
        "content": "                    displayNumberOfTasks(index);"
      },
      {
        "lineNumber": 92,
        "author": {
          "gitId": "benchan911"
        },
        "content": "                    break;"
      },
      {
        "lineNumber": 93,
        "author": {
          "gitId": "benchan911"
        },
        "content": "                case COMMAND_EVENT_WORD:"
      },
      {
        "lineNumber": 94,
        "author": {
          "gitId": "benchan911"
        },
        "content": "                    item \u003d new Task(description, \"E\");"
      },
      {
        "lineNumber": 95,
        "author": {
          "gitId": "benchan911"
        },
        "content": "                    task[index] \u003d item;"
      },
      {
        "lineNumber": 96,
        "author": {
          "gitId": "benchan911"
        },
        "content": "                    task[index].setBy(\"at: \" + userCommand.substring(startIndexForEvent + 4));"
      },
      {
        "lineNumber": 97,
        "author": {
          "gitId": "benchan911"
        },
        "content": "                    index++;"
      },
      {
        "lineNumber": 98,
        "author": {
          "gitId": "benchan911"
        },
        "content": "                    displayAcceptTask();"
      },
      {
        "lineNumber": 99,
        "author": {
          "gitId": "benchan911"
        },
        "content": "                    displayNumberOfTasks(index);"
      },
      {
        "lineNumber": 100,
        "author": {
          "gitId": "benchan911"
        },
        "content": "                    break;"
      },
      {
        "lineNumber": 101,
        "author": {
          "gitId": "benchan911"
        },
        "content": "                case COMMAND_DEADLINE_WORD:"
      },
      {
        "lineNumber": 102,
        "author": {
          "gitId": "benchan911"
        },
        "content": "                    item \u003d new Task(description, \"D\");"
      },
      {
        "lineNumber": 103,
        "author": {
          "gitId": "benchan911"
        },
        "content": "                    task[index] \u003d item;"
      },
      {
        "lineNumber": 104,
        "author": {
          "gitId": "benchan911"
        },
        "content": "                    task[index].setBy(\"by: \" + userCommand.substring(startIndexForDeadline + 4));"
      },
      {
        "lineNumber": 105,
        "author": {
          "gitId": "benchan911"
        },
        "content": "                    index++;"
      },
      {
        "lineNumber": 106,
        "author": {
          "gitId": "benchan911"
        },
        "content": "                    displayAcceptTask();"
      },
      {
        "lineNumber": 107,
        "author": {
          "gitId": "benchan911"
        },
        "content": "                    displayNumberOfTasks(index);"
      },
      {
        "lineNumber": 108,
        "author": {
          "gitId": "benchan911"
        },
        "content": "                    break;"
      },
      {
        "lineNumber": 109,
        "author": {
          "gitId": "benchan911"
        },
        "content": "                case COMMAND_MARK_WORD:"
      },
      {
        "lineNumber": 110,
        "author": {
          "gitId": "benchan911"
        },
        "content": "                    markIndex \u003d Integer.parseInt(description);"
      },
      {
        "lineNumber": 111,
        "author": {
          "gitId": "benchan911"
        },
        "content": "                    task[markIndex - 1].markDone();"
      },
      {
        "lineNumber": 112,
        "author": {
          "gitId": "benchan911"
        },
        "content": "                    break;"
      },
      {
        "lineNumber": 113,
        "author": {
          "gitId": "benchan911"
        },
        "content": "                case COMMAND_LIST_WORD:"
      },
      {
        "lineNumber": 114,
        "author": {
          "gitId": "benchan911"
        },
        "content": "                    if (index \u003d\u003d 0) {"
      },
      {
        "lineNumber": 115,
        "author": {
          "gitId": "benchan911"
        },
        "content": "                        System.out.print(\"\\tYour list is empty! Try adding to the list first :)\");"
      },
      {
        "lineNumber": 116,
        "author": {
          "gitId": "benchan911"
        },
        "content": "                    } else {"
      },
      {
        "lineNumber": 117,
        "author": {
          "gitId": "benchan911"
        },
        "content": "                        System.out.print(\"\\tHere are the tasks in your list:\");"
      },
      {
        "lineNumber": 118,
        "author": {
          "gitId": "benchan911"
        },
        "content": "                        for (int i \u003d 0; i \u003c index; i++) {"
      },
      {
        "lineNumber": 119,
        "author": {
          "gitId": "benchan911"
        },
        "content": "                            System.out.print(\"\\n\\t\" + (i + 1) + \". [\" + task[i].getType() + \"]\" + task[i].getStatusIcon() + task[i].getDescription() + task[i].getBy());"
      },
      {
        "lineNumber": 120,
        "author": {
          "gitId": "benchan911"
        },
        "content": "                        }"
      },
      {
        "lineNumber": 121,
        "author": {
          "gitId": "benchan911"
        },
        "content": "                    }"
      },
      {
        "lineNumber": 122,
        "author": {
          "gitId": "benchan911"
        },
        "content": "                    break;"
      },
      {
        "lineNumber": 123,
        "author": {
          "gitId": "benchan911"
        },
        "content": "                case \"CLEAR\":"
      },
      {
        "lineNumber": 124,
        "author": {
          "gitId": "benchan911"
        },
        "content": "                    if (index \u003d\u003d 0) {"
      },
      {
        "lineNumber": 125,
        "author": {
          "gitId": "benchan911"
        },
        "content": "                        System.out.print(\"\\tYour list is already empty!\");"
      },
      {
        "lineNumber": 126,
        "author": {
          "gitId": "benchan911"
        },
        "content": "                    } else {"
      },
      {
        "lineNumber": 127,
        "author": {
          "gitId": "benchan911"
        },
        "content": "                        item \u003d new Task(\"\", \"\");"
      },
      {
        "lineNumber": 128,
        "author": {
          "gitId": "benchan911"
        },
        "content": "                        for (int i \u003d 0; i \u003c index; i++) {"
      },
      {
        "lineNumber": 129,
        "author": {
          "gitId": "benchan911"
        },
        "content": "                            task[i] \u003d item;"
      },
      {
        "lineNumber": 130,
        "author": {
          "gitId": "-"
        },
        "content": "                        }"
      },
      {
        "lineNumber": 131,
        "author": {
          "gitId": "benchan911"
        },
        "content": "                        index \u003d 0;"
      },
      {
        "lineNumber": 132,
        "author": {
          "gitId": "benchan911"
        },
        "content": "                    }"
      },
      {
        "lineNumber": 133,
        "author": {
          "gitId": "benchan911"
        },
        "content": "                    break;"
      },
      {
        "lineNumber": 134,
        "author": {
          "gitId": "benchan911"
        },
        "content": "                case COMMAND_BYE_WORD:"
      },
      {
        "lineNumber": 135,
        "author": {
          "gitId": "benchan911"
        },
        "content": "                case COMMAND_EXIT_WORD:"
      },
      {
        "lineNumber": 136,
        "author": {
          "gitId": "benchan911"
        },
        "content": "                    run \u003d false;"
      },
      {
        "lineNumber": 137,
        "author": {
          "gitId": "benchan911"
        },
        "content": "                    exitProgram();"
      },
      {
        "lineNumber": 138,
        "author": {
          "gitId": "benchan911"
        },
        "content": "                    break;"
      },
      {
        "lineNumber": 139,
        "author": {
          "gitId": "benchan911"
        },
        "content": "                default:"
      },
      {
        "lineNumber": 140,
        "author": {
          "gitId": "benchan911"
        },
        "content": "                    System.out.print(\"\\tINVALID\");"
      },
      {
        "lineNumber": 141,
        "author": {
          "gitId": "benchan911"
        },
        "content": "                    break;"
      },
      {
        "lineNumber": 142,
        "author": {
          "gitId": "benchan911"
        },
        "content": "            }"
      },
      {
        "lineNumber": 143,
        "author": {
          "gitId": "benchan911"
        },
        "content": "            displayLineDivider();"
      },
      {
        "lineNumber": 144,
        "author": {
          "gitId": "benchan911"
        },
        "content": "        }"
      },
      {
        "lineNumber": 145,
        "author": {
          "gitId": "benchan911"
        },
        "content": "    }"
      },
      {
        "lineNumber": 146,
        "author": {
          "gitId": "-"
        },
        "content": "}"
      }
    ],
    "authorContributionMap": {
      "benchan911": 142,
      "-": 4
    }
  },
  {
    "path": "src/main/java/Task.java",
    "fileType": "java",
    "lines": [
      {
        "lineNumber": 1,
        "author": {
          "gitId": "benchan911"
        },
        "content": "public class Task {"
      },
      {
        "lineNumber": 2,
        "author": {
          "gitId": "benchan911"
        },
        "content": ""
      },
      {
        "lineNumber": 3,
        "author": {
          "gitId": "benchan911"
        },
        "content": "    protected boolean isDone;"
      },
      {
        "lineNumber": 4,
        "author": {
          "gitId": "benchan911"
        },
        "content": "    protected String type;"
      },
      {
        "lineNumber": 5,
        "author": {
          "gitId": "benchan911"
        },
        "content": "    protected String description;"
      },
      {
        "lineNumber": 6,
        "author": {
          "gitId": "benchan911"
        },
        "content": "    protected String by;"
      },
      {
        "lineNumber": 7,
        "author": {
          "gitId": "benchan911"
        },
        "content": ""
      },
      {
        "lineNumber": 8,
        "author": {
          "gitId": "benchan911"
        },
        "content": ""
      },
      {
        "lineNumber": 9,
        "author": {
          "gitId": "benchan911"
        },
        "content": "    public Task(String description, String type) {"
      },
      {
        "lineNumber": 10,
        "author": {
          "gitId": "benchan911"
        },
        "content": "        this.description \u003d description;"
      },
      {
        "lineNumber": 11,
        "author": {
          "gitId": "benchan911"
        },
        "content": "        this.type \u003d type;"
      },
      {
        "lineNumber": 12,
        "author": {
          "gitId": "benchan911"
        },
        "content": "        this.isDone \u003d false;"
      },
      {
        "lineNumber": 13,
        "author": {
          "gitId": "benchan911"
        },
        "content": "        this.by \u003d \"\";"
      },
      {
        "lineNumber": 14,
        "author": {
          "gitId": "benchan911"
        },
        "content": "    }"
      },
      {
        "lineNumber": 15,
        "author": {
          "gitId": "benchan911"
        },
        "content": ""
      },
      {
        "lineNumber": 16,
        "author": {
          "gitId": "benchan911"
        },
        "content": "    public String getDescription() { return description; }"
      },
      {
        "lineNumber": 17,
        "author": {
          "gitId": "benchan911"
        },
        "content": ""
      },
      {
        "lineNumber": 18,
        "author": {
          "gitId": "benchan911"
        },
        "content": "    public String getBy(){ return by; }"
      },
      {
        "lineNumber": 19,
        "author": {
          "gitId": "benchan911"
        },
        "content": ""
      },
      {
        "lineNumber": 20,
        "author": {
          "gitId": "benchan911"
        },
        "content": "    public String getType(){ return type; }"
      },
      {
        "lineNumber": 21,
        "author": {
          "gitId": "benchan911"
        },
        "content": ""
      },
      {
        "lineNumber": 22,
        "author": {
          "gitId": "benchan911"
        },
        "content": "    public void markDone(){ this.isDone \u003d true; }"
      },
      {
        "lineNumber": 23,
        "author": {
          "gitId": "benchan911"
        },
        "content": ""
      },
      {
        "lineNumber": 24,
        "author": {
          "gitId": "benchan911"
        },
        "content": "    public void setBy(String by){ this.by \u003d \"  (\" + by + \")\"; }"
      },
      {
        "lineNumber": 25,
        "author": {
          "gitId": "benchan911"
        },
        "content": ""
      },
      {
        "lineNumber": 26,
        "author": {
          "gitId": "benchan911"
        },
        "content": "    public String getStatusIcon() {"
      },
      {
        "lineNumber": 27,
        "author": {
          "gitId": "benchan911"
        },
        "content": "        return (isDone ? \"[Y] \" : \"[N] \"); //return tick or X symbols"
      },
      {
        "lineNumber": 28,
        "author": {
          "gitId": "benchan911"
        },
        "content": "    }"
      },
      {
        "lineNumber": 29,
        "author": {
          "gitId": "benchan911"
        },
        "content": ""
      },
      {
        "lineNumber": 30,
        "author": {
          "gitId": "benchan911"
        },
        "content": "}"
      }
    ],
    "authorContributionMap": {
      "benchan911": 30
    }
  },
  {
    "path": "text-ui-test/ACTUAL.txt",
    "fileType": "txt",
    "lines": [
      {
        "lineNumber": 1,
        "author": {
          "gitId": "benchan911"
        },
        "content": ""
      },
      {
        "lineNumber": 2,
        "author": {
          "gitId": "benchan911"
        },
        "content": ""
      },
      {
        "lineNumber": 3,
        "author": {
          "gitId": "benchan911"
        },
        "content": "\t____________________________________________________________"
      },
      {
        "lineNumber": 4,
        "author": {
          "gitId": "benchan911"
        },
        "content": "\tHello! I\u0027m E.D.I.T.H."
      },
      {
        "lineNumber": 5,
        "author": {
          "gitId": "benchan911"
        },
        "content": "\tWhat can I do for you?"
      },
      {
        "lineNumber": 6,
        "author": {
          "gitId": "benchan911"
        },
        "content": "\t____________________________________________________________"
      },
      {
        "lineNumber": 7,
        "author": {
          "gitId": "benchan911"
        },
        "content": " _______         ______           _________        __________          __     __                "
      },
      {
        "lineNumber": 8,
        "author": {
          "gitId": "benchan911"
        },
        "content": "|   ____|       |    _  |         |__    __|      |___    ___|        |  |   |  |               "
      },
      {
        "lineNumber": 9,
        "author": {
          "gitId": "benchan911"
        },
        "content": "|   |___        |   | |  |           |  |             |  |            |  |___|  |               "
      },
      {
        "lineNumber": 10,
        "author": {
          "gitId": "benchan911"
        },
        "content": "|    ___|       |   | |  |           |  |             |  |            |   ___   |               "
      },
      {
        "lineNumber": 11,
        "author": {
          "gitId": "benchan911"
        },
        "content": "|   |___    _   |   |_|  |   _     __|  |__     _     |  |       _    |  |   |  |    _          "
      },
      {
        "lineNumber": 12,
        "author": {
          "gitId": "benchan911"
        },
        "content": "|_______|  |_|  |_______/   |_|   |________|   |_|    |__|      |_|   |__|   |__|   |_|         "
      },
      {
        "lineNumber": 13,
        "author": {
          "gitId": "benchan911"
        },
        "content": ""
      },
      {
        "lineNumber": 14,
        "author": {
          "gitId": "benchan911"
        },
        "content": "\t____________________________________________________________"
      },
      {
        "lineNumber": 15,
        "author": {
          "gitId": "benchan911"
        },
        "content": ""
      },
      {
        "lineNumber": 16,
        "author": {
          "gitId": "benchan911"
        },
        "content": "\t____________________________________________________________"
      },
      {
        "lineNumber": 17,
        "author": {
          "gitId": "benchan911"
        },
        "content": "\t[Command entered: todo Assignments]"
      },
      {
        "lineNumber": 18,
        "author": {
          "gitId": "benchan911"
        },
        "content": "\tGot it. I\u0027ve added this task: "
      },
      {
        "lineNumber": 19,
        "author": {
          "gitId": "benchan911"
        },
        "content": "\tNow you have 1 tasks in the list."
      },
      {
        "lineNumber": 20,
        "author": {
          "gitId": "benchan911"
        },
        "content": "\t____________________________________________________________"
      },
      {
        "lineNumber": 21,
        "author": {
          "gitId": "benchan911"
        },
        "content": ""
      },
      {
        "lineNumber": 22,
        "author": {
          "gitId": "benchan911"
        },
        "content": "\t____________________________________________________________"
      },
      {
        "lineNumber": 23,
        "author": {
          "gitId": "benchan911"
        },
        "content": "\t[Command entered: deadline Complete CS2113 Homework /by 2359]"
      },
      {
        "lineNumber": 24,
        "author": {
          "gitId": "benchan911"
        },
        "content": "\tGot it. I\u0027ve added this task: "
      },
      {
        "lineNumber": 25,
        "author": {
          "gitId": "benchan911"
        },
        "content": "\tNow you have 2 tasks in the list."
      },
      {
        "lineNumber": 26,
        "author": {
          "gitId": "benchan911"
        },
        "content": "\t____________________________________________________________"
      },
      {
        "lineNumber": 27,
        "author": {
          "gitId": "benchan911"
        },
        "content": ""
      },
      {
        "lineNumber": 28,
        "author": {
          "gitId": "benchan911"
        },
        "content": "\t____________________________________________________________"
      },
      {
        "lineNumber": 29,
        "author": {
          "gitId": "benchan911"
        },
        "content": "\t[Command entered: event Dinner with friends /at 24 June]"
      },
      {
        "lineNumber": 30,
        "author": {
          "gitId": "benchan911"
        },
        "content": "\tGot it. I\u0027ve added this task: "
      },
      {
        "lineNumber": 31,
        "author": {
          "gitId": "benchan911"
        },
        "content": "\tNow you have 3 tasks in the list."
      },
      {
        "lineNumber": 32,
        "author": {
          "gitId": "benchan911"
        },
        "content": "\t____________________________________________________________"
      },
      {
        "lineNumber": 33,
        "author": {
          "gitId": "benchan911"
        },
        "content": ""
      },
      {
        "lineNumber": 34,
        "author": {
          "gitId": "benchan911"
        },
        "content": "\t____________________________________________________________"
      },
      {
        "lineNumber": 35,
        "author": {
          "gitId": "benchan911"
        },
        "content": "\t[Command entered: list]"
      },
      {
        "lineNumber": 36,
        "author": {
          "gitId": "benchan911"
        },
        "content": "\tHere are the tasks in your list:"
      },
      {
        "lineNumber": 37,
        "author": {
          "gitId": "benchan911"
        },
        "content": "\t1. [T][N] Assignments"
      },
      {
        "lineNumber": 38,
        "author": {
          "gitId": "benchan911"
        },
        "content": "\t2. [D][N] Complete CS2113 Homework   (by: 2359)"
      },
      {
        "lineNumber": 39,
        "author": {
          "gitId": "benchan911"
        },
        "content": "\t3. [E][N] Dinner with friends   (at: 24 June)"
      },
      {
        "lineNumber": 40,
        "author": {
          "gitId": "benchan911"
        },
        "content": "\t____________________________________________________________"
      },
      {
        "lineNumber": 41,
        "author": {
          "gitId": "benchan911"
        },
        "content": ""
      },
      {
        "lineNumber": 42,
        "author": {
          "gitId": "benchan911"
        },
        "content": "\t____________________________________________________________"
      },
      {
        "lineNumber": 43,
        "author": {
          "gitId": "benchan911"
        },
        "content": "\t[Command entered: mark 1]"
      },
      {
        "lineNumber": 44,
        "author": {
          "gitId": "benchan911"
        },
        "content": ""
      },
      {
        "lineNumber": 45,
        "author": {
          "gitId": "benchan911"
        },
        "content": "\t____________________________________________________________"
      },
      {
        "lineNumber": 46,
        "author": {
          "gitId": "benchan911"
        },
        "content": ""
      },
      {
        "lineNumber": 47,
        "author": {
          "gitId": "benchan911"
        },
        "content": "\t____________________________________________________________"
      },
      {
        "lineNumber": 48,
        "author": {
          "gitId": "benchan911"
        },
        "content": "\t[Command entered: clear]"
      },
      {
        "lineNumber": 49,
        "author": {
          "gitId": "benchan911"
        },
        "content": ""
      },
      {
        "lineNumber": 50,
        "author": {
          "gitId": "benchan911"
        },
        "content": "\t____________________________________________________________"
      },
      {
        "lineNumber": 51,
        "author": {
          "gitId": "benchan911"
        },
        "content": ""
      },
      {
        "lineNumber": 52,
        "author": {
          "gitId": "benchan911"
        },
        "content": "\t____________________________________________________________"
      },
      {
        "lineNumber": 53,
        "author": {
          "gitId": "benchan911"
        },
        "content": "\t[Command entered: list]"
      },
      {
        "lineNumber": 54,
        "author": {
          "gitId": "benchan911"
        },
        "content": "\tYour list is empty! Try adding to the list first :)"
      },
      {
        "lineNumber": 55,
        "author": {
          "gitId": "benchan911"
        },
        "content": "\t____________________________________________________________"
      },
      {
        "lineNumber": 56,
        "author": {
          "gitId": "benchan911"
        },
        "content": ""
      },
      {
        "lineNumber": 57,
        "author": {
          "gitId": "benchan911"
        },
        "content": "\t____________________________________________________________"
      },
      {
        "lineNumber": 58,
        "author": {
          "gitId": "benchan911"
        },
        "content": "\t[Command entered: clear]"
      },
      {
        "lineNumber": 59,
        "author": {
          "gitId": "benchan911"
        },
        "content": "\tYour list is already empty!"
      },
      {
        "lineNumber": 60,
        "author": {
          "gitId": "benchan911"
        },
        "content": "\t____________________________________________________________"
      },
      {
        "lineNumber": 61,
        "author": {
          "gitId": "benchan911"
        },
        "content": ""
      },
      {
        "lineNumber": 62,
        "author": {
          "gitId": "benchan911"
        },
        "content": "\t____________________________________________________________"
      },
      {
        "lineNumber": 63,
        "author": {
          "gitId": "benchan911"
        },
        "content": "\t[Command entered: exit]"
      },
      {
        "lineNumber": 64,
        "author": {
          "gitId": "benchan911"
        },
        "content": "Bye. Hope to see you again soon!"
      },
      {
        "lineNumber": 65,
        "author": {
          "gitId": "benchan911"
        },
        "content": ""
      },
      {
        "lineNumber": 66,
        "author": {
          "gitId": "benchan911"
        },
        "content": ""
      },
      {
        "lineNumber": 67,
        "author": {
          "gitId": "benchan911"
        },
        "content": "\t____________________________________________________________"
      }
    ],
    "authorContributionMap": {
      "benchan911": 67
    }
  },
  {
    "path": "text-ui-test/EXPECTED.txt",
    "fileType": "txt",
    "lines": [
      {
        "lineNumber": 1,
        "author": {
          "gitId": "benchan911"
        },
        "content": ""
      },
      {
        "lineNumber": 2,
        "author": {
          "gitId": "benchan911"
        },
        "content": ""
      },
      {
        "lineNumber": 3,
        "author": {
          "gitId": "benchan911"
        },
        "content": "\t____________________________________________________________"
      },
      {
        "lineNumber": 4,
        "author": {
          "gitId": "benchan911"
        },
        "content": "\tHello! I\u0027m E.D.I.T.H."
      },
      {
        "lineNumber": 5,
        "author": {
          "gitId": "benchan911"
        },
        "content": "\tWhat can I do for you?"
      },
      {
        "lineNumber": 6,
        "author": {
          "gitId": "benchan911"
        },
        "content": "\t____________________________________________________________"
      },
      {
        "lineNumber": 7,
        "author": {
          "gitId": "benchan911"
        },
        "content": " _______         ______           _________        __________          __     __"
      },
      {
        "lineNumber": 8,
        "author": {
          "gitId": "benchan911"
        },
        "content": "|   ____|       |    _  |         |__    __|      |___    ___|        |  |   |  |"
      },
      {
        "lineNumber": 9,
        "author": {
          "gitId": "benchan911"
        },
        "content": "|   |___        |   | |  |           |  |             |  |            |  |___|  |"
      },
      {
        "lineNumber": 10,
        "author": {
          "gitId": "benchan911"
        },
        "content": "|    ___|       |   | |  |           |  |             |  |            |   ___   |"
      },
      {
        "lineNumber": 11,
        "author": {
          "gitId": "benchan911"
        },
        "content": "|   |___    _   |   |_|  |   _     __|  |__     _     |  |       _    |  |   |  |    _"
      },
      {
        "lineNumber": 12,
        "author": {
          "gitId": "benchan911"
        },
        "content": "|_______|  |_|  |_______/   |_|   |________|   |_|    |__|      |_|   |__|   |__|   |_|"
      },
      {
        "lineNumber": 13,
        "author": {
          "gitId": "benchan911"
        },
        "content": ""
      },
      {
        "lineNumber": 14,
        "author": {
          "gitId": "benchan911"
        },
        "content": "\t____________________________________________________________"
      },
      {
        "lineNumber": 15,
        "author": {
          "gitId": "benchan911"
        },
        "content": ""
      },
      {
        "lineNumber": 16,
        "author": {
          "gitId": "benchan911"
        },
        "content": "\t____________________________________________________________"
      },
      {
        "lineNumber": 17,
        "author": {
          "gitId": "benchan911"
        },
        "content": "\t[Command entered: todo Assignments]"
      },
      {
        "lineNumber": 18,
        "author": {
          "gitId": "benchan911"
        },
        "content": "\tGot it. I\u0027ve added this task:"
      },
      {
        "lineNumber": 19,
        "author": {
          "gitId": "benchan911"
        },
        "content": "\tNow you have 1 tasks in the list."
      },
      {
        "lineNumber": 20,
        "author": {
          "gitId": "benchan911"
        },
        "content": "\t____________________________________________________________"
      },
      {
        "lineNumber": 21,
        "author": {
          "gitId": "benchan911"
        },
        "content": ""
      },
      {
        "lineNumber": 22,
        "author": {
          "gitId": "benchan911"
        },
        "content": "\t____________________________________________________________"
      },
      {
        "lineNumber": 23,
        "author": {
          "gitId": "benchan911"
        },
        "content": "\t[Command entered: deadline Complete CS2113 Homework /by 2359]"
      },
      {
        "lineNumber": 24,
        "author": {
          "gitId": "benchan911"
        },
        "content": "\tGot it. I\u0027ve added this task:"
      },
      {
        "lineNumber": 25,
        "author": {
          "gitId": "benchan911"
        },
        "content": "\tNow you have 2 tasks in the list."
      },
      {
        "lineNumber": 26,
        "author": {
          "gitId": "benchan911"
        },
        "content": "\t____________________________________________________________"
      },
      {
        "lineNumber": 27,
        "author": {
          "gitId": "benchan911"
        },
        "content": ""
      },
      {
        "lineNumber": 28,
        "author": {
          "gitId": "benchan911"
        },
        "content": "\t____________________________________________________________"
      },
      {
        "lineNumber": 29,
        "author": {
          "gitId": "benchan911"
        },
        "content": "\t[Command entered: event Dinner with friends /at 24 June]"
      },
      {
        "lineNumber": 30,
        "author": {
          "gitId": "benchan911"
        },
        "content": "\tGot it. I\u0027ve added this task:"
      },
      {
        "lineNumber": 31,
        "author": {
          "gitId": "benchan911"
        },
        "content": "\tNow you have 3 tasks in the list."
      },
      {
        "lineNumber": 32,
        "author": {
          "gitId": "benchan911"
        },
        "content": "\t____________________________________________________________"
      },
      {
        "lineNumber": 33,
        "author": {
          "gitId": "benchan911"
        },
        "content": ""
      },
      {
        "lineNumber": 34,
        "author": {
          "gitId": "benchan911"
        },
        "content": "\t____________________________________________________________"
      },
      {
        "lineNumber": 35,
        "author": {
          "gitId": "benchan911"
        },
        "content": "\t[Command entered: list]"
      },
      {
        "lineNumber": 36,
        "author": {
          "gitId": "benchan911"
        },
        "content": "\tHere are the tasks in your list:"
      },
      {
        "lineNumber": 37,
        "author": {
          "gitId": "benchan911"
        },
        "content": "\t1. [T][N] Assignments"
      },
      {
        "lineNumber": 38,
        "author": {
          "gitId": "benchan911"
        },
        "content": "\t2. [D][N] Complete CS2113 Homework   (by: 2359)"
      },
      {
        "lineNumber": 39,
        "author": {
          "gitId": "benchan911"
        },
        "content": "\t3. [E][N] Dinner with friends   (at: 24 June)"
      },
      {
        "lineNumber": 40,
        "author": {
          "gitId": "benchan911"
        },
        "content": "\t____________________________________________________________"
      },
      {
        "lineNumber": 41,
        "author": {
          "gitId": "benchan911"
        },
        "content": ""
      },
      {
        "lineNumber": 42,
        "author": {
          "gitId": "benchan911"
        },
        "content": "\t____________________________________________________________"
      },
      {
        "lineNumber": 43,
        "author": {
          "gitId": "benchan911"
        },
        "content": "\t[Command entered: mark 1]"
      },
      {
        "lineNumber": 44,
        "author": {
          "gitId": "benchan911"
        },
        "content": ""
      },
      {
        "lineNumber": 45,
        "author": {
          "gitId": "benchan911"
        },
        "content": "\t____________________________________________________________"
      },
      {
        "lineNumber": 46,
        "author": {
          "gitId": "benchan911"
        },
        "content": ""
      },
      {
        "lineNumber": 47,
        "author": {
          "gitId": "benchan911"
        },
        "content": "\t____________________________________________________________"
      },
      {
        "lineNumber": 48,
        "author": {
          "gitId": "benchan911"
        },
        "content": "\t[Command entered: clear]"
      },
      {
        "lineNumber": 49,
        "author": {
          "gitId": "benchan911"
        },
        "content": ""
      },
      {
        "lineNumber": 50,
        "author": {
          "gitId": "benchan911"
        },
        "content": "\t____________________________________________________________"
      },
      {
        "lineNumber": 51,
        "author": {
          "gitId": "benchan911"
        },
        "content": ""
      },
      {
        "lineNumber": 52,
        "author": {
          "gitId": "benchan911"
        },
        "content": "\t____________________________________________________________"
      },
      {
        "lineNumber": 53,
        "author": {
          "gitId": "benchan911"
        },
        "content": "\t[Command entered: list]"
      },
      {
        "lineNumber": 54,
        "author": {
          "gitId": "benchan911"
        },
        "content": "\tYour list is empty! Try adding to the list first :)"
      },
      {
        "lineNumber": 55,
        "author": {
          "gitId": "benchan911"
        },
        "content": "\t____________________________________________________________"
      },
      {
        "lineNumber": 56,
        "author": {
          "gitId": "benchan911"
        },
        "content": ""
      },
      {
        "lineNumber": 57,
        "author": {
          "gitId": "benchan911"
        },
        "content": "\t____________________________________________________________"
      },
      {
        "lineNumber": 58,
        "author": {
          "gitId": "benchan911"
        },
        "content": "\t[Command entered: clear]"
      },
      {
        "lineNumber": 59,
        "author": {
          "gitId": "benchan911"
        },
        "content": "\tYour list is already empty!"
      },
      {
        "lineNumber": 60,
        "author": {
          "gitId": "benchan911"
        },
        "content": "\t____________________________________________________________"
      },
      {
        "lineNumber": 61,
        "author": {
          "gitId": "benchan911"
        },
        "content": ""
      },
      {
        "lineNumber": 62,
        "author": {
          "gitId": "benchan911"
        },
        "content": "\t____________________________________________________________"
      },
      {
        "lineNumber": 63,
        "author": {
          "gitId": "benchan911"
        },
        "content": "\t[Command entered: exit]"
      },
      {
        "lineNumber": 64,
        "author": {
          "gitId": "benchan911"
        },
        "content": "Bye. Hope to see you again soon!"
      },
      {
        "lineNumber": 65,
        "author": {
          "gitId": "benchan911"
        },
        "content": ""
      },
      {
        "lineNumber": 66,
        "author": {
          "gitId": "benchan911"
        },
        "content": ""
      },
      {
        "lineNumber": 67,
        "author": {
          "gitId": "benchan911"
        },
        "content": "\t____________________________________________________________"
      }
    ],
    "authorContributionMap": {
      "benchan911": 67
    }
  },
  {
    "path": "text-ui-test/input.txt",
    "fileType": "txt",
    "lines": [
      {
        "lineNumber": 1,
        "author": {
          "gitId": "benchan911"
        },
        "content": "todo Assignments"
      },
      {
        "lineNumber": 2,
        "author": {
          "gitId": "benchan911"
        },
        "content": "deadline Complete CS2113 Homework /by 2359"
      },
      {
        "lineNumber": 3,
        "author": {
          "gitId": "benchan911"
        },
        "content": "event Dinner with friends /at 24 June"
      },
      {
        "lineNumber": 4,
        "author": {
          "gitId": "benchan911"
        },
        "content": "list"
      },
      {
        "lineNumber": 5,
        "author": {
          "gitId": "benchan911"
        },
        "content": "mark 1"
      },
      {
        "lineNumber": 6,
        "author": {
          "gitId": "benchan911"
        },
        "content": "clear"
      },
      {
        "lineNumber": 7,
        "author": {
          "gitId": "benchan911"
        },
        "content": "list"
      },
      {
        "lineNumber": 8,
        "author": {
          "gitId": "benchan911"
        },
        "content": "clear"
      },
      {
        "lineNumber": 9,
        "author": {
          "gitId": "benchan911"
        },
        "content": "exit"
      }
    ],
    "authorContributionMap": {
      "benchan911": 9
    }
  },
  {
    "path": "text-ui-test/runtest.bat",
    "fileType": "bat",
    "lines": [
      {
        "lineNumber": 1,
        "author": {
          "gitId": "benchan911"
        },
        "content": "@ECHO OFF"
      },
      {
        "lineNumber": 2,
        "author": {
          "gitId": "benchan911"
        },
        "content": ""
      },
      {
        "lineNumber": 3,
        "author": {
          "gitId": "benchan911"
        },
        "content": "REM create bin directory if it doesn\u0027t exist"
      },
      {
        "lineNumber": 4,
        "author": {
          "gitId": "benchan911"
        },
        "content": "if not exist ..\\bin mkdir ..\\bin"
      },
      {
        "lineNumber": 5,
        "author": {
          "gitId": "benchan911"
        },
        "content": ""
      },
      {
        "lineNumber": 6,
        "author": {
          "gitId": "benchan911"
        },
        "content": "REM delete output from previous run"
      },
      {
        "lineNumber": 7,
        "author": {
          "gitId": "benchan911"
        },
        "content": "del ACTUAL.txt"
      },
      {
        "lineNumber": 8,
        "author": {
          "gitId": "benchan911"
        },
        "content": ""
      },
      {
        "lineNumber": 9,
        "author": {
          "gitId": "benchan911"
        },
        "content": "REM compile the code into the bin folder"
      },
      {
        "lineNumber": 10,
        "author": {
          "gitId": "benchan911"
        },
        "content": "javac  -cp ..\\src -Xlint:none -d ..\\bin ..\\src\\main\\java\\*.java"
      },
      {
        "lineNumber": 11,
        "author": {
          "gitId": "benchan911"
        },
        "content": "IF ERRORLEVEL 1 ("
      },
      {
        "lineNumber": 12,
        "author": {
          "gitId": "benchan911"
        },
        "content": "    echo ********** BUILD FAILURE **********"
      },
      {
        "lineNumber": 13,
        "author": {
          "gitId": "benchan911"
        },
        "content": "    exit /b 1"
      },
      {
        "lineNumber": 14,
        "author": {
          "gitId": "benchan911"
        },
        "content": ")"
      },
      {
        "lineNumber": 15,
        "author": {
          "gitId": "benchan911"
        },
        "content": "REM no error here, errorlevel \u003d\u003d 0"
      },
      {
        "lineNumber": 16,
        "author": {
          "gitId": "benchan911"
        },
        "content": ""
      },
      {
        "lineNumber": 17,
        "author": {
          "gitId": "benchan911"
        },
        "content": "REM run the program, feed commands from input.txt file and redirect the output to the ACTUAL.TXT"
      },
      {
        "lineNumber": 18,
        "author": {
          "gitId": "benchan911"
        },
        "content": "java -classpath ..\\bin Duke \u003c input.txt \u003e ACTUAL.TXT"
      },
      {
        "lineNumber": 19,
        "author": {
          "gitId": "benchan911"
        },
        "content": ""
      },
      {
        "lineNumber": 20,
        "author": {
          "gitId": "benchan911"
        },
        "content": "REM compare the output to the expected output"
      },
      {
        "lineNumber": 21,
        "author": {
          "gitId": "benchan911"
        },
        "content": "FC ACTUAL.txt EXPECTED.txt"
      }
    ],
    "authorContributionMap": {
      "benchan911": 21
    }
  }
]
