[
  {
    "path": "gradlew.bat",
    "fileType": "bat",
    "lines": [
      {
        "lineNumber": 1,
        "author": {
          "gitId": "benchan911"
        },
        "content": "@if \"%DEBUG%\" \u003d\u003d \"\" @echo off"
      },
      {
        "lineNumber": 2,
        "author": {
          "gitId": "benchan911"
        },
        "content": "@rem ##########################################################################"
      },
      {
        "lineNumber": 3,
        "author": {
          "gitId": "benchan911"
        },
        "content": "@rem"
      },
      {
        "lineNumber": 4,
        "author": {
          "gitId": "benchan911"
        },
        "content": "@rem  Gradle startup script for Windows"
      },
      {
        "lineNumber": 5,
        "author": {
          "gitId": "benchan911"
        },
        "content": "@rem"
      },
      {
        "lineNumber": 6,
        "author": {
          "gitId": "benchan911"
        },
        "content": "@rem ##########################################################################"
      },
      {
        "lineNumber": 7,
        "author": {
          "gitId": "benchan911"
        },
        "content": ""
      },
      {
        "lineNumber": 8,
        "author": {
          "gitId": "benchan911"
        },
        "content": "@rem Set local scope for the variables with windows NT shell"
      },
      {
        "lineNumber": 9,
        "author": {
          "gitId": "benchan911"
        },
        "content": "if \"%OS%\"\u003d\u003d\"Windows_NT\" setlocal"
      },
      {
        "lineNumber": 10,
        "author": {
          "gitId": "benchan911"
        },
        "content": ""
      },
      {
        "lineNumber": 11,
        "author": {
          "gitId": "benchan911"
        },
        "content": "set DIRNAME\u003d%~dp0"
      },
      {
        "lineNumber": 12,
        "author": {
          "gitId": "benchan911"
        },
        "content": "if \"%DIRNAME%\" \u003d\u003d \"\" set DIRNAME\u003d."
      },
      {
        "lineNumber": 13,
        "author": {
          "gitId": "benchan911"
        },
        "content": "set APP_BASE_NAME\u003d%~n0"
      },
      {
        "lineNumber": 14,
        "author": {
          "gitId": "benchan911"
        },
        "content": "set APP_HOME\u003d%DIRNAME%"
      },
      {
        "lineNumber": 15,
        "author": {
          "gitId": "benchan911"
        },
        "content": ""
      },
      {
        "lineNumber": 16,
        "author": {
          "gitId": "benchan911"
        },
        "content": "@rem Add default JVM options here. You can also use JAVA_OPTS and GRADLE_OPTS to pass JVM options to this script."
      },
      {
        "lineNumber": 17,
        "author": {
          "gitId": "benchan911"
        },
        "content": "set DEFAULT_JVM_OPTS\u003d\"-Xmx64m\""
      },
      {
        "lineNumber": 18,
        "author": {
          "gitId": "benchan911"
        },
        "content": ""
      },
      {
        "lineNumber": 19,
        "author": {
          "gitId": "benchan911"
        },
        "content": "@rem Find java.exe"
      },
      {
        "lineNumber": 20,
        "author": {
          "gitId": "benchan911"
        },
        "content": "if defined JAVA_HOME goto findJavaFromJavaHome"
      },
      {
        "lineNumber": 21,
        "author": {
          "gitId": "benchan911"
        },
        "content": ""
      },
      {
        "lineNumber": 22,
        "author": {
          "gitId": "benchan911"
        },
        "content": "set JAVA_EXE\u003djava.exe"
      },
      {
        "lineNumber": 23,
        "author": {
          "gitId": "benchan911"
        },
        "content": "%JAVA_EXE% -version \u003eNUL 2\u003e\u00261"
      },
      {
        "lineNumber": 24,
        "author": {
          "gitId": "benchan911"
        },
        "content": "if \"%ERRORLEVEL%\" \u003d\u003d \"0\" goto init"
      },
      {
        "lineNumber": 25,
        "author": {
          "gitId": "benchan911"
        },
        "content": ""
      },
      {
        "lineNumber": 26,
        "author": {
          "gitId": "benchan911"
        },
        "content": "echo."
      },
      {
        "lineNumber": 27,
        "author": {
          "gitId": "benchan911"
        },
        "content": "echo ERROR: JAVA_HOME is not set and no \u0027java\u0027 command could be found in your PATH."
      },
      {
        "lineNumber": 28,
        "author": {
          "gitId": "benchan911"
        },
        "content": "echo."
      },
      {
        "lineNumber": 29,
        "author": {
          "gitId": "benchan911"
        },
        "content": "echo Please set the JAVA_HOME variable in your environment to match the"
      },
      {
        "lineNumber": 30,
        "author": {
          "gitId": "benchan911"
        },
        "content": "echo location of your Java installation."
      },
      {
        "lineNumber": 31,
        "author": {
          "gitId": "benchan911"
        },
        "content": ""
      },
      {
        "lineNumber": 32,
        "author": {
          "gitId": "benchan911"
        },
        "content": "goto fail"
      },
      {
        "lineNumber": 33,
        "author": {
          "gitId": "benchan911"
        },
        "content": ""
      },
      {
        "lineNumber": 34,
        "author": {
          "gitId": "benchan911"
        },
        "content": ":findJavaFromJavaHome"
      },
      {
        "lineNumber": 35,
        "author": {
          "gitId": "benchan911"
        },
        "content": "set JAVA_HOME\u003d%JAVA_HOME:\"\u003d%"
      },
      {
        "lineNumber": 36,
        "author": {
          "gitId": "benchan911"
        },
        "content": "set JAVA_EXE\u003d%JAVA_HOME%/bin/java.exe"
      },
      {
        "lineNumber": 37,
        "author": {
          "gitId": "benchan911"
        },
        "content": ""
      },
      {
        "lineNumber": 38,
        "author": {
          "gitId": "benchan911"
        },
        "content": "if exist \"%JAVA_EXE%\" goto init"
      },
      {
        "lineNumber": 39,
        "author": {
          "gitId": "benchan911"
        },
        "content": ""
      },
      {
        "lineNumber": 40,
        "author": {
          "gitId": "benchan911"
        },
        "content": "echo."
      },
      {
        "lineNumber": 41,
        "author": {
          "gitId": "benchan911"
        },
        "content": "echo ERROR: JAVA_HOME is set to an invalid directory: %JAVA_HOME%"
      },
      {
        "lineNumber": 42,
        "author": {
          "gitId": "benchan911"
        },
        "content": "echo."
      },
      {
        "lineNumber": 43,
        "author": {
          "gitId": "benchan911"
        },
        "content": "echo Please set the JAVA_HOME variable in your environment to match the"
      },
      {
        "lineNumber": 44,
        "author": {
          "gitId": "benchan911"
        },
        "content": "echo location of your Java installation."
      },
      {
        "lineNumber": 45,
        "author": {
          "gitId": "benchan911"
        },
        "content": ""
      },
      {
        "lineNumber": 46,
        "author": {
          "gitId": "benchan911"
        },
        "content": "goto fail"
      },
      {
        "lineNumber": 47,
        "author": {
          "gitId": "benchan911"
        },
        "content": ""
      },
      {
        "lineNumber": 48,
        "author": {
          "gitId": "benchan911"
        },
        "content": ":init"
      },
      {
        "lineNumber": 49,
        "author": {
          "gitId": "benchan911"
        },
        "content": "@rem Get command-line arguments, handling Windows variants"
      },
      {
        "lineNumber": 50,
        "author": {
          "gitId": "benchan911"
        },
        "content": ""
      },
      {
        "lineNumber": 51,
        "author": {
          "gitId": "benchan911"
        },
        "content": "if not \"%OS%\" \u003d\u003d \"Windows_NT\" goto win9xME_args"
      },
      {
        "lineNumber": 52,
        "author": {
          "gitId": "benchan911"
        },
        "content": ""
      },
      {
        "lineNumber": 53,
        "author": {
          "gitId": "benchan911"
        },
        "content": ":win9xME_args"
      },
      {
        "lineNumber": 54,
        "author": {
          "gitId": "benchan911"
        },
        "content": "@rem Slurp the command line arguments."
      },
      {
        "lineNumber": 55,
        "author": {
          "gitId": "benchan911"
        },
        "content": "set CMD_LINE_ARGS\u003d"
      },
      {
        "lineNumber": 56,
        "author": {
          "gitId": "benchan911"
        },
        "content": "set _SKIP\u003d2"
      },
      {
        "lineNumber": 57,
        "author": {
          "gitId": "benchan911"
        },
        "content": ""
      },
      {
        "lineNumber": 58,
        "author": {
          "gitId": "benchan911"
        },
        "content": ":win9xME_args_slurp"
      },
      {
        "lineNumber": 59,
        "author": {
          "gitId": "benchan911"
        },
        "content": "if \"x%~1\" \u003d\u003d \"x\" goto execute"
      },
      {
        "lineNumber": 60,
        "author": {
          "gitId": "benchan911"
        },
        "content": ""
      },
      {
        "lineNumber": 61,
        "author": {
          "gitId": "benchan911"
        },
        "content": "set CMD_LINE_ARGS\u003d%*"
      },
      {
        "lineNumber": 62,
        "author": {
          "gitId": "benchan911"
        },
        "content": ""
      },
      {
        "lineNumber": 63,
        "author": {
          "gitId": "benchan911"
        },
        "content": ":execute"
      },
      {
        "lineNumber": 64,
        "author": {
          "gitId": "benchan911"
        },
        "content": "@rem Setup the command line"
      },
      {
        "lineNumber": 65,
        "author": {
          "gitId": "benchan911"
        },
        "content": ""
      },
      {
        "lineNumber": 66,
        "author": {
          "gitId": "benchan911"
        },
        "content": "set CLASSPATH\u003d%APP_HOME%\\gradle\\wrapper\\gradle-wrapper.jar"
      },
      {
        "lineNumber": 67,
        "author": {
          "gitId": "benchan911"
        },
        "content": ""
      },
      {
        "lineNumber": 68,
        "author": {
          "gitId": "benchan911"
        },
        "content": "@rem Execute Gradle"
      },
      {
        "lineNumber": 69,
        "author": {
          "gitId": "benchan911"
        },
        "content": "\"%JAVA_EXE%\" %DEFAULT_JVM_OPTS% %JAVA_OPTS% %GRADLE_OPTS% \"-Dorg.gradle.appname\u003d%APP_BASE_NAME%\" -classpath \"%CLASSPATH%\" org.gradle.wrapper.GradleWrapperMain %CMD_LINE_ARGS%"
      },
      {
        "lineNumber": 70,
        "author": {
          "gitId": "benchan911"
        },
        "content": ""
      },
      {
        "lineNumber": 71,
        "author": {
          "gitId": "benchan911"
        },
        "content": ":end"
      },
      {
        "lineNumber": 72,
        "author": {
          "gitId": "benchan911"
        },
        "content": "@rem End local scope for the variables with windows NT shell"
      },
      {
        "lineNumber": 73,
        "author": {
          "gitId": "benchan911"
        },
        "content": "if \"%ERRORLEVEL%\"\u003d\u003d\"0\" goto mainEnd"
      },
      {
        "lineNumber": 74,
        "author": {
          "gitId": "benchan911"
        },
        "content": ""
      },
      {
        "lineNumber": 75,
        "author": {
          "gitId": "benchan911"
        },
        "content": ":fail"
      },
      {
        "lineNumber": 76,
        "author": {
          "gitId": "benchan911"
        },
        "content": "rem Set variable GRADLE_EXIT_CONSOLE if you need the _script_ return code instead of"
      },
      {
        "lineNumber": 77,
        "author": {
          "gitId": "benchan911"
        },
        "content": "rem the _cmd.exe /c_ return code!"
      },
      {
        "lineNumber": 78,
        "author": {
          "gitId": "benchan911"
        },
        "content": "if  not \"\" \u003d\u003d \"%GRADLE_EXIT_CONSOLE%\" exit 1"
      },
      {
        "lineNumber": 79,
        "author": {
          "gitId": "benchan911"
        },
        "content": "exit /b 1"
      },
      {
        "lineNumber": 80,
        "author": {
          "gitId": "benchan911"
        },
        "content": ""
      },
      {
        "lineNumber": 81,
        "author": {
          "gitId": "benchan911"
        },
        "content": ":mainEnd"
      },
      {
        "lineNumber": 82,
        "author": {
          "gitId": "benchan911"
        },
        "content": "if \"%OS%\"\u003d\u003d\"Windows_NT\" endlocal"
      },
      {
        "lineNumber": 83,
        "author": {
          "gitId": "benchan911"
        },
        "content": ""
      },
      {
        "lineNumber": 84,
        "author": {
          "gitId": "benchan911"
        },
        "content": ":omega"
      }
    ],
    "authorContributionMap": {
      "benchan911": 84
    }
  },
  {
    "path": "src/main/java/Duke.java",
    "fileType": "java",
    "lines": [
      {
        "lineNumber": 1,
        "author": {
          "gitId": "benchan911"
        },
        "content": "import java.util.Scanner;"
      },
      {
        "lineNumber": 2,
        "author": {
          "gitId": "benchan911"
        },
        "content": "import java.util.Arrays;"
      },
      {
        "lineNumber": 3,
        "author": {
          "gitId": "benchan911"
        },
        "content": ""
      },
      {
        "lineNumber": 4,
        "author": {
          "gitId": "-"
        },
        "content": "public class Duke {"
      },
      {
        "lineNumber": 5,
        "author": {
          "gitId": "benchan911"
        },
        "content": ""
      },
      {
        "lineNumber": 6,
        "author": {
          "gitId": "benchan911"
        },
        "content": "    private static Scanner sc \u003d new Scanner(System.in);"
      },
      {
        "lineNumber": 7,
        "author": {
          "gitId": "benchan911"
        },
        "content": ""
      },
      {
        "lineNumber": 8,
        "author": {
          "gitId": "benchan911"
        },
        "content": "    private static final String BOT_NAME \u003d \"E.D.I.T.H.\";"
      },
      {
        "lineNumber": 9,
        "author": {
          "gitId": "benchan911"
        },
        "content": "    private static final String USERNAME \u003d \"USER\";"
      },
      {
        "lineNumber": 10,
        "author": {
          "gitId": "benchan911"
        },
        "content": "    private static final String MESSAGE_WELCOME \u003d \"\\nHello! I\u0027m \" + BOT_NAME + \"\\nWhat can I do for you?\";"
      },
      {
        "lineNumber": 11,
        "author": {
          "gitId": "benchan911"
        },
        "content": "    private static final String MESSAGE_EXIT \u003d \"Bye. Hope to see you again soon!\\n\";"
      },
      {
        "lineNumber": 12,
        "author": {
          "gitId": "benchan911"
        },
        "content": "    private static final String LINE_DIVIDER \u003d \"\\n____________________________________________________________\";"
      },
      {
        "lineNumber": 13,
        "author": {
          "gitId": "benchan911"
        },
        "content": "    private static final String MESSAGE_INVALID_COMMAND \u003d \"Invalid Command. Please try again\\n\";"
      },
      {
        "lineNumber": 14,
        "author": {
          "gitId": "benchan911"
        },
        "content": "    private static final String COMMAND_ADD_WORD \u003d \"ADD\";"
      },
      {
        "lineNumber": 15,
        "author": {
          "gitId": "benchan911"
        },
        "content": "    private static final String COMMAND_ADD_DESC \u003d \"Adds an item to the todo list\";"
      },
      {
        "lineNumber": 16,
        "author": {
          "gitId": "benchan911"
        },
        "content": "    private static final String COMMAND_HELP_WORD \u003d \"HELP\";"
      },
      {
        "lineNumber": 17,
        "author": {
          "gitId": "benchan911"
        },
        "content": "    private static final String COMMAND_HELP_DESC \u003d \"Here\u0027s the help list\\n1. Add\\n2. List\\n3. Mark\";"
      },
      {
        "lineNumber": 18,
        "author": {
          "gitId": "benchan911"
        },
        "content": "    private static final String COMMAND_LIST_WORD \u003d  \"LIST\";"
      },
      {
        "lineNumber": 19,
        "author": {
          "gitId": "benchan911"
        },
        "content": "    private static final String COMMAND_MARK_WORD \u003d \"MARK\";"
      },
      {
        "lineNumber": 20,
        "author": {
          "gitId": "benchan911"
        },
        "content": "    private static final String COMMAND_DEADLINE_WORD \u003d \"DEADLINE\";"
      },
      {
        "lineNumber": 21,
        "author": {
          "gitId": "benchan911"
        },
        "content": "    private static final String COMMAND_EXIT_WORD \u003d \"EXIT\";"
      },
      {
        "lineNumber": 22,
        "author": {
          "gitId": "benchan911"
        },
        "content": "    private static final String COMMAND_EVENT_WORD \u003d \"EVENT\";"
      },
      {
        "lineNumber": 23,
        "author": {
          "gitId": "benchan911"
        },
        "content": "    private static final String COMMAND_DONE_WORD \u003d \"DONE\";"
      },
      {
        "lineNumber": 24,
        "author": {
          "gitId": "benchan911"
        },
        "content": "    private static final String COMMAND_TODO_WORD \u003d \"TODO\";"
      },
      {
        "lineNumber": 25,
        "author": {
          "gitId": "benchan911"
        },
        "content": ""
      },
      {
        "lineNumber": 26,
        "author": {
          "gitId": "benchan911"
        },
        "content": ""
      },
      {
        "lineNumber": 27,
        "author": {
          "gitId": "benchan911"
        },
        "content": ""
      },
      {
        "lineNumber": 28,
        "author": {
          "gitId": "benchan911"
        },
        "content": "    public static final void displayWelcomeMessage(){ System.out.println( \"\\n\" + LINE_DIVIDER + MESSAGE_WELCOME + LINE_DIVIDER);}"
      },
      {
        "lineNumber": 29,
        "author": {
          "gitId": "benchan911"
        },
        "content": "    public static final void displayInvalidCommand(){ System.out.println(MESSAGE_INVALID_COMMAND);}"
      },
      {
        "lineNumber": 30,
        "author": {
          "gitId": "benchan911"
        },
        "content": "    public static final void displayExitMessage(){ System.out.println(MESSAGE_EXIT);}"
      },
      {
        "lineNumber": 31,
        "author": {
          "gitId": "benchan911"
        },
        "content": "    public static final void displayHelpMenu(){ System.out.print(COMMAND_HELP_DESC);}"
      },
      {
        "lineNumber": 32,
        "author": {
          "gitId": "benchan911"
        },
        "content": "    public static final void displayLineDivider(){ System.out.println(LINE_DIVIDER);}"
      },
      {
        "lineNumber": 33,
        "author": {
          "gitId": "benchan911"
        },
        "content": "    public static final void displayNumberOfTasks(int Tasks){ System.out.print(\"Now you have \" + Tasks + \" tasks in the list.\");}"
      },
      {
        "lineNumber": 34,
        "author": {
          "gitId": "benchan911"
        },
        "content": ""
      },
      {
        "lineNumber": 35,
        "author": {
          "gitId": "benchan911"
        },
        "content": "    private static void echoUserCommand(String userCommand) {"
      },
      {
        "lineNumber": 36,
        "author": {
          "gitId": "benchan911"
        },
        "content": "        System.out.println(\"[Command entered: \" + userCommand + \"]\");"
      },
      {
        "lineNumber": 37,
        "author": {
          "gitId": "benchan911"
        },
        "content": "    }"
      },
      {
        "lineNumber": 38,
        "author": {
          "gitId": "benchan911"
        },
        "content": ""
      },
      {
        "lineNumber": 39,
        "author": {
          "gitId": "benchan911"
        },
        "content": "    private static void exitProgram(){"
      },
      {
        "lineNumber": 40,
        "author": {
          "gitId": "benchan911"
        },
        "content": "        displayExitMessage();"
      },
      {
        "lineNumber": 41,
        "author": {
          "gitId": "benchan911"
        },
        "content": "    }"
      },
      {
        "lineNumber": 42,
        "author": {
          "gitId": "benchan911"
        },
        "content": ""
      },
      {
        "lineNumber": 43,
        "author": {
          "gitId": "-"
        },
        "content": "    public static void main(String[] args) {"
      },
      {
        "lineNumber": 44,
        "author": {
          "gitId": "benchan911"
        },
        "content": ""
      },
      {
        "lineNumber": 45,
        "author": {
          "gitId": "benchan911"
        },
        "content": "        Task task[] \u003d new Task[100];"
      },
      {
        "lineNumber": 46,
        "author": {
          "gitId": "benchan911"
        },
        "content": "        int index \u003d 0;"
      },
      {
        "lineNumber": 47,
        "author": {
          "gitId": "benchan911"
        },
        "content": ""
      },
      {
        "lineNumber": 48,
        "author": {
          "gitId": "benchan911"
        },
        "content": "        displayWelcomeMessage();"
      },
      {
        "lineNumber": 49,
        "author": {
          "gitId": "benchan911"
        },
        "content": "        String userCommand;"
      },
      {
        "lineNumber": 50,
        "author": {
          "gitId": "benchan911"
        },
        "content": "        boolean run \u003d true;"
      },
      {
        "lineNumber": 51,
        "author": {
          "gitId": "benchan911"
        },
        "content": "        while(run) {"
      },
      {
        "lineNumber": 52,
        "author": {
          "gitId": "benchan911"
        },
        "content": "            userCommand \u003d sc.nextLine();"
      },
      {
        "lineNumber": 53,
        "author": {
          "gitId": "benchan911"
        },
        "content": "            displayLineDivider();"
      },
      {
        "lineNumber": 54,
        "author": {
          "gitId": "benchan911"
        },
        "content": "            echoUserCommand(userCommand);"
      },
      {
        "lineNumber": 55,
        "author": {
          "gitId": "benchan911"
        },
        "content": "            switch (userCommand) {"
      },
      {
        "lineNumber": 56,
        "author": {
          "gitId": "benchan911"
        },
        "content": ""
      },
      {
        "lineNumber": 57,
        "author": {
          "gitId": "benchan911"
        },
        "content": "                case COMMAND_TODO_WORD: {"
      },
      {
        "lineNumber": 58,
        "author": {
          "gitId": "benchan911"
        },
        "content": "                    String input \u003d sc.nextLine();"
      },
      {
        "lineNumber": 59,
        "author": {
          "gitId": "benchan911"
        },
        "content": "                    Task item \u003d new Task(input, \"T\");"
      },
      {
        "lineNumber": 60,
        "author": {
          "gitId": "benchan911"
        },
        "content": "                    task[index] \u003d item;"
      },
      {
        "lineNumber": 61,
        "author": {
          "gitId": "benchan911"
        },
        "content": "                    index++;"
      },
      {
        "lineNumber": 62,
        "author": {
          "gitId": "benchan911"
        },
        "content": "                    displayNumberOfTasks(index);"
      },
      {
        "lineNumber": 63,
        "author": {
          "gitId": "benchan911"
        },
        "content": "                    break;"
      },
      {
        "lineNumber": 64,
        "author": {
          "gitId": "benchan911"
        },
        "content": "                }"
      },
      {
        "lineNumber": 65,
        "author": {
          "gitId": "benchan911"
        },
        "content": ""
      },
      {
        "lineNumber": 66,
        "author": {
          "gitId": "benchan911"
        },
        "content": "                case COMMAND_EVENT_WORD: {"
      },
      {
        "lineNumber": 67,
        "author": {
          "gitId": "benchan911"
        },
        "content": "                    String input \u003d sc.nextLine();"
      },
      {
        "lineNumber": 68,
        "author": {
          "gitId": "benchan911"
        },
        "content": "                    Task item \u003d new Task(input, \"E\");"
      },
      {
        "lineNumber": 69,
        "author": {
          "gitId": "benchan911"
        },
        "content": "                    task[index] \u003d item;"
      },
      {
        "lineNumber": 70,
        "author": {
          "gitId": "benchan911"
        },
        "content": "                    input \u003d sc.nextLine();"
      },
      {
        "lineNumber": 71,
        "author": {
          "gitId": "benchan911"
        },
        "content": "                    task[index].setBy(input);"
      },
      {
        "lineNumber": 72,
        "author": {
          "gitId": "benchan911"
        },
        "content": "                    index++;"
      },
      {
        "lineNumber": 73,
        "author": {
          "gitId": "benchan911"
        },
        "content": "                    displayNumberOfTasks(index);"
      },
      {
        "lineNumber": 74,
        "author": {
          "gitId": "benchan911"
        },
        "content": "                    break;"
      },
      {
        "lineNumber": 75,
        "author": {
          "gitId": "benchan911"
        },
        "content": "                }"
      },
      {
        "lineNumber": 76,
        "author": {
          "gitId": "benchan911"
        },
        "content": ""
      },
      {
        "lineNumber": 77,
        "author": {
          "gitId": "benchan911"
        },
        "content": "                case COMMAND_DEADLINE_WORD: {"
      },
      {
        "lineNumber": 78,
        "author": {
          "gitId": "benchan911"
        },
        "content": "                    String input \u003d sc.nextLine();"
      },
      {
        "lineNumber": 79,
        "author": {
          "gitId": "benchan911"
        },
        "content": "                    Task item \u003d new Task(input, \"D\");"
      },
      {
        "lineNumber": 80,
        "author": {
          "gitId": "benchan911"
        },
        "content": "                    task[index] \u003d item;"
      },
      {
        "lineNumber": 81,
        "author": {
          "gitId": "benchan911"
        },
        "content": "                    input \u003d sc.nextLine();"
      },
      {
        "lineNumber": 82,
        "author": {
          "gitId": "benchan911"
        },
        "content": "                    task[index].setBy(input);"
      },
      {
        "lineNumber": 83,
        "author": {
          "gitId": "benchan911"
        },
        "content": "                    index++;"
      },
      {
        "lineNumber": 84,
        "author": {
          "gitId": "benchan911"
        },
        "content": "                    displayNumberOfTasks(index);"
      },
      {
        "lineNumber": 85,
        "author": {
          "gitId": "benchan911"
        },
        "content": "                    break;"
      },
      {
        "lineNumber": 86,
        "author": {
          "gitId": "benchan911"
        },
        "content": "                }"
      },
      {
        "lineNumber": 87,
        "author": {
          "gitId": "benchan911"
        },
        "content": ""
      },
      {
        "lineNumber": 88,
        "author": {
          "gitId": "benchan911"
        },
        "content": "                case COMMAND_DONE_WORD: {"
      },
      {
        "lineNumber": 89,
        "author": {
          "gitId": "benchan911"
        },
        "content": "                    String input \u003d sc.nextLine();"
      },
      {
        "lineNumber": 90,
        "author": {
          "gitId": "benchan911"
        },
        "content": "                    int markIndex \u003d Integer.parseInt(input);"
      },
      {
        "lineNumber": 91,
        "author": {
          "gitId": "benchan911"
        },
        "content": "                    System.out.println(\"Done by? WRITE IN DD/MM/YY\");"
      },
      {
        "lineNumber": 92,
        "author": {
          "gitId": "benchan911"
        },
        "content": "                    String input1 \u003d sc.nextLine();"
      },
      {
        "lineNumber": 93,
        "author": {
          "gitId": "benchan911"
        },
        "content": "                    task[markIndex-1].setBy(input1);"
      },
      {
        "lineNumber": 94,
        "author": {
          "gitId": "benchan911"
        },
        "content": "                    break;"
      },
      {
        "lineNumber": 95,
        "author": {
          "gitId": "benchan911"
        },
        "content": "                }"
      },
      {
        "lineNumber": 96,
        "author": {
          "gitId": "benchan911"
        },
        "content": ""
      },
      {
        "lineNumber": 97,
        "author": {
          "gitId": "benchan911"
        },
        "content": "                case COMMAND_MARK_WORD: {"
      },
      {
        "lineNumber": 98,
        "author": {
          "gitId": "benchan911"
        },
        "content": "                    String input \u003d sc.nextLine();"
      },
      {
        "lineNumber": 99,
        "author": {
          "gitId": "benchan911"
        },
        "content": "                    int markIndex \u003d Integer.parseInt(input);"
      },
      {
        "lineNumber": 100,
        "author": {
          "gitId": "benchan911"
        },
        "content": "                    task[markIndex-1].markDone();"
      },
      {
        "lineNumber": 101,
        "author": {
          "gitId": "benchan911"
        },
        "content": "                    break;"
      },
      {
        "lineNumber": 102,
        "author": {
          "gitId": "benchan911"
        },
        "content": "                }"
      },
      {
        "lineNumber": 103,
        "author": {
          "gitId": "benchan911"
        },
        "content": ""
      },
      {
        "lineNumber": 104,
        "author": {
          "gitId": "benchan911"
        },
        "content": "                case COMMAND_LIST_WORD: {"
      },
      {
        "lineNumber": 105,
        "author": {
          "gitId": "benchan911"
        },
        "content": "                    if (index \u003d\u003d 0){"
      },
      {
        "lineNumber": 106,
        "author": {
          "gitId": "benchan911"
        },
        "content": "                        System.out.print(\"Your list is empty! Try adding to the list first :)\");"
      },
      {
        "lineNumber": 107,
        "author": {
          "gitId": "benchan911"
        },
        "content": "                        break;"
      },
      {
        "lineNumber": 108,
        "author": {
          "gitId": "benchan911"
        },
        "content": "                    }"
      },
      {
        "lineNumber": 109,
        "author": {
          "gitId": "benchan911"
        },
        "content": ""
      },
      {
        "lineNumber": 110,
        "author": {
          "gitId": "benchan911"
        },
        "content": "                    System.out.print(\"Here are the tasks in your list:\");"
      },
      {
        "lineNumber": 111,
        "author": {
          "gitId": "benchan911"
        },
        "content": "                    for (int i \u003d 0 ; i \u003c index; i++){"
      },
      {
        "lineNumber": 112,
        "author": {
          "gitId": "benchan911"
        },
        "content": "                        System.out.print(\"\\n\" + (i+1) + \". \" + task[i].getStatusIcon()  + \"[\" + task[i].getType() + \"] \" + task[i].getDescription()  + task[i].getBy());"
      },
      {
        "lineNumber": 113,
        "author": {
          "gitId": "benchan911"
        },
        "content": "                    }"
      },
      {
        "lineNumber": 114,
        "author": {
          "gitId": "benchan911"
        },
        "content": "                    break;"
      },
      {
        "lineNumber": 115,
        "author": {
          "gitId": "-"
        },
        "content": "                }"
      },
      {
        "lineNumber": 116,
        "author": {
          "gitId": "benchan911"
        },
        "content": ""
      },
      {
        "lineNumber": 117,
        "author": {
          "gitId": "benchan911"
        },
        "content": "                case COMMAND_EXIT_WORD: {"
      },
      {
        "lineNumber": 118,
        "author": {
          "gitId": "benchan911"
        },
        "content": "                    run \u003d false;"
      },
      {
        "lineNumber": 119,
        "author": {
          "gitId": "benchan911"
        },
        "content": "                    exitProgram();"
      },
      {
        "lineNumber": 120,
        "author": {
          "gitId": "benchan911"
        },
        "content": "                    break;"
      },
      {
        "lineNumber": 121,
        "author": {
          "gitId": "benchan911"
        },
        "content": "                }"
      },
      {
        "lineNumber": 122,
        "author": {
          "gitId": "benchan911"
        },
        "content": "                default: {"
      },
      {
        "lineNumber": 123,
        "author": {
          "gitId": "benchan911"
        },
        "content": "                    System.out.println(\"INVALID\");"
      },
      {
        "lineNumber": 124,
        "author": {
          "gitId": "benchan911"
        },
        "content": "                    break;"
      },
      {
        "lineNumber": 125,
        "author": {
          "gitId": "benchan911"
        },
        "content": "                }"
      },
      {
        "lineNumber": 126,
        "author": {
          "gitId": "benchan911"
        },
        "content": "            }"
      },
      {
        "lineNumber": 127,
        "author": {
          "gitId": "benchan911"
        },
        "content": "            displayLineDivider();"
      },
      {
        "lineNumber": 128,
        "author": {
          "gitId": "benchan911"
        },
        "content": "        }"
      },
      {
        "lineNumber": 129,
        "author": {
          "gitId": "-"
        },
        "content": "    }"
      },
      {
        "lineNumber": 130,
        "author": {
          "gitId": "-"
        },
        "content": "}"
      }
    ],
    "authorContributionMap": {
      "benchan911": 125,
      "-": 5
    }
  },
  {
    "path": "src/main/java/Task.java",
    "fileType": "java",
    "lines": [
      {
        "lineNumber": 1,
        "author": {
          "gitId": "benchan911"
        },
        "content": "public class Task {"
      },
      {
        "lineNumber": 2,
        "author": {
          "gitId": "benchan911"
        },
        "content": ""
      },
      {
        "lineNumber": 3,
        "author": {
          "gitId": "benchan911"
        },
        "content": "    protected boolean isDone;"
      },
      {
        "lineNumber": 4,
        "author": {
          "gitId": "benchan911"
        },
        "content": "    protected String type;"
      },
      {
        "lineNumber": 5,
        "author": {
          "gitId": "benchan911"
        },
        "content": "    protected String description;"
      },
      {
        "lineNumber": 6,
        "author": {
          "gitId": "benchan911"
        },
        "content": "    protected String by;"
      },
      {
        "lineNumber": 7,
        "author": {
          "gitId": "benchan911"
        },
        "content": ""
      },
      {
        "lineNumber": 8,
        "author": {
          "gitId": "benchan911"
        },
        "content": ""
      },
      {
        "lineNumber": 9,
        "author": {
          "gitId": "benchan911"
        },
        "content": "    public Task(String description, String type) {"
      },
      {
        "lineNumber": 10,
        "author": {
          "gitId": "benchan911"
        },
        "content": "        this.description \u003d description;"
      },
      {
        "lineNumber": 11,
        "author": {
          "gitId": "benchan911"
        },
        "content": "        this.type \u003d type;"
      },
      {
        "lineNumber": 12,
        "author": {
          "gitId": "benchan911"
        },
        "content": "        this.isDone \u003d false;"
      },
      {
        "lineNumber": 13,
        "author": {
          "gitId": "benchan911"
        },
        "content": "        this.by \u003d \"\";"
      },
      {
        "lineNumber": 14,
        "author": {
          "gitId": "benchan911"
        },
        "content": "    }"
      },
      {
        "lineNumber": 15,
        "author": {
          "gitId": "benchan911"
        },
        "content": ""
      },
      {
        "lineNumber": 16,
        "author": {
          "gitId": "benchan911"
        },
        "content": "    public String getDescription() { return description; }"
      },
      {
        "lineNumber": 17,
        "author": {
          "gitId": "benchan911"
        },
        "content": ""
      },
      {
        "lineNumber": 18,
        "author": {
          "gitId": "benchan911"
        },
        "content": "    public String getBy(){ return by; }"
      },
      {
        "lineNumber": 19,
        "author": {
          "gitId": "benchan911"
        },
        "content": ""
      },
      {
        "lineNumber": 20,
        "author": {
          "gitId": "benchan911"
        },
        "content": "    public String getType(){ return type; }"
      },
      {
        "lineNumber": 21,
        "author": {
          "gitId": "benchan911"
        },
        "content": ""
      },
      {
        "lineNumber": 22,
        "author": {
          "gitId": "benchan911"
        },
        "content": "    public void markDone(){ this.isDone \u003d true; }"
      },
      {
        "lineNumber": 23,
        "author": {
          "gitId": "benchan911"
        },
        "content": ""
      },
      {
        "lineNumber": 24,
        "author": {
          "gitId": "benchan911"
        },
        "content": "    public void setBy(String by){ this.by \u003d \"  (\" + by + \")\"; }"
      },
      {
        "lineNumber": 25,
        "author": {
          "gitId": "benchan911"
        },
        "content": ""
      },
      {
        "lineNumber": 26,
        "author": {
          "gitId": "benchan911"
        },
        "content": "    public String getStatusIcon() {"
      },
      {
        "lineNumber": 27,
        "author": {
          "gitId": "benchan911"
        },
        "content": "//        return (isDone ? \"\\u2713\" : \"\\u2718\"); //return tick or X symbols"
      },
      {
        "lineNumber": 28,
        "author": {
          "gitId": "benchan911"
        },
        "content": "        return (isDone ? \"[Y]\" : \"[N]\"); //return tick or X symbols"
      },
      {
        "lineNumber": 29,
        "author": {
          "gitId": "benchan911"
        },
        "content": "    }"
      },
      {
        "lineNumber": 30,
        "author": {
          "gitId": "benchan911"
        },
        "content": ""
      },
      {
        "lineNumber": 31,
        "author": {
          "gitId": "benchan911"
        },
        "content": "}"
      }
    ],
    "authorContributionMap": {
      "benchan911": 31
    }
  }
]
