{
  "authorDailyContributionsMap": {
    "benchan911": [
      {
        "insertions": 120,
        "deletions": 8,
        "date": "2020-01-28",
        "commitResults": [
          {
            "hash": "2c14e9ab25eb48ca17a04e110dae6d69be69ec89",
            "messageTitle": "Level 1. Greet, Echo, Exit Implement a skeletal version of Duke that starts by greeting the user, simply echos commands entered by the user, and exits when the user types bye.",
            "messageBody": "",
            "tags": [
              "Level-1",
              "Level-0"
            ],
            "insertions": 101,
            "deletions": 6
          },
          {
            "hash": "2b74c2a44e7207c5c84f64a6ed1f19b3ff2dc1d7",
            "messageTitle": "Level 2. Add, List Add the ability to store whatever text entered by the user and display them back to the user when requested.",
            "messageBody": "",
            "tags": [
              "Level-2"
            ],
            "insertions": 19,
            "deletions": 2
          }
        ]
      },
      {
        "insertions": 97,
        "deletions": 17,
        "date": "2020-01-29",
        "commitResults": [
          {
            "hash": "28551c73087f084bde169942413a1e4fb611042f",
            "messageTitle": "Level 3. Mark as Done Add the ability to mark tasks as done.",
            "messageBody": "",
            "tags": [
              "Level-3"
            ],
            "insertions": 97,
            "deletions": 17
          }
        ]
      },
      {
        "insertions": 219,
        "deletions": 161,
        "date": "2020-02-04",
        "commitResults": [
          {
            "hash": "6b1a939dc6adcf9868b33d63499e1fa3979cd73c",
            "messageTitle": "Level 4. ToDos, Events, Deadlines Add support for tracking three types of tasks:",
            "messageBody": "ToDos: tasks without any date/time attached to it e.g., visit new theme park\nDeadlines: tasks that need to be done before a specific date/time e.g., submit report by 11/10/2019 5pm\nEvents: tasks that start at a specific time and ends at a specific time e.g., team project meeting on 2/10/2019 2-4pm\n",
            "tags": [
              "Level-4",
              "A-CodingStandard"
            ],
            "insertions": 121,
            "deletions": 78
          },
          {
            "hash": "d91f6bc66e811abe6908a3f8af4cb399b8892e0f",
            "messageTitle": "Level 4. ToDos, Events, Deadlines",
            "messageBody": "1. Change the userCommand to read in 1 line instead of multiple lines\n2. Added E.D.I.T.H Logo\n3. Clean up Code\n",
            "insertions": 98,
            "deletions": 83
          }
        ]
      },
      {
        "insertions": 164,
        "deletions": 0,
        "date": "2020-02-05",
        "commitResults": [
          {
            "hash": "d275d04eb04562549123064a87bbf30de2910d32",
            "messageTitle": "A-TextUiTesting",
            "messageBody": "",
            "tags": [
              "A-TextUiTesting"
            ],
            "insertions": 164,
            "deletions": 0
          },
          {
            "hash": "44cd903aaf86dd245ba10e340cacea6395f408ad",
            "messageTitle": "Refactoring",
            "messageBody": "Addition of Todo class to handle Todo type tasks\n",
            "tags": [
              "A-CodeQuality"
            ],
            "insertions": 0,
            "deletions": 0
          }
        ]
      },
      {
        "insertions": 231,
        "deletions": 45,
        "date": "2020-02-07",
        "commitResults": [
          {
            "hash": "73b63914b6f32456d316d996d9fe0b3c2fc9c7c0",
            "messageTitle": "Improve Code Quality",
            "messageBody": "",
            "tags": [
              "A-Inheritance"
            ],
            "insertions": 113,
            "deletions": 43
          },
          {
            "hash": "58fd7a8b73f9f10b55f5e0da4230af6a6940cc7a",
            "messageTitle": "Level 5. Handle Errors",
            "messageBody": "Teach Duke to deal with errors such as incorrect inputs entered by the user.\n",
            "tags": [
              "branch-Level-5",
              "Level-5"
            ],
            "insertions": 99,
            "deletions": 1
          },
          {
            "hash": "2062c526d776327c212e3eb25988be7aa7196e13",
            "messageTitle": "Help Function",
            "messageBody": "Inserting a help function to navigate through Duke\n",
            "insertions": 19,
            "deletions": 1
          }
        ]
      },
      {
        "insertions": 346,
        "deletions": 207,
        "date": "2020-02-19",
        "commitResults": [
          {
            "hash": "19df7b149b8391efb58ae53144492b24ba19e3a6",
            "messageTitle": "Revert to before Level 6",
            "messageBody": "",
            "insertions": 36,
            "deletions": 24
          },
          {
            "hash": "86f487ef438c2d663d16a0146ac02884d835cfd1",
            "messageTitle": "Fix Code for Ajar",
            "messageBody": "",
            "tags": [
              "Level-6",
              "A-jar"
            ],
            "insertions": 273,
            "deletions": 179
          },
          {
            "hash": "f5320868f3a658e2a333031421300ddfaceb7386",
            "messageTitle": "Update Feature SaveFile",
            "messageBody": "",
            "tags": [
              "Level-7"
            ],
            "insertions": 37,
            "deletions": 4
          }
        ]
      },
      {
        "insertions": 407,
        "deletions": 333,
        "date": "2020-02-21",
        "commitResults": [
          {
            "hash": "919de7fed0ab1609b231bb6a91caac6095e56566",
            "messageTitle": "[Update] Save-file improved. If data/output.txt not found, create new txt file",
            "messageBody": "",
            "insertions": 387,
            "deletions": 1
          },
          {
            "hash": "a463e8fa6169810b2a0b5f06ad098577b5ff3a5b",
            "messageTitle": "[Update] Level 6. Delete",
            "messageBody": "",
            "insertions": 11,
            "deletions": 2
          },
          {
            "hash": "0f83c83ce296395b9dc31e74a4f6349dad3f635c",
            "messageTitle": "Remove command added",
            "messageBody": "",
            "insertions": 3,
            "deletions": 0
          },
          {
            "hash": "d6beaed2c081099562570b894ce884fae2171e68",
            "messageTitle": "[Update] Refactoring",
            "messageBody": "",
            "insertions": 4,
            "deletions": 0
          },
          {
            "hash": "960211700b0f043725dd15d01465717be2a35359",
            "messageTitle": "[Update] branch-Level-6 merge",
            "messageBody": "",
            "insertions": 1,
            "deletions": 1
          },
          {
            "hash": "c2eb2a8065fea1543b602700928257b960417f22",
            "messageTitle": "Revert \"[Update] branch-Level-6 merge\"",
            "messageBody": "This reverts commit 960211700b0f043725dd15d01465717be2a35359.\n",
            "insertions": 1,
            "deletions": 1
          },
          {
            "hash": "78fb8a6962b88533f7cbd65dbbe861985ee3b1b9",
            "messageTitle": "[Update] Remove unnecessary java files",
            "messageBody": "",
            "insertions": 0,
            "deletions": 328
          }
        ]
      },
      {
        "insertions": 348,
        "deletions": 353,
        "date": "2020-02-22",
        "commitResults": [
          {
            "hash": "a75ca95973e838704943ea57cc807bbf1f6eba7e",
            "messageTitle": "[Update] Refactoring",
            "messageBody": "Added another directory Library to store Dictionary \u0026 Features\n",
            "insertions": 332,
            "deletions": 348
          },
          {
            "hash": "706206aae7999ac30afc6da78543c5d665370365",
            "messageTitle": "[Update] Merge Branch-Level-5",
            "messageBody": "",
            "insertions": 2,
            "deletions": 1
          },
          {
            "hash": "cf95caa724b67d0a9f0e7de07118477f2c04bf72",
            "messageTitle": "[Update] Duke Exception Level 5",
            "messageBody": "",
            "insertions": 4,
            "deletions": 0
          },
          {
            "hash": "bd5a2a55a2c9d5ada4b1686d0d333cc00fc6da48",
            "messageTitle": "[Update] Duke Exception",
            "messageBody": "",
            "tags": [
              "A-Exception"
            ],
            "insertions": 1,
            "deletions": 1
          },
          {
            "hash": "06a0483ba48818198b9395ae57cddb8617f14187",
            "messageTitle": "[Update] More OOP",
            "messageBody": "",
            "tags": [
              "A-MoreOOP"
            ],
            "insertions": 9,
            "deletions": 3
          }
        ]
      },
      {
        "insertions": 18,
        "deletions": 36,
        "date": "2020-02-23",
        "commitResults": [
          {
            "hash": "945dc82950e6eb8a776f23e5d99d92e7e04fd0bc",
            "messageTitle": "[Update] Error Message Included",
            "messageBody": "",
            "insertions": 18,
            "deletions": 36
          }
        ]
      },
      {
        "insertions": 535,
        "deletions": 316,
        "date": "2020-02-25",
        "commitResults": [
          {
            "hash": "d9307f956a09b0388f46049b9a62db43807b962a",
            "messageTitle": "[Update] More OOP",
            "messageBody": "",
            "insertions": 58,
            "deletions": 243
          },
          {
            "hash": "b7566b433296d7492d2491944bf3c815a8c54891",
            "messageTitle": "[Update] More OOP, Commands",
            "messageBody": "",
            "insertions": 475,
            "deletions": 32
          },
          {
            "hash": "3388a272b5fde4eef2fe96849aa06cf885af3e8b",
            "messageTitle": "[Update] Remove unnecessary files",
            "messageBody": "",
            "insertions": 1,
            "deletions": 40
          },
          {
            "hash": "57b073994a7d006049000f5822b9e15150d755ff",
            "messageTitle": "[Update] Mistake resolved in FILE PATH",
            "messageBody": "",
            "insertions": 1,
            "deletions": 1
          }
        ]
      },
      {
        "insertions": 55,
        "deletions": 162,
        "date": "2020-02-27",
        "commitResults": [
          {
            "hash": "d5e431aafa0a2519589bfd279d70d69a35fb1953",
            "messageTitle": "[Update] More OOP - Added TaskList",
            "messageBody": "",
            "insertions": 55,
            "deletions": 162
          }
        ]
      }
    ]
  },
  "authorFinalContributionMap": {
    "benchan911": 911
  },
  "authorFileTypeContributionMap": {
    "benchan911": {
      "java": 663,
      "md": 0,
      "fxml": 0,
      "sh": 0,
      "bat": 106,
      "gradle": 0,
      "txt": 142
    }
  },
  "authorContributionVariance": {
    "benchan911": 43834.707
  },
  "authorDisplayNameMap": {
    "benchan911": "CS2113T-T12-4 CHAN..AMIN"
  }
}
