{
  "authorDailyContributionsMap": {
    "benchan911": [
      {
        "insertions": 120,
        "deletions": 8,
        "date": "2020-01-28",
        "commitResults": [
          {
            "hash": "2c14e9ab25eb48ca17a04e110dae6d69be69ec89",
            "messageTitle": "Level 1. Greet, Echo, Exit Implement a skeletal version of Duke that starts by greeting the user, simply echos commands entered by the user, and exits when the user types bye.",
            "messageBody": "",
            "insertions": 101,
            "deletions": 6
          },
          {
            "hash": "2b74c2a44e7207c5c84f64a6ed1f19b3ff2dc1d7",
            "messageTitle": "Level 2. Add, List Add the ability to store whatever text entered by the user and display them back to the user when requested.",
            "messageBody": "",
            "insertions": 19,
            "deletions": 2
          }
        ]
      },
      {
        "insertions": 97,
        "deletions": 17,
        "date": "2020-01-29",
        "commitResults": [
          {
            "hash": "28551c73087f084bde169942413a1e4fb611042f",
            "messageTitle": "Level 3. Mark as Done Add the ability to mark tasks as done.",
            "messageBody": "",
            "insertions": 97,
            "deletions": 17
          }
        ]
      }
    ]
  },
  "authorFinalContributionMap": {
    "benchan911": 198
  },
  "authorFileTypeContributionMap": {
    "benchan911": {
      "java": 114,
      "md": 0,
      "fxml": 0,
      "sh": 0,
      "bat": 84,
      "gradle": 0,
      "txt": 0
    }
  },
  "authorContributionVariance": {
    "benchan911": 1525.5918
  },
  "authorDisplayNameMap": {
    "benchan911": "CHAN..AMIN"
  }
}
