{
  "authorDailyContributionsMap": {
    "benchan911": [
      {
        "insertions": 120,
        "deletions": 8,
        "date": "2020-01-28",
        "commitResults": [
          {
            "hash": "2c14e9ab25eb48ca17a04e110dae6d69be69ec89",
            "messageTitle": "Level 1. Greet, Echo, Exit Implement a skeletal version of Duke that starts by greeting the user, simply echos commands entered by the user, and exits when the user types bye.",
            "messageBody": "",
            "insertions": 101,
            "deletions": 6
          },
          {
            "hash": "2b74c2a44e7207c5c84f64a6ed1f19b3ff2dc1d7",
            "messageTitle": "Level 2. Add, List Add the ability to store whatever text entered by the user and display them back to the user when requested.",
            "messageBody": "",
            "insertions": 19,
            "deletions": 2
          }
        ]
      },
      {
        "insertions": 97,
        "deletions": 17,
        "date": "2020-01-29",
        "commitResults": [
          {
            "hash": "28551c73087f084bde169942413a1e4fb611042f",
            "messageTitle": "Level 3. Mark as Done Add the ability to mark tasks as done.",
            "messageBody": "",
            "insertions": 97,
            "deletions": 17
          }
        ]
      },
      {
        "insertions": 121,
        "deletions": 78,
        "date": "2020-02-04",
        "commitResults": [
          {
            "hash": "6b1a939dc6adcf9868b33d63499e1fa3979cd73c",
            "messageTitle": "Level 4. ToDos, Events, Deadlines Add support for tracking three types of tasks:",
            "messageBody": "ToDos: tasks without any date/time attached to it e.g., visit new theme park\nDeadlines: tasks that need to be done before a specific date/time e.g., submit report by 11/10/2019 5pm\nEvents: tasks that start at a specific time and ends at a specific time e.g., team project meeting on 2/10/2019 2-4pm\n",
            "insertions": 121,
            "deletions": 78
          }
        ]
      }
    ]
  },
  "authorFinalContributionMap": {
    "benchan911": 240
  },
  "authorFileTypeContributionMap": {
    "benchan911": {
      "java": 156,
      "md": 0,
      "fxml": 0,
      "sh": 0,
      "bat": 84,
      "gradle": 0,
      "txt": 0
    }
  },
  "authorContributionVariance": {
    "benchan911": 2631.535
  },
  "authorDisplayNameMap": {
    "benchan911": "CS2113T-T12-4 CHAN..AMIN"
  }
}
