{
  "authorDailyContributionsMap": {
    "benchan911": [
      {
        "insertions": 120,
        "deletions": 8,
        "date": "2020-01-28",
        "commitResults": [
          {
            "hash": "2c14e9ab25eb48ca17a04e110dae6d69be69ec89",
            "messageTitle": "Level 1. Greet, Echo, Exit Implement a skeletal version of Duke that starts by greeting the user, simply echos commands entered by the user, and exits when the user types bye.",
            "messageBody": "",
            "tags": [
              "Level-1",
              "Level-0"
            ],
            "insertions": 101,
            "deletions": 6
          },
          {
            "hash": "2b74c2a44e7207c5c84f64a6ed1f19b3ff2dc1d7",
            "messageTitle": "Level 2. Add, List Add the ability to store whatever text entered by the user and display them back to the user when requested.",
            "messageBody": "",
            "tags": [
              "Level-2"
            ],
            "insertions": 19,
            "deletions": 2
          }
        ]
      },
      {
        "insertions": 97,
        "deletions": 17,
        "date": "2020-01-29",
        "commitResults": [
          {
            "hash": "28551c73087f084bde169942413a1e4fb611042f",
            "messageTitle": "Level 3. Mark as Done Add the ability to mark tasks as done.",
            "messageBody": "",
            "tags": [
              "Level-3"
            ],
            "insertions": 97,
            "deletions": 17
          }
        ]
      },
      {
        "insertions": 219,
        "deletions": 161,
        "date": "2020-02-04",
        "commitResults": [
          {
            "hash": "6b1a939dc6adcf9868b33d63499e1fa3979cd73c",
            "messageTitle": "Level 4. ToDos, Events, Deadlines Add support for tracking three types of tasks:",
            "messageBody": "ToDos: tasks without any date/time attached to it e.g., visit new theme park\nDeadlines: tasks that need to be done before a specific date/time e.g., submit report by 11/10/2019 5pm\nEvents: tasks that start at a specific time and ends at a specific time e.g., team project meeting on 2/10/2019 2-4pm\n",
            "tags": [
              "Level-4",
              "A-CodingStandard"
            ],
            "insertions": 121,
            "deletions": 78
          },
          {
            "hash": "d91f6bc66e811abe6908a3f8af4cb399b8892e0f",
            "messageTitle": "Level 4. ToDos, Events, Deadlines",
            "messageBody": "1. Change the userCommand to read in 1 line instead of multiple lines\n2. Added E.D.I.T.H Logo\n3. Clean up Code\n",
            "insertions": 98,
            "deletions": 83
          }
        ]
      },
      {
        "insertions": 164,
        "deletions": 0,
        "date": "2020-02-05",
        "commitResults": [
          {
            "hash": "d275d04eb04562549123064a87bbf30de2910d32",
            "messageTitle": "A-TextUiTesting",
            "messageBody": "",
            "tags": [
              "A-TextUiTesting"
            ],
            "insertions": 164,
            "deletions": 0
          },
          {
            "hash": "44cd903aaf86dd245ba10e340cacea6395f408ad",
            "messageTitle": "Refactoring",
            "messageBody": "Addition of Todo class to handle Todo type tasks\n",
            "tags": [
              "A-CodeQuality"
            ],
            "insertions": 0,
            "deletions": 0
          }
        ]
      },
      {
        "insertions": 231,
        "deletions": 45,
        "date": "2020-02-07",
        "commitResults": [
          {
            "hash": "73b63914b6f32456d316d996d9fe0b3c2fc9c7c0",
            "messageTitle": "Improve Code Quality",
            "messageBody": "",
            "tags": [
              "A-Inheritance"
            ],
            "insertions": 113,
            "deletions": 43
          },
          {
            "hash": "58fd7a8b73f9f10b55f5e0da4230af6a6940cc7a",
            "messageTitle": "Level 5. Handle Errors",
            "messageBody": "Teach Duke to deal with errors such as incorrect inputs entered by the user.\n",
            "tags": [
              "branch-Level-5",
              "Level-5"
            ],
            "insertions": 99,
            "deletions": 1
          },
          {
            "hash": "2062c526d776327c212e3eb25988be7aa7196e13",
            "messageTitle": "Help Function",
            "messageBody": "Inserting a help function to navigate through Duke\n",
            "insertions": 19,
            "deletions": 1
          }
        ]
      },
      {
        "insertions": 309,
        "deletions": 203,
        "date": "2020-02-19",
        "commitResults": [
          {
            "hash": "19df7b149b8391efb58ae53144492b24ba19e3a6",
            "messageTitle": "Revert to before Level 6",
            "messageBody": "",
            "insertions": 36,
            "deletions": 24
          },
          {
            "hash": "86f487ef438c2d663d16a0146ac02884d835cfd1",
            "messageTitle": "Fix Code for Ajar",
            "messageBody": "",
            "tags": [
              "Level-6",
              "A-jar"
            ],
            "insertions": 273,
            "deletions": 179
          }
        ]
      }
    ]
  },
  "authorFinalContributionMap": {
    "benchan911": 713
  },
  "authorFileTypeContributionMap": {
    "benchan911": {
      "java": 401,
      "md": 0,
      "fxml": 0,
      "sh": 0,
      "bat": 105,
      "gradle": 0,
      "txt": 207
    }
  },
  "authorContributionVariance": {
    "benchan911": 12468.401
  },
  "authorDisplayNameMap": {
    "benchan911": "CS2113T-T12-4 CHAN..AMIN"
  }
}
