[
  {
    "path": "src/main/java/Deadline.java",
    "fileType": "java",
    "lines": [
      {
        "lineNumber": 1,
        "author": {
          "gitId": "siuhian"
        },
        "content": "public class Deadline extends Task {"
      },
      {
        "lineNumber": 2,
        "author": {
          "gitId": "siuhian"
        },
        "content": "    protected String dueDate;"
      },
      {
        "lineNumber": 3,
        "author": {
          "gitId": "siuhian"
        },
        "content": ""
      },
      {
        "lineNumber": 4,
        "author": {
          "gitId": "siuhian"
        },
        "content": "    public Deadline(String description, String dueDate) {"
      },
      {
        "lineNumber": 5,
        "author": {
          "gitId": "siuhian"
        },
        "content": "        super(description);"
      },
      {
        "lineNumber": 6,
        "author": {
          "gitId": "siuhian"
        },
        "content": "        this.dueDate \u003d dueDate;"
      },
      {
        "lineNumber": 7,
        "author": {
          "gitId": "siuhian"
        },
        "content": "    }"
      },
      {
        "lineNumber": 8,
        "author": {
          "gitId": "siuhian"
        },
        "content": ""
      },
      {
        "lineNumber": 9,
        "author": {
          "gitId": "siuhian"
        },
        "content": "    @Override"
      },
      {
        "lineNumber": 10,
        "author": {
          "gitId": "siuhian"
        },
        "content": "    public String getDescription() {"
      },
      {
        "lineNumber": 11,
        "author": {
          "gitId": "siuhian"
        },
        "content": "        return description + \" (by: \" + dueDate + \")\";"
      },
      {
        "lineNumber": 12,
        "author": {
          "gitId": "siuhian"
        },
        "content": "    }"
      },
      {
        "lineNumber": 13,
        "author": {
          "gitId": "siuhian"
        },
        "content": ""
      },
      {
        "lineNumber": 14,
        "author": {
          "gitId": "siuhian"
        },
        "content": "    @Override"
      },
      {
        "lineNumber": 15,
        "author": {
          "gitId": "siuhian"
        },
        "content": "    public String getTypeIcon() {"
      },
      {
        "lineNumber": 16,
        "author": {
          "gitId": "siuhian"
        },
        "content": "        return \"[D]\";"
      },
      {
        "lineNumber": 17,
        "author": {
          "gitId": "siuhian"
        },
        "content": "    }"
      },
      {
        "lineNumber": 18,
        "author": {
          "gitId": "siuhian"
        },
        "content": ""
      },
      {
        "lineNumber": 19,
        "author": {
          "gitId": "siuhian"
        },
        "content": "}"
      }
    ],
    "authorContributionMap": {
      "siuhian": 19
    }
  },
  {
    "path": "src/main/java/Duke.java",
    "fileType": "java",
    "lines": [
      {
        "lineNumber": 1,
        "author": {
          "gitId": "siuhian"
        },
        "content": "import java.util.Scanner;"
      },
      {
        "lineNumber": 2,
        "author": {
          "gitId": "siuhian"
        },
        "content": ""
      },
      {
        "lineNumber": 3,
        "author": {
          "gitId": "-"
        },
        "content": "public class Duke {"
      },
      {
        "lineNumber": 4,
        "author": {
          "gitId": "siuhian"
        },
        "content": "    private static int counter \u003d 0;"
      },
      {
        "lineNumber": 5,
        "author": {
          "gitId": "siuhian"
        },
        "content": "    private static Task[] listOfTasks \u003d  new Task[100];"
      },
      {
        "lineNumber": 6,
        "author": {
          "gitId": "siuhian"
        },
        "content": "    private static final String logo \u003d \"  ____        _        \\n\""
      },
      {
        "lineNumber": 7,
        "author": {
          "gitId": "siuhian"
        },
        "content": "                                 + \" |  _ \\\\ _   _| | _____ \\n\""
      },
      {
        "lineNumber": 8,
        "author": {
          "gitId": "siuhian"
        },
        "content": "                                 + \" | | | | | | | |/ / _ \\\\\\n\""
      },
      {
        "lineNumber": 9,
        "author": {
          "gitId": "siuhian"
        },
        "content": "                                 + \" | |_| | |_| |   \u003c  __/\\n\""
      },
      {
        "lineNumber": 10,
        "author": {
          "gitId": "siuhian"
        },
        "content": "                                 + \" |____/ \\\\__,_|_|\\\\_\\\\___|\\n\";"
      },
      {
        "lineNumber": 11,
        "author": {
          "gitId": "siuhian"
        },
        "content": ""
      },
      {
        "lineNumber": 12,
        "author": {
          "gitId": "-"
        },
        "content": "    public static void main(String[] args) {"
      },
      {
        "lineNumber": 13,
        "author": {
          "gitId": "siuhian"
        },
        "content": "        showWelcomeMessage();"
      },
      {
        "lineNumber": 14,
        "author": {
          "gitId": "siuhian"
        },
        "content": "        run();"
      },
      {
        "lineNumber": 15,
        "author": {
          "gitId": "siuhian"
        },
        "content": "    }"
      },
      {
        "lineNumber": 16,
        "author": {
          "gitId": "siuhian"
        },
        "content": ""
      },
      {
        "lineNumber": 17,
        "author": {
          "gitId": "siuhian"
        },
        "content": "    private static void showWelcomeMessage() {"
      },
      {
        "lineNumber": 18,
        "author": {
          "gitId": "siuhian"
        },
        "content": "        printLine();"
      },
      {
        "lineNumber": 19,
        "author": {
          "gitId": "siuhian"
        },
        "content": "        System.out.println(logo);"
      },
      {
        "lineNumber": 20,
        "author": {
          "gitId": "siuhian"
        },
        "content": "        System.out.println(\" Hello! I\u0027m Duke\");"
      },
      {
        "lineNumber": 21,
        "author": {
          "gitId": "siuhian"
        },
        "content": "        System.out.println(\" What can I do for you?\");"
      },
      {
        "lineNumber": 22,
        "author": {
          "gitId": "siuhian"
        },
        "content": "        printLine();"
      },
      {
        "lineNumber": 23,
        "author": {
          "gitId": "siuhian"
        },
        "content": "    }"
      },
      {
        "lineNumber": 24,
        "author": {
          "gitId": "siuhian"
        },
        "content": ""
      },
      {
        "lineNumber": 25,
        "author": {
          "gitId": "siuhian"
        },
        "content": "    private static void printLine() {"
      },
      {
        "lineNumber": 26,
        "author": {
          "gitId": "siuhian"
        },
        "content": "        for (int i \u003d 0; i \u003c 60; i +\u003d 1) {"
      },
      {
        "lineNumber": 27,
        "author": {
          "gitId": "siuhian"
        },
        "content": "            System.out.print(\"_\");"
      },
      {
        "lineNumber": 28,
        "author": {
          "gitId": "siuhian"
        },
        "content": "        }"
      },
      {
        "lineNumber": 29,
        "author": {
          "gitId": "siuhian"
        },
        "content": "        System.out.println();"
      },
      {
        "lineNumber": 30,
        "author": {
          "gitId": "siuhian"
        },
        "content": "    }"
      },
      {
        "lineNumber": 31,
        "author": {
          "gitId": "siuhian"
        },
        "content": ""
      },
      {
        "lineNumber": 32,
        "author": {
          "gitId": "siuhian"
        },
        "content": "    private static String getInput() {"
      },
      {
        "lineNumber": 33,
        "author": {
          "gitId": "siuhian"
        },
        "content": "        String line;"
      },
      {
        "lineNumber": 34,
        "author": {
          "gitId": "siuhian"
        },
        "content": "        Scanner in \u003d new Scanner(System.in);"
      },
      {
        "lineNumber": 35,
        "author": {
          "gitId": "siuhian"
        },
        "content": "        line \u003d in.nextLine();"
      },
      {
        "lineNumber": 36,
        "author": {
          "gitId": "siuhian"
        },
        "content": "        return line;"
      },
      {
        "lineNumber": 37,
        "author": {
          "gitId": "siuhian"
        },
        "content": "    }"
      },
      {
        "lineNumber": 38,
        "author": {
          "gitId": "siuhian"
        },
        "content": ""
      },
      {
        "lineNumber": 39,
        "author": {
          "gitId": "siuhian"
        },
        "content": "    private static String getCommand(String line) {"
      },
      {
        "lineNumber": 40,
        "author": {
          "gitId": "siuhian"
        },
        "content": "        int dividerPosition \u003d line.indexOf(\" \");"
      },
      {
        "lineNumber": 41,
        "author": {
          "gitId": "siuhian"
        },
        "content": "        if (dividerPosition !\u003d -1) {"
      },
      {
        "lineNumber": 42,
        "author": {
          "gitId": "siuhian"
        },
        "content": "            return line.substring(0, dividerPosition);"
      },
      {
        "lineNumber": 43,
        "author": {
          "gitId": "siuhian"
        },
        "content": "        } else {"
      },
      {
        "lineNumber": 44,
        "author": {
          "gitId": "siuhian"
        },
        "content": "            return line;"
      },
      {
        "lineNumber": 45,
        "author": {
          "gitId": "siuhian"
        },
        "content": "        }"
      },
      {
        "lineNumber": 46,
        "author": {
          "gitId": "siuhian"
        },
        "content": "    }"
      },
      {
        "lineNumber": 47,
        "author": {
          "gitId": "siuhian"
        },
        "content": ""
      },
      {
        "lineNumber": 48,
        "author": {
          "gitId": "siuhian"
        },
        "content": "    public static void exitFromApp() {"
      },
      {
        "lineNumber": 49,
        "author": {
          "gitId": "siuhian"
        },
        "content": "        printLine();"
      },
      {
        "lineNumber": 50,
        "author": {
          "gitId": "siuhian"
        },
        "content": "        System.out.println(\" Bye. Hope to see you again soon!\");"
      },
      {
        "lineNumber": 51,
        "author": {
          "gitId": "siuhian"
        },
        "content": "        printLine();"
      },
      {
        "lineNumber": 52,
        "author": {
          "gitId": "siuhian"
        },
        "content": "        System.exit(0);"
      },
      {
        "lineNumber": 53,
        "author": {
          "gitId": "siuhian"
        },
        "content": "    }"
      },
      {
        "lineNumber": 54,
        "author": {
          "gitId": "siuhian"
        },
        "content": ""
      },
      {
        "lineNumber": 55,
        "author": {
          "gitId": "siuhian"
        },
        "content": "    public static String getTaskInformation(String line) {"
      },
      {
        "lineNumber": 56,
        "author": {
          "gitId": "siuhian"
        },
        "content": "        int dividerPosition \u003d line.indexOf(\" \");"
      },
      {
        "lineNumber": 57,
        "author": {
          "gitId": "siuhian"
        },
        "content": "        return line.substring(dividerPosition+1);"
      },
      {
        "lineNumber": 58,
        "author": {
          "gitId": "siuhian"
        },
        "content": "    }"
      },
      {
        "lineNumber": 59,
        "author": {
          "gitId": "siuhian"
        },
        "content": ""
      },
      {
        "lineNumber": 60,
        "author": {
          "gitId": "siuhian"
        },
        "content": "    private static void run() {"
      },
      {
        "lineNumber": 61,
        "author": {
          "gitId": "siuhian"
        },
        "content": "        while (true) {"
      },
      {
        "lineNumber": 62,
        "author": {
          "gitId": "siuhian"
        },
        "content": "            String line \u003d getInput();"
      },
      {
        "lineNumber": 63,
        "author": {
          "gitId": "siuhian"
        },
        "content": "            String command \u003d getCommand(line);"
      },
      {
        "lineNumber": 64,
        "author": {
          "gitId": "siuhian"
        },
        "content": "            switch (command) {"
      },
      {
        "lineNumber": 65,
        "author": {
          "gitId": "siuhian"
        },
        "content": "            case \"bye\":"
      },
      {
        "lineNumber": 66,
        "author": {
          "gitId": "siuhian"
        },
        "content": "                exitFromApp();"
      },
      {
        "lineNumber": 67,
        "author": {
          "gitId": "siuhian"
        },
        "content": "                break;"
      },
      {
        "lineNumber": 68,
        "author": {
          "gitId": "siuhian"
        },
        "content": "            case \"list\":"
      },
      {
        "lineNumber": 69,
        "author": {
          "gitId": "siuhian"
        },
        "content": "                listAllTasks();"
      },
      {
        "lineNumber": 70,
        "author": {
          "gitId": "siuhian"
        },
        "content": "                break;"
      },
      {
        "lineNumber": 71,
        "author": {
          "gitId": "siuhian"
        },
        "content": "            case \"done\":"
      },
      {
        "lineNumber": 72,
        "author": {
          "gitId": "siuhian"
        },
        "content": "                markTaskAsDone(line);"
      },
      {
        "lineNumber": 73,
        "author": {
          "gitId": "siuhian"
        },
        "content": "                break;"
      },
      {
        "lineNumber": 74,
        "author": {
          "gitId": "siuhian"
        },
        "content": "            default:"
      },
      {
        "lineNumber": 75,
        "author": {
          "gitId": "siuhian"
        },
        "content": "                String taskInformation \u003d getTaskInformation(line);"
      },
      {
        "lineNumber": 76,
        "author": {
          "gitId": "siuhian"
        },
        "content": "                storeTaskIntoList(taskInformation, command);"
      },
      {
        "lineNumber": 77,
        "author": {
          "gitId": "siuhian"
        },
        "content": "                break;"
      },
      {
        "lineNumber": 78,
        "author": {
          "gitId": "siuhian"
        },
        "content": "            }"
      },
      {
        "lineNumber": 79,
        "author": {
          "gitId": "siuhian"
        },
        "content": "        }"
      },
      {
        "lineNumber": 80,
        "author": {
          "gitId": "siuhian"
        },
        "content": "    }"
      },
      {
        "lineNumber": 81,
        "author": {
          "gitId": "siuhian"
        },
        "content": ""
      },
      {
        "lineNumber": 82,
        "author": {
          "gitId": "siuhian"
        },
        "content": "    public static void storeTaskIntoList(String taskInformation, String separator, String command) {"
      },
      {
        "lineNumber": 83,
        "author": {
          "gitId": "siuhian"
        },
        "content": "        int dividerPosition \u003d taskInformation.indexOf(separator);"
      },
      {
        "lineNumber": 84,
        "author": {
          "gitId": "siuhian"
        },
        "content": "        String description \u003d taskInformation.substring(0, dividerPosition);"
      },
      {
        "lineNumber": 85,
        "author": {
          "gitId": "siuhian"
        },
        "content": "        String dateAndTime \u003d taskInformation.substring(dividerPosition+5);"
      },
      {
        "lineNumber": 86,
        "author": {
          "gitId": "siuhian"
        },
        "content": "        if (command.equals(\"deadline\")) {"
      },
      {
        "lineNumber": 87,
        "author": {
          "gitId": "siuhian"
        },
        "content": "            listOfTasks[counter] \u003d new Deadline(description, dateAndTime);"
      },
      {
        "lineNumber": 88,
        "author": {
          "gitId": "siuhian"
        },
        "content": "        } else if (command.equals(\"event\")) {"
      },
      {
        "lineNumber": 89,
        "author": {
          "gitId": "siuhian"
        },
        "content": "            listOfTasks[counter] \u003d new Event(description, dateAndTime);"
      },
      {
        "lineNumber": 90,
        "author": {
          "gitId": "-"
        },
        "content": "        }"
      },
      {
        "lineNumber": 91,
        "author": {
          "gitId": "siuhian"
        },
        "content": ""
      },
      {
        "lineNumber": 92,
        "author": {
          "gitId": "siuhian"
        },
        "content": "    }"
      },
      {
        "lineNumber": 93,
        "author": {
          "gitId": "siuhian"
        },
        "content": ""
      },
      {
        "lineNumber": 94,
        "author": {
          "gitId": "siuhian"
        },
        "content": "    public static void storeTaskIntoList(String taskInformation, String command) {"
      },
      {
        "lineNumber": 95,
        "author": {
          "gitId": "siuhian"
        },
        "content": "        switch (command) {"
      },
      {
        "lineNumber": 96,
        "author": {
          "gitId": "siuhian"
        },
        "content": "        case \"todo\":"
      },
      {
        "lineNumber": 97,
        "author": {
          "gitId": "siuhian"
        },
        "content": "            listOfTasks[counter] \u003d new Todo(taskInformation);"
      },
      {
        "lineNumber": 98,
        "author": {
          "gitId": "siuhian"
        },
        "content": "            break;"
      },
      {
        "lineNumber": 99,
        "author": {
          "gitId": "siuhian"
        },
        "content": "        case \"deadline\":"
      },
      {
        "lineNumber": 100,
        "author": {
          "gitId": "siuhian"
        },
        "content": "            storeTaskIntoList(taskInformation, \" /by \", command);"
      },
      {
        "lineNumber": 101,
        "author": {
          "gitId": "siuhian"
        },
        "content": "            break;"
      },
      {
        "lineNumber": 102,
        "author": {
          "gitId": "siuhian"
        },
        "content": "        case \"event\":"
      },
      {
        "lineNumber": 103,
        "author": {
          "gitId": "siuhian"
        },
        "content": "            storeTaskIntoList(taskInformation, \" /at \", command);"
      },
      {
        "lineNumber": 104,
        "author": {
          "gitId": "siuhian"
        },
        "content": "            break;"
      },
      {
        "lineNumber": 105,
        "author": {
          "gitId": "siuhian"
        },
        "content": "        }"
      },
      {
        "lineNumber": 106,
        "author": {
          "gitId": "siuhian"
        },
        "content": "        counter +\u003d 1;"
      },
      {
        "lineNumber": 107,
        "author": {
          "gitId": "siuhian"
        },
        "content": "        showStoredTask();"
      },
      {
        "lineNumber": 108,
        "author": {
          "gitId": "siuhian"
        },
        "content": "    }"
      },
      {
        "lineNumber": 109,
        "author": {
          "gitId": "siuhian"
        },
        "content": ""
      },
      {
        "lineNumber": 110,
        "author": {
          "gitId": "siuhian"
        },
        "content": "    private static void showStoredTask() {"
      },
      {
        "lineNumber": 111,
        "author": {
          "gitId": "siuhian"
        },
        "content": "        printLine();"
      },
      {
        "lineNumber": 112,
        "author": {
          "gitId": "siuhian"
        },
        "content": "        System.out.println(\" Got it. I\u0027ve added this task:\");"
      },
      {
        "lineNumber": 113,
        "author": {
          "gitId": "siuhian"
        },
        "content": "        System.out.println(\"   \" + listOfTasks[counter-1].getTypeIcon()"
      },
      {
        "lineNumber": 114,
        "author": {
          "gitId": "siuhian"
        },
        "content": "                +\"[\" + listOfTasks[counter-1].getStatusIcon() + \"]\""
      },
      {
        "lineNumber": 115,
        "author": {
          "gitId": "siuhian"
        },
        "content": "                + \" \" + listOfTasks[counter-1].getDescription());"
      },
      {
        "lineNumber": 116,
        "author": {
          "gitId": "siuhian"
        },
        "content": "        System.out.println(\" Now you have \" + counter + \" tasks in the list.\");"
      },
      {
        "lineNumber": 117,
        "author": {
          "gitId": "siuhian"
        },
        "content": "        printLine();"
      },
      {
        "lineNumber": 118,
        "author": {
          "gitId": "siuhian"
        },
        "content": "    }"
      },
      {
        "lineNumber": 119,
        "author": {
          "gitId": "siuhian"
        },
        "content": ""
      },
      {
        "lineNumber": 120,
        "author": {
          "gitId": "siuhian"
        },
        "content": "    public static void listAllTasks() {"
      },
      {
        "lineNumber": 121,
        "author": {
          "gitId": "siuhian"
        },
        "content": "        printLine();"
      },
      {
        "lineNumber": 122,
        "author": {
          "gitId": "siuhian"
        },
        "content": "        System.out.println(\" Here are the tasks in your list:\");"
      },
      {
        "lineNumber": 123,
        "author": {
          "gitId": "siuhian"
        },
        "content": "        for (int i \u003d 0; i \u003c counter; i +\u003d 1) {"
      },
      {
        "lineNumber": 124,
        "author": {
          "gitId": "siuhian"
        },
        "content": "            System.out.print(\" \" + (i+1) + \".\" + listOfTasks[i].getTypeIcon() + \"[\""
      },
      {
        "lineNumber": 125,
        "author": {
          "gitId": "siuhian"
        },
        "content": "                    + listOfTasks[i].getStatusIcon() + \"] \");"
      },
      {
        "lineNumber": 126,
        "author": {
          "gitId": "siuhian"
        },
        "content": "            System.out.println(listOfTasks[i].getDescription());"
      },
      {
        "lineNumber": 127,
        "author": {
          "gitId": "siuhian"
        },
        "content": "        }"
      },
      {
        "lineNumber": 128,
        "author": {
          "gitId": "siuhian"
        },
        "content": "        printLine();"
      },
      {
        "lineNumber": 129,
        "author": {
          "gitId": "siuhian"
        },
        "content": "    }"
      },
      {
        "lineNumber": 130,
        "author": {
          "gitId": "siuhian"
        },
        "content": ""
      },
      {
        "lineNumber": 131,
        "author": {
          "gitId": "siuhian"
        },
        "content": "    public static void markTaskAsDone(String line) {"
      },
      {
        "lineNumber": 132,
        "author": {
          "gitId": "siuhian"
        },
        "content": "        int dividerPosition \u003d line.indexOf(\"done\");"
      },
      {
        "lineNumber": 133,
        "author": {
          "gitId": "siuhian"
        },
        "content": "        int taskNumber \u003d Integer.parseInt(line.substring(dividerPosition+5));"
      },
      {
        "lineNumber": 134,
        "author": {
          "gitId": "siuhian"
        },
        "content": "        listOfTasks[taskNumber-1].markAsDone();"
      },
      {
        "lineNumber": 135,
        "author": {
          "gitId": "siuhian"
        },
        "content": "        printLine();"
      },
      {
        "lineNumber": 136,
        "author": {
          "gitId": "siuhian"
        },
        "content": "        System.out.println(\" Nice! I\u0027ve marked this task as done:\");"
      },
      {
        "lineNumber": 137,
        "author": {
          "gitId": "siuhian"
        },
        "content": "        System.out.print(\"   [\" + listOfTasks[taskNumber-1].getStatusIcon() + \"] \");"
      },
      {
        "lineNumber": 138,
        "author": {
          "gitId": "siuhian"
        },
        "content": "        System.out.println(listOfTasks[taskNumber-1].getDescription());"
      },
      {
        "lineNumber": 139,
        "author": {
          "gitId": "siuhian"
        },
        "content": "        printLine();"
      },
      {
        "lineNumber": 140,
        "author": {
          "gitId": "-"
        },
        "content": "    }"
      },
      {
        "lineNumber": 141,
        "author": {
          "gitId": "-"
        },
        "content": "}"
      }
    ],
    "authorContributionMap": {
      "siuhian": 136,
      "-": 5
    }
  },
  {
    "path": "src/main/java/Event.java",
    "fileType": "java",
    "lines": [
      {
        "lineNumber": 1,
        "author": {
          "gitId": "siuhian"
        },
        "content": "public class Event extends Task {"
      },
      {
        "lineNumber": 2,
        "author": {
          "gitId": "siuhian"
        },
        "content": "    protected String timePeriod;"
      },
      {
        "lineNumber": 3,
        "author": {
          "gitId": "siuhian"
        },
        "content": ""
      },
      {
        "lineNumber": 4,
        "author": {
          "gitId": "siuhian"
        },
        "content": "    public Event(String description, String timePeriod) {"
      },
      {
        "lineNumber": 5,
        "author": {
          "gitId": "siuhian"
        },
        "content": "        super(description);"
      },
      {
        "lineNumber": 6,
        "author": {
          "gitId": "siuhian"
        },
        "content": "        this.timePeriod \u003d timePeriod;"
      },
      {
        "lineNumber": 7,
        "author": {
          "gitId": "siuhian"
        },
        "content": "    }"
      },
      {
        "lineNumber": 8,
        "author": {
          "gitId": "siuhian"
        },
        "content": ""
      },
      {
        "lineNumber": 9,
        "author": {
          "gitId": "siuhian"
        },
        "content": "    @Override"
      },
      {
        "lineNumber": 10,
        "author": {
          "gitId": "siuhian"
        },
        "content": "    public String getDescription() {"
      },
      {
        "lineNumber": 11,
        "author": {
          "gitId": "siuhian"
        },
        "content": "        return description + \" (at: \" + timePeriod + \")\";"
      },
      {
        "lineNumber": 12,
        "author": {
          "gitId": "siuhian"
        },
        "content": "    }"
      },
      {
        "lineNumber": 13,
        "author": {
          "gitId": "siuhian"
        },
        "content": ""
      },
      {
        "lineNumber": 14,
        "author": {
          "gitId": "siuhian"
        },
        "content": "    @Override"
      },
      {
        "lineNumber": 15,
        "author": {
          "gitId": "siuhian"
        },
        "content": "    public String getTypeIcon() {"
      },
      {
        "lineNumber": 16,
        "author": {
          "gitId": "siuhian"
        },
        "content": "        return \"[E]\";"
      },
      {
        "lineNumber": 17,
        "author": {
          "gitId": "siuhian"
        },
        "content": "    }"
      },
      {
        "lineNumber": 18,
        "author": {
          "gitId": "siuhian"
        },
        "content": "}"
      }
    ],
    "authorContributionMap": {
      "siuhian": 18
    }
  },
  {
    "path": "src/main/java/Task.java",
    "fileType": "java",
    "lines": [
      {
        "lineNumber": 1,
        "author": {
          "gitId": "siuhian"
        },
        "content": "public class Task {"
      },
      {
        "lineNumber": 2,
        "author": {
          "gitId": "siuhian"
        },
        "content": "    protected String description;"
      },
      {
        "lineNumber": 3,
        "author": {
          "gitId": "siuhian"
        },
        "content": "    protected boolean isDone;"
      },
      {
        "lineNumber": 4,
        "author": {
          "gitId": "siuhian"
        },
        "content": ""
      },
      {
        "lineNumber": 5,
        "author": {
          "gitId": "siuhian"
        },
        "content": "    public Task(String description) {"
      },
      {
        "lineNumber": 6,
        "author": {
          "gitId": "siuhian"
        },
        "content": "        this.description \u003d description;"
      },
      {
        "lineNumber": 7,
        "author": {
          "gitId": "siuhian"
        },
        "content": "        this.isDone \u003d false;"
      },
      {
        "lineNumber": 8,
        "author": {
          "gitId": "siuhian"
        },
        "content": "    }"
      },
      {
        "lineNumber": 9,
        "author": {
          "gitId": "siuhian"
        },
        "content": ""
      },
      {
        "lineNumber": 10,
        "author": {
          "gitId": "siuhian"
        },
        "content": "    public String getStatusIcon() {"
      },
      {
        "lineNumber": 11,
        "author": {
          "gitId": "siuhian"
        },
        "content": "        return (isDone ? \"\\u2713\" : \"\\u2718\");"
      },
      {
        "lineNumber": 12,
        "author": {
          "gitId": "siuhian"
        },
        "content": "    }"
      },
      {
        "lineNumber": 13,
        "author": {
          "gitId": "siuhian"
        },
        "content": ""
      },
      {
        "lineNumber": 14,
        "author": {
          "gitId": "siuhian"
        },
        "content": "    public String getDescription() {"
      },
      {
        "lineNumber": 15,
        "author": {
          "gitId": "siuhian"
        },
        "content": "        return description;"
      },
      {
        "lineNumber": 16,
        "author": {
          "gitId": "siuhian"
        },
        "content": "    }"
      },
      {
        "lineNumber": 17,
        "author": {
          "gitId": "siuhian"
        },
        "content": ""
      },
      {
        "lineNumber": 18,
        "author": {
          "gitId": "siuhian"
        },
        "content": "    public String getTypeIcon() {"
      },
      {
        "lineNumber": 19,
        "author": {
          "gitId": "siuhian"
        },
        "content": "        return \"\";"
      },
      {
        "lineNumber": 20,
        "author": {
          "gitId": "siuhian"
        },
        "content": "    }"
      },
      {
        "lineNumber": 21,
        "author": {
          "gitId": "siuhian"
        },
        "content": ""
      },
      {
        "lineNumber": 22,
        "author": {
          "gitId": "siuhian"
        },
        "content": "    public void markAsDone() {"
      },
      {
        "lineNumber": 23,
        "author": {
          "gitId": "siuhian"
        },
        "content": "        this.isDone \u003d true;"
      },
      {
        "lineNumber": 24,
        "author": {
          "gitId": "siuhian"
        },
        "content": "    }"
      },
      {
        "lineNumber": 25,
        "author": {
          "gitId": "siuhian"
        },
        "content": ""
      },
      {
        "lineNumber": 26,
        "author": {
          "gitId": "siuhian"
        },
        "content": ""
      },
      {
        "lineNumber": 27,
        "author": {
          "gitId": "siuhian"
        },
        "content": "}"
      }
    ],
    "authorContributionMap": {
      "siuhian": 27
    }
  },
  {
    "path": "src/main/java/Todo.java",
    "fileType": "java",
    "lines": [
      {
        "lineNumber": 1,
        "author": {
          "gitId": "siuhian"
        },
        "content": "public class Todo extends Task {"
      },
      {
        "lineNumber": 2,
        "author": {
          "gitId": "siuhian"
        },
        "content": ""
      },
      {
        "lineNumber": 3,
        "author": {
          "gitId": "siuhian"
        },
        "content": "    public Todo(String description) {"
      },
      {
        "lineNumber": 4,
        "author": {
          "gitId": "siuhian"
        },
        "content": "        super(description);"
      },
      {
        "lineNumber": 5,
        "author": {
          "gitId": "siuhian"
        },
        "content": "    }"
      },
      {
        "lineNumber": 6,
        "author": {
          "gitId": "siuhian"
        },
        "content": ""
      },
      {
        "lineNumber": 7,
        "author": {
          "gitId": "siuhian"
        },
        "content": "    @Override"
      },
      {
        "lineNumber": 8,
        "author": {
          "gitId": "siuhian"
        },
        "content": "    public String getTypeIcon() {"
      },
      {
        "lineNumber": 9,
        "author": {
          "gitId": "siuhian"
        },
        "content": "        return \"[T]\";"
      },
      {
        "lineNumber": 10,
        "author": {
          "gitId": "siuhian"
        },
        "content": "    }"
      },
      {
        "lineNumber": 11,
        "author": {
          "gitId": "siuhian"
        },
        "content": "}"
      }
    ],
    "authorContributionMap": {
      "siuhian": 11
    }
  }
]
