{
  "authorDailyContributionsMap": {
    "siuhian": [
      {
        "insertions": 18,
        "deletions": 6,
        "date": "2020-01-22",
        "commitResults": [
          {
            "hash": "57a6633c102bb040b86b1f29c16c1a16ae489593",
            "messageTitle": "Add Level-0 Increment",
            "messageBody": "",
            "insertions": 18,
            "deletions": 6
          }
        ]
      },
      {
        "insertions": 99,
        "deletions": 13,
        "date": "2020-01-27",
        "commitResults": [
          {
            "hash": "b6b966aa270d661686ee069ff8321b5cb0d0a7a9",
            "messageTitle": "Add Echo and Exit",
            "messageBody": "",
            "tags": [
              "Level-1"
            ],
            "insertions": 23,
            "deletions": 3
          },
          {
            "hash": "e9a0ae2e3920ce691b3a0b0de849dfd13f7c7601",
            "messageTitle": "Add ability to store tasks",
            "messageBody": "",
            "tags": [
              "Level-2"
            ],
            "insertions": 24,
            "deletions": 3
          },
          {
            "hash": "19f3787c6ae30dc7a650472e45657e3e2e77661f",
            "messageTitle": "Add the ability to mark tasks as done",
            "messageBody": "",
            "tags": [
              "Level-3"
            ],
            "insertions": 52,
            "deletions": 7
          }
        ]
      },
      {
        "insertions": 5,
        "deletions": 14,
        "date": "2020-01-28",
        "commitResults": [
          {
            "hash": "356cb03d8e05357cd6c20063b34e9727a37163cb",
            "messageTitle": "Tweak code to comply with Java coding standard",
            "messageBody": "",
            "tags": [
              "A-CodingStandard"
            ],
            "insertions": 5,
            "deletions": 14
          }
        ]
      },
      {
        "insertions": 207,
        "deletions": 90,
        "date": "2020-01-31",
        "commitResults": [
          {
            "hash": "1a4d17090c21cc9029d3d1a6d99906087c974d30",
            "messageTitle": "Add support for tracking three types of tasks",
            "messageBody": "",
            "tags": [
              "Level-4"
            ],
            "insertions": 127,
            "deletions": 20
          },
          {
            "hash": "143a3208afff62df7bfb7a05863edb8aa570f123",
            "messageTitle": "Improve code quality",
            "messageBody": "",
            "tags": [
              "A-CodeQuality"
            ],
            "insertions": 80,
            "deletions": 70
          }
        ]
      },
      {
        "insertions": 65,
        "deletions": 17,
        "date": "2020-02-09",
        "commitResults": [
          {
            "hash": "c4d3bc47ab94e448e5dabcd06c3eb26accddc7a0",
            "messageTitle": "Made changes based on peer review",
            "messageBody": "",
            "insertions": 13,
            "deletions": 10
          },
          {
            "hash": "7c6c684b65a5305c6fd0ccc82e35ff68099a8621",
            "messageTitle": "Add the ability to handle errors",
            "messageBody": "",
            "insertions": 52,
            "deletions": 7
          }
        ]
      },
      {
        "insertions": 194,
        "deletions": 39,
        "date": "2020-02-14",
        "commitResults": [
          {
            "hash": "89598c5bea32df9e1b503fdea727067d64c2c1a9",
            "messageTitle": "Complete A-Collections by using ArrayList to store tasks",
            "messageBody": "",
            "insertions": 32,
            "deletions": 14
          },
          {
            "hash": "eb66dcf91c1e92b80aa85dd4bebe864c3a362653",
            "messageTitle": "Add support for deleting tasks from list",
            "messageBody": "",
            "insertions": 22,
            "deletions": 4
          },
          {
            "hash": "fdc4459645dd44d5b6cdb0a5d7b39b0fac3cc536",
            "messageTitle": "Add toString() method for Task",
            "messageBody": "",
            "insertions": 20,
            "deletions": 10
          },
          {
            "hash": "41e2cdec3dc818e9165a964ba2b23e3b22aa6616",
            "messageTitle": "Allow tasks to be saved in hard disk",
            "messageBody": "",
            "insertions": 64,
            "deletions": 0
          },
          {
            "hash": "549b17e09ad9577f463c3c6257ec488929147058",
            "messageTitle": "Add ability to load data from hard disk when Duke starts up",
            "messageBody": "",
            "insertions": 56,
            "deletions": 11
          }
        ]
      },
      {
        "insertions": 1,
        "deletions": 1,
        "date": "2020-02-16",
        "commitResults": [
          {
            "hash": "84d4df7bd3d505c047a6877c9fd715a2cfc8a09f",
            "messageTitle": "Resolve formatting issues in printing",
            "messageBody": "",
            "insertions": 1,
            "deletions": 1
          }
        ]
      },
      {
        "insertions": 3,
        "deletions": 2,
        "date": "2020-02-17",
        "commitResults": [
          {
            "hash": "208475acb9e8fc7850f356b2fdd18c77626889c6",
            "messageTitle": "Clean up code",
            "messageBody": "",
            "tags": [
              "v0.1",
              "A-Jar"
            ],
            "insertions": 3,
            "deletions": 2
          }
        ]
      },
      {
        "insertions": 1,
        "deletions": 7,
        "date": "2020-02-19",
        "commitResults": [
          {
            "hash": "5fb03673d0c5bd6a8603568b7f4bca67bc9868dc",
            "messageTitle": "Ignore META-INF file",
            "messageBody": "",
            "insertions": 1,
            "deletions": 7
          }
        ]
      }
    ]
  },
  "authorFinalContributionMap": {
    "siuhian": 387
  },
  "authorFileTypeContributionMap": {
    "siuhian": {
      "java": 387,
      "md": 0,
      "fxml": 0,
      "sh": 0,
      "bat": 0,
      "gradle": 0,
      "txt": 0
    }
  },
  "authorContributionVariance": {
    "siuhian": 3860.6123
  },
  "authorDisplayNameMap": {
    "siuhian": "CS2113-T15-1 NG S..HIAN"
  }
}
