[
  {
    "path": "src/main/java/Duke.java",
    "fileType": "java",
    "lines": [
      {
        "lineNumber": 1,
        "author": {
          "gitId": "itskesin"
        },
        "content": "import java.util.Scanner;"
      },
      {
        "lineNumber": 2,
        "author": {
          "gitId": "itskesin"
        },
        "content": ""
      },
      {
        "lineNumber": 3,
        "author": {
          "gitId": "-"
        },
        "content": "public class Duke {"
      },
      {
        "lineNumber": 4,
        "author": {
          "gitId": "itskesin"
        },
        "content": ""
      },
      {
        "lineNumber": 5,
        "author": {
          "gitId": "-"
        },
        "content": "    public static void main(String[] args) {"
      },
      {
        "lineNumber": 6,
        "author": {
          "gitId": "itskesin"
        },
        "content": ""
      },
      {
        "lineNumber": 7,
        "author": {
          "gitId": "itskesin"
        },
        "content": "        String logo \u003d \" __    __      __    __           \\n\""
      },
      {
        "lineNumber": 8,
        "author": {
          "gitId": "itskesin"
        },
        "content": "                +     \"|  | /  /___  |  | /  /___        \\n\""
      },
      {
        "lineNumber": 9,
        "author": {
          "gitId": "itskesin"
        },
        "content": "                +     \"|  |/  /  _  \\\\|  |/  /  _  \\\\    \\n\""
      },
      {
        "lineNumber": 10,
        "author": {
          "gitId": "itskesin"
        },
        "content": "                +     \"|      \\\\   __/|      \\\\   __/    \\n\""
      },
      {
        "lineNumber": 11,
        "author": {
          "gitId": "itskesin"
        },
        "content": "                +     \"|__|\\\\___\\\\ __| |__|\\\\___\\\\ __|   \\n\";"
      },
      {
        "lineNumber": 12,
        "author": {
          "gitId": "-"
        },
        "content": "        System.out.println(\"Hello from\\n\" + logo);"
      },
      {
        "lineNumber": 13,
        "author": {
          "gitId": "itskesin"
        },
        "content": "        System.out.println(\"\u003d\u003d\u003d\u003d\u003d\u003d\u003d\u003d\u003d\u003d\u003d\u003d\u003d\u003d\u003d\u003d\u003d\u003d\u003d\u003d\u003d\u003d\u003d\u003d\u003d\u003d\u003d\u003d\u003d\u003d\u003d\u003d\u003d\u003d\u003d\u003d\u003d\u003d\u003d\u003d\u003d\u003d\u003d\u003d\u003d\u003d\u003d\u003d\u003d\u003d\u003d\");"
      },
      {
        "lineNumber": 14,
        "author": {
          "gitId": "itskesin"
        },
        "content": "        String s1 \u003d String.format(\"%50s\",\"What\u0027s your name?\");"
      },
      {
        "lineNumber": 15,
        "author": {
          "gitId": "itskesin"
        },
        "content": "        System.out.println(s1);"
      },
      {
        "lineNumber": 16,
        "author": {
          "gitId": "itskesin"
        },
        "content": "        Scanner sc \u003d new Scanner(System.in);"
      },
      {
        "lineNumber": 17,
        "author": {
          "gitId": "itskesin"
        },
        "content": "        String name \u003d sc.nextLine();"
      },
      {
        "lineNumber": 18,
        "author": {
          "gitId": "itskesin"
        },
        "content": "        System.out.println(\"\u003d\u003d\u003d\u003d\u003d\u003d\u003d\u003d\u003d\u003d\u003d\u003d\u003d\u003d\u003d\u003d\u003d\u003d\u003d\u003d\u003d\u003d\u003d\u003d\u003d\u003d\u003d\u003d\u003d\u003d\u003d\u003d\u003d\u003d\u003d\u003d\u003d\u003d\u003d\u003d\u003d\u003d\u003d\u003d\u003d\u003d\u003d\u003d\u003d\u003d\u003d\");"
      },
      {
        "lineNumber": 19,
        "author": {
          "gitId": "itskesin"
        },
        "content": ""
      },
      {
        "lineNumber": 20,
        "author": {
          "gitId": "itskesin"
        },
        "content": ""
      },
      {
        "lineNumber": 21,
        "author": {
          "gitId": "itskesin"
        },
        "content": "        System.out.println(String.format(\"%50s\",\"Hello \" + name + \", Anything I can help you with? \"));"
      },
      {
        "lineNumber": 22,
        "author": {
          "gitId": "itskesin"
        },
        "content": "        System.out.println(\"\u003d\u003d\u003d\u003d\u003d\u003d\u003d\u003d\u003d\u003d\u003d\u003d\u003d\u003d\u003d\u003d\u003d\u003d\u003d\u003d\u003d\u003d\u003d\u003d\u003d\u003d\u003d\u003d\u003d\u003d\u003d\u003d\u003d\u003d\u003d\u003d\u003d\u003d\u003d\u003d\u003d\u003d\u003d\u003d\u003d\u003d\u003d\u003d\u003d\u003d\u003d\");"
      },
      {
        "lineNumber": 23,
        "author": {
          "gitId": "itskesin"
        },
        "content": ""
      },
      {
        "lineNumber": 24,
        "author": {
          "gitId": "itskesin"
        },
        "content": "        //String[] stringArray \u003d new String[100];"
      },
      {
        "lineNumber": 25,
        "author": {
          "gitId": "itskesin"
        },
        "content": "        Task[] stringArray \u003d new Task[100];"
      },
      {
        "lineNumber": 26,
        "author": {
          "gitId": "itskesin"
        },
        "content": "        int taskNumber \u003d 0;"
      },
      {
        "lineNumber": 27,
        "author": {
          "gitId": "itskesin"
        },
        "content": ""
      },
      {
        "lineNumber": 28,
        "author": {
          "gitId": "itskesin"
        },
        "content": "        while (true) {"
      },
      {
        "lineNumber": 29,
        "author": {
          "gitId": "itskesin"
        },
        "content": "            String input \u003d sc.nextLine();"
      },
      {
        "lineNumber": 30,
        "author": {
          "gitId": "itskesin"
        },
        "content": "            String[] arrOfStr \u003d input.split(\" \");"
      },
      {
        "lineNumber": 31,
        "author": {
          "gitId": "itskesin"
        },
        "content": ""
      },
      {
        "lineNumber": 32,
        "author": {
          "gitId": "itskesin"
        },
        "content": "            if (arrOfStr[0].equalsIgnoreCase(\"done\")) {"
      },
      {
        "lineNumber": 33,
        "author": {
          "gitId": "itskesin"
        },
        "content": "               try {"
      },
      {
        "lineNumber": 34,
        "author": {
          "gitId": "itskesin"
        },
        "content": "                   //System.out.println(String.format(\"%50s\",\"Nice! I\u0027ve marked this task as done:\"));"
      },
      {
        "lineNumber": 35,
        "author": {
          "gitId": "itskesin"
        },
        "content": "                   int doneTask \u003d Integer.parseInt(arrOfStr[1]);"
      },
      {
        "lineNumber": 36,
        "author": {
          "gitId": "itskesin"
        },
        "content": "                   stringArray[doneTask].updateTask();"
      },
      {
        "lineNumber": 37,
        "author": {
          "gitId": "itskesin"
        },
        "content": "                   System.out.println(String.format(\"%50s\",\"Nice! I\u0027ve marked this task as done:\"));"
      },
      {
        "lineNumber": 38,
        "author": {
          "gitId": "itskesin"
        },
        "content": "                   System.out.println(String.format(\"%50s\",\"[\"+ stringArray[doneTask].getStatusIcon() +"
      },
      {
        "lineNumber": 39,
        "author": {
          "gitId": "itskesin"
        },
        "content": "                            \"] \"+ stringArray[doneTask].description));"
      },
      {
        "lineNumber": 40,
        "author": {
          "gitId": "itskesin"
        },
        "content": "                   System.out.println(\"\u003d\u003d\u003d\u003d\u003d\u003d\u003d\u003d\u003d\u003d\u003d\u003d\u003d\u003d\u003d\u003d\u003d\u003d\u003d\u003d\u003d\u003d\u003d\u003d\u003d\u003d\u003d\u003d\u003d\u003d\u003d\u003d\u003d\u003d\u003d\u003d\u003d\u003d\u003d\u003d\u003d\u003d\u003d\u003d\u003d\u003d\u003d\u003d\u003d\u003d\u003d\");"
      },
      {
        "lineNumber": 41,
        "author": {
          "gitId": "itskesin"
        },
        "content": "               } catch (ArrayIndexOutOfBoundsException | NullPointerException e) {"
      },
      {
        "lineNumber": 42,
        "author": {
          "gitId": "itskesin"
        },
        "content": "                   System.out.println(\"Task not included in the list, please try again.\");"
      },
      {
        "lineNumber": 43,
        "author": {
          "gitId": "itskesin"
        },
        "content": "               } catch (Exception e) {"
      },
      {
        "lineNumber": 44,
        "author": {
          "gitId": "itskesin"
        },
        "content": "                   System.out.println(\"Unknown error occurred, please try again\");"
      },
      {
        "lineNumber": 45,
        "author": {
          "gitId": "itskesin"
        },
        "content": "               }"
      },
      {
        "lineNumber": 46,
        "author": {
          "gitId": "itskesin"
        },
        "content": "            } else if (input.equalsIgnoreCase(\"list\")) {"
      },
      {
        "lineNumber": 47,
        "author": {
          "gitId": "itskesin"
        },
        "content": "                System.out.println(String.format(\"%50s\",\"Here are the tasks in your list:\"));"
      },
      {
        "lineNumber": 48,
        "author": {
          "gitId": "itskesin"
        },
        "content": "                for (int i \u003d 1; i \u003c\u003d taskNumber; i++) {"
      },
      {
        "lineNumber": 49,
        "author": {
          "gitId": "itskesin"
        },
        "content": "                    System.out.println(String.format(\"%50s\",i +\".[\"+ stringArray[i].getStatusIcon() +"
      },
      {
        "lineNumber": 50,
        "author": {
          "gitId": "itskesin"
        },
        "content": "                            \"] \"+ stringArray[i].description));"
      },
      {
        "lineNumber": 51,
        "author": {
          "gitId": "itskesin"
        },
        "content": "                }"
      },
      {
        "lineNumber": 52,
        "author": {
          "gitId": "itskesin"
        },
        "content": "                System.out.println(\"\u003d\u003d\u003d\u003d\u003d\u003d\u003d\u003d\u003d\u003d\u003d\u003d\u003d\u003d\u003d\u003d\u003d\u003d\u003d\u003d\u003d\u003d\u003d\u003d\u003d\u003d\u003d\u003d\u003d\u003d\u003d\u003d\u003d\u003d\u003d\u003d\u003d\u003d\u003d\u003d\u003d\u003d\u003d\u003d\u003d\u003d\u003d\u003d\u003d\u003d\u003d\");"
      },
      {
        "lineNumber": 53,
        "author": {
          "gitId": "itskesin"
        },
        "content": "            } else if (input.equalsIgnoreCase(\"bye\")) {"
      },
      {
        "lineNumber": 54,
        "author": {
          "gitId": "itskesin"
        },
        "content": "                System.out.println(String.format(\"%50s\",\"Bye, \"+ name + \". Hope to see you again soon!\"));"
      },
      {
        "lineNumber": 55,
        "author": {
          "gitId": "itskesin"
        },
        "content": "                System.out.println(\"\u003d\u003d\u003d\u003d\u003d\u003d\u003d\u003d\u003d\u003d\u003d\u003d\u003d\u003d\u003d\u003d\u003d\u003d\u003d\u003d\u003d\u003d\u003d\u003d\u003d\u003d\u003d\u003d\u003d\u003d\u003d\u003d\u003d\u003d\u003d\u003d\u003d\u003d\u003d\u003d\u003d\u003d\u003d\u003d\u003d\u003d\u003d\u003d\u003d\u003d\u003d\");"
      },
      {
        "lineNumber": 56,
        "author": {
          "gitId": "itskesin"
        },
        "content": "                break;"
      },
      {
        "lineNumber": 57,
        "author": {
          "gitId": "itskesin"
        },
        "content": "            } else {"
      },
      {
        "lineNumber": 58,
        "author": {
          "gitId": "itskesin"
        },
        "content": "                taskNumber ++;"
      },
      {
        "lineNumber": 59,
        "author": {
          "gitId": "itskesin"
        },
        "content": "                System.out.println(String.format(\"%50s\",\"added: \"+ input));"
      },
      {
        "lineNumber": 60,
        "author": {
          "gitId": "itskesin"
        },
        "content": "                stringArray[taskNumber] \u003d new Task(input);"
      },
      {
        "lineNumber": 61,
        "author": {
          "gitId": "itskesin"
        },
        "content": "                System.out.println(\"\u003d\u003d\u003d\u003d\u003d\u003d\u003d\u003d\u003d\u003d\u003d\u003d\u003d\u003d\u003d\u003d\u003d\u003d\u003d\u003d\u003d\u003d\u003d\u003d\u003d\u003d\u003d\u003d\u003d\u003d\u003d\u003d\u003d\u003d\u003d\u003d\u003d\u003d\u003d\u003d\u003d\u003d\u003d\u003d\u003d\u003d\u003d\u003d\u003d\u003d\u003d\");"
      },
      {
        "lineNumber": 62,
        "author": {
          "gitId": "itskesin"
        },
        "content": "            }"
      },
      {
        "lineNumber": 63,
        "author": {
          "gitId": "itskesin"
        },
        "content": "        }"
      },
      {
        "lineNumber": 64,
        "author": {
          "gitId": "itskesin"
        },
        "content": ""
      },
      {
        "lineNumber": 65,
        "author": {
          "gitId": "-"
        },
        "content": "    }"
      },
      {
        "lineNumber": 66,
        "author": {
          "gitId": "-"
        },
        "content": "}"
      }
    ],
    "authorContributionMap": {
      "itskesin": 61,
      "-": 5
    }
  },
  {
    "path": "src/main/java/Task.java",
    "fileType": "java",
    "lines": [
      {
        "lineNumber": 1,
        "author": {
          "gitId": "itskesin"
        },
        "content": "public class Task {"
      },
      {
        "lineNumber": 2,
        "author": {
          "gitId": "itskesin"
        },
        "content": "    protected String description;"
      },
      {
        "lineNumber": 3,
        "author": {
          "gitId": "itskesin"
        },
        "content": "    protected boolean isDone;"
      },
      {
        "lineNumber": 4,
        "author": {
          "gitId": "itskesin"
        },
        "content": ""
      },
      {
        "lineNumber": 5,
        "author": {
          "gitId": "itskesin"
        },
        "content": "    public Task(String description) {"
      },
      {
        "lineNumber": 6,
        "author": {
          "gitId": "itskesin"
        },
        "content": "        this.description \u003d description;"
      },
      {
        "lineNumber": 7,
        "author": {
          "gitId": "itskesin"
        },
        "content": "        this.isDone \u003d false;"
      },
      {
        "lineNumber": 8,
        "author": {
          "gitId": "itskesin"
        },
        "content": "    }"
      },
      {
        "lineNumber": 9,
        "author": {
          "gitId": "itskesin"
        },
        "content": ""
      },
      {
        "lineNumber": 10,
        "author": {
          "gitId": "itskesin"
        },
        "content": "    public String getStatusIcon() {"
      },
      {
        "lineNumber": 11,
        "author": {
          "gitId": "itskesin"
        },
        "content": "        return (isDone ? \"\\u2713\" : \"\\u2718\"); //return tick or X symbols"
      },
      {
        "lineNumber": 12,
        "author": {
          "gitId": "itskesin"
        },
        "content": "    }"
      },
      {
        "lineNumber": 13,
        "author": {
          "gitId": "itskesin"
        },
        "content": ""
      },
      {
        "lineNumber": 14,
        "author": {
          "gitId": "itskesin"
        },
        "content": "    public void updateTask(){"
      },
      {
        "lineNumber": 15,
        "author": {
          "gitId": "itskesin"
        },
        "content": "        this.isDone \u003d true;"
      },
      {
        "lineNumber": 16,
        "author": {
          "gitId": "itskesin"
        },
        "content": "    }"
      },
      {
        "lineNumber": 17,
        "author": {
          "gitId": "itskesin"
        },
        "content": "}"
      }
    ],
    "authorContributionMap": {
      "itskesin": 17
    }
  }
]
