[
  {
    "path": "src/main/java/Deadline.java",
    "fileType": "java",
    "lines": [
      {
        "lineNumber": 1,
        "author": {
          "gitId": "itskesin"
        },
        "content": "public class Deadline extends Task {"
      },
      {
        "lineNumber": 2,
        "author": {
          "gitId": "itskesin"
        },
        "content": ""
      },
      {
        "lineNumber": 3,
        "author": {
          "gitId": "itskesin"
        },
        "content": "    protected String by;"
      },
      {
        "lineNumber": 4,
        "author": {
          "gitId": "itskesin"
        },
        "content": "    public Deadline(String description, String by) {"
      },
      {
        "lineNumber": 5,
        "author": {
          "gitId": "itskesin"
        },
        "content": "        super(description);"
      },
      {
        "lineNumber": 6,
        "author": {
          "gitId": "itskesin"
        },
        "content": "        this.by \u003d by;"
      },
      {
        "lineNumber": 7,
        "author": {
          "gitId": "itskesin"
        },
        "content": "    }"
      },
      {
        "lineNumber": 8,
        "author": {
          "gitId": "itskesin"
        },
        "content": ""
      },
      {
        "lineNumber": 9,
        "author": {
          "gitId": "itskesin"
        },
        "content": "    @Override"
      },
      {
        "lineNumber": 10,
        "author": {
          "gitId": "itskesin"
        },
        "content": "    public String toString() {"
      },
      {
        "lineNumber": 11,
        "author": {
          "gitId": "itskesin"
        },
        "content": "        return \"[D]\" + super.toString() + \"(by:\" + by + \")\";"
      },
      {
        "lineNumber": 12,
        "author": {
          "gitId": "itskesin"
        },
        "content": "    }"
      },
      {
        "lineNumber": 13,
        "author": {
          "gitId": "itskesin"
        },
        "content": "}"
      }
    ],
    "authorContributionMap": {
      "itskesin": 13
    }
  },
  {
    "path": "src/main/java/Duke.java",
    "fileType": "java",
    "lines": [
      {
        "lineNumber": 1,
        "author": {
          "gitId": "itskesin"
        },
        "content": "import java.util.Scanner;"
      },
      {
        "lineNumber": 2,
        "author": {
          "gitId": "itskesin"
        },
        "content": ""
      },
      {
        "lineNumber": 3,
        "author": {
          "gitId": "-"
        },
        "content": "public class Duke {"
      },
      {
        "lineNumber": 4,
        "author": {
          "gitId": "itskesin"
        },
        "content": ""
      },
      {
        "lineNumber": 5,
        "author": {
          "gitId": "itskesin"
        },
        "content": "    public static final int MAXIMUM_TASKS \u003d 100;"
      },
      {
        "lineNumber": 6,
        "author": {
          "gitId": "itskesin"
        },
        "content": "    private static final String DIVIDER \u003d \"\u003d\u003d\u003d\u003d\u003d\u003d\u003d\u003d\u003d\u003d\u003d\u003d\u003d\u003d\u003d\u003d\u003d\u003d\u003d\u003d\u003d\u003d\u003d\u003d\u003d\u003d\u003d\u003d\u003d\u003d\u003d\u003d\u003d\u003d\u003d\u003d\u003d\u003d\u003d\u003d\u003d\u003d\u003d\u003d\u003d\u003d\u003d\u003d\u003d\u003d\u003d\";"
      },
      {
        "lineNumber": 7,
        "author": {
          "gitId": "itskesin"
        },
        "content": ""
      },
      {
        "lineNumber": 8,
        "author": {
          "gitId": "-"
        },
        "content": "    public static void main(String[] args) {"
      },
      {
        "lineNumber": 9,
        "author": {
          "gitId": "itskesin"
        },
        "content": ""
      },
      {
        "lineNumber": 10,
        "author": {
          "gitId": "itskesin"
        },
        "content": "        printWelcomeMessage();"
      },
      {
        "lineNumber": 11,
        "author": {
          "gitId": "itskesin"
        },
        "content": "        Scanner sc \u003d new Scanner(System.in);"
      },
      {
        "lineNumber": 12,
        "author": {
          "gitId": "itskesin"
        },
        "content": "        String name \u003d sc.nextLine();"
      },
      {
        "lineNumber": 13,
        "author": {
          "gitId": "itskesin"
        },
        "content": "        printUserGreeting(name);"
      },
      {
        "lineNumber": 14,
        "author": {
          "gitId": "itskesin"
        },
        "content": "        manageTasks(sc, name);"
      },
      {
        "lineNumber": 15,
        "author": {
          "gitId": "itskesin"
        },
        "content": "    }"
      },
      {
        "lineNumber": 16,
        "author": {
          "gitId": "itskesin"
        },
        "content": ""
      },
      {
        "lineNumber": 17,
        "author": {
          "gitId": "itskesin"
        },
        "content": "    private static void manageTasks(Scanner sc, String name) {"
      },
      {
        "lineNumber": 18,
        "author": {
          "gitId": "itskesin"
        },
        "content": "        Task[] tasks \u003d new Task[MAXIMUM_TASKS];"
      },
      {
        "lineNumber": 19,
        "author": {
          "gitId": "itskesin"
        },
        "content": "        int taskNumber \u003d 0;"
      },
      {
        "lineNumber": 20,
        "author": {
          "gitId": "itskesin"
        },
        "content": ""
      },
      {
        "lineNumber": 21,
        "author": {
          "gitId": "itskesin"
        },
        "content": "        while (true) {"
      },
      {
        "lineNumber": 22,
        "author": {
          "gitId": "itskesin"
        },
        "content": "            String input \u003d sc.nextLine();"
      },
      {
        "lineNumber": 23,
        "author": {
          "gitId": "itskesin"
        },
        "content": "            String[] parseInput \u003d input.split(\" \",2);"
      },
      {
        "lineNumber": 24,
        "author": {
          "gitId": "itskesin"
        },
        "content": "            String command \u003d parseInput[0];"
      },
      {
        "lineNumber": 25,
        "author": {
          "gitId": "itskesin"
        },
        "content": ""
      },
      {
        "lineNumber": 26,
        "author": {
          "gitId": "itskesin"
        },
        "content": "            if (command.equalsIgnoreCase(\"done\")) {"
      },
      {
        "lineNumber": 27,
        "author": {
          "gitId": "itskesin"
        },
        "content": "                printDoneTasks(tasks, parseInput[1]);"
      },
      {
        "lineNumber": 28,
        "author": {
          "gitId": "itskesin"
        },
        "content": "            } else if (command.equalsIgnoreCase(\"list\")) {"
      },
      {
        "lineNumber": 29,
        "author": {
          "gitId": "itskesin"
        },
        "content": "                printList(tasks, taskNumber);"
      },
      {
        "lineNumber": 30,
        "author": {
          "gitId": "itskesin"
        },
        "content": "            } else if (command.equalsIgnoreCase(\"todo\")) {"
      },
      {
        "lineNumber": 31,
        "author": {
          "gitId": "itskesin"
        },
        "content": "                taskNumber++;"
      },
      {
        "lineNumber": 32,
        "author": {
          "gitId": "itskesin"
        },
        "content": "                addToDo(tasks, taskNumber, parseInput);"
      },
      {
        "lineNumber": 33,
        "author": {
          "gitId": "itskesin"
        },
        "content": "            } else if (command.equalsIgnoreCase(\"bye\")) {"
      },
      {
        "lineNumber": 34,
        "author": {
          "gitId": "itskesin"
        },
        "content": "                printByeMessage(name);"
      },
      {
        "lineNumber": 35,
        "author": {
          "gitId": "itskesin"
        },
        "content": "                break;"
      },
      {
        "lineNumber": 36,
        "author": {
          "gitId": "itskesin"
        },
        "content": "            } else if (command.equalsIgnoreCase(\"event\")) {"
      },
      {
        "lineNumber": 37,
        "author": {
          "gitId": "itskesin"
        },
        "content": "                taskNumber++;"
      },
      {
        "lineNumber": 38,
        "author": {
          "gitId": "itskesin"
        },
        "content": "                addEvent(tasks, taskNumber, parseInput[1]);"
      },
      {
        "lineNumber": 39,
        "author": {
          "gitId": "itskesin"
        },
        "content": "            } else if (command.equalsIgnoreCase(\"deadline\")){"
      },
      {
        "lineNumber": 40,
        "author": {
          "gitId": "itskesin"
        },
        "content": "                taskNumber++;"
      },
      {
        "lineNumber": 41,
        "author": {
          "gitId": "itskesin"
        },
        "content": "                addDeadline(tasks, taskNumber, parseInput[1]);"
      },
      {
        "lineNumber": 42,
        "author": {
          "gitId": "itskesin"
        },
        "content": "            } else {"
      },
      {
        "lineNumber": 43,
        "author": {
          "gitId": "itskesin"
        },
        "content": "                taskNumber++;"
      },
      {
        "lineNumber": 44,
        "author": {
          "gitId": "itskesin"
        },
        "content": "                System.out.println(String.format(\"%50s\", \"added: \" + input));"
      },
      {
        "lineNumber": 45,
        "author": {
          "gitId": "itskesin"
        },
        "content": "                tasks[taskNumber] \u003d new Task(input);"
      },
      {
        "lineNumber": 46,
        "author": {
          "gitId": "itskesin"
        },
        "content": "                System.out.println(DIVIDER);"
      },
      {
        "lineNumber": 47,
        "author": {
          "gitId": "itskesin"
        },
        "content": "            }"
      },
      {
        "lineNumber": 48,
        "author": {
          "gitId": "itskesin"
        },
        "content": "        }"
      },
      {
        "lineNumber": 49,
        "author": {
          "gitId": "itskesin"
        },
        "content": "    }"
      },
      {
        "lineNumber": 50,
        "author": {
          "gitId": "itskesin"
        },
        "content": ""
      },
      {
        "lineNumber": 51,
        "author": {
          "gitId": "itskesin"
        },
        "content": "    private static void printList(Task[] tasks, int taskNumber) {"
      },
      {
        "lineNumber": 52,
        "author": {
          "gitId": "itskesin"
        },
        "content": "        System.out.println(String.format(\"%50s\", \"Here are the tasks in your list:\"));"
      },
      {
        "lineNumber": 53,
        "author": {
          "gitId": "itskesin"
        },
        "content": "        for (int i \u003d 1; i \u003c\u003d taskNumber; i++) {"
      },
      {
        "lineNumber": 54,
        "author": {
          "gitId": "itskesin"
        },
        "content": "            System.out.println(String.format(\"%50s\", i + \". \" + tasks[i]));"
      },
      {
        "lineNumber": 55,
        "author": {
          "gitId": "itskesin"
        },
        "content": "        }"
      },
      {
        "lineNumber": 56,
        "author": {
          "gitId": "itskesin"
        },
        "content": "        System.out.println(DIVIDER);"
      },
      {
        "lineNumber": 57,
        "author": {
          "gitId": "itskesin"
        },
        "content": "    }"
      },
      {
        "lineNumber": 58,
        "author": {
          "gitId": "itskesin"
        },
        "content": ""
      },
      {
        "lineNumber": 59,
        "author": {
          "gitId": "itskesin"
        },
        "content": "    private static void addDeadline(Task[] tasks, int taskNumber, String s) {"
      },
      {
        "lineNumber": 60,
        "author": {
          "gitId": "itskesin"
        },
        "content": "        System.out.println(String.format(\"%50s\", \"Got it. I\u0027ve added this deadline:\"));"
      },
      {
        "lineNumber": 61,
        "author": {
          "gitId": "itskesin"
        },
        "content": "        String[] deadline \u003d s.split(\"/by\",2);"
      },
      {
        "lineNumber": 62,
        "author": {
          "gitId": "itskesin"
        },
        "content": "        String time \u003d deadline[1];//throw error if no time"
      },
      {
        "lineNumber": 63,
        "author": {
          "gitId": "itskesin"
        },
        "content": "        tasks[taskNumber] \u003d new Deadline(deadline[0], time);"
      },
      {
        "lineNumber": 64,
        "author": {
          "gitId": "itskesin"
        },
        "content": "        System.out.println(String.format(\"%50s\", tasks[taskNumber]));"
      },
      {
        "lineNumber": 65,
        "author": {
          "gitId": "itskesin"
        },
        "content": "        System.out.println(String.format(\"\\n%50s\", taskNumber+\" tasks in the list (╥_╥)\"));"
      },
      {
        "lineNumber": 66,
        "author": {
          "gitId": "itskesin"
        },
        "content": "        System.out.println(DIVIDER);"
      },
      {
        "lineNumber": 67,
        "author": {
          "gitId": "itskesin"
        },
        "content": "    }"
      },
      {
        "lineNumber": 68,
        "author": {
          "gitId": "itskesin"
        },
        "content": ""
      },
      {
        "lineNumber": 69,
        "author": {
          "gitId": "itskesin"
        },
        "content": "    private static void addEvent(Task[] tasks, int taskNumber, String s) {"
      },
      {
        "lineNumber": 70,
        "author": {
          "gitId": "itskesin"
        },
        "content": "        System.out.println(String.format(\"%50s\", \"Got it. I\u0027ve added this event:\"));"
      },
      {
        "lineNumber": 71,
        "author": {
          "gitId": "itskesin"
        },
        "content": "        String[] event \u003d s.split(\"/at\",2);"
      },
      {
        "lineNumber": 72,
        "author": {
          "gitId": "itskesin"
        },
        "content": "        String time \u003d event[1];"
      },
      {
        "lineNumber": 73,
        "author": {
          "gitId": "itskesin"
        },
        "content": "        tasks[taskNumber] \u003d new Event(event[0], time);"
      },
      {
        "lineNumber": 74,
        "author": {
          "gitId": "itskesin"
        },
        "content": "        System.out.println(String.format(\"%50s\", tasks[taskNumber]));"
      },
      {
        "lineNumber": 75,
        "author": {
          "gitId": "itskesin"
        },
        "content": "        System.out.println(String.format(\"\\n%50s\", taskNumber + \" tasks in the list (╥_╥)\"));"
      },
      {
        "lineNumber": 76,
        "author": {
          "gitId": "itskesin"
        },
        "content": "        System.out.println(DIVIDER);"
      },
      {
        "lineNumber": 77,
        "author": {
          "gitId": "itskesin"
        },
        "content": "    }"
      },
      {
        "lineNumber": 78,
        "author": {
          "gitId": "itskesin"
        },
        "content": ""
      },
      {
        "lineNumber": 79,
        "author": {
          "gitId": "itskesin"
        },
        "content": "    private static void addToDo(Task[] tasks, int taskNumber, String[] parseInput) {"
      },
      {
        "lineNumber": 80,
        "author": {
          "gitId": "itskesin"
        },
        "content": "        System.out.println(String.format(\"%50s\", \"Got it. I\u0027ve added this task:\"));"
      },
      {
        "lineNumber": 81,
        "author": {
          "gitId": "itskesin"
        },
        "content": "        tasks[taskNumber] \u003d new ToDo(parseInput[1]);"
      },
      {
        "lineNumber": 82,
        "author": {
          "gitId": "itskesin"
        },
        "content": "        System.out.println(String.format(\"%50s\", tasks[taskNumber]));"
      },
      {
        "lineNumber": 83,
        "author": {
          "gitId": "itskesin"
        },
        "content": "        System.out.println(String.format(\"\\n%50s\", taskNumber + \" tasks in the list (╥_╥)\"));"
      },
      {
        "lineNumber": 84,
        "author": {
          "gitId": "itskesin"
        },
        "content": "        System.out.println(DIVIDER);"
      },
      {
        "lineNumber": 85,
        "author": {
          "gitId": "itskesin"
        },
        "content": "    }"
      },
      {
        "lineNumber": 86,
        "author": {
          "gitId": "itskesin"
        },
        "content": ""
      },
      {
        "lineNumber": 87,
        "author": {
          "gitId": "itskesin"
        },
        "content": "    private static void printDoneTasks(Task[] tasks, String s) {"
      },
      {
        "lineNumber": 88,
        "author": {
          "gitId": "itskesin"
        },
        "content": "        try {"
      },
      {
        "lineNumber": 89,
        "author": {
          "gitId": "itskesin"
        },
        "content": "            int doneTask \u003d Integer.parseInt(s);"
      },
      {
        "lineNumber": 90,
        "author": {
          "gitId": "itskesin"
        },
        "content": "            tasks[doneTask].updateTask();"
      },
      {
        "lineNumber": 91,
        "author": {
          "gitId": "itskesin"
        },
        "content": "            System.out.println(String.format(\"%50s\", \"Nice! I\u0027ve marked this task as done:\"));"
      },
      {
        "lineNumber": 92,
        "author": {
          "gitId": "itskesin"
        },
        "content": "            System.out.println(String.format(\"%50s\", tasks[doneTask]));"
      },
      {
        "lineNumber": 93,
        "author": {
          "gitId": "itskesin"
        },
        "content": "            System.out.println(DIVIDER);"
      },
      {
        "lineNumber": 94,
        "author": {
          "gitId": "itskesin"
        },
        "content": "        } catch (ArrayIndexOutOfBoundsException | NullPointerException e) {"
      },
      {
        "lineNumber": 95,
        "author": {
          "gitId": "itskesin"
        },
        "content": "            System.out.println(\"Task not included in the list, please try again.\");"
      },
      {
        "lineNumber": 96,
        "author": {
          "gitId": "itskesin"
        },
        "content": "        } catch (Exception e) {"
      },
      {
        "lineNumber": 97,
        "author": {
          "gitId": "itskesin"
        },
        "content": "            System.out.println(\"Unknown error occurred, please try again.\");"
      },
      {
        "lineNumber": 98,
        "author": {
          "gitId": "itskesin"
        },
        "content": "        }"
      },
      {
        "lineNumber": 99,
        "author": {
          "gitId": "itskesin"
        },
        "content": "    }"
      },
      {
        "lineNumber": 100,
        "author": {
          "gitId": "itskesin"
        },
        "content": ""
      },
      {
        "lineNumber": 101,
        "author": {
          "gitId": "itskesin"
        },
        "content": "    private static void printByeMessage(String name) {"
      },
      {
        "lineNumber": 102,
        "author": {
          "gitId": "itskesin"
        },
        "content": "        System.out.println(String.format(\"%50s\",\"Bye, \"+ name + \". Hope to see you again soon!\"));"
      },
      {
        "lineNumber": 103,
        "author": {
          "gitId": "itskesin"
        },
        "content": "        System.out.println(DIVIDER);"
      },
      {
        "lineNumber": 104,
        "author": {
          "gitId": "itskesin"
        },
        "content": "    }"
      },
      {
        "lineNumber": 105,
        "author": {
          "gitId": "itskesin"
        },
        "content": ""
      },
      {
        "lineNumber": 106,
        "author": {
          "gitId": "itskesin"
        },
        "content": "    private static void printUserGreeting(String name) {"
      },
      {
        "lineNumber": 107,
        "author": {
          "gitId": "itskesin"
        },
        "content": "        System.out.println(DIVIDER);"
      },
      {
        "lineNumber": 108,
        "author": {
          "gitId": "itskesin"
        },
        "content": "        System.out.println(String.format(\"%50s\",\"Hello \" + name + \", Anything I can help you with?\"));"
      },
      {
        "lineNumber": 109,
        "author": {
          "gitId": "itskesin"
        },
        "content": "        System.out.println(DIVIDER);"
      },
      {
        "lineNumber": 110,
        "author": {
          "gitId": "itskesin"
        },
        "content": "    }"
      },
      {
        "lineNumber": 111,
        "author": {
          "gitId": "itskesin"
        },
        "content": ""
      },
      {
        "lineNumber": 112,
        "author": {
          "gitId": "itskesin"
        },
        "content": "    private static void printWelcomeMessage() {"
      },
      {
        "lineNumber": 113,
        "author": {
          "gitId": "itskesin"
        },
        "content": "        String logo \u003d \" /$$   /$$                     /$$\\n\""
      },
      {
        "lineNumber": 114,
        "author": {
          "gitId": "itskesin"
        },
        "content": "                +     \"| $$  /$$/                    |__/\\n\""
      },
      {
        "lineNumber": 115,
        "author": {
          "gitId": "itskesin"
        },
        "content": "                +     \"| $$ /$$/   /$$$$$$   /$$$$$$$ /$$ /$$$$$$$\\n\""
      },
      {
        "lineNumber": 116,
        "author": {
          "gitId": "itskesin"
        },
        "content": "                +     \"| $$$$$/   /$$__  $$ /$$_____/| $$| $$__  $$\\n\""
      },
      {
        "lineNumber": 117,
        "author": {
          "gitId": "itskesin"
        },
        "content": "                +     \"| $$  $$  | $$$$$$$$|  $$$$$$ | $$| $$  \\\\ $$\\n\""
      },
      {
        "lineNumber": 118,
        "author": {
          "gitId": "itskesin"
        },
        "content": "                +     \"| $$\\\\  $$ | $$_____/ \\\\____  $$| $$| $$  | $$\\n\""
      },
      {
        "lineNumber": 119,
        "author": {
          "gitId": "itskesin"
        },
        "content": "                +     \"| $$ \\\\  $$|  $$$$$$$ /$$$$$$$/| $$| $$  | $$\\n\""
      },
      {
        "lineNumber": 120,
        "author": {
          "gitId": "itskesin"
        },
        "content": "                +     \"|__/  \\\\__/ \\\\_______/|_______/ |__/|__/  |__/\";"
      },
      {
        "lineNumber": 121,
        "author": {
          "gitId": "itskesin"
        },
        "content": ""
      },
      {
        "lineNumber": 122,
        "author": {
          "gitId": "-"
        },
        "content": "        System.out.println(\"Hello from\\n\" + logo);"
      },
      {
        "lineNumber": 123,
        "author": {
          "gitId": "itskesin"
        },
        "content": "        System.out.println(DIVIDER);"
      },
      {
        "lineNumber": 124,
        "author": {
          "gitId": "itskesin"
        },
        "content": "        String s1 \u003d String.format(\"%50s\",\"What\u0027s your name?\");"
      },
      {
        "lineNumber": 125,
        "author": {
          "gitId": "itskesin"
        },
        "content": "        System.out.println(s1);"
      },
      {
        "lineNumber": 126,
        "author": {
          "gitId": "-"
        },
        "content": "    }"
      },
      {
        "lineNumber": 127,
        "author": {
          "gitId": "-"
        },
        "content": "}"
      }
    ],
    "authorContributionMap": {
      "itskesin": 122,
      "-": 5
    }
  },
  {
    "path": "src/main/java/Event.java",
    "fileType": "java",
    "lines": [
      {
        "lineNumber": 1,
        "author": {
          "gitId": "itskesin"
        },
        "content": "public class Event extends Task {"
      },
      {
        "lineNumber": 2,
        "author": {
          "gitId": "itskesin"
        },
        "content": ""
      },
      {
        "lineNumber": 3,
        "author": {
          "gitId": "itskesin"
        },
        "content": "    protected String at;"
      },
      {
        "lineNumber": 4,
        "author": {
          "gitId": "itskesin"
        },
        "content": "    public Event(String description, String at) {"
      },
      {
        "lineNumber": 5,
        "author": {
          "gitId": "itskesin"
        },
        "content": "        super(description);"
      },
      {
        "lineNumber": 6,
        "author": {
          "gitId": "itskesin"
        },
        "content": "        this.at \u003d at;"
      },
      {
        "lineNumber": 7,
        "author": {
          "gitId": "itskesin"
        },
        "content": "    }"
      },
      {
        "lineNumber": 8,
        "author": {
          "gitId": "itskesin"
        },
        "content": ""
      },
      {
        "lineNumber": 9,
        "author": {
          "gitId": "itskesin"
        },
        "content": "    @Override"
      },
      {
        "lineNumber": 10,
        "author": {
          "gitId": "itskesin"
        },
        "content": "    public String toString() {"
      },
      {
        "lineNumber": 11,
        "author": {
          "gitId": "itskesin"
        },
        "content": "        return \"[E]\" + super.toString() + \"(at:\" + at + \")\";"
      },
      {
        "lineNumber": 12,
        "author": {
          "gitId": "itskesin"
        },
        "content": "    }"
      },
      {
        "lineNumber": 13,
        "author": {
          "gitId": "itskesin"
        },
        "content": "}"
      }
    ],
    "authorContributionMap": {
      "itskesin": 13
    }
  },
  {
    "path": "src/main/java/Task.java",
    "fileType": "java",
    "lines": [
      {
        "lineNumber": 1,
        "author": {
          "gitId": "itskesin"
        },
        "content": "public class Task {"
      },
      {
        "lineNumber": 2,
        "author": {
          "gitId": "itskesin"
        },
        "content": ""
      },
      {
        "lineNumber": 3,
        "author": {
          "gitId": "itskesin"
        },
        "content": "    protected String description;"
      },
      {
        "lineNumber": 4,
        "author": {
          "gitId": "itskesin"
        },
        "content": "    protected boolean isDone;"
      },
      {
        "lineNumber": 5,
        "author": {
          "gitId": "itskesin"
        },
        "content": ""
      },
      {
        "lineNumber": 6,
        "author": {
          "gitId": "itskesin"
        },
        "content": "    public Task(String description) {"
      },
      {
        "lineNumber": 7,
        "author": {
          "gitId": "itskesin"
        },
        "content": "        this.description \u003d description;"
      },
      {
        "lineNumber": 8,
        "author": {
          "gitId": "itskesin"
        },
        "content": "        this.isDone \u003d false;"
      },
      {
        "lineNumber": 9,
        "author": {
          "gitId": "itskesin"
        },
        "content": "    }"
      },
      {
        "lineNumber": 10,
        "author": {
          "gitId": "itskesin"
        },
        "content": ""
      },
      {
        "lineNumber": 11,
        "author": {
          "gitId": "itskesin"
        },
        "content": "    public String getStatusIcon() {"
      },
      {
        "lineNumber": 12,
        "author": {
          "gitId": "itskesin"
        },
        "content": "        return (isDone ? \"\\u2713\" : \"\\u2718\"); //return tick or X symbols"
      },
      {
        "lineNumber": 13,
        "author": {
          "gitId": "itskesin"
        },
        "content": "    }"
      },
      {
        "lineNumber": 14,
        "author": {
          "gitId": "itskesin"
        },
        "content": ""
      },
      {
        "lineNumber": 15,
        "author": {
          "gitId": "itskesin"
        },
        "content": "    public void updateTask(){"
      },
      {
        "lineNumber": 16,
        "author": {
          "gitId": "itskesin"
        },
        "content": "        this.isDone \u003d true;"
      },
      {
        "lineNumber": 17,
        "author": {
          "gitId": "itskesin"
        },
        "content": "    }"
      },
      {
        "lineNumber": 18,
        "author": {
          "gitId": "itskesin"
        },
        "content": ""
      },
      {
        "lineNumber": 19,
        "author": {
          "gitId": "itskesin"
        },
        "content": "    public String toString() {"
      },
      {
        "lineNumber": 20,
        "author": {
          "gitId": "itskesin"
        },
        "content": "        return \"[\" + this.getStatusIcon() + \"] \" + description;"
      },
      {
        "lineNumber": 21,
        "author": {
          "gitId": "itskesin"
        },
        "content": "    }"
      },
      {
        "lineNumber": 22,
        "author": {
          "gitId": "itskesin"
        },
        "content": "}"
      }
    ],
    "authorContributionMap": {
      "itskesin": 22
    }
  },
  {
    "path": "src/main/java/ToDo.java",
    "fileType": "java",
    "lines": [
      {
        "lineNumber": 1,
        "author": {
          "gitId": "itskesin"
        },
        "content": "public class ToDo extends Task {"
      },
      {
        "lineNumber": 2,
        "author": {
          "gitId": "itskesin"
        },
        "content": ""
      },
      {
        "lineNumber": 3,
        "author": {
          "gitId": "itskesin"
        },
        "content": "    public ToDo(String description) {"
      },
      {
        "lineNumber": 4,
        "author": {
          "gitId": "itskesin"
        },
        "content": "        super(description);"
      },
      {
        "lineNumber": 5,
        "author": {
          "gitId": "itskesin"
        },
        "content": "    }"
      },
      {
        "lineNumber": 6,
        "author": {
          "gitId": "itskesin"
        },
        "content": ""
      },
      {
        "lineNumber": 7,
        "author": {
          "gitId": "itskesin"
        },
        "content": "    @Override"
      },
      {
        "lineNumber": 8,
        "author": {
          "gitId": "itskesin"
        },
        "content": "    public String toString() {"
      },
      {
        "lineNumber": 9,
        "author": {
          "gitId": "itskesin"
        },
        "content": "        return \"[T]\" + super.toString();"
      },
      {
        "lineNumber": 10,
        "author": {
          "gitId": "itskesin"
        },
        "content": "    }"
      },
      {
        "lineNumber": 11,
        "author": {
          "gitId": "itskesin"
        },
        "content": "}"
      }
    ],
    "authorContributionMap": {
      "itskesin": 11
    }
  },
  {
    "path": "test-ui-test/EXPECTED.txt",
    "fileType": "txt",
    "lines": [
      {
        "lineNumber": 1,
        "author": {
          "gitId": "itskesin"
        },
        "content": "Hello from"
      },
      {
        "lineNumber": 2,
        "author": {
          "gitId": "itskesin"
        },
        "content": " /$$   /$$                     /$$"
      },
      {
        "lineNumber": 3,
        "author": {
          "gitId": "itskesin"
        },
        "content": "| $$  /$$/                    |__/"
      },
      {
        "lineNumber": 4,
        "author": {
          "gitId": "itskesin"
        },
        "content": "| $$ /$$/   /$$$$$$   /$$$$$$$ /$$ /$$$$$$$"
      },
      {
        "lineNumber": 5,
        "author": {
          "gitId": "itskesin"
        },
        "content": "| $$$$$/   /$$__  $$ /$$_____/| $$| $$__  $$"
      },
      {
        "lineNumber": 6,
        "author": {
          "gitId": "itskesin"
        },
        "content": "| $$  $$  | $$$$$$$$|  $$$$$$ | $$| $$  \\ $$"
      },
      {
        "lineNumber": 7,
        "author": {
          "gitId": "itskesin"
        },
        "content": "| $$\\  $$ | $$_____/ \\____  $$| $$| $$  | $$"
      },
      {
        "lineNumber": 8,
        "author": {
          "gitId": "itskesin"
        },
        "content": "| $$ \\  $$|  $$$$$$$ /$$$$$$$/| $$| $$  | $$"
      },
      {
        "lineNumber": 9,
        "author": {
          "gitId": "itskesin"
        },
        "content": "|__/  \\__/ \\_______/|_______/ |__/|__/  |__/"
      },
      {
        "lineNumber": 10,
        "author": {
          "gitId": "itskesin"
        },
        "content": "\u003d\u003d\u003d\u003d\u003d\u003d\u003d\u003d\u003d\u003d\u003d\u003d\u003d\u003d\u003d\u003d\u003d\u003d\u003d\u003d\u003d\u003d\u003d\u003d\u003d\u003d\u003d\u003d\u003d\u003d\u003d\u003d\u003d\u003d\u003d\u003d\u003d\u003d\u003d\u003d\u003d\u003d\u003d\u003d\u003d\u003d\u003d\u003d\u003d\u003d\u003d"
      },
      {
        "lineNumber": 11,
        "author": {
          "gitId": "itskesin"
        },
        "content": "                                 What\u0027s your name?"
      },
      {
        "lineNumber": 12,
        "author": {
          "gitId": "itskesin"
        },
        "content": "\u003d\u003d\u003d\u003d\u003d\u003d\u003d\u003d\u003d\u003d\u003d\u003d\u003d\u003d\u003d\u003d\u003d\u003d\u003d\u003d\u003d\u003d\u003d\u003d\u003d\u003d\u003d\u003d\u003d\u003d\u003d\u003d\u003d\u003d\u003d\u003d\u003d\u003d\u003d\u003d\u003d\u003d\u003d\u003d\u003d\u003d\u003d\u003d\u003d\u003d\u003d"
      },
      {
        "lineNumber": 13,
        "author": {
          "gitId": "itskesin"
        },
        "content": "        Hello kesin, Anything I can help you with?"
      },
      {
        "lineNumber": 14,
        "author": {
          "gitId": "itskesin"
        },
        "content": "\u003d\u003d\u003d\u003d\u003d\u003d\u003d\u003d\u003d\u003d\u003d\u003d\u003d\u003d\u003d\u003d\u003d\u003d\u003d\u003d\u003d\u003d\u003d\u003d\u003d\u003d\u003d\u003d\u003d\u003d\u003d\u003d\u003d\u003d\u003d\u003d\u003d\u003d\u003d\u003d\u003d\u003d\u003d\u003d\u003d\u003d\u003d\u003d\u003d\u003d\u003d"
      },
      {
        "lineNumber": 15,
        "author": {
          "gitId": "itskesin"
        },
        "content": "                     Got it. I\u0027ve added this task:"
      },
      {
        "lineNumber": 16,
        "author": {
          "gitId": "itskesin"
        },
        "content": "                                [T][✘] borrow book"
      },
      {
        "lineNumber": 17,
        "author": {
          "gitId": "itskesin"
        },
        "content": ""
      },
      {
        "lineNumber": 18,
        "author": {
          "gitId": "itskesin"
        },
        "content": "                     1 tasks in the list (â•¥_â•¥)"
      },
      {
        "lineNumber": 19,
        "author": {
          "gitId": "itskesin"
        },
        "content": "\u003d\u003d\u003d\u003d\u003d\u003d\u003d\u003d\u003d\u003d\u003d\u003d\u003d\u003d\u003d\u003d\u003d\u003d\u003d\u003d\u003d\u003d\u003d\u003d\u003d\u003d\u003d\u003d\u003d\u003d\u003d\u003d\u003d\u003d\u003d\u003d\u003d\u003d\u003d\u003d\u003d\u003d\u003d\u003d\u003d\u003d\u003d\u003d\u003d\u003d\u003d"
      },
      {
        "lineNumber": 20,
        "author": {
          "gitId": "itskesin"
        },
        "content": "                 Got it. I\u0027ve added this deadline:"
      },
      {
        "lineNumber": 21,
        "author": {
          "gitId": "itskesin"
        },
        "content": "                   [D][✘] return book (by: Monday)"
      },
      {
        "lineNumber": 22,
        "author": {
          "gitId": "itskesin"
        },
        "content": ""
      },
      {
        "lineNumber": 23,
        "author": {
          "gitId": "itskesin"
        },
        "content": "                     2 tasks in the list (â•¥_â•¥)"
      },
      {
        "lineNumber": 24,
        "author": {
          "gitId": "itskesin"
        },
        "content": "\u003d\u003d\u003d\u003d\u003d\u003d\u003d\u003d\u003d\u003d\u003d\u003d\u003d\u003d\u003d\u003d\u003d\u003d\u003d\u003d\u003d\u003d\u003d\u003d\u003d\u003d\u003d\u003d\u003d\u003d\u003d\u003d\u003d\u003d\u003d\u003d\u003d\u003d\u003d\u003d\u003d\u003d\u003d\u003d\u003d\u003d\u003d\u003d\u003d\u003d\u003d"
      },
      {
        "lineNumber": 25,
        "author": {
          "gitId": "itskesin"
        },
        "content": "                     Got it. I\u0027ve added this task:"
      },
      {
        "lineNumber": 26,
        "author": {
          "gitId": "itskesin"
        },
        "content": "                                      [T][✘] study"
      },
      {
        "lineNumber": 27,
        "author": {
          "gitId": "itskesin"
        },
        "content": ""
      },
      {
        "lineNumber": 28,
        "author": {
          "gitId": "itskesin"
        },
        "content": "                     3 tasks in the list (â•¥_â•¥)"
      },
      {
        "lineNumber": 29,
        "author": {
          "gitId": "itskesin"
        },
        "content": "\u003d\u003d\u003d\u003d\u003d\u003d\u003d\u003d\u003d\u003d\u003d\u003d\u003d\u003d\u003d\u003d\u003d\u003d\u003d\u003d\u003d\u003d\u003d\u003d\u003d\u003d\u003d\u003d\u003d\u003d\u003d\u003d\u003d\u003d\u003d\u003d\u003d\u003d\u003d\u003d\u003d\u003d\u003d\u003d\u003d\u003d\u003d\u003d\u003d\u003d\u003d"
      },
      {
        "lineNumber": 30,
        "author": {
          "gitId": "itskesin"
        },
        "content": "              Nice! I\u0027ve marked this task as done:"
      },
      {
        "lineNumber": 31,
        "author": {
          "gitId": "itskesin"
        },
        "content": "                                [T][✓] borrow book"
      },
      {
        "lineNumber": 32,
        "author": {
          "gitId": "itskesin"
        },
        "content": "\u003d\u003d\u003d\u003d\u003d\u003d\u003d\u003d\u003d\u003d\u003d\u003d\u003d\u003d\u003d\u003d\u003d\u003d\u003d\u003d\u003d\u003d\u003d\u003d\u003d\u003d\u003d\u003d\u003d\u003d\u003d\u003d\u003d\u003d\u003d\u003d\u003d\u003d\u003d\u003d\u003d\u003d\u003d\u003d\u003d\u003d\u003d\u003d\u003d\u003d\u003d"
      },
      {
        "lineNumber": 33,
        "author": {
          "gitId": "itskesin"
        },
        "content": "              Nice! I\u0027ve marked this task as done:"
      },
      {
        "lineNumber": 34,
        "author": {
          "gitId": "itskesin"
        },
        "content": "                   [D][✓] return book (by: Monday)"
      },
      {
        "lineNumber": 35,
        "author": {
          "gitId": "itskesin"
        },
        "content": "\u003d\u003d\u003d\u003d\u003d\u003d\u003d\u003d\u003d\u003d\u003d\u003d\u003d\u003d\u003d\u003d\u003d\u003d\u003d\u003d\u003d\u003d\u003d\u003d\u003d\u003d\u003d\u003d\u003d\u003d\u003d\u003d\u003d\u003d\u003d\u003d\u003d\u003d\u003d\u003d\u003d\u003d\u003d\u003d\u003d\u003d\u003d\u003d\u003d\u003d\u003d"
      },
      {
        "lineNumber": 36,
        "author": {
          "gitId": "itskesin"
        },
        "content": "                    Got it. I\u0027ve added this event:"
      },
      {
        "lineNumber": 37,
        "author": {
          "gitId": "itskesin"
        },
        "content": "         [E][✘] project meeting (at: Friday 2-4pm)"
      },
      {
        "lineNumber": 38,
        "author": {
          "gitId": "itskesin"
        },
        "content": ""
      },
      {
        "lineNumber": 39,
        "author": {
          "gitId": "itskesin"
        },
        "content": "                     4 tasks in the list (â•¥_â•¥)"
      },
      {
        "lineNumber": 40,
        "author": {
          "gitId": "itskesin"
        },
        "content": "\u003d\u003d\u003d\u003d\u003d\u003d\u003d\u003d\u003d\u003d\u003d\u003d\u003d\u003d\u003d\u003d\u003d\u003d\u003d\u003d\u003d\u003d\u003d\u003d\u003d\u003d\u003d\u003d\u003d\u003d\u003d\u003d\u003d\u003d\u003d\u003d\u003d\u003d\u003d\u003d\u003d\u003d\u003d\u003d\u003d\u003d\u003d\u003d\u003d\u003d\u003d"
      },
      {
        "lineNumber": 41,
        "author": {
          "gitId": "itskesin"
        },
        "content": "                 Got it. I\u0027ve added this deadline:"
      },
      {
        "lineNumber": 42,
        "author": {
          "gitId": "itskesin"
        },
        "content": "           [D][✘] report submission (by: Thursday)"
      },
      {
        "lineNumber": 43,
        "author": {
          "gitId": "itskesin"
        },
        "content": ""
      },
      {
        "lineNumber": 44,
        "author": {
          "gitId": "itskesin"
        },
        "content": "                     5 tasks in the list (â•¥_â•¥)"
      },
      {
        "lineNumber": 45,
        "author": {
          "gitId": "itskesin"
        },
        "content": "\u003d\u003d\u003d\u003d\u003d\u003d\u003d\u003d\u003d\u003d\u003d\u003d\u003d\u003d\u003d\u003d\u003d\u003d\u003d\u003d\u003d\u003d\u003d\u003d\u003d\u003d\u003d\u003d\u003d\u003d\u003d\u003d\u003d\u003d\u003d\u003d\u003d\u003d\u003d\u003d\u003d\u003d\u003d\u003d\u003d\u003d\u003d\u003d\u003d\u003d\u003d"
      },
      {
        "lineNumber": 46,
        "author": {
          "gitId": "itskesin"
        },
        "content": "                  Here are the tasks in your list:"
      },
      {
        "lineNumber": 47,
        "author": {
          "gitId": "itskesin"
        },
        "content": "                             1. [T][✓] borrow book"
      },
      {
        "lineNumber": 48,
        "author": {
          "gitId": "itskesin"
        },
        "content": "                2. [D][✓] return book (by: Monday)"
      },
      {
        "lineNumber": 49,
        "author": {
          "gitId": "itskesin"
        },
        "content": "                                   3. [T][✘] study"
      },
      {
        "lineNumber": 50,
        "author": {
          "gitId": "itskesin"
        },
        "content": "      4. [E][✘] project meeting (at: Friday 2-4pm)"
      },
      {
        "lineNumber": 51,
        "author": {
          "gitId": "itskesin"
        },
        "content": "        5. [D][✘] report submission (by: Thursday)"
      },
      {
        "lineNumber": 52,
        "author": {
          "gitId": "itskesin"
        },
        "content": "\u003d\u003d\u003d\u003d\u003d\u003d\u003d\u003d\u003d\u003d\u003d\u003d\u003d\u003d\u003d\u003d\u003d\u003d\u003d\u003d\u003d\u003d\u003d\u003d\u003d\u003d\u003d\u003d\u003d\u003d\u003d\u003d\u003d\u003d\u003d\u003d\u003d\u003d\u003d\u003d\u003d\u003d\u003d\u003d\u003d\u003d\u003d\u003d\u003d\u003d\u003d"
      },
      {
        "lineNumber": 53,
        "author": {
          "gitId": "itskesin"
        },
        "content": "           Bye, kesin. Hope to see you again soon!"
      },
      {
        "lineNumber": 54,
        "author": {
          "gitId": "itskesin"
        },
        "content": "\u003d\u003d\u003d\u003d\u003d\u003d\u003d\u003d\u003d\u003d\u003d\u003d\u003d\u003d\u003d\u003d\u003d\u003d\u003d\u003d\u003d\u003d\u003d\u003d\u003d\u003d\u003d\u003d\u003d\u003d\u003d\u003d\u003d\u003d\u003d\u003d\u003d\u003d\u003d\u003d\u003d\u003d\u003d\u003d\u003d\u003d\u003d\u003d\u003d\u003d\u003d"
      }
    ],
    "authorContributionMap": {
      "itskesin": 54
    }
  },
  {
    "path": "test-ui-test/input.txt",
    "fileType": "txt",
    "lines": [
      {
        "lineNumber": 1,
        "author": {
          "gitId": "itskesin"
        },
        "content": "kesin"
      },
      {
        "lineNumber": 2,
        "author": {
          "gitId": "itskesin"
        },
        "content": "todo borrow book"
      },
      {
        "lineNumber": 3,
        "author": {
          "gitId": "itskesin"
        },
        "content": "deadline return book /by Monday"
      },
      {
        "lineNumber": 4,
        "author": {
          "gitId": "itskesin"
        },
        "content": "todo study"
      },
      {
        "lineNumber": 5,
        "author": {
          "gitId": "itskesin"
        },
        "content": "done 1"
      },
      {
        "lineNumber": 6,
        "author": {
          "gitId": "itskesin"
        },
        "content": "done 2"
      },
      {
        "lineNumber": 7,
        "author": {
          "gitId": "itskesin"
        },
        "content": "event project meeting /at Friday 2-4pm"
      },
      {
        "lineNumber": 8,
        "author": {
          "gitId": "itskesin"
        },
        "content": "deadline report submission /by Thursday"
      },
      {
        "lineNumber": 9,
        "author": {
          "gitId": "itskesin"
        },
        "content": "list"
      },
      {
        "lineNumber": 10,
        "author": {
          "gitId": "itskesin"
        },
        "content": "bye"
      }
    ],
    "authorContributionMap": {
      "itskesin": 10
    }
  },
  {
    "path": "test-ui-test/runtest.bat",
    "fileType": "bat",
    "lines": [
      {
        "lineNumber": 1,
        "author": {
          "gitId": "itskesin"
        },
        "content": "@ECHO OFF"
      },
      {
        "lineNumber": 2,
        "author": {
          "gitId": "itskesin"
        },
        "content": ""
      },
      {
        "lineNumber": 3,
        "author": {
          "gitId": "itskesin"
        },
        "content": "REM create bin directory if it doesn\u0027t exist"
      },
      {
        "lineNumber": 4,
        "author": {
          "gitId": "itskesin"
        },
        "content": "if not exist ..\\bin mkdir ..\\bin"
      },
      {
        "lineNumber": 5,
        "author": {
          "gitId": "itskesin"
        },
        "content": ""
      },
      {
        "lineNumber": 6,
        "author": {
          "gitId": "itskesin"
        },
        "content": "REM delete output from previous run"
      },
      {
        "lineNumber": 7,
        "author": {
          "gitId": "itskesin"
        },
        "content": "del ACTUAL.TXT"
      },
      {
        "lineNumber": 8,
        "author": {
          "gitId": "itskesin"
        },
        "content": ""
      },
      {
        "lineNumber": 9,
        "author": {
          "gitId": "itskesin"
        },
        "content": "REM compile the code into the bin folder"
      },
      {
        "lineNumber": 10,
        "author": {
          "gitId": "itskesin"
        },
        "content": "javac  -cp ..\\src -Xlint:none -d ..\\bin ..\\src\\main\\java\\*.java"
      },
      {
        "lineNumber": 11,
        "author": {
          "gitId": "itskesin"
        },
        "content": "IF ERRORLEVEL 1 ("
      },
      {
        "lineNumber": 12,
        "author": {
          "gitId": "itskesin"
        },
        "content": "    echo ********** BUILD FAILURE **********"
      },
      {
        "lineNumber": 13,
        "author": {
          "gitId": "itskesin"
        },
        "content": "    exit /b 1"
      },
      {
        "lineNumber": 14,
        "author": {
          "gitId": "itskesin"
        },
        "content": ")"
      },
      {
        "lineNumber": 15,
        "author": {
          "gitId": "itskesin"
        },
        "content": "REM no error here, errorlevel \u003d\u003d 0"
      },
      {
        "lineNumber": 16,
        "author": {
          "gitId": "itskesin"
        },
        "content": ""
      },
      {
        "lineNumber": 17,
        "author": {
          "gitId": "itskesin"
        },
        "content": "REM run the program, feed commands from input.txt file and redirect the output to the ACTUAL.TXT"
      },
      {
        "lineNumber": 18,
        "author": {
          "gitId": "itskesin"
        },
        "content": "java -Dfile.encoding\u003dUTF8 -classpath ..\\bin Duke \u003c input.txt \u003e ACTUAL.TXT"
      },
      {
        "lineNumber": 19,
        "author": {
          "gitId": "itskesin"
        },
        "content": ""
      },
      {
        "lineNumber": 20,
        "author": {
          "gitId": "itskesin"
        },
        "content": "REM compare the output to the expected output"
      },
      {
        "lineNumber": 21,
        "author": {
          "gitId": "itskesin"
        },
        "content": "FC ACTUAL.TXT EXPECTED.TXT"
      }
    ],
    "authorContributionMap": {
      "itskesin": 21
    }
  }
]
