{
  "authorDailyContributionsMap": {
    "itskesin": [
      {
        "insertions": 39,
        "deletions": 7,
        "date": "2020-01-19",
        "commitResults": [
          {
            "hash": "33b7477ec7f590d720c2d3426ad0fd52961e5c4f",
            "messageTitle": "level 1",
            "messageBody": "",
            "tags": [
              "Level-1",
              "Level-0"
            ],
            "insertions": 36,
            "deletions": 5
          },
          {
            "hash": "fbf8fec1d377b6dc52ac2e4e12de06a294573c6f",
            "messageTitle": "no message",
            "messageBody": "",
            "insertions": 1,
            "deletions": 1
          },
          {
            "hash": "24ee888a05dd3e8ee25b77bc9d5acd72327b7b5c",
            "messageTitle": "no message",
            "messageBody": "",
            "insertions": 2,
            "deletions": 1
          }
        ]
      },
      {
        "insertions": 13,
        "deletions": 4,
        "date": "2020-01-20",
        "commitResults": [
          {
            "hash": "613871cfe9fe1fdcda481462f651151a61ec714d",
            "messageTitle": "level 2",
            "messageBody": "",
            "tags": [
              "Level-2"
            ],
            "insertions": 13,
            "deletions": 4
          }
        ]
      },
      {
        "insertions": 37,
        "deletions": 10,
        "date": "2020-01-21",
        "commitResults": [
          {
            "hash": "82d626e71803ff64a663231d7de8bd9b02a874d3",
            "messageTitle": "level 3",
            "messageBody": "",
            "insertions": 37,
            "deletions": 10
          }
        ]
      },
      {
        "insertions": 34,
        "deletions": 29,
        "date": "2020-01-28",
        "commitResults": [
          {
            "hash": "576520536fc255cf23a5c5a9364dc67442b3a5d8",
            "messageTitle": "catch exception and add new class",
            "messageBody": "",
            "tags": [
              "Level-3",
              "A-CodingStandard"
            ],
            "insertions": 34,
            "deletions": 29
          }
        ]
      },
      {
        "insertions": 148,
        "deletions": 45,
        "date": "2020-02-01",
        "commitResults": [
          {
            "hash": "50344efbcf95a81c68ccf9cbe5877d21902f66eb",
            "messageTitle": "Improve code quality Add ToDo, Deadline, Event subclass",
            "messageBody": "",
            "tags": [
              "Level-4"
            ],
            "insertions": 148,
            "deletions": 45
          }
        ]
      },
      {
        "insertions": 6,
        "deletions": 6,
        "date": "2020-02-08",
        "commitResults": [
          {
            "hash": "a58a202530b6c30d0963479e47aa2d7ae4ee2a2f",
            "messageTitle": "amend according to review comments",
            "messageBody": "",
            "tags": [
              "A-CodeQuality"
            ],
            "insertions": 6,
            "deletions": 6
          }
        ]
      },
      {
        "insertions": 222,
        "deletions": 65,
        "date": "2020-02-09",
        "commitResults": [
          {
            "hash": "e8f065536788ef9a0d54343548b822baf510d00b",
            "messageTitle": "added automated testing",
            "messageBody": "",
            "tags": [
              "A-TextUiTesting"
            ],
            "insertions": 91,
            "deletions": 6
          },
          {
            "hash": "ca0a6ebd5bbf45c62ae115bef332d0cd7b48d07f",
            "messageTitle": "catch exceptions",
            "messageBody": "",
            "insertions": 131,
            "deletions": 59
          }
        ]
      },
      {
        "insertions": 292,
        "deletions": 235,
        "date": "2020-02-10",
        "commitResults": [
          {
            "hash": "5d6490f0b0b0ca7e64dd5353769699e00e9b6815",
            "messageTitle": "catch more exception, update testing inputs, add packages",
            "messageBody": "",
            "tags": [
              "Level-5",
              "A-Packages",
              "A-Exceptions"
            ],
            "insertions": 292,
            "deletions": 235
          }
        ]
      },
      {
        "insertions": 82,
        "deletions": 44,
        "date": "2020-02-16",
        "commitResults": [
          {
            "hash": "8da874e34abf87a1cede3f1c76bae4d48ffd8321",
            "messageTitle": "implement arraylist",
            "messageBody": "",
            "tags": [
              "A-Collections"
            ],
            "insertions": 35,
            "deletions": 38
          },
          {
            "hash": "58f173b7b96b62be2aa6a08658b6564645dc5937",
            "messageTitle": "add delete function",
            "messageBody": "",
            "insertions": 15,
            "deletions": 1
          },
          {
            "hash": "ac9d0327fa8671b12f4dd0ae4bf1cc4ef46ce702",
            "messageTitle": "remove bugs found in the printing of information",
            "messageBody": "",
            "insertions": 32,
            "deletions": 5
          }
        ]
      },
      {
        "insertions": 121,
        "deletions": 65,
        "date": "2020-02-18",
        "commitResults": [
          {
            "hash": "30cd0be77ea78fdddafa82e07f6e7abf27e0ecac",
            "messageTitle": "add save function",
            "messageBody": "",
            "insertions": 70,
            "deletions": 53
          },
          {
            "hash": "2e045726244a8e09e794aa1c21cf817d85f7df2b",
            "messageTitle": "add jar",
            "messageBody": "",
            "tags": [
              "A-Jar"
            ],
            "insertions": 3,
            "deletions": 0
          },
          {
            "hash": "58592e74d0519bda119c1d677a9666302d780319",
            "messageTitle": "add past information",
            "messageBody": "",
            "insertions": 4,
            "deletions": 2
          },
          {
            "hash": "0eeba74f9f302b4d75baa336118c785b37cc5f34",
            "messageTitle": "add past information",
            "messageBody": "",
            "tags": [
              "v0.1"
            ],
            "insertions": 44,
            "deletions": 10
          }
        ]
      }
    ]
  },
  "authorFinalContributionMap": {
    "itskesin": 495
  },
  "authorFileTypeContributionMap": {
    "itskesin": {
      "java": 362,
      "md": 0,
      "fxml": 0,
      "sh": 0,
      "bat": 21,
      "gradle": 0,
      "txt": 112
    }
  },
  "authorContributionVariance": {
    "itskesin": 10686.768
  },
  "authorDisplayNameMap": {
    "itskesin": "CS2113T-T12-2 YAP ..ESIN"
  }
}
