{
  "authorDailyContributionsMap": {
    "itskesin": [
      {
        "insertions": 39,
        "deletions": 7,
        "date": "2020-01-19",
        "commitResults": [
          {
            "hash": "33b7477ec7f590d720c2d3426ad0fd52961e5c4f",
            "messageTitle": "level 1",
            "messageBody": "",
            "tags": [
              "Level-1",
              "Level-0"
            ],
            "insertions": 36,
            "deletions": 5
          },
          {
            "hash": "fbf8fec1d377b6dc52ac2e4e12de06a294573c6f",
            "messageTitle": "no message",
            "messageBody": "",
            "insertions": 1,
            "deletions": 1
          },
          {
            "hash": "24ee888a05dd3e8ee25b77bc9d5acd72327b7b5c",
            "messageTitle": "no message",
            "messageBody": "",
            "insertions": 2,
            "deletions": 1
          }
        ]
      },
      {
        "insertions": 13,
        "deletions": 4,
        "date": "2020-01-20",
        "commitResults": [
          {
            "hash": "613871cfe9fe1fdcda481462f651151a61ec714d",
            "messageTitle": "level 2",
            "messageBody": "",
            "tags": [
              "Level-2"
            ],
            "insertions": 13,
            "deletions": 4
          }
        ]
      },
      {
        "insertions": 37,
        "deletions": 10,
        "date": "2020-01-21",
        "commitResults": [
          {
            "hash": "82d626e71803ff64a663231d7de8bd9b02a874d3",
            "messageTitle": "level 3",
            "messageBody": "",
            "insertions": 37,
            "deletions": 10
          }
        ]
      },
      {
        "insertions": 34,
        "deletions": 29,
        "date": "2020-01-28",
        "commitResults": [
          {
            "hash": "576520536fc255cf23a5c5a9364dc67442b3a5d8",
            "messageTitle": "catch exception and add new class",
            "messageBody": "",
            "tags": [
              "Level-3",
              "A-CodingStandard"
            ],
            "insertions": 34,
            "deletions": 29
          }
        ]
      },
      {
        "insertions": 148,
        "deletions": 45,
        "date": "2020-02-01",
        "commitResults": [
          {
            "hash": "50344efbcf95a81c68ccf9cbe5877d21902f66eb",
            "messageTitle": "Improve code quality Add ToDo, Deadline, Event subclass",
            "messageBody": "",
            "tags": [
              "Level-4"
            ],
            "insertions": 148,
            "deletions": 45
          }
        ]
      },
      {
        "insertions": 6,
        "deletions": 6,
        "date": "2020-02-08",
        "commitResults": [
          {
            "hash": "a58a202530b6c30d0963479e47aa2d7ae4ee2a2f",
            "messageTitle": "amend according to review comments",
            "messageBody": "",
            "tags": [
              "A-CodeQuality"
            ],
            "insertions": 6,
            "deletions": 6
          }
        ]
      },
      {
        "insertions": 91,
        "deletions": 6,
        "date": "2020-02-09",
        "commitResults": [
          {
            "hash": "e8f065536788ef9a0d54343548b822baf510d00b",
            "messageTitle": "added automated testing",
            "messageBody": "",
            "tags": [
              "A-TextUiTesting"
            ],
            "insertions": 91,
            "deletions": 6
          }
        ]
      }
    ]
  },
  "authorFinalContributionMap": {
    "itskesin": 266
  },
  "authorFileTypeContributionMap": {
    "itskesin": {
      "java": 181,
      "md": 0,
      "fxml": 0,
      "sh": 0,
      "bat": 21,
      "gradle": 0,
      "txt": 64
    }
  },
  "authorContributionVariance": {
    "itskesin": 1690.2484
  },
  "authorDisplayNameMap": {
    "itskesin": "CS2113T-T12-2 YAP ..ESIN"
  }
}
