[
  {
    "path": "src/main/java/Deadline.java",
    "fileType": "java",
    "lines": [
      {
        "lineNumber": 1,
        "author": {
          "gitId": "JeremiasLiew"
        },
        "content": "public class Deadline extends Task {"
      },
      {
        "lineNumber": 2,
        "author": {
          "gitId": "JeremiasLiew"
        },
        "content": "    private final String deadline;"
      },
      {
        "lineNumber": 3,
        "author": {
          "gitId": "JeremiasLiew"
        },
        "content": "    "
      },
      {
        "lineNumber": 4,
        "author": {
          "gitId": "JeremiasLiew"
        },
        "content": "    public Deadline(String description, String deadline) {"
      },
      {
        "lineNumber": 5,
        "author": {
          "gitId": "JeremiasLiew"
        },
        "content": "        super(description);"
      },
      {
        "lineNumber": 6,
        "author": {
          "gitId": "JeremiasLiew"
        },
        "content": "        this.deadline \u003d deadline;"
      },
      {
        "lineNumber": 7,
        "author": {
          "gitId": "JeremiasLiew"
        },
        "content": "    }"
      },
      {
        "lineNumber": 8,
        "author": {
          "gitId": "JeremiasLiew"
        },
        "content": "    "
      },
      {
        "lineNumber": 9,
        "author": {
          "gitId": "JeremiasLiew"
        },
        "content": "    @Override"
      },
      {
        "lineNumber": 10,
        "author": {
          "gitId": "JeremiasLiew"
        },
        "content": "    public String toString() {"
      },
      {
        "lineNumber": 11,
        "author": {
          "gitId": "JeremiasLiew"
        },
        "content": "        return \"[D][\" + this.getStatusIcon() + \"] \" + this.description"
      },
      {
        "lineNumber": 12,
        "author": {
          "gitId": "JeremiasLiew"
        },
        "content": "            + \"(by: \" + this.deadline + \")\";"
      },
      {
        "lineNumber": 13,
        "author": {
          "gitId": "JeremiasLiew"
        },
        "content": "    }"
      },
      {
        "lineNumber": 14,
        "author": {
          "gitId": "JeremiasLiew"
        },
        "content": "}"
      }
    ],
    "authorContributionMap": {
      "JeremiasLiew": 14
    }
  },
  {
    "path": "src/main/java/Duke.java",
    "fileType": "java",
    "lines": [
      {
        "lineNumber": 1,
        "author": {
          "gitId": "JeremiasLiew"
        },
        "content": "import java.util.ArrayList;"
      },
      {
        "lineNumber": 2,
        "author": {
          "gitId": "JeremiasLiew"
        },
        "content": "import java.util.Scanner;"
      },
      {
        "lineNumber": 3,
        "author": {
          "gitId": "JeremiasLiew"
        },
        "content": ""
      },
      {
        "lineNumber": 4,
        "author": {
          "gitId": "-"
        },
        "content": "public class Duke {"
      },
      {
        "lineNumber": 5,
        "author": {
          "gitId": "JeremiasLiew"
        },
        "content": "    static ArrayList\u003cTask\u003e list \u003d new ArrayList\u003c\u003e(); "
      },
      {
        "lineNumber": 6,
        "author": {
          "gitId": "JeremiasLiew"
        },
        "content": "    "
      },
      {
        "lineNumber": 7,
        "author": {
          "gitId": "JeremiasLiew"
        },
        "content": "    public static String makeDone(String line) {"
      },
      {
        "lineNumber": 8,
        "author": {
          "gitId": "JeremiasLiew"
        },
        "content": "        String msg \u003d \"\";"
      },
      {
        "lineNumber": 9,
        "author": {
          "gitId": "JeremiasLiew"
        },
        "content": "        // sets a specified task as done"
      },
      {
        "lineNumber": 10,
        "author": {
          "gitId": "JeremiasLiew"
        },
        "content": "        int index \u003d Integer.valueOf(line.split(\" \")[1]);"
      },
      {
        "lineNumber": 11,
        "author": {
          "gitId": "JeremiasLiew"
        },
        "content": "        if (index \u003e list.size()) {"
      },
      {
        "lineNumber": 12,
        "author": {
          "gitId": "JeremiasLiew"
        },
        "content": "            msg +\u003d \"No such task!\";"
      },
      {
        "lineNumber": 13,
        "author": {
          "gitId": "JeremiasLiew"
        },
        "content": "        } else if (list.get(index - 1).isDone) {"
      },
      {
        "lineNumber": 14,
        "author": {
          "gitId": "JeremiasLiew"
        },
        "content": "            msg +\u003d \"Task is already completed!\";"
      },
      {
        "lineNumber": 15,
        "author": {
          "gitId": "JeremiasLiew"
        },
        "content": "        } else {"
      },
      {
        "lineNumber": 16,
        "author": {
          "gitId": "JeremiasLiew"
        },
        "content": "            list.get(index - 1).markAsDone();"
      },
      {
        "lineNumber": 17,
        "author": {
          "gitId": "JeremiasLiew"
        },
        "content": "            msg +\u003d \"Nice! I\u0027ve marked this task as done: \" + \u0027\\n\u0027;"
      },
      {
        "lineNumber": 18,
        "author": {
          "gitId": "JeremiasLiew"
        },
        "content": "            msg +\u003d \"    \" + list.get(index - 1).toString();"
      },
      {
        "lineNumber": 19,
        "author": {
          "gitId": "JeremiasLiew"
        },
        "content": "        }"
      },
      {
        "lineNumber": 20,
        "author": {
          "gitId": "JeremiasLiew"
        },
        "content": "        return msg;"
      },
      {
        "lineNumber": 21,
        "author": {
          "gitId": "JeremiasLiew"
        },
        "content": "    }"
      },
      {
        "lineNumber": 22,
        "author": {
          "gitId": "JeremiasLiew"
        },
        "content": "    "
      },
      {
        "lineNumber": 23,
        "author": {
          "gitId": "JeremiasLiew"
        },
        "content": "    public static String addTodo(String line) {"
      },
      {
        "lineNumber": 24,
        "author": {
          "gitId": "JeremiasLiew"
        },
        "content": "        String msg \u003d \"\";"
      },
      {
        "lineNumber": 25,
        "author": {
          "gitId": "JeremiasLiew"
        },
        "content": "        Task todo \u003d new ToDo(line.substring(5));"
      },
      {
        "lineNumber": 26,
        "author": {
          "gitId": "JeremiasLiew"
        },
        "content": "        list.add(todo);"
      },
      {
        "lineNumber": 27,
        "author": {
          "gitId": "JeremiasLiew"
        },
        "content": "        msg +\u003d \"Got it. I\u0027ve added this task: \" + \u0027\\n\u0027;"
      },
      {
        "lineNumber": 28,
        "author": {
          "gitId": "JeremiasLiew"
        },
        "content": "        msg +\u003d \"    \" + todo.toString() + \u0027\\n\u0027;"
      },
      {
        "lineNumber": 29,
        "author": {
          "gitId": "JeremiasLiew"
        },
        "content": "        msg +\u003d \"  Now you have \" + list.size() + \" task(s) in the list.\";"
      },
      {
        "lineNumber": 30,
        "author": {
          "gitId": "JeremiasLiew"
        },
        "content": "        return msg;"
      },
      {
        "lineNumber": 31,
        "author": {
          "gitId": "JeremiasLiew"
        },
        "content": "    }"
      },
      {
        "lineNumber": 32,
        "author": {
          "gitId": "JeremiasLiew"
        },
        "content": "    "
      },
      {
        "lineNumber": 33,
        "author": {
          "gitId": "JeremiasLiew"
        },
        "content": "    public static String addDeadline(String line) {"
      },
      {
        "lineNumber": 34,
        "author": {
          "gitId": "JeremiasLiew"
        },
        "content": "        String msg \u003d \"\";"
      },
      {
        "lineNumber": 35,
        "author": {
          "gitId": "JeremiasLiew"
        },
        "content": "        int ind1 \u003d line.indexOf(\u0027/\u0027);"
      },
      {
        "lineNumber": 36,
        "author": {
          "gitId": "JeremiasLiew"
        },
        "content": "        Task deadline \u003d new Deadline(line.substring(9, ind1 - 1), line.substring(ind1 + 4));"
      },
      {
        "lineNumber": 37,
        "author": {
          "gitId": "JeremiasLiew"
        },
        "content": "        list.add(deadline);"
      },
      {
        "lineNumber": 38,
        "author": {
          "gitId": "JeremiasLiew"
        },
        "content": "        msg +\u003d \"Got it. I\u0027ve added this task: \" + \u0027\\n\u0027;"
      },
      {
        "lineNumber": 39,
        "author": {
          "gitId": "JeremiasLiew"
        },
        "content": "        msg +\u003d \"    \" + deadline.toString() + \u0027\\n\u0027;"
      },
      {
        "lineNumber": 40,
        "author": {
          "gitId": "JeremiasLiew"
        },
        "content": "        msg +\u003d \"  Now you have \" + list.size() + \" task(s) in the list.\";"
      },
      {
        "lineNumber": 41,
        "author": {
          "gitId": "JeremiasLiew"
        },
        "content": "        return msg;"
      },
      {
        "lineNumber": 42,
        "author": {
          "gitId": "JeremiasLiew"
        },
        "content": "    }"
      },
      {
        "lineNumber": 43,
        "author": {
          "gitId": "JeremiasLiew"
        },
        "content": "    "
      },
      {
        "lineNumber": 44,
        "author": {
          "gitId": "JeremiasLiew"
        },
        "content": "    public static String addEvent(String line) {"
      },
      {
        "lineNumber": 45,
        "author": {
          "gitId": "JeremiasLiew"
        },
        "content": "        String msg \u003d \"\";"
      },
      {
        "lineNumber": 46,
        "author": {
          "gitId": "JeremiasLiew"
        },
        "content": "        int ind1 \u003d line.indexOf(\u0027/\u0027);"
      },
      {
        "lineNumber": 47,
        "author": {
          "gitId": "JeremiasLiew"
        },
        "content": "        Task event \u003d new Event(line.substring(6, ind1 - 1), line.substring(ind1 + 4));"
      },
      {
        "lineNumber": 48,
        "author": {
          "gitId": "JeremiasLiew"
        },
        "content": "        list.add(event);"
      },
      {
        "lineNumber": 49,
        "author": {
          "gitId": "JeremiasLiew"
        },
        "content": "        msg +\u003d \"Got it. I\u0027ve added this task: \" + \u0027\\n\u0027;"
      },
      {
        "lineNumber": 50,
        "author": {
          "gitId": "JeremiasLiew"
        },
        "content": "        msg +\u003d \"    \" + event.toString() + \u0027\\n\u0027;"
      },
      {
        "lineNumber": 51,
        "author": {
          "gitId": "JeremiasLiew"
        },
        "content": "        msg +\u003d \"  Now you have \" + list.size() + \" task(s) in the list.\";"
      },
      {
        "lineNumber": 52,
        "author": {
          "gitId": "JeremiasLiew"
        },
        "content": "        return msg;"
      },
      {
        "lineNumber": 53,
        "author": {
          "gitId": "JeremiasLiew"
        },
        "content": "    }"
      },
      {
        "lineNumber": 54,
        "author": {
          "gitId": "JeremiasLiew"
        },
        "content": "    "
      },
      {
        "lineNumber": 55,
        "author": {
          "gitId": "JeremiasLiew"
        },
        "content": "    public static String list() {"
      },
      {
        "lineNumber": 56,
        "author": {
          "gitId": "JeremiasLiew"
        },
        "content": "        String msg \u003d \"\";"
      },
      {
        "lineNumber": 57,
        "author": {
          "gitId": "JeremiasLiew"
        },
        "content": "        // accesses the list"
      },
      {
        "lineNumber": 58,
        "author": {
          "gitId": "JeremiasLiew"
        },
        "content": "        if (list.size() \u003d\u003d 0) {"
      },
      {
        "lineNumber": 59,
        "author": {
          "gitId": "JeremiasLiew"
        },
        "content": "            msg +\u003d \"list is empty\";"
      },
      {
        "lineNumber": 60,
        "author": {
          "gitId": "JeremiasLiew"
        },
        "content": "        } else {"
      },
      {
        "lineNumber": 61,
        "author": {
          "gitId": "JeremiasLiew"
        },
        "content": "            msg +\u003d \"Here are the tasks in your list:\" + \u0027\\n\u0027;"
      },
      {
        "lineNumber": 62,
        "author": {
          "gitId": "JeremiasLiew"
        },
        "content": "            int counter \u003d 1;"
      },
      {
        "lineNumber": 63,
        "author": {
          "gitId": "JeremiasLiew"
        },
        "content": "            for (Task s : list) {"
      },
      {
        "lineNumber": 64,
        "author": {
          "gitId": "JeremiasLiew"
        },
        "content": "                msg +\u003d \"    \" + counter + \". \" + s.toString();"
      },
      {
        "lineNumber": 65,
        "author": {
          "gitId": "JeremiasLiew"
        },
        "content": "                counter++;"
      },
      {
        "lineNumber": 66,
        "author": {
          "gitId": "JeremiasLiew"
        },
        "content": "                msg +\u003d \u0027\\n\u0027;"
      },
      {
        "lineNumber": 67,
        "author": {
          "gitId": "JeremiasLiew"
        },
        "content": "            }"
      },
      {
        "lineNumber": 68,
        "author": {
          "gitId": "JeremiasLiew"
        },
        "content": "        }"
      },
      {
        "lineNumber": 69,
        "author": {
          "gitId": "JeremiasLiew"
        },
        "content": "        return msg;"
      },
      {
        "lineNumber": 70,
        "author": {
          "gitId": "JeremiasLiew"
        },
        "content": "    } "
      },
      {
        "lineNumber": 71,
        "author": {
          "gitId": "JeremiasLiew"
        },
        "content": "    "
      },
      {
        "lineNumber": 72,
        "author": {
          "gitId": "-"
        },
        "content": "    public static void main(String[] args) {"
      },
      {
        "lineNumber": 73,
        "author": {
          "gitId": "JeremiasLiew"
        },
        "content": "        Scanner sc \u003d new Scanner(System.in);"
      },
      {
        "lineNumber": 74,
        "author": {
          "gitId": "JeremiasLiew"
        },
        "content": "        String name \u003d \"**Rick**\";"
      },
      {
        "lineNumber": 75,
        "author": {
          "gitId": "JeremiasLiew"
        },
        "content": "        String line \u003d \"____________________________________________________________\";"
      },
      {
        "lineNumber": 76,
        "author": {
          "gitId": "JeremiasLiew"
        },
        "content": "        System.out.println(line);"
      },
      {
        "lineNumber": 77,
        "author": {
          "gitId": "JeremiasLiew"
        },
        "content": "        System.out.println(\"  Hello! I\u0027m \" + name);"
      },
      {
        "lineNumber": 78,
        "author": {
          "gitId": "JeremiasLiew"
        },
        "content": "        System.out.println(\"  What can I do for you?\");"
      },
      {
        "lineNumber": 79,
        "author": {
          "gitId": "JeremiasLiew"
        },
        "content": "        System.out.println(line + \u0027\\n\u0027);"
      },
      {
        "lineNumber": 80,
        "author": {
          "gitId": "JeremiasLiew"
        },
        "content": "        while (true) {"
      },
      {
        "lineNumber": 81,
        "author": {
          "gitId": "JeremiasLiew"
        },
        "content": "            String str \u003d sc.nextLine();"
      },
      {
        "lineNumber": 82,
        "author": {
          "gitId": "JeremiasLiew"
        },
        "content": "            String msg \u003d \"  \";"
      },
      {
        "lineNumber": 83,
        "author": {
          "gitId": "JeremiasLiew"
        },
        "content": "            if (str.equals(\"bye\")) {"
      },
      {
        "lineNumber": 84,
        "author": {
          "gitId": "JeremiasLiew"
        },
        "content": "                // exits the program"
      },
      {
        "lineNumber": 85,
        "author": {
          "gitId": "JeremiasLiew"
        },
        "content": "                break;"
      },
      {
        "lineNumber": 86,
        "author": {
          "gitId": "JeremiasLiew"
        },
        "content": "            } else if (str.equals(\"list\")) {"
      },
      {
        "lineNumber": 87,
        "author": {
          "gitId": "JeremiasLiew"
        },
        "content": "                msg +\u003d list();"
      },
      {
        "lineNumber": 88,
        "author": {
          "gitId": "JeremiasLiew"
        },
        "content": "            } else if (str.split(\" \")[0].equals(\"done\")) {"
      },
      {
        "lineNumber": 89,
        "author": {
          "gitId": "JeremiasLiew"
        },
        "content": "                msg +\u003d makeDone(str);"
      },
      {
        "lineNumber": 90,
        "author": {
          "gitId": "JeremiasLiew"
        },
        "content": "            } else if (str.split(\" \")[0].equals(\"todo\")) {"
      },
      {
        "lineNumber": 91,
        "author": {
          "gitId": "JeremiasLiew"
        },
        "content": "                msg +\u003d addTodo(str);"
      },
      {
        "lineNumber": 92,
        "author": {
          "gitId": "JeremiasLiew"
        },
        "content": "            } else if (str.split(\" \")[0].equals(\"deadline\")) {"
      },
      {
        "lineNumber": 93,
        "author": {
          "gitId": "JeremiasLiew"
        },
        "content": "                msg +\u003d addDeadline(str);"
      },
      {
        "lineNumber": 94,
        "author": {
          "gitId": "JeremiasLiew"
        },
        "content": "            } else if (str.split(\" \")[0].equals(\"event\")) {"
      },
      {
        "lineNumber": 95,
        "author": {
          "gitId": "JeremiasLiew"
        },
        "content": "                msg +\u003d addEvent(str);"
      },
      {
        "lineNumber": 96,
        "author": {
          "gitId": "JeremiasLiew"
        },
        "content": "            } else {"
      },
      {
        "lineNumber": 97,
        "author": {
          "gitId": "JeremiasLiew"
        },
        "content": "                msg +\u003d \"Unknown command\";"
      },
      {
        "lineNumber": 98,
        "author": {
          "gitId": "JeremiasLiew"
        },
        "content": "            }"
      },
      {
        "lineNumber": 99,
        "author": {
          "gitId": "JeremiasLiew"
        },
        "content": "            System.out.println(line);"
      },
      {
        "lineNumber": 100,
        "author": {
          "gitId": "JeremiasLiew"
        },
        "content": "            System.out.println(msg);"
      },
      {
        "lineNumber": 101,
        "author": {
          "gitId": "JeremiasLiew"
        },
        "content": "            System.out.println(line + \u0027\\n\u0027);"
      },
      {
        "lineNumber": 102,
        "author": {
          "gitId": "JeremiasLiew"
        },
        "content": "        }"
      },
      {
        "lineNumber": 103,
        "author": {
          "gitId": "JeremiasLiew"
        },
        "content": "        sc.close();"
      },
      {
        "lineNumber": 104,
        "author": {
          "gitId": "JeremiasLiew"
        },
        "content": "        System.out.println(line);"
      },
      {
        "lineNumber": 105,
        "author": {
          "gitId": "JeremiasLiew"
        },
        "content": "        System.out.println(\"  Bye. Hope to see you again soon!\");"
      },
      {
        "lineNumber": 106,
        "author": {
          "gitId": "JeremiasLiew"
        },
        "content": "        System.out.println(line);"
      },
      {
        "lineNumber": 107,
        "author": {
          "gitId": "JeremiasLiew"
        },
        "content": "        System.exit(0);"
      },
      {
        "lineNumber": 108,
        "author": {
          "gitId": "-"
        },
        "content": "    }"
      },
      {
        "lineNumber": 109,
        "author": {
          "gitId": "-"
        },
        "content": "}"
      }
    ],
    "authorContributionMap": {
      "JeremiasLiew": 105,
      "-": 4
    }
  },
  {
    "path": "src/main/java/Event.java",
    "fileType": "java",
    "lines": [
      {
        "lineNumber": 1,
        "author": {
          "gitId": "JeremiasLiew"
        },
        "content": "public class Event extends Task {"
      },
      {
        "lineNumber": 2,
        "author": {
          "gitId": "JeremiasLiew"
        },
        "content": "    private final String date;"
      },
      {
        "lineNumber": 3,
        "author": {
          "gitId": "JeremiasLiew"
        },
        "content": "    "
      },
      {
        "lineNumber": 4,
        "author": {
          "gitId": "JeremiasLiew"
        },
        "content": "    public Event(String description, String date) {"
      },
      {
        "lineNumber": 5,
        "author": {
          "gitId": "JeremiasLiew"
        },
        "content": "        super(description);"
      },
      {
        "lineNumber": 6,
        "author": {
          "gitId": "JeremiasLiew"
        },
        "content": "        this.date \u003d date;"
      },
      {
        "lineNumber": 7,
        "author": {
          "gitId": "JeremiasLiew"
        },
        "content": "    }"
      },
      {
        "lineNumber": 8,
        "author": {
          "gitId": "JeremiasLiew"
        },
        "content": "    "
      },
      {
        "lineNumber": 9,
        "author": {
          "gitId": "JeremiasLiew"
        },
        "content": "    @Override"
      },
      {
        "lineNumber": 10,
        "author": {
          "gitId": "JeremiasLiew"
        },
        "content": "    public String toString() {"
      },
      {
        "lineNumber": 11,
        "author": {
          "gitId": "JeremiasLiew"
        },
        "content": "        return \"[E][\" + this.getStatusIcon() + \"] \" + this.description"
      },
      {
        "lineNumber": 12,
        "author": {
          "gitId": "JeremiasLiew"
        },
        "content": "            + \"(at: \" + this.date + \")\";"
      },
      {
        "lineNumber": 13,
        "author": {
          "gitId": "JeremiasLiew"
        },
        "content": "    }"
      },
      {
        "lineNumber": 14,
        "author": {
          "gitId": "JeremiasLiew"
        },
        "content": "}"
      }
    ],
    "authorContributionMap": {
      "JeremiasLiew": 14
    }
  },
  {
    "path": "src/main/java/Task.java",
    "fileType": "java",
    "lines": [
      {
        "lineNumber": 1,
        "author": {
          "gitId": "JeremiasLiew"
        },
        "content": "public class Task {"
      },
      {
        "lineNumber": 2,
        "author": {
          "gitId": "JeremiasLiew"
        },
        "content": "    protected final String description;"
      },
      {
        "lineNumber": 3,
        "author": {
          "gitId": "JeremiasLiew"
        },
        "content": "    protected boolean isDone;"
      },
      {
        "lineNumber": 4,
        "author": {
          "gitId": "JeremiasLiew"
        },
        "content": "    "
      },
      {
        "lineNumber": 5,
        "author": {
          "gitId": "JeremiasLiew"
        },
        "content": "    /**"
      },
      {
        "lineNumber": 6,
        "author": {
          "gitId": "JeremiasLiew"
        },
        "content": "     * Constructor for Task class."
      },
      {
        "lineNumber": 7,
        "author": {
          "gitId": "JeremiasLiew"
        },
        "content": "     * "
      },
      {
        "lineNumber": 8,
        "author": {
          "gitId": "JeremiasLiew"
        },
        "content": "     * @param description Description of the task."
      },
      {
        "lineNumber": 9,
        "author": {
          "gitId": "JeremiasLiew"
        },
        "content": "     */"
      },
      {
        "lineNumber": 10,
        "author": {
          "gitId": "JeremiasLiew"
        },
        "content": "    public Task(String description) {"
      },
      {
        "lineNumber": 11,
        "author": {
          "gitId": "JeremiasLiew"
        },
        "content": "        this.description \u003d description;"
      },
      {
        "lineNumber": 12,
        "author": {
          "gitId": "JeremiasLiew"
        },
        "content": "        this.isDone \u003d false;"
      },
      {
        "lineNumber": 13,
        "author": {
          "gitId": "JeremiasLiew"
        },
        "content": "    }"
      },
      {
        "lineNumber": 14,
        "author": {
          "gitId": "JeremiasLiew"
        },
        "content": "    "
      },
      {
        "lineNumber": 15,
        "author": {
          "gitId": "JeremiasLiew"
        },
        "content": "    /**"
      },
      {
        "lineNumber": 16,
        "author": {
          "gitId": "JeremiasLiew"
        },
        "content": "     * Returns status icon depicting if task is done or not."
      },
      {
        "lineNumber": 17,
        "author": {
          "gitId": "JeremiasLiew"
        },
        "content": "     * "
      },
      {
        "lineNumber": 18,
        "author": {
          "gitId": "JeremiasLiew"
        },
        "content": "     * @return Indication if task is done or not."
      },
      {
        "lineNumber": 19,
        "author": {
          "gitId": "JeremiasLiew"
        },
        "content": "     */"
      },
      {
        "lineNumber": 20,
        "author": {
          "gitId": "JeremiasLiew"
        },
        "content": "    public String getStatusIcon() {"
      },
      {
        "lineNumber": 21,
        "author": {
          "gitId": "JeremiasLiew"
        },
        "content": "        return (isDone ? \"\\u2713\" : \"\\u2718\"); //return tick or X symbols"
      },
      {
        "lineNumber": 22,
        "author": {
          "gitId": "JeremiasLiew"
        },
        "content": "    }"
      },
      {
        "lineNumber": 23,
        "author": {
          "gitId": "JeremiasLiew"
        },
        "content": "    "
      },
      {
        "lineNumber": 24,
        "author": {
          "gitId": "JeremiasLiew"
        },
        "content": "    /**"
      },
      {
        "lineNumber": 25,
        "author": {
          "gitId": "JeremiasLiew"
        },
        "content": "     * Sets task as done."
      },
      {
        "lineNumber": 26,
        "author": {
          "gitId": "JeremiasLiew"
        },
        "content": "     * "
      },
      {
        "lineNumber": 27,
        "author": {
          "gitId": "JeremiasLiew"
        },
        "content": "     * @return void."
      },
      {
        "lineNumber": 28,
        "author": {
          "gitId": "JeremiasLiew"
        },
        "content": "     */"
      },
      {
        "lineNumber": 29,
        "author": {
          "gitId": "JeremiasLiew"
        },
        "content": "    public void markAsDone() {"
      },
      {
        "lineNumber": 30,
        "author": {
          "gitId": "JeremiasLiew"
        },
        "content": "        this.isDone \u003d true;"
      },
      {
        "lineNumber": 31,
        "author": {
          "gitId": "JeremiasLiew"
        },
        "content": "    }"
      },
      {
        "lineNumber": 32,
        "author": {
          "gitId": "JeremiasLiew"
        },
        "content": "    "
      },
      {
        "lineNumber": 33,
        "author": {
          "gitId": "JeremiasLiew"
        },
        "content": "    /**"
      },
      {
        "lineNumber": 34,
        "author": {
          "gitId": "JeremiasLiew"
        },
        "content": "     * Returns String representation of Task."
      },
      {
        "lineNumber": 35,
        "author": {
          "gitId": "JeremiasLiew"
        },
        "content": "     * "
      },
      {
        "lineNumber": 36,
        "author": {
          "gitId": "JeremiasLiew"
        },
        "content": "     * @return String representation of Task."
      },
      {
        "lineNumber": 37,
        "author": {
          "gitId": "JeremiasLiew"
        },
        "content": "     */"
      },
      {
        "lineNumber": 38,
        "author": {
          "gitId": "JeremiasLiew"
        },
        "content": "    @Override"
      },
      {
        "lineNumber": 39,
        "author": {
          "gitId": "JeremiasLiew"
        },
        "content": "    public String toString() {"
      },
      {
        "lineNumber": 40,
        "author": {
          "gitId": "JeremiasLiew"
        },
        "content": "        return \"[\" + this.getStatusIcon() + \"] \" + this.description;"
      },
      {
        "lineNumber": 41,
        "author": {
          "gitId": "JeremiasLiew"
        },
        "content": "    }"
      },
      {
        "lineNumber": 42,
        "author": {
          "gitId": "JeremiasLiew"
        },
        "content": "}"
      }
    ],
    "authorContributionMap": {
      "JeremiasLiew": 42
    }
  },
  {
    "path": "src/main/java/ToDo.java",
    "fileType": "java",
    "lines": [
      {
        "lineNumber": 1,
        "author": {
          "gitId": "JeremiasLiew"
        },
        "content": "public class ToDo extends Task {"
      },
      {
        "lineNumber": 2,
        "author": {
          "gitId": "JeremiasLiew"
        },
        "content": "    "
      },
      {
        "lineNumber": 3,
        "author": {
          "gitId": "JeremiasLiew"
        },
        "content": "    public ToDo(String description) {"
      },
      {
        "lineNumber": 4,
        "author": {
          "gitId": "JeremiasLiew"
        },
        "content": "        super(description);"
      },
      {
        "lineNumber": 5,
        "author": {
          "gitId": "JeremiasLiew"
        },
        "content": "    }"
      },
      {
        "lineNumber": 6,
        "author": {
          "gitId": "JeremiasLiew"
        },
        "content": "    "
      },
      {
        "lineNumber": 7,
        "author": {
          "gitId": "JeremiasLiew"
        },
        "content": "    @Override"
      },
      {
        "lineNumber": 8,
        "author": {
          "gitId": "JeremiasLiew"
        },
        "content": "    public String toString() {"
      },
      {
        "lineNumber": 9,
        "author": {
          "gitId": "JeremiasLiew"
        },
        "content": "        return \"[T][\" + this.getStatusIcon() + \"] \" + this.description;"
      },
      {
        "lineNumber": 10,
        "author": {
          "gitId": "JeremiasLiew"
        },
        "content": "    }"
      },
      {
        "lineNumber": 11,
        "author": {
          "gitId": "JeremiasLiew"
        },
        "content": "}"
      }
    ],
    "authorContributionMap": {
      "JeremiasLiew": 11
    }
  }
]
