[
  {
    "path": "src/main/java/Deadline.java",
    "fileType": "java",
    "lines": [
      {
        "lineNumber": 1,
        "author": {
          "gitId": "nguan1"
        },
        "content": "public class Deadline extends Task {"
      },
      {
        "lineNumber": 2,
        "author": {
          "gitId": "nguan1"
        },
        "content": "    protected String by;"
      },
      {
        "lineNumber": 3,
        "author": {
          "gitId": "nguan1"
        },
        "content": "    public Deadline(String description, String by) {"
      },
      {
        "lineNumber": 4,
        "author": {
          "gitId": "nguan1"
        },
        "content": "        super(description);"
      },
      {
        "lineNumber": 5,
        "author": {
          "gitId": "nguan1"
        },
        "content": "        this.by \u003d by;"
      },
      {
        "lineNumber": 6,
        "author": {
          "gitId": "nguan1"
        },
        "content": "    }"
      },
      {
        "lineNumber": 7,
        "author": {
          "gitId": "nguan1"
        },
        "content": ""
      },
      {
        "lineNumber": 8,
        "author": {
          "gitId": "nguan1"
        },
        "content": "    @Override"
      },
      {
        "lineNumber": 9,
        "author": {
          "gitId": "nguan1"
        },
        "content": "    public String toString(){"
      },
      {
        "lineNumber": 10,
        "author": {
          "gitId": "nguan1"
        },
        "content": "        return \"[D]\" + super.toString() + \" (by:\" + this.by + \")\";"
      },
      {
        "lineNumber": 11,
        "author": {
          "gitId": "nguan1"
        },
        "content": "    }"
      },
      {
        "lineNumber": 12,
        "author": {
          "gitId": "nguan1"
        },
        "content": "}"
      }
    ],
    "authorContributionMap": {
      "nguan1": 12
    }
  },
  {
    "path": "src/main/java/Duke.java",
    "fileType": "java",
    "lines": [
      {
        "lineNumber": 1,
        "author": {
          "gitId": "nguan1"
        },
        "content": "import java.util.Scanner;"
      },
      {
        "lineNumber": 2,
        "author": {
          "gitId": "-"
        },
        "content": "public class Duke {"
      },
      {
        "lineNumber": 3,
        "author": {
          "gitId": "-"
        },
        "content": "    public static void main(String[] args) {"
      },
      {
        "lineNumber": 4,
        "author": {
          "gitId": "nguan1"
        },
        "content": "//        String logo \u003d \" ____        _        \\n\""
      },
      {
        "lineNumber": 5,
        "author": {
          "gitId": "nguan1"
        },
        "content": "//                + \"|  _ \\\\ _   _| | _____ \\n\""
      },
      {
        "lineNumber": 6,
        "author": {
          "gitId": "nguan1"
        },
        "content": "//                + \"| | | | | | | |/ / _ \\\\\\n\""
      },
      {
        "lineNumber": 7,
        "author": {
          "gitId": "nguan1"
        },
        "content": "//                + \"| |_| | |_| |   \u003c  __/\\n\""
      },
      {
        "lineNumber": 8,
        "author": {
          "gitId": "nguan1"
        },
        "content": "//                + \"|____/ \\\\__,_|_|\\\\_\\\\___|\\n\";"
      },
      {
        "lineNumber": 9,
        "author": {
          "gitId": "nguan1"
        },
        "content": "//        System.out.println(\"Hello from\\n\" + logo);"
      },
      {
        "lineNumber": 10,
        "author": {
          "gitId": "nguan1"
        },
        "content": "        Task[] tasks \u003d new Task[100];"
      },
      {
        "lineNumber": 11,
        "author": {
          "gitId": "nguan1"
        },
        "content": "        int counter \u003d 0;"
      },
      {
        "lineNumber": 12,
        "author": {
          "gitId": "nguan1"
        },
        "content": "        System.out.println(\"Hello! I\u0027m Duke\");"
      },
      {
        "lineNumber": 13,
        "author": {
          "gitId": "nguan1"
        },
        "content": "        System.out.println(\"What can I do for you?\");"
      },
      {
        "lineNumber": 14,
        "author": {
          "gitId": "nguan1"
        },
        "content": "        Scanner input \u003d new Scanner(System.in);"
      },
      {
        "lineNumber": 15,
        "author": {
          "gitId": "nguan1"
        },
        "content": "        while (true){"
      },
      {
        "lineNumber": 16,
        "author": {
          "gitId": "nguan1"
        },
        "content": "            String next \u003d input.nextLine();"
      },
      {
        "lineNumber": 17,
        "author": {
          "gitId": "nguan1"
        },
        "content": "            if (next.equals(\"bye\")){"
      },
      {
        "lineNumber": 18,
        "author": {
          "gitId": "nguan1"
        },
        "content": "                System.out.println(\"Bye. Hope to see you again soon! :)\");"
      },
      {
        "lineNumber": 19,
        "author": {
          "gitId": "nguan1"
        },
        "content": "                break;"
      },
      {
        "lineNumber": 20,
        "author": {
          "gitId": "nguan1"
        },
        "content": "            } else if (next.equals(\"list\")) {"
      },
      {
        "lineNumber": 21,
        "author": {
          "gitId": "nguan1"
        },
        "content": "                System.out.println(\"Here are the tasks on your list:\");"
      },
      {
        "lineNumber": 22,
        "author": {
          "gitId": "nguan1"
        },
        "content": "                for (int i \u003d 0; i \u003c counter; i++) {"
      },
      {
        "lineNumber": 23,
        "author": {
          "gitId": "nguan1"
        },
        "content": "                System.out.printf(\"%d. %s\\n\",i +1,tasks[i].toString());"
      },
      {
        "lineNumber": 24,
        "author": {
          "gitId": "nguan1"
        },
        "content": "                }"
      },
      {
        "lineNumber": 25,
        "author": {
          "gitId": "nguan1"
        },
        "content": "            } else if (next.startsWith(\"done\")){"
      },
      {
        "lineNumber": 26,
        "author": {
          "gitId": "nguan1"
        },
        "content": "                String temp \u003d next.replaceAll(\"\\\\D+\",\"\");"
      },
      {
        "lineNumber": 27,
        "author": {
          "gitId": "nguan1"
        },
        "content": "                int FinishedNumber \u003d Integer.parseInt(temp);"
      },
      {
        "lineNumber": 28,
        "author": {
          "gitId": "nguan1"
        },
        "content": "                tasks[FinishedNumber-1].markAsDone();"
      },
      {
        "lineNumber": 29,
        "author": {
          "gitId": "nguan1"
        },
        "content": "                System.out.println(\"Nice! I\u0027ve marked this task as done:\");"
      },
      {
        "lineNumber": 30,
        "author": {
          "gitId": "nguan1"
        },
        "content": "                System.out.printf(\"  [%s] %s\\n\",tasks[FinishedNumber-1].getStatusIcon(),tasks[FinishedNumber-1].getDescription());"
      },
      {
        "lineNumber": 31,
        "author": {
          "gitId": "nguan1"
        },
        "content": "            } else {"
      },
      {
        "lineNumber": 32,
        "author": {
          "gitId": "nguan1"
        },
        "content": "                System.out.println(\"Got it. I\u0027ve added this task:\");"
      },
      {
        "lineNumber": 33,
        "author": {
          "gitId": "nguan1"
        },
        "content": "                String[] splitString \u003d next.split(\" \", 2);"
      },
      {
        "lineNumber": 34,
        "author": {
          "gitId": "nguan1"
        },
        "content": "                if (splitString[0].equals(\"deadline\")){"
      },
      {
        "lineNumber": 35,
        "author": {
          "gitId": "nguan1"
        },
        "content": "                    String[] splitString2 \u003d splitString[1].split(\"/by\", 2);"
      },
      {
        "lineNumber": 36,
        "author": {
          "gitId": "nguan1"
        },
        "content": "                    tasks[counter] \u003d new Deadline(splitString2[0],splitString2[1]);"
      },
      {
        "lineNumber": 37,
        "author": {
          "gitId": "nguan1"
        },
        "content": "                    System.out.printf(\"  %s\\n\",tasks[counter].toString());"
      },
      {
        "lineNumber": 38,
        "author": {
          "gitId": "nguan1"
        },
        "content": "                } else if (splitString[0].equals(\"todo\")){"
      },
      {
        "lineNumber": 39,
        "author": {
          "gitId": "nguan1"
        },
        "content": "                    tasks[counter] \u003d new Todo(splitString[1]);"
      },
      {
        "lineNumber": 40,
        "author": {
          "gitId": "nguan1"
        },
        "content": "                    System.out.printf(\"  %s\\n\",tasks[counter].toString());"
      },
      {
        "lineNumber": 41,
        "author": {
          "gitId": "nguan1"
        },
        "content": "                } else if (splitString[0].equals(\"event\")) {"
      },
      {
        "lineNumber": 42,
        "author": {
          "gitId": "nguan1"
        },
        "content": "                    String[] splitString2 \u003d splitString[1].split(\"/at\", 2);"
      },
      {
        "lineNumber": 43,
        "author": {
          "gitId": "nguan1"
        },
        "content": "                    tasks[counter] \u003d new Event(splitString2[0], splitString2[1]);"
      },
      {
        "lineNumber": 44,
        "author": {
          "gitId": "nguan1"
        },
        "content": "                    System.out.printf(\"  %s\\n\",tasks[counter].toString());"
      },
      {
        "lineNumber": 45,
        "author": {
          "gitId": "nguan1"
        },
        "content": "                } else{"
      },
      {
        "lineNumber": 46,
        "author": {
          "gitId": "nguan1"
        },
        "content": "                    tasks[counter] \u003d new Task(next);"
      },
      {
        "lineNumber": 47,
        "author": {
          "gitId": "nguan1"
        },
        "content": "                    System.out.println(\"added: \"+ next);"
      },
      {
        "lineNumber": 48,
        "author": {
          "gitId": "nguan1"
        },
        "content": "                }"
      },
      {
        "lineNumber": 49,
        "author": {
          "gitId": "nguan1"
        },
        "content": ""
      },
      {
        "lineNumber": 50,
        "author": {
          "gitId": "nguan1"
        },
        "content": "                counter +\u003d1;"
      },
      {
        "lineNumber": 51,
        "author": {
          "gitId": "nguan1"
        },
        "content": "                System.out.printf(\"Now you have %d tasks in the list\\n\", counter);"
      },
      {
        "lineNumber": 52,
        "author": {
          "gitId": "nguan1"
        },
        "content": "            }"
      },
      {
        "lineNumber": 53,
        "author": {
          "gitId": "nguan1"
        },
        "content": "            }"
      },
      {
        "lineNumber": 54,
        "author": {
          "gitId": "-"
        },
        "content": "        }"
      },
      {
        "lineNumber": 55,
        "author": {
          "gitId": "-"
        },
        "content": "    }"
      },
      {
        "lineNumber": 56,
        "author": {
          "gitId": "nguan1"
        },
        "content": ""
      }
    ],
    "authorContributionMap": {
      "-": 4,
      "nguan1": 52
    }
  },
  {
    "path": "src/main/java/Event.java",
    "fileType": "java",
    "lines": [
      {
        "lineNumber": 1,
        "author": {
          "gitId": "nguan1"
        },
        "content": "public class Event extends Task {"
      },
      {
        "lineNumber": 2,
        "author": {
          "gitId": "nguan1"
        },
        "content": "    protected String time;"
      },
      {
        "lineNumber": 3,
        "author": {
          "gitId": "nguan1"
        },
        "content": "    public Event(String description, String time){"
      },
      {
        "lineNumber": 4,
        "author": {
          "gitId": "nguan1"
        },
        "content": "        super(description);"
      },
      {
        "lineNumber": 5,
        "author": {
          "gitId": "nguan1"
        },
        "content": "        this.time \u003d time;"
      },
      {
        "lineNumber": 6,
        "author": {
          "gitId": "nguan1"
        },
        "content": "    }"
      },
      {
        "lineNumber": 7,
        "author": {
          "gitId": "nguan1"
        },
        "content": "    @Override"
      },
      {
        "lineNumber": 8,
        "author": {
          "gitId": "nguan1"
        },
        "content": "    public String toString() {"
      },
      {
        "lineNumber": 9,
        "author": {
          "gitId": "nguan1"
        },
        "content": "        return \"[E]\" + super.toString() + \" (at:\" + this.time + \")\";"
      },
      {
        "lineNumber": 10,
        "author": {
          "gitId": "nguan1"
        },
        "content": "    }"
      },
      {
        "lineNumber": 11,
        "author": {
          "gitId": "nguan1"
        },
        "content": "}"
      }
    ],
    "authorContributionMap": {
      "nguan1": 11
    }
  },
  {
    "path": "src/main/java/Task.java",
    "fileType": "java",
    "lines": [
      {
        "lineNumber": 1,
        "author": {
          "gitId": "nguan1"
        },
        "content": "public class Task {"
      },
      {
        "lineNumber": 2,
        "author": {
          "gitId": "nguan1"
        },
        "content": "    protected String description;"
      },
      {
        "lineNumber": 3,
        "author": {
          "gitId": "nguan1"
        },
        "content": "    protected boolean isDone;"
      },
      {
        "lineNumber": 4,
        "author": {
          "gitId": "nguan1"
        },
        "content": ""
      },
      {
        "lineNumber": 5,
        "author": {
          "gitId": "nguan1"
        },
        "content": "    public Task(String description){"
      },
      {
        "lineNumber": 6,
        "author": {
          "gitId": "nguan1"
        },
        "content": "        this.description \u003ddescription;"
      },
      {
        "lineNumber": 7,
        "author": {
          "gitId": "nguan1"
        },
        "content": "        this.isDone \u003d false;"
      },
      {
        "lineNumber": 8,
        "author": {
          "gitId": "nguan1"
        },
        "content": "    }"
      },
      {
        "lineNumber": 9,
        "author": {
          "gitId": "nguan1"
        },
        "content": "    public String getStatusIcon() {"
      },
      {
        "lineNumber": 10,
        "author": {
          "gitId": "nguan1"
        },
        "content": "        return (isDone ? \"\\u2713\" : \"\\u2718\");"
      },
      {
        "lineNumber": 11,
        "author": {
          "gitId": "nguan1"
        },
        "content": "    }"
      },
      {
        "lineNumber": 12,
        "author": {
          "gitId": "nguan1"
        },
        "content": "    public void markAsDone() {"
      },
      {
        "lineNumber": 13,
        "author": {
          "gitId": "nguan1"
        },
        "content": "        this.isDone \u003d true;"
      },
      {
        "lineNumber": 14,
        "author": {
          "gitId": "nguan1"
        },
        "content": "    }"
      },
      {
        "lineNumber": 15,
        "author": {
          "gitId": "nguan1"
        },
        "content": "    public String getDescription() {"
      },
      {
        "lineNumber": 16,
        "author": {
          "gitId": "nguan1"
        },
        "content": "        return this.description;"
      },
      {
        "lineNumber": 17,
        "author": {
          "gitId": "nguan1"
        },
        "content": "    }"
      },
      {
        "lineNumber": 18,
        "author": {
          "gitId": "nguan1"
        },
        "content": "    @Override"
      },
      {
        "lineNumber": 19,
        "author": {
          "gitId": "nguan1"
        },
        "content": "    public String toString(){"
      },
      {
        "lineNumber": 20,
        "author": {
          "gitId": "nguan1"
        },
        "content": "        return \"[\" + getStatusIcon() + \"] \" + getDescription();"
      },
      {
        "lineNumber": 21,
        "author": {
          "gitId": "nguan1"
        },
        "content": "    }"
      },
      {
        "lineNumber": 22,
        "author": {
          "gitId": "nguan1"
        },
        "content": "}"
      }
    ],
    "authorContributionMap": {
      "nguan1": 22
    }
  },
  {
    "path": "src/main/java/Todo.java",
    "fileType": "java",
    "lines": [
      {
        "lineNumber": 1,
        "author": {
          "gitId": "nguan1"
        },
        "content": "public class Todo extends Task {"
      },
      {
        "lineNumber": 2,
        "author": {
          "gitId": "nguan1"
        },
        "content": "    public Todo(String description) {"
      },
      {
        "lineNumber": 3,
        "author": {
          "gitId": "nguan1"
        },
        "content": "        super(description);"
      },
      {
        "lineNumber": 4,
        "author": {
          "gitId": "nguan1"
        },
        "content": "    }"
      },
      {
        "lineNumber": 5,
        "author": {
          "gitId": "nguan1"
        },
        "content": "    @Override"
      },
      {
        "lineNumber": 6,
        "author": {
          "gitId": "nguan1"
        },
        "content": "    public String toString() {"
      },
      {
        "lineNumber": 7,
        "author": {
          "gitId": "nguan1"
        },
        "content": "        return \"[T]\" + super.toString();"
      },
      {
        "lineNumber": 8,
        "author": {
          "gitId": "nguan1"
        },
        "content": "    }"
      },
      {
        "lineNumber": 9,
        "author": {
          "gitId": "nguan1"
        },
        "content": "}"
      }
    ],
    "authorContributionMap": {
      "nguan1": 9
    }
  }
]
