{
  "authorDailyContributionsMap": {
    "nguan1": [
      {
        "insertions": 19,
        "deletions": 6,
        "date": "2020-01-15",
        "commitResults": [
          {
            "hash": "5a05df5f215a521037e81bfce6c6c30d10a8bb0b",
            "messageTitle": "Level 1 completed",
            "messageBody": "",
            "tags": [
              "Level-1"
            ],
            "insertions": 19,
            "deletions": 6
          }
        ]
      },
      {
        "insertions": 21,
        "deletions": 6,
        "date": "2020-01-22",
        "commitResults": [
          {
            "hash": "7ea11f7da93deafd4cfbd640011f281bf2b35a21",
            "messageTitle": "Level 2 completed",
            "messageBody": "",
            "tags": [
              "Level-2"
            ],
            "insertions": 12,
            "deletions": 3
          },
          {
            "hash": "22655bc6fb7781912651d3b915c7d72ecc599410",
            "messageTitle": "Level 3 Completed",
            "messageBody": "",
            "tags": [
              "Level-3",
              "A-CodingStandard"
            ],
            "insertions": 9,
            "deletions": 3
          }
        ]
      },
      {
        "insertions": 21,
        "deletions": 3,
        "date": "2020-01-29",
        "commitResults": [
          {
            "hash": "97baba886286d74fb827ab08aaa1d0d30b7c042e",
            "messageTitle": "Level-4 Completed",
            "messageBody": "",
            "insertions": 21,
            "deletions": 3
          }
        ]
      },
      {
        "insertions": 54,
        "deletions": 0,
        "date": "2020-02-04",
        "commitResults": [
          {
            "hash": "008b2da1d283b8c0ff53ece8f5c7b4964768966f",
            "messageTitle": "Level - 4 Other files",
            "messageBody": "",
            "tags": [
              "Level-4",
              "A-CodeQuality"
            ],
            "insertions": 54,
            "deletions": 0
          }
        ]
      },
      {
        "insertions": 76,
        "deletions": 18,
        "date": "2020-02-05",
        "commitResults": [
          {
            "hash": "1c116d7616530e747d2115ea5d36b61bae72831c",
            "messageTitle": "Level 5 Handle Errors completed",
            "messageBody": "",
            "tags": [
              "Level-5"
            ],
            "insertions": 58,
            "deletions": 14
          },
          {
            "hash": "03bc1340b21abbd770c0d11565f07edaf6ba2135",
            "messageTitle": "Level 5: Moved to duke package",
            "messageBody": "",
            "tags": [
              "A-Packages"
            ],
            "insertions": 18,
            "deletions": 4
          }
        ]
      },
      {
        "insertions": 69,
        "deletions": 37,
        "date": "2020-02-07",
        "commitResults": [
          {
            "hash": "5c13ccc2b2af8c906d65c79677f2c951f9a0b09a",
            "messageTitle": "Level 6 Completed",
            "messageBody": "",
            "tags": [
              "Level-6"
            ],
            "insertions": 26,
            "deletions": 13
          },
          {
            "hash": "9bd7ea432b51984ebca670ba43d2d7f49f53bc95",
            "messageTitle": "Level 7 completed",
            "messageBody": "",
            "tags": [
              "Level-7"
            ],
            "insertions": 38,
            "deletions": 12
          },
          {
            "hash": "3bf45028915ca6b826854b34a73a70b385089e0f",
            "messageTitle": "Update Merge Conflicts",
            "messageBody": "",
            "tags": [
              "v0.1"
            ],
            "insertions": 5,
            "deletions": 12
          }
        ]
      }
    ]
  },
  "authorFinalContributionMap": {
    "nguan1": 203
  },
  "authorFileTypeContributionMap": {
    "nguan1": {
      "java": 196,
      "md": 2,
      "fxml": 0,
      "sh": 0,
      "bat": 0,
      "gradle": 0,
      "txt": 5
    }
  },
  "authorContributionVariance": {
    "nguan1": 797.29
  },
  "authorDisplayNameMap": {
    "nguan1": "CS2113-T14-4 GUAN..NING"
  }
}
