{
  "authorDailyContributionsMap": {
    "nguan1": [
      {
        "insertions": 19,
        "deletions": 6,
        "date": "2020-01-15",
        "commitResults": [
          {
            "hash": "5a05df5f215a521037e81bfce6c6c30d10a8bb0b",
            "messageTitle": "Level 1 completed",
            "messageBody": "",
            "insertions": 19,
            "deletions": 6
          }
        ]
      },
      {
        "insertions": 21,
        "deletions": 6,
        "date": "2020-01-22",
        "commitResults": [
          {
            "hash": "7ea11f7da93deafd4cfbd640011f281bf2b35a21",
            "messageTitle": "Level 2 completed",
            "messageBody": "",
            "insertions": 12,
            "deletions": 3
          },
          {
            "hash": "22655bc6fb7781912651d3b915c7d72ecc599410",
            "messageTitle": "Level 3 Completed",
            "messageBody": "",
            "insertions": 9,
            "deletions": 3
          }
        ]
      },
      {
        "insertions": 21,
        "deletions": 3,
        "date": "2020-01-29",
        "commitResults": [
          {
            "hash": "97baba886286d74fb827ab08aaa1d0d30b7c042e",
            "messageTitle": "Level-4 Completed",
            "messageBody": "",
            "insertions": 21,
            "deletions": 3
          }
        ]
      },
      {
        "insertions": 54,
        "deletions": 0,
        "date": "2020-02-04",
        "commitResults": [
          {
            "hash": "008b2da1d283b8c0ff53ece8f5c7b4964768966f",
            "messageTitle": "Level - 4 Other files",
            "messageBody": "",
            "insertions": 54,
            "deletions": 0
          }
        ]
      }
    ]
  },
  "authorFinalContributionMap": {
    "nguan1": 106
  },
  "authorFileTypeContributionMap": {
    "nguan1": {
      "java": 106,
      "md": 0,
      "fxml": 0,
      "sh": 0,
      "bat": 0,
      "gradle": 0,
      "txt": 0
    }
  },
  "authorContributionVariance": {
    "nguan1": 178.74855
  },
  "authorDisplayNameMap": {
    "nguan1": "CS2113-T14-4 GUAN..NING"
  }
}
