[
  {
    "path": "src/main/java/Duke.java",
    "fileType": "java",
    "lines": [
      {
        "lineNumber": 1,
        "author": {
          "gitId": "anqi-nus"
        },
        "content": "import java.util.Scanner;"
      },
      {
        "lineNumber": 2,
        "author": {
          "gitId": "-"
        },
        "content": "public class Duke {"
      },
      {
        "lineNumber": 3,
        "author": {
          "gitId": "anqi-nus"
        },
        "content": "    public static void printSplit(){"
      },
      {
        "lineNumber": 4,
        "author": {
          "gitId": "anqi-nus"
        },
        "content": "        System.out.println(\"    ✻❊✽✼❉✱✲✾❃❋❈❆✿❀❁\");"
      },
      {
        "lineNumber": 5,
        "author": {
          "gitId": "anqi-nus"
        },
        "content": "    }"
      },
      {
        "lineNumber": 6,
        "author": {
          "gitId": "anqi-nus"
        },
        "content": ""
      },
      {
        "lineNumber": 7,
        "author": {
          "gitId": "anqi-nus"
        },
        "content": ""
      },
      {
        "lineNumber": 8,
        "author": {
          "gitId": "anqi-nus"
        },
        "content": "    public static void printBye() {"
      },
      {
        "lineNumber": 9,
        "author": {
          "gitId": "anqi-nus"
        },
        "content": "        printSplit();"
      },
      {
        "lineNumber": 10,
        "author": {
          "gitId": "anqi-nus"
        },
        "content": "        System.out.println(\"    Bye. Hope to see you again soon!\");"
      },
      {
        "lineNumber": 11,
        "author": {
          "gitId": "anqi-nus"
        },
        "content": "        printSplit();"
      },
      {
        "lineNumber": 12,
        "author": {
          "gitId": "anqi-nus"
        },
        "content": "    }"
      },
      {
        "lineNumber": 13,
        "author": {
          "gitId": "anqi-nus"
        },
        "content": ""
      },
      {
        "lineNumber": 14,
        "author": {
          "gitId": "-"
        },
        "content": "    public static void main(String[] args) {"
      },
      {
        "lineNumber": 15,
        "author": {
          "gitId": "anqi-nus"
        },
        "content": "        Task task \u003d new Task();"
      },
      {
        "lineNumber": 16,
        "author": {
          "gitId": "anqi-nus"
        },
        "content": "        Duke split \u003d new Duke();"
      },
      {
        "lineNumber": 17,
        "author": {
          "gitId": "-"
        },
        "content": "        String logo \u003d \" ____        _        \\n\""
      },
      {
        "lineNumber": 18,
        "author": {
          "gitId": "-"
        },
        "content": "                + \"|  _ \\\\ _   _| | _____ \\n\""
      },
      {
        "lineNumber": 19,
        "author": {
          "gitId": "-"
        },
        "content": "                + \"| | | | | | | |/ / _ \\\\\\n\""
      },
      {
        "lineNumber": 20,
        "author": {
          "gitId": "-"
        },
        "content": "                + \"| |_| | |_| |   \u003c  __/\\n\""
      },
      {
        "lineNumber": 21,
        "author": {
          "gitId": "-"
        },
        "content": "                + \"|____/ \\\\__,_|_|\\\\_\\\\___|\\n\";"
      },
      {
        "lineNumber": 22,
        "author": {
          "gitId": "-"
        },
        "content": "        System.out.println(\"    Hello from\\n\" + logo);"
      },
      {
        "lineNumber": 23,
        "author": {
          "gitId": "anqi-nus"
        },
        "content": "        printSplit();"
      },
      {
        "lineNumber": 24,
        "author": {
          "gitId": "anqi-nus"
        },
        "content": "        System.out.println(\"    Sorry I don\u0027t understand your command :(\\n\" +"
      },
      {
        "lineNumber": 25,
        "author": {
          "gitId": "anqi-nus"
        },
        "content": "                \"    Please select one of the following (key in number): \\n\" +"
      },
      {
        "lineNumber": 26,
        "author": {
          "gitId": "anqi-nus"
        },
        "content": "                \"    1. Add a new task, \\n\" +"
      },
      {
        "lineNumber": 27,
        "author": {
          "gitId": "anqi-nus"
        },
        "content": "                \"    2. Delete an old task, \\n\" +"
      },
      {
        "lineNumber": 28,
        "author": {
          "gitId": "anqi-nus"
        },
        "content": "                \"    3. Show my tasks, or\\n\"+"
      },
      {
        "lineNumber": 29,
        "author": {
          "gitId": "anqi-nus"
        },
        "content": "                \"    4.bye \\n\" +"
      },
      {
        "lineNumber": 30,
        "author": {
          "gitId": "anqi-nus"
        },
        "content": "                \"    to end this conversation\");"
      },
      {
        "lineNumber": 31,
        "author": {
          "gitId": "anqi-nus"
        },
        "content": "        printSplit();"
      },
      {
        "lineNumber": 32,
        "author": {
          "gitId": "anqi-nus"
        },
        "content": ""
      },
      {
        "lineNumber": 33,
        "author": {
          "gitId": "anqi-nus"
        },
        "content": "        Scanner scan \u003d new Scanner(System.in);"
      },
      {
        "lineNumber": 34,
        "author": {
          "gitId": "anqi-nus"
        },
        "content": "        int inst \u003d scan.nextInt();"
      },
      {
        "lineNumber": 35,
        "author": {
          "gitId": "anqi-nus"
        },
        "content": "        while (inst !\u003d 4) {"
      },
      {
        "lineNumber": 36,
        "author": {
          "gitId": "anqi-nus"
        },
        "content": "            Task.exe(inst);"
      },
      {
        "lineNumber": 37,
        "author": {
          "gitId": "anqi-nus"
        },
        "content": "            inst \u003d scan.nextInt();"
      },
      {
        "lineNumber": 38,
        "author": {
          "gitId": "anqi-nus"
        },
        "content": "        }"
      },
      {
        "lineNumber": 39,
        "author": {
          "gitId": "anqi-nus"
        },
        "content": "        printBye();"
      },
      {
        "lineNumber": 40,
        "author": {
          "gitId": "anqi-nus"
        },
        "content": ""
      },
      {
        "lineNumber": 41,
        "author": {
          "gitId": "anqi-nus"
        },
        "content": ""
      },
      {
        "lineNumber": 42,
        "author": {
          "gitId": "-"
        },
        "content": "    }"
      },
      {
        "lineNumber": 43,
        "author": {
          "gitId": "-"
        },
        "content": "}"
      },
      {
        "lineNumber": 44,
        "author": {
          "gitId": "anqi-nus"
        },
        "content": ""
      }
    ],
    "authorContributionMap": {
      "anqi-nus": 34,
      "-": 10
    }
  },
  {
    "path": "src/main/java/Task.java",
    "fileType": "java",
    "lines": [
      {
        "lineNumber": 1,
        "author": {
          "gitId": "anqi-nus"
        },
        "content": "import java.util.*;"
      },
      {
        "lineNumber": 2,
        "author": {
          "gitId": "anqi-nus"
        },
        "content": "import java.util.List;"
      },
      {
        "lineNumber": 3,
        "author": {
          "gitId": "anqi-nus"
        },
        "content": "import java.util.stream.Stream;"
      },
      {
        "lineNumber": 4,
        "author": {
          "gitId": "anqi-nus"
        },
        "content": ""
      },
      {
        "lineNumber": 5,
        "author": {
          "gitId": "anqi-nus"
        },
        "content": "public class Task {"
      },
      {
        "lineNumber": 6,
        "author": {
          "gitId": "anqi-nus"
        },
        "content": "    private static List taskList \u003d new LinkedList();"
      },
      {
        "lineNumber": 7,
        "author": {
          "gitId": "anqi-nus"
        },
        "content": "    public static void addList(String task){"
      },
      {
        "lineNumber": 8,
        "author": {
          "gitId": "anqi-nus"
        },
        "content": "        taskList.add(task);"
      },
      {
        "lineNumber": 9,
        "author": {
          "gitId": "anqi-nus"
        },
        "content": "    }"
      },
      {
        "lineNumber": 10,
        "author": {
          "gitId": "anqi-nus"
        },
        "content": "    public static void deleteList(String task){"
      },
      {
        "lineNumber": 11,
        "author": {
          "gitId": "anqi-nus"
        },
        "content": "        taskList.remove(task);"
      },
      {
        "lineNumber": 12,
        "author": {
          "gitId": "anqi-nus"
        },
        "content": "    }"
      },
      {
        "lineNumber": 13,
        "author": {
          "gitId": "anqi-nus"
        },
        "content": "    public static void printList() {"
      },
      {
        "lineNumber": 14,
        "author": {
          "gitId": "anqi-nus"
        },
        "content": "        Stream stream \u003d taskList.stream();"
      },
      {
        "lineNumber": 15,
        "author": {
          "gitId": "anqi-nus"
        },
        "content": "        stream.forEach(System.out::println);"
      },
      {
        "lineNumber": 16,
        "author": {
          "gitId": "anqi-nus"
        },
        "content": "    }"
      },
      {
        "lineNumber": 17,
        "author": {
          "gitId": "anqi-nus"
        },
        "content": "    public static void printSalute(){"
      },
      {
        "lineNumber": 18,
        "author": {
          "gitId": "anqi-nus"
        },
        "content": "        System.out.println("
      },
      {
        "lineNumber": 19,
        "author": {
          "gitId": "anqi-nus"
        },
        "content": "                        \"    Please select one of the following (key in number): \\n\" +"
      },
      {
        "lineNumber": 20,
        "author": {
          "gitId": "anqi-nus"
        },
        "content": "                        \"    1. Add a new task, \\n\" +"
      },
      {
        "lineNumber": 21,
        "author": {
          "gitId": "anqi-nus"
        },
        "content": "                        \"    2. Delete an old task, \\n\" +"
      },
      {
        "lineNumber": 22,
        "author": {
          "gitId": "anqi-nus"
        },
        "content": "                        \"    3. Show my tasks, or\\n\"+"
      },
      {
        "lineNumber": 23,
        "author": {
          "gitId": "anqi-nus"
        },
        "content": "                        \"    4.bye \\n\" +"
      },
      {
        "lineNumber": 24,
        "author": {
          "gitId": "anqi-nus"
        },
        "content": "                        \"    to end this conversation\");"
      },
      {
        "lineNumber": 25,
        "author": {
          "gitId": "anqi-nus"
        },
        "content": "    }"
      },
      {
        "lineNumber": 26,
        "author": {
          "gitId": "anqi-nus"
        },
        "content": "    public static void exe(int instruction){"
      },
      {
        "lineNumber": 27,
        "author": {
          "gitId": "anqi-nus"
        },
        "content": "        Scanner scan \u003d new Scanner(System.in);"
      },
      {
        "lineNumber": 28,
        "author": {
          "gitId": "anqi-nus"
        },
        "content": "        switch (instruction) {"
      },
      {
        "lineNumber": 29,
        "author": {
          "gitId": "anqi-nus"
        },
        "content": "        case 1: //add task"
      },
      {
        "lineNumber": 30,
        "author": {
          "gitId": "anqi-nus"
        },
        "content": "            System.out.println(\"please enter the task that you want to add(key in number): \");"
      },
      {
        "lineNumber": 31,
        "author": {
          "gitId": "anqi-nus"
        },
        "content": "            String task1 \u003d scan.nextLine();"
      },
      {
        "lineNumber": 32,
        "author": {
          "gitId": "anqi-nus"
        },
        "content": "            taskList.add(task1);"
      },
      {
        "lineNumber": 33,
        "author": {
          "gitId": "anqi-nus"
        },
        "content": "            System.out.println(task1 +\" is added to your task list:)\");"
      },
      {
        "lineNumber": 34,
        "author": {
          "gitId": "anqi-nus"
        },
        "content": "            printSalute();"
      },
      {
        "lineNumber": 35,
        "author": {
          "gitId": "anqi-nus"
        },
        "content": "            break;"
      },
      {
        "lineNumber": 36,
        "author": {
          "gitId": "anqi-nus"
        },
        "content": "        case 2: //delete task"
      },
      {
        "lineNumber": 37,
        "author": {
          "gitId": "anqi-nus"
        },
        "content": "            System.out.println(\"please enter the task that you want to delete: \");"
      },
      {
        "lineNumber": 38,
        "author": {
          "gitId": "anqi-nus"
        },
        "content": "            String task2 \u003d scan.nextLine();"
      },
      {
        "lineNumber": 39,
        "author": {
          "gitId": "anqi-nus"
        },
        "content": "            taskList.remove(task2);"
      },
      {
        "lineNumber": 40,
        "author": {
          "gitId": "anqi-nus"
        },
        "content": "            System.out.println(task2 +\" is deleted from your task list!\");"
      },
      {
        "lineNumber": 41,
        "author": {
          "gitId": "anqi-nus"
        },
        "content": "            printSalute();"
      },
      {
        "lineNumber": 42,
        "author": {
          "gitId": "anqi-nus"
        },
        "content": "            break;"
      },
      {
        "lineNumber": 43,
        "author": {
          "gitId": "anqi-nus"
        },
        "content": "        case 3: //show list"
      },
      {
        "lineNumber": 44,
        "author": {
          "gitId": "anqi-nus"
        },
        "content": "            printList();"
      },
      {
        "lineNumber": 45,
        "author": {
          "gitId": "anqi-nus"
        },
        "content": "            printSalute();"
      },
      {
        "lineNumber": 46,
        "author": {
          "gitId": "anqi-nus"
        },
        "content": "            break;"
      },
      {
        "lineNumber": 47,
        "author": {
          "gitId": "anqi-nus"
        },
        "content": "        default:"
      },
      {
        "lineNumber": 48,
        "author": {
          "gitId": "anqi-nus"
        },
        "content": "            System.out.println(\"    Sorry I don\u0027t understand your command :(\\n\" +"
      },
      {
        "lineNumber": 49,
        "author": {
          "gitId": "anqi-nus"
        },
        "content": "                            \"    Please select one of the following (key in number): \\n\" +"
      },
      {
        "lineNumber": 50,
        "author": {
          "gitId": "anqi-nus"
        },
        "content": "                            \"    1. Add a new task, \\n\" +"
      },
      {
        "lineNumber": 51,
        "author": {
          "gitId": "anqi-nus"
        },
        "content": "                            \"    2. Delete an old task, \\n\" +"
      },
      {
        "lineNumber": 52,
        "author": {
          "gitId": "anqi-nus"
        },
        "content": "                            \"    3. Show my tasks, or\\n\"+"
      },
      {
        "lineNumber": 53,
        "author": {
          "gitId": "anqi-nus"
        },
        "content": "                            \"    4.bye \\n\" +"
      },
      {
        "lineNumber": 54,
        "author": {
          "gitId": "anqi-nus"
        },
        "content": "                            \"    to end this conversation\");"
      },
      {
        "lineNumber": 55,
        "author": {
          "gitId": "anqi-nus"
        },
        "content": "        }"
      },
      {
        "lineNumber": 56,
        "author": {
          "gitId": "anqi-nus"
        },
        "content": "    }"
      },
      {
        "lineNumber": 57,
        "author": {
          "gitId": "anqi-nus"
        },
        "content": "}"
      }
    ],
    "authorContributionMap": {
      "anqi-nus": 57
    }
  }
]
