[
  {
    "path": "src/main/java/Duke.java",
    "fileType": "java",
    "lines": [
      {
        "lineNumber": 1,
        "author": {
          "gitId": "melylopez99"
        },
        "content": "import java.util.Scanner;"
      },
      {
        "lineNumber": 2,
        "author": {
          "gitId": "-"
        },
        "content": "public class Duke {"
      },
      {
        "lineNumber": 3,
        "author": {
          "gitId": "-"
        },
        "content": "    public static void main(String[] args) {"
      },
      {
        "lineNumber": 4,
        "author": {
          "gitId": "melylopez99"
        },
        "content": "    \tString lines \u003d \"--------------------------------------------\"; "
      },
      {
        "lineNumber": 5,
        "author": {
          "gitId": "-"
        },
        "content": "        String logo \u003d \" ____        _        \\n\""
      },
      {
        "lineNumber": 6,
        "author": {
          "gitId": "-"
        },
        "content": "                + \"|  _ \\\\ _   _| | _____ \\n\""
      },
      {
        "lineNumber": 7,
        "author": {
          "gitId": "-"
        },
        "content": "                + \"| | | | | | | |/ / _ \\\\\\n\""
      },
      {
        "lineNumber": 8,
        "author": {
          "gitId": "-"
        },
        "content": "                + \"| |_| | |_| |   \u003c  __/\\n\""
      },
      {
        "lineNumber": 9,
        "author": {
          "gitId": "-"
        },
        "content": "                + \"|____/ \\\\__,_|_|\\\\_\\\\___|\\n\";"
      },
      {
        "lineNumber": 10,
        "author": {
          "gitId": "-"
        },
        "content": "        System.out.println(\"Hello from\\n\" + logo);"
      },
      {
        "lineNumber": 11,
        "author": {
          "gitId": "melylopez99"
        },
        "content": "        System.out.println(\"What can I do for you?\"); "
      },
      {
        "lineNumber": 12,
        "author": {
          "gitId": "melylopez99"
        },
        "content": "        System.out.println(lines); "
      },
      {
        "lineNumber": 13,
        "author": {
          "gitId": "melylopez99"
        },
        "content": "        String line; "
      },
      {
        "lineNumber": 14,
        "author": {
          "gitId": "melylopez99"
        },
        "content": "        do {"
      },
      {
        "lineNumber": 15,
        "author": {
          "gitId": "melylopez99"
        },
        "content": "            Scanner in \u003d new Scanner(System.in); "
      },
      {
        "lineNumber": 16,
        "author": {
          "gitId": "melylopez99"
        },
        "content": "            line \u003d in.nextLine(); "
      },
      {
        "lineNumber": 17,
        "author": {
          "gitId": "melylopez99"
        },
        "content": "            System.out.println(line); "
      },
      {
        "lineNumber": 18,
        "author": {
          "gitId": "melylopez99"
        },
        "content": "            System.out.println(lines); "
      },
      {
        "lineNumber": 19,
        "author": {
          "gitId": "melylopez99"
        },
        "content": "        } while (!line.equals(\"bye\"));"
      },
      {
        "lineNumber": 20,
        "author": {
          "gitId": "melylopez99"
        },
        "content": ""
      },
      {
        "lineNumber": 21,
        "author": {
          "gitId": "melylopez99"
        },
        "content": "        System.out.println(\"Bye. Hope to see you again soon!\");"
      },
      {
        "lineNumber": 22,
        "author": {
          "gitId": "melylopez99"
        },
        "content": "        System.out.println(lines);  "
      },
      {
        "lineNumber": 23,
        "author": {
          "gitId": "melylopez99"
        },
        "content": ""
      },
      {
        "lineNumber": 24,
        "author": {
          "gitId": "-"
        },
        "content": "    }"
      },
      {
        "lineNumber": 25,
        "author": {
          "gitId": "-"
        },
        "content": "}"
      }
    ],
    "authorContributionMap": {
      "melylopez99": 15,
      "-": 10
    }
  }
]
