{
  "authorDailyContributionsMap": {
    "melylopez99": [
      {
        "insertions": 6,
        "deletions": 0,
        "date": "2020-01-21",
        "commitResults": [
          {
            "hash": "96a45477092b5c0f5d428d75f8d2b2bac4238e6c",
            "messageTitle": "Level-0 Greet Implementation",
            "messageBody": "",
            "insertions": 6,
            "deletions": 0
          }
        ]
      },
      {
        "insertions": 9,
        "deletions": 0,
        "date": "2020-01-31",
        "commitResults": [
          {
            "hash": "1a000933565cd38141a0999a30e29a226736c0c7",
            "messageTitle": "Level-1",
            "messageBody": "",
            "insertions": 9,
            "deletions": 0
          }
        ]
      }
    ]
  },
  "authorFinalContributionMap": {
    "melylopez99": 15
  },
  "authorFileTypeContributionMap": {
    "melylopez99": {
      "java": 15,
      "md": 0,
      "fxml": 0,
      "sh": 0,
      "bat": 0,
      "gradle": 0,
      "txt": 0
    }
  },
  "authorContributionVariance": {
    "melylopez99": 5.534626
  },
  "authorDisplayNameMap": {
    "melylopez99": "CS2113-T14-2 LOPE..ISSA"
  }
}
