{
  "authorDailyContributionsMap": {
    "kcubey": [
      {
        "insertions": 21,
        "deletions": 0,
        "date": "2020-01-17",
        "commitResults": [
          {
            "hash": "57d74b088465a0124e7866b1694f7d8d008941cd",
            "messageTitle": "add w2 level-1",
            "messageBody": "",
            "tags": [
              "Level-1"
            ],
            "insertions": 21,
            "deletions": 0
          }
        ]
      },
      {
        "insertions": 118,
        "deletions": 14,
        "date": "2020-01-27",
        "commitResults": [
          {
            "hash": "6c606fa10b1862e4c8550877ae80a2050d2de769",
            "messageTitle": "add Level1-2",
            "messageBody": "",
            "tags": [
              "Level-2"
            ],
            "insertions": 23,
            "deletions": 6
          },
          {
            "hash": "cf0233b37690df5b2ef314182a35ed8e1247c9ac",
            "messageTitle": "add level1-3",
            "messageBody": "",
            "tags": [
              "Level-3"
            ],
            "insertions": 95,
            "deletions": 8
          }
        ]
      },
      {
        "insertions": 4,
        "deletions": 4,
        "date": "2020-01-29",
        "commitResults": [
          {
            "hash": "68a3f4bc581a3e471a072e62b25ed7367d7427d7",
            "messageTitle": "change constant naming, add todo",
            "messageBody": "",
            "tags": [
              "A-CodingStandard"
            ],
            "insertions": 4,
            "deletions": 4
          }
        ]
      },
      {
        "insertions": 223,
        "deletions": 102,
        "date": "2020-02-04",
        "commitResults": [
          {
            "hash": "7f18613941f071b7c90bb96c2b7915eff6ec305b",
            "messageTitle": "refactor code and add level-4",
            "messageBody": "",
            "tags": [
              "Level-4"
            ],
            "insertions": 197,
            "deletions": 74
          },
          {
            "hash": "d2370598f87821763e436b114212d7abe9fea05a",
            "messageTitle": "minor refactoring",
            "messageBody": "",
            "tags": [
              "A-CodeQuality"
            ],
            "insertions": 26,
            "deletions": 28
          }
        ]
      },
      {
        "insertions": 22,
        "deletions": 12,
        "date": "2020-02-08",
        "commitResults": [
          {
            "hash": "fdb8b64b0325c008183ebc3c1f35515b27ee2001",
            "messageTitle": "add exception file and update help message",
            "messageBody": "",
            "insertions": 22,
            "deletions": 12
          }
        ]
      },
      {
        "insertions": 71,
        "deletions": 41,
        "date": "2020-02-09",
        "commitResults": [
          {
            "hash": "1be75626be4c0a7e1f006199b30981c0fc9acc97",
            "messageTitle": "test DukeException",
            "messageBody": "",
            "insertions": 18,
            "deletions": 6
          },
          {
            "hash": "c0b2024e4550efba12d4bdf90ee5a14e1db7e981",
            "messageTitle": "set exceptions as package, identify possible exceptions in duke",
            "messageBody": "",
            "tags": [
              "A-Packages"
            ],
            "insertions": 53,
            "deletions": 35
          }
        ]
      },
      {
        "insertions": 71,
        "deletions": 51,
        "date": "2020-02-10",
        "commitResults": [
          {
            "hash": "ed15dcfecc149bd9d8dd976c288ddd34894375ec",
            "messageTitle": "complete dukeExceptions",
            "messageBody": "",
            "insertions": 71,
            "deletions": 51
          }
        ]
      },
      {
        "insertions": 97,
        "deletions": 2,
        "date": "2020-02-16",
        "commitResults": [
          {
            "hash": "7f206454484be690a0e8fb51c73ef304ed5deab4",
            "messageTitle": "Level-6",
            "messageBody": "",
            "tags": [
              "Level-6"
            ],
            "insertions": 37,
            "deletions": 1
          },
          {
            "hash": "ac68ea1107db773d985e7f18a8be3a0b799e8b1e",
            "messageTitle": "wip load/save feature: checkpoint",
            "messageBody": "",
            "insertions": 60,
            "deletions": 1
          }
        ]
      },
      {
        "insertions": 6,
        "deletions": 1,
        "date": "2020-02-19",
        "commitResults": [
          {
            "hash": "3cf09c4370762cbcff2b8bf8baaa91d8670565bf",
            "messageTitle": "add help",
            "messageBody": "",
            "insertions": 6,
            "deletions": 1
          }
        ]
      },
      {
        "insertions": 127,
        "deletions": 122,
        "date": "2020-02-20",
        "commitResults": [
          {
            "hash": "098524fbc280ddeb751f355cf226d975cf3afd70",
            "messageTitle": "create file",
            "messageBody": "",
            "insertions": 74,
            "deletions": 17
          },
          {
            "hash": "191337ce45025c88db2ef6b46dfbe134c31b13a8",
            "messageTitle": "Level-7 Save",
            "messageBody": "",
            "tags": [
              "Level-7"
            ],
            "insertions": 49,
            "deletions": 103
          },
          {
            "hash": "83575ce34a231e6ce0de3f2f2ed2d1d1669507f7",
            "messageTitle": "Change filepath",
            "messageBody": "",
            "tags": [
              "A-Jar"
            ],
            "insertions": 1,
            "deletions": 1
          },
          {
            "hash": "a7ba926dfe03dcbef99d671c1553506b811ade7f",
            "messageTitle": "Change status symbols to text",
            "messageBody": "",
            "insertions": 3,
            "deletions": 1
          }
        ]
      },
      {
        "insertions": 412,
        "deletions": 347,
        "date": "2020-02-26",
        "commitResults": [
          {
            "hash": "c8b30e9a03d5971d5a75dc2500f7f8f3a7a24f3e",
            "messageTitle": "extract storage methods",
            "messageBody": "",
            "insertions": 62,
            "deletions": 50
          },
          {
            "hash": "8caf10588b83886561e65c543948803f9865b45e",
            "messageTitle": "extract ui methods",
            "messageBody": "",
            "insertions": 60,
            "deletions": 51
          },
          {
            "hash": "e49c7e2b0a8da6c67438f8af84d91ae4e040f7d1",
            "messageTitle": "extract parser and tasklist methods",
            "messageBody": "",
            "insertions": 196,
            "deletions": 165
          },
          {
            "hash": "43429fa8e9563013c4cc4e18cc2b91a30bf43105",
            "messageTitle": "remove comments",
            "messageBody": "",
            "insertions": 0,
            "deletions": 18
          },
          {
            "hash": "8856717477196071979e109a5fa1e0054bb64fbf",
            "messageTitle": "abstract duke class",
            "messageBody": "",
            "insertions": 75,
            "deletions": 42
          },
          {
            "hash": "a6cd90ed322df24c0bfefe7e356995f7cef02511",
            "messageTitle": "remove unused enum, standby for abstraction",
            "messageBody": "",
            "insertions": 19,
            "deletions": 21
          }
        ]
      },
      {
        "insertions": 290,
        "deletions": 123,
        "date": "2020-02-27",
        "commitResults": [
          {
            "hash": "21ff10bceceee628989a4064a0ea5c24bdc9313a",
            "messageTitle": "Completed MoreOOP, requires further error checking",
            "messageBody": "",
            "tags": [
              "A-MoreOOP"
            ],
            "insertions": 64,
            "deletions": 59
          },
          {
            "hash": "dea9af98aa6a9863d42c65ac4aa3a8bd672d46ff",
            "messageTitle": "Add find function",
            "messageBody": "",
            "tags": [
              "Level-9"
            ],
            "insertions": 40,
            "deletions": 2
          },
          {
            "hash": "968cfd193be07d2c1b778a2798e8f2f1c8e7316b",
            "messageTitle": "add JavaDocs",
            "messageBody": "",
            "tags": [
              "A-JavaDoc"
            ],
            "insertions": 186,
            "deletions": 62
          }
        ]
      },
      {
        "insertions": 72,
        "deletions": 9,
        "date": "2020-02-28",
        "commitResults": [
          {
            "hash": "6c9ca4cfae7f402affcddcfa729d52003b317d7d",
            "messageTitle": "Update user guide",
            "messageBody": "",
            "tags": [
              "A-UserGuide"
            ],
            "insertions": 72,
            "deletions": 9
          }
        ]
      },
      {
        "insertions": 41,
        "deletions": 37,
        "date": "2020-03-01",
        "commitResults": [
          {
            "hash": "88b4d696b98e83cca365212edd289154c037cdcb",
            "messageTitle": "modify exception handling",
            "messageBody": "",
            "tags": [
              "A-Release"
            ],
            "insertions": 41,
            "deletions": 37
          }
        ]
      },
      {
        "insertions": 3,
        "deletions": 3,
        "date": "2020-03-03",
        "commitResults": [
          {
            "hash": "bbf78b74d203bf4e57d26f1dca2479c222b431ab",
            "messageTitle": "Update README.md",
            "messageBody": "",
            "insertions": 2,
            "deletions": 2
          },
          {
            "hash": "f1cc0dffbbbd7cff9d48f533d70d5730cf9d09d8",
            "messageTitle": "Update README.md",
            "messageBody": "",
            "insertions": 1,
            "deletions": 1
          }
        ]
      }
    ]
  },
  "authorFinalContributionMap": {
    "kcubey": 723
  },
  "authorFileTypeContributionMap": {
    "kcubey": {
      "java": 650,
      "md": 73,
      "fxml": 0,
      "sh": 0,
      "bat": 0,
      "gradle": 0,
      "txt": 0
    }
  },
  "authorContributionVariance": {
    "kcubey": 16980.547
  },
  "authorDisplayNameMap": {
    "kcubey": "CS2113-T15-2 KEZI.. YUN"
  }
}
