[
  {
    "path": "README.md",
    "fileType": "md",
    "lines": [
      {
        "lineNumber": 1,
        "author": {
          "gitId": "-"
        },
        "content": "# Setting up"
      },
      {
        "lineNumber": 2,
        "author": {
          "gitId": "-"
        },
        "content": ""
      },
      {
        "lineNumber": 3,
        "author": {
          "gitId": "-"
        },
        "content": "**Prerequisites**"
      },
      {
        "lineNumber": 4,
        "author": {
          "gitId": "-"
        },
        "content": ""
      },
      {
        "lineNumber": 5,
        "author": {
          "gitId": "-"
        },
        "content": "* JDK 11"
      },
      {
        "lineNumber": 6,
        "author": {
          "gitId": "-"
        },
        "content": "* Recommended: IntelliJ IDE"
      },
      {
        "lineNumber": 7,
        "author": {
          "gitId": "-"
        },
        "content": "* Fork this repo to your GitHub account and clone the fork to your computer"
      },
      {
        "lineNumber": 8,
        "author": {
          "gitId": "-"
        },
        "content": ""
      },
      {
        "lineNumber": 9,
        "author": {
          "gitId": "-"
        },
        "content": "**Importing the project into IntelliJ**"
      },
      {
        "lineNumber": 10,
        "author": {
          "gitId": "-"
        },
        "content": ""
      },
      {
        "lineNumber": 11,
        "author": {
          "gitId": "-"
        },
        "content": "1. Open IntelliJ (if you are not in the welcome screen, click `File` \u003e `Close Project` to close the existing project dialog first)."
      },
      {
        "lineNumber": 12,
        "author": {
          "gitId": "-"
        },
        "content": "1. Set up the correct JDK version."
      },
      {
        "lineNumber": 13,
        "author": {
          "gitId": "-"
        },
        "content": "   * Click `Configure` \u003e `Structure for new Projects` (in older versions of Intellij:`Configure` \u003e `Project Defaults` \u003e `Project Structure`)."
      },
      {
        "lineNumber": 14,
        "author": {
          "gitId": "-"
        },
        "content": "   * If JDK 11 is listed in the drop down, select it. If it is not, click `New...` and select the directory where you installed JDK 11."
      },
      {
        "lineNumber": 15,
        "author": {
          "gitId": "-"
        },
        "content": "   * Click `OK`."
      },
      {
        "lineNumber": 16,
        "author": {
          "gitId": "-"
        },
        "content": "1. Click `Import Project`."
      },
      {
        "lineNumber": 17,
        "author": {
          "gitId": "-"
        },
        "content": "1. Locate the project directory and click `OK`."
      },
      {
        "lineNumber": 18,
        "author": {
          "gitId": "-"
        },
        "content": "1. Select `Create project from existing sources` and click `Next`."
      },
      {
        "lineNumber": 19,
        "author": {
          "gitId": "-"
        },
        "content": "1. Rename the project if you want. Click `Next`."
      },
      {
        "lineNumber": 20,
        "author": {
          "gitId": "-"
        },
        "content": "1. Ensure that your src folder is checked. Keep clicking `Next`."
      },
      {
        "lineNumber": 21,
        "author": {
          "gitId": "-"
        },
        "content": "1. Click `Finish`."
      },
      {
        "lineNumber": 22,
        "author": {
          "gitId": "-"
        },
        "content": ""
      },
      {
        "lineNumber": 23,
        "author": {
          "gitId": "-"
        },
        "content": "# Tutorials "
      },
      {
        "lineNumber": 24,
        "author": {
          "gitId": "-"
        },
        "content": ""
      },
      {
        "lineNumber": 25,
        "author": {
          "gitId": "JTWang2000"
        },
        "content": "duke.Duke Increment | Tutorial"
      },
      {
        "lineNumber": 26,
        "author": {
          "gitId": "-"
        },
        "content": "---------------|---------------"
      },
      {
        "lineNumber": 27,
        "author": {
          "gitId": "-"
        },
        "content": "`A-Gradle` | [Gradle Tutorial](tutorials/gradleTutorial.md)"
      },
      {
        "lineNumber": 28,
        "author": {
          "gitId": "-"
        },
        "content": "`A-TextUiTesting` | [Text UI Testing Tutorial](tutorials/textUiTestingTutorial.md)"
      },
      {
        "lineNumber": 29,
        "author": {
          "gitId": "JTWang2000"
        },
        "content": "`Level-10` | JavaFX tutorials:\u003cbr\u003e→ [Part 1: Introduction to JavaFX][fx1]\u003cbr\u003e→ [Part 2: Creating a GUI for duke.Duke][fx2]\u003cbr\u003e→ [Part 3: Interacting with the user][fx3]\u003cbr\u003e→ [Part 4: Introduction to FXML][fx4]"
      },
      {
        "lineNumber": 30,
        "author": {
          "gitId": "-"
        },
        "content": ""
      },
      {
        "lineNumber": 31,
        "author": {
          "gitId": "-"
        },
        "content": "[fx1]: \u003ctutorials/javaFxTutorialPart1.md\u003e"
      },
      {
        "lineNumber": 32,
        "author": {
          "gitId": "-"
        },
        "content": "[fx2]: \u003ctutorials/javaFxTutorialPart2.md\u003e"
      },
      {
        "lineNumber": 33,
        "author": {
          "gitId": "-"
        },
        "content": "[fx3]: \u003ctutorials/javaFxTutorialPart3.md\u003e"
      },
      {
        "lineNumber": 34,
        "author": {
          "gitId": "-"
        },
        "content": "[fx4]: \u003ctutorials/javaFxTutorialPart4.md\u003e"
      },
      {
        "lineNumber": 35,
        "author": {
          "gitId": "-"
        },
        "content": ""
      },
      {
        "lineNumber": 36,
        "author": {
          "gitId": "-"
        },
        "content": "# Feedback, Bug Reports"
      },
      {
        "lineNumber": 37,
        "author": {
          "gitId": "-"
        },
        "content": ""
      },
      {
        "lineNumber": 38,
        "author": {
          "gitId": "-"
        },
        "content": "* If you have feedback or bug reports, please post in [se-edu/duke issue tracker](https://github.com/se-edu/duke/issues)."
      },
      {
        "lineNumber": 39,
        "author": {
          "gitId": "-"
        },
        "content": "* We welcome pull requests too."
      }
    ],
    "authorContributionMap": {
      "JTWang2000": 2,
      "-": 37
    }
  },
  {
    "path": "build.gradle",
    "fileType": "gradle",
    "lines": [
      {
        "lineNumber": 1,
        "author": {
          "gitId": "-"
        },
        "content": "plugins {"
      },
      {
        "lineNumber": 2,
        "author": {
          "gitId": "-"
        },
        "content": "    id \u0027java\u0027"
      },
      {
        "lineNumber": 3,
        "author": {
          "gitId": "-"
        },
        "content": "    id \u0027application\u0027"
      },
      {
        "lineNumber": 4,
        "author": {
          "gitId": "JTWang2000"
        },
        "content": "    id \u0027checkstyle\u0027"
      },
      {
        "lineNumber": 5,
        "author": {
          "gitId": "JTWang2000"
        },
        "content": "    id \u0027com.github.johnrengelman.shadow\u0027 version \u00275.1.0\u0027"
      },
      {
        "lineNumber": 6,
        "author": {
          "gitId": "-"
        },
        "content": "}"
      },
      {
        "lineNumber": 7,
        "author": {
          "gitId": "-"
        },
        "content": ""
      },
      {
        "lineNumber": 8,
        "author": {
          "gitId": "-"
        },
        "content": "group \u0027seedu.duke\u0027"
      },
      {
        "lineNumber": 9,
        "author": {
          "gitId": "-"
        },
        "content": "version \u00270.1.0\u0027"
      },
      {
        "lineNumber": 10,
        "author": {
          "gitId": "-"
        },
        "content": ""
      },
      {
        "lineNumber": 11,
        "author": {
          "gitId": "-"
        },
        "content": "repositories {"
      },
      {
        "lineNumber": 12,
        "author": {
          "gitId": "-"
        },
        "content": "    mavenCentral()"
      },
      {
        "lineNumber": 13,
        "author": {
          "gitId": "-"
        },
        "content": "}"
      },
      {
        "lineNumber": 14,
        "author": {
          "gitId": "-"
        },
        "content": ""
      },
      {
        "lineNumber": 15,
        "author": {
          "gitId": "-"
        },
        "content": "application {"
      },
      {
        "lineNumber": 16,
        "author": {
          "gitId": "-"
        },
        "content": "    // Change this to your main class."
      },
      {
        "lineNumber": 17,
        "author": {
          "gitId": "JTWang2000"
        },
        "content": "    mainClassName \u003d \"duke.Duke\""
      },
      {
        "lineNumber": 18,
        "author": {
          "gitId": "-"
        },
        "content": "}"
      },
      {
        "lineNumber": 19,
        "author": {
          "gitId": "-"
        },
        "content": ""
      },
      {
        "lineNumber": 20,
        "author": {
          "gitId": "-"
        },
        "content": "run {"
      },
      {
        "lineNumber": 21,
        "author": {
          "gitId": "-"
        },
        "content": "    standardInput \u003d System.in"
      },
      {
        "lineNumber": 22,
        "author": {
          "gitId": "-"
        },
        "content": "}"
      },
      {
        "lineNumber": 23,
        "author": {
          "gitId": "JTWang2000"
        },
        "content": ""
      },
      {
        "lineNumber": 24,
        "author": {
          "gitId": "JTWang2000"
        },
        "content": "checkstyle {"
      },
      {
        "lineNumber": 25,
        "author": {
          "gitId": "JTWang2000"
        },
        "content": "    toolVersion \u003d \u00278.23\u0027"
      },
      {
        "lineNumber": 26,
        "author": {
          "gitId": "JTWang2000"
        },
        "content": "}"
      },
      {
        "lineNumber": 27,
        "author": {
          "gitId": "JTWang2000"
        },
        "content": ""
      },
      {
        "lineNumber": 28,
        "author": {
          "gitId": "JTWang2000"
        },
        "content": "shadowJar {"
      },
      {
        "lineNumber": 29,
        "author": {
          "gitId": "JTWang2000"
        },
        "content": "    archiveBaseName \u003d \"duke\""
      },
      {
        "lineNumber": 30,
        "author": {
          "gitId": "JTWang2000"
        },
        "content": "    archiveVersion \u003d \"0.1.3\""
      },
      {
        "lineNumber": 31,
        "author": {
          "gitId": "JTWang2000"
        },
        "content": "    archiveClassifier \u003d null"
      },
      {
        "lineNumber": 32,
        "author": {
          "gitId": "JTWang2000"
        },
        "content": "    archiveAppendix \u003d null"
      },
      {
        "lineNumber": 33,
        "author": {
          "gitId": "JTWang2000"
        },
        "content": "}"
      },
      {
        "lineNumber": 34,
        "author": {
          "gitId": "JTWang2000"
        },
        "content": ""
      },
      {
        "lineNumber": 35,
        "author": {
          "gitId": "JTWang2000"
        },
        "content": "dependencies {"
      },
      {
        "lineNumber": 36,
        "author": {
          "gitId": "JTWang2000"
        },
        "content": "    testImplementation \u0027org.junit.jupiter:junit-jupiter:5.5.0\u0027"
      },
      {
        "lineNumber": 37,
        "author": {
          "gitId": "JTWang2000"
        },
        "content": "}"
      },
      {
        "lineNumber": 38,
        "author": {
          "gitId": "JTWang2000"
        },
        "content": ""
      },
      {
        "lineNumber": 39,
        "author": {
          "gitId": "JTWang2000"
        },
        "content": "test {"
      },
      {
        "lineNumber": 40,
        "author": {
          "gitId": "JTWang2000"
        },
        "content": "    useJUnitPlatform()"
      },
      {
        "lineNumber": 41,
        "author": {
          "gitId": "-"
        },
        "content": "}"
      }
    ],
    "authorContributionMap": {
      "JTWang2000": 21,
      "-": 20
    }
  },
  {
    "path": "data/duke.txt",
    "fileType": "txt",
    "lines": [
      {
        "lineNumber": 1,
        "author": {
          "gitId": "JTWang2000"
        },
        "content": "T | 1 | read book"
      },
      {
        "lineNumber": 2,
        "author": {
          "gitId": "JTWang2000"
        },
        "content": "D | 0 | return book | June 6th"
      },
      {
        "lineNumber": 3,
        "author": {
          "gitId": "JTWang2000"
        },
        "content": "E | 1 | project meeting | Aug 6th 2-4pm"
      },
      {
        "lineNumber": 4,
        "author": {
          "gitId": "JTWang2000"
        },
        "content": "T | 1 | join sports club"
      },
      {
        "lineNumber": 5,
        "author": {
          "gitId": "JTWang2000"
        },
        "content": "E | 0 | dancing | Tuesday evening"
      }
    ],
    "authorContributionMap": {
      "JTWang2000": 5
    }
  },
  {
    "path": "src/main/java/duke/Duke.java",
    "fileType": "java",
    "lines": [
      {
        "lineNumber": 1,
        "author": {
          "gitId": "JTWang2000"
        },
        "content": "package duke;"
      },
      {
        "lineNumber": 2,
        "author": {
          "gitId": "JTWang2000"
        },
        "content": ""
      },
      {
        "lineNumber": 3,
        "author": {
          "gitId": "JTWang2000"
        },
        "content": "import duke.task.Deadline;"
      },
      {
        "lineNumber": 4,
        "author": {
          "gitId": "JTWang2000"
        },
        "content": "import duke.task.Event;"
      },
      {
        "lineNumber": 5,
        "author": {
          "gitId": "JTWang2000"
        },
        "content": "import duke.task.Task;"
      },
      {
        "lineNumber": 6,
        "author": {
          "gitId": "JTWang2000"
        },
        "content": "import duke.task.Todo;"
      },
      {
        "lineNumber": 7,
        "author": {
          "gitId": "JTWang2000"
        },
        "content": "import java.util.ArrayList;"
      },
      {
        "lineNumber": 8,
        "author": {
          "gitId": "JTWang2000"
        },
        "content": "import java.util.Scanner;"
      },
      {
        "lineNumber": 9,
        "author": {
          "gitId": "JTWang2000"
        },
        "content": "import java.io.File;"
      },
      {
        "lineNumber": 10,
        "author": {
          "gitId": "JTWang2000"
        },
        "content": "import java.io.FileNotFoundException;"
      },
      {
        "lineNumber": 11,
        "author": {
          "gitId": "JTWang2000"
        },
        "content": "import java.io.FileWriter;"
      },
      {
        "lineNumber": 12,
        "author": {
          "gitId": "JTWang2000"
        },
        "content": "import java.io.IOException;"
      },
      {
        "lineNumber": 13,
        "author": {
          "gitId": "JTWang2000"
        },
        "content": ""
      },
      {
        "lineNumber": 14,
        "author": {
          "gitId": "-"
        },
        "content": "public class Duke {"
      },
      {
        "lineNumber": 15,
        "author": {
          "gitId": "JTWang2000"
        },
        "content": ""
      },
      {
        "lineNumber": 16,
        "author": {
          "gitId": "JTWang2000"
        },
        "content": "    private static ArrayList\u003cTask\u003e tasks \u003d new ArrayList\u003c\u003e();"
      },
      {
        "lineNumber": 17,
        "author": {
          "gitId": "JTWang2000"
        },
        "content": "    private static int taskCount \u003d 0;"
      },
      {
        "lineNumber": 18,
        "author": {
          "gitId": "JTWang2000"
        },
        "content": ""
      },
      {
        "lineNumber": 19,
        "author": {
          "gitId": "-"
        },
        "content": "    public static void main(String[] args) {"
      },
      {
        "lineNumber": 20,
        "author": {
          "gitId": "-"
        },
        "content": "        String logo \u003d \" ____        _        \\n\""
      },
      {
        "lineNumber": 21,
        "author": {
          "gitId": "-"
        },
        "content": "                + \"|  _ \\\\ _   _| | _____ \\n\""
      },
      {
        "lineNumber": 22,
        "author": {
          "gitId": "-"
        },
        "content": "                + \"| | | | | | | |/ / _ \\\\\\n\""
      },
      {
        "lineNumber": 23,
        "author": {
          "gitId": "-"
        },
        "content": "                + \"| |_| | |_| |   \u003c  __/\\n\""
      },
      {
        "lineNumber": 24,
        "author": {
          "gitId": "-"
        },
        "content": "                + \"|____/ \\\\__,_|_|\\\\_\\\\___|\\n\";"
      },
      {
        "lineNumber": 25,
        "author": {
          "gitId": "-"
        },
        "content": "        System.out.println(\"Hello from\\n\" + logo);"
      },
      {
        "lineNumber": 26,
        "author": {
          "gitId": "JTWang2000"
        },
        "content": "        greet();"
      },
      {
        "lineNumber": 27,
        "author": {
          "gitId": "JTWang2000"
        },
        "content": "        loadTasks();"
      },
      {
        "lineNumber": 28,
        "author": {
          "gitId": "JTWang2000"
        },
        "content": "        String userResponde;"
      },
      {
        "lineNumber": 29,
        "author": {
          "gitId": "JTWang2000"
        },
        "content": "        Scanner in \u003d new Scanner(System.in);"
      },
      {
        "lineNumber": 30,
        "author": {
          "gitId": "JTWang2000"
        },
        "content": "        do {"
      },
      {
        "lineNumber": 31,
        "author": {
          "gitId": "JTWang2000"
        },
        "content": "            userResponde \u003d in.nextLine();"
      },
      {
        "lineNumber": 32,
        "author": {
          "gitId": "JTWang2000"
        },
        "content": "            dukeResponde(userResponde);"
      },
      {
        "lineNumber": 33,
        "author": {
          "gitId": "JTWang2000"
        },
        "content": ""
      },
      {
        "lineNumber": 34,
        "author": {
          "gitId": "JTWang2000"
        },
        "content": "        }while(!userResponde.equals(\"bye\"));"
      },
      {
        "lineNumber": 35,
        "author": {
          "gitId": "JTWang2000"
        },
        "content": ""
      },
      {
        "lineNumber": 36,
        "author": {
          "gitId": "-"
        },
        "content": "    }"
      },
      {
        "lineNumber": 37,
        "author": {
          "gitId": "JTWang2000"
        },
        "content": ""
      },
      {
        "lineNumber": 38,
        "author": {
          "gitId": "JTWang2000"
        },
        "content": "    public static void greet(){"
      },
      {
        "lineNumber": 39,
        "author": {
          "gitId": "JTWang2000"
        },
        "content": "        printLine();"
      },
      {
        "lineNumber": 40,
        "author": {
          "gitId": "JTWang2000"
        },
        "content": "        System.out.println(\"\\tHello! I\u0027m duke.Duke\");"
      },
      {
        "lineNumber": 41,
        "author": {
          "gitId": "JTWang2000"
        },
        "content": "        System.out.println(\"\\tWhat can I do for you?\");"
      },
      {
        "lineNumber": 42,
        "author": {
          "gitId": "JTWang2000"
        },
        "content": "        printLine();"
      },
      {
        "lineNumber": 43,
        "author": {
          "gitId": "JTWang2000"
        },
        "content": "        System.out.println();"
      },
      {
        "lineNumber": 44,
        "author": {
          "gitId": "JTWang2000"
        },
        "content": "    }"
      },
      {
        "lineNumber": 45,
        "author": {
          "gitId": "JTWang2000"
        },
        "content": ""
      },
      {
        "lineNumber": 46,
        "author": {
          "gitId": "JTWang2000"
        },
        "content": "    public static void loadTasks(){"
      },
      {
        "lineNumber": 47,
        "author": {
          "gitId": "JTWang2000"
        },
        "content": ""
      },
      {
        "lineNumber": 48,
        "author": {
          "gitId": "JTWang2000"
        },
        "content": "        File f \u003d new File(\"data/duke.txt\");"
      },
      {
        "lineNumber": 49,
        "author": {
          "gitId": "JTWang2000"
        },
        "content": "        try{"
      },
      {
        "lineNumber": 50,
        "author": {
          "gitId": "JTWang2000"
        },
        "content": "            Scanner s \u003d new Scanner(f);"
      },
      {
        "lineNumber": 51,
        "author": {
          "gitId": "JTWang2000"
        },
        "content": "            while(s.hasNext()){"
      },
      {
        "lineNumber": 52,
        "author": {
          "gitId": "JTWang2000"
        },
        "content": "                String aTask;"
      },
      {
        "lineNumber": 53,
        "author": {
          "gitId": "JTWang2000"
        },
        "content": "                aTask \u003d s.nextLine();"
      },
      {
        "lineNumber": 54,
        "author": {
          "gitId": "JTWang2000"
        },
        "content": "                loadATask(aTask);"
      },
      {
        "lineNumber": 55,
        "author": {
          "gitId": "JTWang2000"
        },
        "content": "            }"
      },
      {
        "lineNumber": 56,
        "author": {
          "gitId": "JTWang2000"
        },
        "content": "        } catch(FileNotFoundException e){"
      },
      {
        "lineNumber": 57,
        "author": {
          "gitId": "JTWang2000"
        },
        "content": "            System.out.println(\"No duke history. Please input task. \");"
      },
      {
        "lineNumber": 58,
        "author": {
          "gitId": "JTWang2000"
        },
        "content": "        }"
      },
      {
        "lineNumber": 59,
        "author": {
          "gitId": "JTWang2000"
        },
        "content": ""
      },
      {
        "lineNumber": 60,
        "author": {
          "gitId": "JTWang2000"
        },
        "content": "    }"
      },
      {
        "lineNumber": 61,
        "author": {
          "gitId": "JTWang2000"
        },
        "content": ""
      },
      {
        "lineNumber": 62,
        "author": {
          "gitId": "JTWang2000"
        },
        "content": "    public static void loadATask(String aTask){"
      },
      {
        "lineNumber": 63,
        "author": {
          "gitId": "JTWang2000"
        },
        "content": "        String[] aTaskSplit \u003d aTask.split(\" \\\\| \");"
      },
      {
        "lineNumber": 64,
        "author": {
          "gitId": "JTWang2000"
        },
        "content": "        switch(aTaskSplit[0]){"
      },
      {
        "lineNumber": 65,
        "author": {
          "gitId": "JTWang2000"
        },
        "content": "        case \"T\":"
      },
      {
        "lineNumber": 66,
        "author": {
          "gitId": "JTWang2000"
        },
        "content": "            tasks.add(new Todo(aTaskSplit[2]));"
      },
      {
        "lineNumber": 67,
        "author": {
          "gitId": "JTWang2000"
        },
        "content": "            break;"
      },
      {
        "lineNumber": 68,
        "author": {
          "gitId": "JTWang2000"
        },
        "content": "        case \"D\":"
      },
      {
        "lineNumber": 69,
        "author": {
          "gitId": "JTWang2000"
        },
        "content": "            tasks.add(new Deadline(aTaskSplit[2],aTaskSplit[3]));"
      },
      {
        "lineNumber": 70,
        "author": {
          "gitId": "JTWang2000"
        },
        "content": "            break;"
      },
      {
        "lineNumber": 71,
        "author": {
          "gitId": "JTWang2000"
        },
        "content": "        case \"E\":"
      },
      {
        "lineNumber": 72,
        "author": {
          "gitId": "JTWang2000"
        },
        "content": "            tasks.add(new Event(aTaskSplit[2],aTaskSplit[3]));"
      },
      {
        "lineNumber": 73,
        "author": {
          "gitId": "JTWang2000"
        },
        "content": "            break;"
      },
      {
        "lineNumber": 74,
        "author": {
          "gitId": "JTWang2000"
        },
        "content": "        }"
      },
      {
        "lineNumber": 75,
        "author": {
          "gitId": "JTWang2000"
        },
        "content": "        if(aTaskSplit[1].equals(\"1\")){"
      },
      {
        "lineNumber": 76,
        "author": {
          "gitId": "JTWang2000"
        },
        "content": "            tasks.get(taskCount).markAsDone();"
      },
      {
        "lineNumber": 77,
        "author": {
          "gitId": "JTWang2000"
        },
        "content": "        }"
      },
      {
        "lineNumber": 78,
        "author": {
          "gitId": "JTWang2000"
        },
        "content": "        taskCount++;"
      },
      {
        "lineNumber": 79,
        "author": {
          "gitId": "JTWang2000"
        },
        "content": "    }"
      },
      {
        "lineNumber": 80,
        "author": {
          "gitId": "JTWang2000"
        },
        "content": ""
      },
      {
        "lineNumber": 81,
        "author": {
          "gitId": "JTWang2000"
        },
        "content": "    public static void dukeResponde(String userResponde){"
      },
      {
        "lineNumber": 82,
        "author": {
          "gitId": "JTWang2000"
        },
        "content": "        printLine();"
      },
      {
        "lineNumber": 83,
        "author": {
          "gitId": "JTWang2000"
        },
        "content": "        if(userResponde.equals(\"bye\")){"
      },
      {
        "lineNumber": 84,
        "author": {
          "gitId": "JTWang2000"
        },
        "content": "            sayBye();"
      },
      {
        "lineNumber": 85,
        "author": {
          "gitId": "JTWang2000"
        },
        "content": "        } else if(userResponde.equals(\"list\")) {"
      },
      {
        "lineNumber": 86,
        "author": {
          "gitId": "JTWang2000"
        },
        "content": "            try{"
      },
      {
        "lineNumber": 87,
        "author": {
          "gitId": "JTWang2000"
        },
        "content": "                listTask();"
      },
      {
        "lineNumber": 88,
        "author": {
          "gitId": "JTWang2000"
        },
        "content": "            }catch( DukeException e){"
      },
      {
        "lineNumber": 89,
        "author": {
          "gitId": "JTWang2000"
        },
        "content": "                System.out.println(\"\\t:(OOPS!!! \" + e.getMessage());"
      },
      {
        "lineNumber": 90,
        "author": {
          "gitId": "JTWang2000"
        },
        "content": "            }"
      },
      {
        "lineNumber": 91,
        "author": {
          "gitId": "JTWang2000"
        },
        "content": "        } else if(userResponde.startsWith(\"done\")) {"
      },
      {
        "lineNumber": 92,
        "author": {
          "gitId": "JTWang2000"
        },
        "content": "            try {"
      },
      {
        "lineNumber": 93,
        "author": {
          "gitId": "JTWang2000"
        },
        "content": "                markAsDone(userResponde);"
      },
      {
        "lineNumber": 94,
        "author": {
          "gitId": "JTWang2000"
        },
        "content": "            }catch(NumberFormatException e){"
      },
      {
        "lineNumber": 95,
        "author": {
          "gitId": "JTWang2000"
        },
        "content": "                System.out.println(\"\\t:(OOPS!!! Please enter the task number.\");"
      },
      {
        "lineNumber": 96,
        "author": {
          "gitId": "JTWang2000"
        },
        "content": "            }catch(NullPointerException e){"
      },
      {
        "lineNumber": 97,
        "author": {
          "gitId": "JTWang2000"
        },
        "content": "                System.out.println(\"\\t:(OOPS!!! Please first input the task then mark done.\");"
      },
      {
        "lineNumber": 98,
        "author": {
          "gitId": "JTWang2000"
        },
        "content": "            }catch(StringIndexOutOfBoundsException e){"
      },
      {
        "lineNumber": 99,
        "author": {
          "gitId": "JTWang2000"
        },
        "content": "                System.out.println(\"\\t:(OOPS!!! Please enter the task number.\");"
      },
      {
        "lineNumber": 100,
        "author": {
          "gitId": "JTWang2000"
        },
        "content": "            }"
      },
      {
        "lineNumber": 101,
        "author": {
          "gitId": "JTWang2000"
        },
        "content": "        } else if(userResponde.startsWith(\"delete\")){"
      },
      {
        "lineNumber": 102,
        "author": {
          "gitId": "JTWang2000"
        },
        "content": "            try{"
      },
      {
        "lineNumber": 103,
        "author": {
          "gitId": "JTWang2000"
        },
        "content": "                deleteTask(userResponde);"
      },
      {
        "lineNumber": 104,
        "author": {
          "gitId": "JTWang2000"
        },
        "content": "            } catch(NumberFormatException e) {"
      },
      {
        "lineNumber": 105,
        "author": {
          "gitId": "JTWang2000"
        },
        "content": "                System.out.println(\"\\t:(OOPS!!! Please enter the task number you want to delete.\");"
      },
      {
        "lineNumber": 106,
        "author": {
          "gitId": "JTWang2000"
        },
        "content": "            } catch(StringIndexOutOfBoundsException e){"
      },
      {
        "lineNumber": 107,
        "author": {
          "gitId": "JTWang2000"
        },
        "content": "                System.out.println(\"\\t:(OOPS!!! Please enter the task number you want to delete.\");"
      },
      {
        "lineNumber": 108,
        "author": {
          "gitId": "JTWang2000"
        },
        "content": "            } catch(DukeException e){"
      },
      {
        "lineNumber": 109,
        "author": {
          "gitId": "JTWang2000"
        },
        "content": "                System.out.println(\"\\t:(OOPS!!! \" + e.getMessage());"
      },
      {
        "lineNumber": 110,
        "author": {
          "gitId": "JTWang2000"
        },
        "content": "            }"
      },
      {
        "lineNumber": 111,
        "author": {
          "gitId": "JTWang2000"
        },
        "content": "            outputTasks();"
      },
      {
        "lineNumber": 112,
        "author": {
          "gitId": "JTWang2000"
        },
        "content": "        } else{"
      },
      {
        "lineNumber": 113,
        "author": {
          "gitId": "JTWang2000"
        },
        "content": "            try{"
      },
      {
        "lineNumber": 114,
        "author": {
          "gitId": "JTWang2000"
        },
        "content": "                addNewTask(userResponde);"
      },
      {
        "lineNumber": 115,
        "author": {
          "gitId": "JTWang2000"
        },
        "content": "            }catch(DukeException e){"
      },
      {
        "lineNumber": 116,
        "author": {
          "gitId": "JTWang2000"
        },
        "content": "                System.out.println(\"\\t:(OOPS!!! \" + e.getMessage());"
      },
      {
        "lineNumber": 117,
        "author": {
          "gitId": "JTWang2000"
        },
        "content": "            }"
      },
      {
        "lineNumber": 118,
        "author": {
          "gitId": "JTWang2000"
        },
        "content": "            outputTasks();"
      },
      {
        "lineNumber": 119,
        "author": {
          "gitId": "JTWang2000"
        },
        "content": "        }"
      },
      {
        "lineNumber": 120,
        "author": {
          "gitId": "JTWang2000"
        },
        "content": "        printLine();"
      },
      {
        "lineNumber": 121,
        "author": {
          "gitId": "JTWang2000"
        },
        "content": "        System.out.println();"
      },
      {
        "lineNumber": 122,
        "author": {
          "gitId": "-"
        },
        "content": "    }"
      },
      {
        "lineNumber": 123,
        "author": {
          "gitId": "JTWang2000"
        },
        "content": ""
      },
      {
        "lineNumber": 124,
        "author": {
          "gitId": "JTWang2000"
        },
        "content": "    public static void printLine(){"
      },
      {
        "lineNumber": 125,
        "author": {
          "gitId": "JTWang2000"
        },
        "content": "        System.out.println(\"\\t____________________________________________________________\");"
      },
      {
        "lineNumber": 126,
        "author": {
          "gitId": "JTWang2000"
        },
        "content": "    }"
      },
      {
        "lineNumber": 127,
        "author": {
          "gitId": "JTWang2000"
        },
        "content": ""
      },
      {
        "lineNumber": 128,
        "author": {
          "gitId": "JTWang2000"
        },
        "content": "    public static void sayBye(){"
      },
      {
        "lineNumber": 129,
        "author": {
          "gitId": "JTWang2000"
        },
        "content": "        System.out.println(\"\\tBye. Hope to see you again soon!\");"
      },
      {
        "lineNumber": 130,
        "author": {
          "gitId": "JTWang2000"
        },
        "content": "    }"
      },
      {
        "lineNumber": 131,
        "author": {
          "gitId": "JTWang2000"
        },
        "content": ""
      },
      {
        "lineNumber": 132,
        "author": {
          "gitId": "JTWang2000"
        },
        "content": "    public static void listTask() throws DukeException{"
      },
      {
        "lineNumber": 133,
        "author": {
          "gitId": "JTWang2000"
        },
        "content": "        if( taskCount \u003d\u003d 0){"
      },
      {
        "lineNumber": 134,
        "author": {
          "gitId": "JTWang2000"
        },
        "content": "            throw new DukeException(\"No tasks!!!\");"
      },
      {
        "lineNumber": 135,
        "author": {
          "gitId": "JTWang2000"
        },
        "content": "        }"
      },
      {
        "lineNumber": 136,
        "author": {
          "gitId": "JTWang2000"
        },
        "content": "        System.out.println(\"\\tHere are the tasks in your list:\");"
      },
      {
        "lineNumber": 137,
        "author": {
          "gitId": "JTWang2000"
        },
        "content": "        for(int i \u003d 0; i \u003c taskCount; i++) {"
      },
      {
        "lineNumber": 138,
        "author": {
          "gitId": "JTWang2000"
        },
        "content": "            System.out.println(\"\\t\" + (i + 1) + \".\" + tasks.get(i));"
      },
      {
        "lineNumber": 139,
        "author": {
          "gitId": "JTWang2000"
        },
        "content": "        }"
      },
      {
        "lineNumber": 140,
        "author": {
          "gitId": "JTWang2000"
        },
        "content": "    }"
      },
      {
        "lineNumber": 141,
        "author": {
          "gitId": "JTWang2000"
        },
        "content": ""
      },
      {
        "lineNumber": 142,
        "author": {
          "gitId": "JTWang2000"
        },
        "content": "    public static void markAsDone(String userResponde){"
      },
      {
        "lineNumber": 143,
        "author": {
          "gitId": "JTWang2000"
        },
        "content": "        int doneCount \u003d Integer.parseInt(userResponde.substring(5)) - 1;"
      },
      {
        "lineNumber": 144,
        "author": {
          "gitId": "JTWang2000"
        },
        "content": "        tasks.get(doneCount).markAsDone();"
      },
      {
        "lineNumber": 145,
        "author": {
          "gitId": "JTWang2000"
        },
        "content": "        System.out.println(\"\\tNice! I\u0027ve marked this task as done:\");"
      },
      {
        "lineNumber": 146,
        "author": {
          "gitId": "JTWang2000"
        },
        "content": "        System.out.println(\"\\t  [\\u2713] \" + tasks.get(doneCount).getDescription());"
      },
      {
        "lineNumber": 147,
        "author": {
          "gitId": "JTWang2000"
        },
        "content": "    }"
      },
      {
        "lineNumber": 148,
        "author": {
          "gitId": "JTWang2000"
        },
        "content": ""
      },
      {
        "lineNumber": 149,
        "author": {
          "gitId": "JTWang2000"
        },
        "content": "    public static void deleteTask(String userResponde) throws DukeException{"
      },
      {
        "lineNumber": 150,
        "author": {
          "gitId": "JTWang2000"
        },
        "content": "        int deleteCount \u003d Integer.parseInt(userResponde.substring(7)) - 1;"
      },
      {
        "lineNumber": 151,
        "author": {
          "gitId": "JTWang2000"
        },
        "content": "        if(deleteCount \u003e taskCount){"
      },
      {
        "lineNumber": 152,
        "author": {
          "gitId": "JTWang2000"
        },
        "content": "            throw new DukeException(\"There is no task \" + (deleteCount + 1) + \". Please reconsider the index.\");"
      },
      {
        "lineNumber": 153,
        "author": {
          "gitId": "JTWang2000"
        },
        "content": "        }"
      },
      {
        "lineNumber": 154,
        "author": {
          "gitId": "JTWang2000"
        },
        "content": "        System.out.println(\"\\tNoted. I\u0027ve removed this task:\");"
      },
      {
        "lineNumber": 155,
        "author": {
          "gitId": "JTWang2000"
        },
        "content": "        System.out.println(\"\\t  \" + tasks.get(deleteCount));"
      },
      {
        "lineNumber": 156,
        "author": {
          "gitId": "JTWang2000"
        },
        "content": "        taskCount--;"
      },
      {
        "lineNumber": 157,
        "author": {
          "gitId": "JTWang2000"
        },
        "content": "        tasks.remove(deleteCount);"
      },
      {
        "lineNumber": 158,
        "author": {
          "gitId": "JTWang2000"
        },
        "content": "        System.out.println(\"\\tNow you have \" + taskCount + \" tasks in the list.\");"
      },
      {
        "lineNumber": 159,
        "author": {
          "gitId": "JTWang2000"
        },
        "content": "    }"
      },
      {
        "lineNumber": 160,
        "author": {
          "gitId": "JTWang2000"
        },
        "content": ""
      },
      {
        "lineNumber": 161,
        "author": {
          "gitId": "JTWang2000"
        },
        "content": "    public static void addNewTask(String userResponde) throws DukeException{"
      },
      {
        "lineNumber": 162,
        "author": {
          "gitId": "JTWang2000"
        },
        "content": "        String[] responses \u003d userResponde.split(\" \");"
      },
      {
        "lineNumber": 163,
        "author": {
          "gitId": "JTWang2000"
        },
        "content": ""
      },
      {
        "lineNumber": 164,
        "author": {
          "gitId": "JTWang2000"
        },
        "content": "        if(responses[0].equals(\"todo\")){"
      },
      {
        "lineNumber": 165,
        "author": {
          "gitId": "JTWang2000"
        },
        "content": "            if( responses.length \u003c 2){"
      },
      {
        "lineNumber": 166,
        "author": {
          "gitId": "JTWang2000"
        },
        "content": "                throw new DukeException(\"The description of a todo cannot be empty.\");"
      },
      {
        "lineNumber": 167,
        "author": {
          "gitId": "JTWang2000"
        },
        "content": "            }"
      },
      {
        "lineNumber": 168,
        "author": {
          "gitId": "JTWang2000"
        },
        "content": "            tasks.add(new Todo(userResponde.substring(5)));"
      },
      {
        "lineNumber": 169,
        "author": {
          "gitId": "JTWang2000"
        },
        "content": "        } else if(responses[0].equals(\"deadline\")){"
      },
      {
        "lineNumber": 170,
        "author": {
          "gitId": "JTWang2000"
        },
        "content": "            if( responses.length \u003c 2){"
      },
      {
        "lineNumber": 171,
        "author": {
          "gitId": "JTWang2000"
        },
        "content": "                throw new DukeException(\"The description of a deadline cannot be empty.\");"
      },
      {
        "lineNumber": 172,
        "author": {
          "gitId": "JTWang2000"
        },
        "content": "            }"
      },
      {
        "lineNumber": 173,
        "author": {
          "gitId": "JTWang2000"
        },
        "content": "            int dividerPosition \u003d userResponde.indexOf(\" /by\");"
      },
      {
        "lineNumber": 174,
        "author": {
          "gitId": "JTWang2000"
        },
        "content": "            if (dividerPosition \u003d\u003d -1){"
      },
      {
        "lineNumber": 175,
        "author": {
          "gitId": "JTWang2000"
        },
        "content": "                throw new DukeException(\"Please follow the format: deadline thingsToDo /by time\");"
      },
      {
        "lineNumber": 176,
        "author": {
          "gitId": "JTWang2000"
        },
        "content": "            }"
      },
      {
        "lineNumber": 177,
        "author": {
          "gitId": "JTWang2000"
        },
        "content": "            String taskName \u003d userResponde.substring(9,dividerPosition);"
      },
      {
        "lineNumber": 178,
        "author": {
          "gitId": "JTWang2000"
        },
        "content": "            String deadlineTime \u003d userResponde.substring(dividerPosition + 5);"
      },
      {
        "lineNumber": 179,
        "author": {
          "gitId": "JTWang2000"
        },
        "content": "            tasks.add(new Deadline(taskName,deadlineTime));"
      },
      {
        "lineNumber": 180,
        "author": {
          "gitId": "JTWang2000"
        },
        "content": "        } else if(responses[0].equals(\"event\")){"
      },
      {
        "lineNumber": 181,
        "author": {
          "gitId": "JTWang2000"
        },
        "content": "            if( responses.length \u003c 2){"
      },
      {
        "lineNumber": 182,
        "author": {
          "gitId": "JTWang2000"
        },
        "content": "                throw new DukeException(\"The description of a event cannot be empty.\");"
      },
      {
        "lineNumber": 183,
        "author": {
          "gitId": "JTWang2000"
        },
        "content": "            }"
      },
      {
        "lineNumber": 184,
        "author": {
          "gitId": "JTWang2000"
        },
        "content": "            int dividerPosition \u003d userResponde.indexOf(\" /at\");"
      },
      {
        "lineNumber": 185,
        "author": {
          "gitId": "JTWang2000"
        },
        "content": "            if (dividerPosition \u003d\u003d -1){"
      },
      {
        "lineNumber": 186,
        "author": {
          "gitId": "JTWang2000"
        },
        "content": "                throw new DukeException(\"Please follow the format: event thingsToDo /at time\");"
      },
      {
        "lineNumber": 187,
        "author": {
          "gitId": "JTWang2000"
        },
        "content": "            }"
      },
      {
        "lineNumber": 188,
        "author": {
          "gitId": "JTWang2000"
        },
        "content": "            String taskName \u003d userResponde.substring(6,dividerPosition);"
      },
      {
        "lineNumber": 189,
        "author": {
          "gitId": "JTWang2000"
        },
        "content": "            String deadlineTime \u003d userResponde.substring(dividerPosition + 5);"
      },
      {
        "lineNumber": 190,
        "author": {
          "gitId": "JTWang2000"
        },
        "content": "            tasks.add(new Event(taskName,deadlineTime));"
      },
      {
        "lineNumber": 191,
        "author": {
          "gitId": "JTWang2000"
        },
        "content": "        } else{"
      },
      {
        "lineNumber": 192,
        "author": {
          "gitId": "JTWang2000"
        },
        "content": "            throw new DukeException(\"I\u0027m sorry, but I don\u0027t know what that means :-(\");"
      },
      {
        "lineNumber": 193,
        "author": {
          "gitId": "JTWang2000"
        },
        "content": "        }"
      },
      {
        "lineNumber": 194,
        "author": {
          "gitId": "JTWang2000"
        },
        "content": "        System.out.println(\"\\tGot it. I\u0027ve added this task:\");"
      },
      {
        "lineNumber": 195,
        "author": {
          "gitId": "JTWang2000"
        },
        "content": "        System.out.println(\"\\t  \" + tasks.get(taskCount));"
      },
      {
        "lineNumber": 196,
        "author": {
          "gitId": "JTWang2000"
        },
        "content": "        System.out.println(\"\\tNow you have \" + (taskCount+1) + \" tasks in the list\");"
      },
      {
        "lineNumber": 197,
        "author": {
          "gitId": "JTWang2000"
        },
        "content": "        taskCount++;"
      },
      {
        "lineNumber": 198,
        "author": {
          "gitId": "JTWang2000"
        },
        "content": "    }"
      },
      {
        "lineNumber": 199,
        "author": {
          "gitId": "JTWang2000"
        },
        "content": ""
      },
      {
        "lineNumber": 200,
        "author": {
          "gitId": "JTWang2000"
        },
        "content": "    public static void outputTasks(){"
      },
      {
        "lineNumber": 201,
        "author": {
          "gitId": "JTWang2000"
        },
        "content": "        try{"
      },
      {
        "lineNumber": 202,
        "author": {
          "gitId": "JTWang2000"
        },
        "content": "            FileWriter fw \u003d new FileWriter(\"data/duke.txt\");"
      },
      {
        "lineNumber": 203,
        "author": {
          "gitId": "JTWang2000"
        },
        "content": "            for(int i \u003d 0; i\u003ctaskCount; i++){"
      },
      {
        "lineNumber": 204,
        "author": {
          "gitId": "JTWang2000"
        },
        "content": "                fw.write(tasks.get(i).toFile() + \"\\n\");"
      },
      {
        "lineNumber": 205,
        "author": {
          "gitId": "JTWang2000"
        },
        "content": "            }"
      },
      {
        "lineNumber": 206,
        "author": {
          "gitId": "JTWang2000"
        },
        "content": "            fw.close();"
      },
      {
        "lineNumber": 207,
        "author": {
          "gitId": "JTWang2000"
        },
        "content": "        }catch (IOException e){"
      },
      {
        "lineNumber": 208,
        "author": {
          "gitId": "JTWang2000"
        },
        "content": "            System.out.println(\"No backup file in the hard disk.\");"
      },
      {
        "lineNumber": 209,
        "author": {
          "gitId": "JTWang2000"
        },
        "content": "        }"
      },
      {
        "lineNumber": 210,
        "author": {
          "gitId": "JTWang2000"
        },
        "content": "    }"
      },
      {
        "lineNumber": 211,
        "author": {
          "gitId": "JTWang2000"
        },
        "content": ""
      },
      {
        "lineNumber": 212,
        "author": {
          "gitId": "JTWang2000"
        },
        "content": ""
      },
      {
        "lineNumber": 213,
        "author": {
          "gitId": "JTWang2000"
        },
        "content": "}"
      },
      {
        "lineNumber": 214,
        "author": {
          "gitId": "JTWang2000"
        },
        "content": ""
      }
    ],
    "authorContributionMap": {
      "JTWang2000": 204,
      "-": 10
    }
  },
  {
    "path": "src/main/java/duke/DukeException.java",
    "fileType": "java",
    "lines": [
      {
        "lineNumber": 1,
        "author": {
          "gitId": "JTWang2000"
        },
        "content": "package duke;"
      },
      {
        "lineNumber": 2,
        "author": {
          "gitId": "JTWang2000"
        },
        "content": ""
      },
      {
        "lineNumber": 3,
        "author": {
          "gitId": "JTWang2000"
        },
        "content": "public class DukeException extends Exception {"
      },
      {
        "lineNumber": 4,
        "author": {
          "gitId": "JTWang2000"
        },
        "content": "    public DukeException(String s){"
      },
      {
        "lineNumber": 5,
        "author": {
          "gitId": "JTWang2000"
        },
        "content": "        super(s);"
      },
      {
        "lineNumber": 6,
        "author": {
          "gitId": "JTWang2000"
        },
        "content": "    }"
      },
      {
        "lineNumber": 7,
        "author": {
          "gitId": "JTWang2000"
        },
        "content": "}"
      }
    ],
    "authorContributionMap": {
      "JTWang2000": 7
    }
  },
  {
    "path": "src/main/java/duke/task/Deadline.java",
    "fileType": "java",
    "lines": [
      {
        "lineNumber": 1,
        "author": {
          "gitId": "JTWang2000"
        },
        "content": "package duke.task;"
      },
      {
        "lineNumber": 2,
        "author": {
          "gitId": "JTWang2000"
        },
        "content": ""
      },
      {
        "lineNumber": 3,
        "author": {
          "gitId": "JTWang2000"
        },
        "content": "import duke.task.Task;"
      },
      {
        "lineNumber": 4,
        "author": {
          "gitId": "JTWang2000"
        },
        "content": ""
      },
      {
        "lineNumber": 5,
        "author": {
          "gitId": "JTWang2000"
        },
        "content": "public class Deadline extends Task {"
      },
      {
        "lineNumber": 6,
        "author": {
          "gitId": "JTWang2000"
        },
        "content": ""
      },
      {
        "lineNumber": 7,
        "author": {
          "gitId": "JTWang2000"
        },
        "content": "    protected  String by;"
      },
      {
        "lineNumber": 8,
        "author": {
          "gitId": "JTWang2000"
        },
        "content": ""
      },
      {
        "lineNumber": 9,
        "author": {
          "gitId": "JTWang2000"
        },
        "content": "    public Deadline(String description,String by){"
      },
      {
        "lineNumber": 10,
        "author": {
          "gitId": "JTWang2000"
        },
        "content": "        super(description);"
      },
      {
        "lineNumber": 11,
        "author": {
          "gitId": "JTWang2000"
        },
        "content": "        this.by \u003d by;"
      },
      {
        "lineNumber": 12,
        "author": {
          "gitId": "JTWang2000"
        },
        "content": "    }"
      },
      {
        "lineNumber": 13,
        "author": {
          "gitId": "JTWang2000"
        },
        "content": ""
      },
      {
        "lineNumber": 14,
        "author": {
          "gitId": "JTWang2000"
        },
        "content": "    @Override"
      },
      {
        "lineNumber": 15,
        "author": {
          "gitId": "JTWang2000"
        },
        "content": "    public String toString(){"
      },
      {
        "lineNumber": 16,
        "author": {
          "gitId": "JTWang2000"
        },
        "content": "        return \"[D]\" + super.toString() + \" (by: \" + by + \")\";"
      },
      {
        "lineNumber": 17,
        "author": {
          "gitId": "JTWang2000"
        },
        "content": "    }"
      },
      {
        "lineNumber": 18,
        "author": {
          "gitId": "JTWang2000"
        },
        "content": ""
      },
      {
        "lineNumber": 19,
        "author": {
          "gitId": "JTWang2000"
        },
        "content": "    @Override"
      },
      {
        "lineNumber": 20,
        "author": {
          "gitId": "JTWang2000"
        },
        "content": "    public String toFile(){"
      },
      {
        "lineNumber": 21,
        "author": {
          "gitId": "JTWang2000"
        },
        "content": "        return \"D | \" + super.toFile() + \" | \" + by;"
      },
      {
        "lineNumber": 22,
        "author": {
          "gitId": "JTWang2000"
        },
        "content": "    }"
      },
      {
        "lineNumber": 23,
        "author": {
          "gitId": "JTWang2000"
        },
        "content": "}"
      }
    ],
    "authorContributionMap": {
      "JTWang2000": 23
    }
  },
  {
    "path": "src/main/java/duke/task/Event.java",
    "fileType": "java",
    "lines": [
      {
        "lineNumber": 1,
        "author": {
          "gitId": "JTWang2000"
        },
        "content": "package duke.task;"
      },
      {
        "lineNumber": 2,
        "author": {
          "gitId": "JTWang2000"
        },
        "content": ""
      },
      {
        "lineNumber": 3,
        "author": {
          "gitId": "JTWang2000"
        },
        "content": "public class Event extends Task{"
      },
      {
        "lineNumber": 4,
        "author": {
          "gitId": "JTWang2000"
        },
        "content": ""
      },
      {
        "lineNumber": 5,
        "author": {
          "gitId": "JTWang2000"
        },
        "content": "    protected  String at;"
      },
      {
        "lineNumber": 6,
        "author": {
          "gitId": "JTWang2000"
        },
        "content": ""
      },
      {
        "lineNumber": 7,
        "author": {
          "gitId": "JTWang2000"
        },
        "content": "    public Event(String description,String at){"
      },
      {
        "lineNumber": 8,
        "author": {
          "gitId": "JTWang2000"
        },
        "content": "        super(description);"
      },
      {
        "lineNumber": 9,
        "author": {
          "gitId": "JTWang2000"
        },
        "content": "        this.at \u003d at;"
      },
      {
        "lineNumber": 10,
        "author": {
          "gitId": "JTWang2000"
        },
        "content": "    }"
      },
      {
        "lineNumber": 11,
        "author": {
          "gitId": "JTWang2000"
        },
        "content": ""
      },
      {
        "lineNumber": 12,
        "author": {
          "gitId": "JTWang2000"
        },
        "content": "    @Override"
      },
      {
        "lineNumber": 13,
        "author": {
          "gitId": "JTWang2000"
        },
        "content": "    public String toString(){"
      },
      {
        "lineNumber": 14,
        "author": {
          "gitId": "JTWang2000"
        },
        "content": "        return \"[E]\" + super.toString() + \" (at: \" + at + \")\";"
      },
      {
        "lineNumber": 15,
        "author": {
          "gitId": "JTWang2000"
        },
        "content": "    }"
      },
      {
        "lineNumber": 16,
        "author": {
          "gitId": "JTWang2000"
        },
        "content": ""
      },
      {
        "lineNumber": 17,
        "author": {
          "gitId": "JTWang2000"
        },
        "content": "    @Override"
      },
      {
        "lineNumber": 18,
        "author": {
          "gitId": "JTWang2000"
        },
        "content": "    public String toFile(){"
      },
      {
        "lineNumber": 19,
        "author": {
          "gitId": "JTWang2000"
        },
        "content": "        return \"E | \" + super.toFile() + \" | \" + at;"
      },
      {
        "lineNumber": 20,
        "author": {
          "gitId": "JTWang2000"
        },
        "content": "    }"
      },
      {
        "lineNumber": 21,
        "author": {
          "gitId": "JTWang2000"
        },
        "content": "}"
      }
    ],
    "authorContributionMap": {
      "JTWang2000": 21
    }
  },
  {
    "path": "src/main/java/duke/task/Task.java",
    "fileType": "java",
    "lines": [
      {
        "lineNumber": 1,
        "author": {
          "gitId": "JTWang2000"
        },
        "content": "package duke.task;"
      },
      {
        "lineNumber": 2,
        "author": {
          "gitId": "JTWang2000"
        },
        "content": ""
      },
      {
        "lineNumber": 3,
        "author": {
          "gitId": "JTWang2000"
        },
        "content": "public class Task {"
      },
      {
        "lineNumber": 4,
        "author": {
          "gitId": "JTWang2000"
        },
        "content": "    protected String description;"
      },
      {
        "lineNumber": 5,
        "author": {
          "gitId": "JTWang2000"
        },
        "content": "    protected boolean isDone;"
      },
      {
        "lineNumber": 6,
        "author": {
          "gitId": "JTWang2000"
        },
        "content": ""
      },
      {
        "lineNumber": 7,
        "author": {
          "gitId": "JTWang2000"
        },
        "content": "    public Task(){"
      },
      {
        "lineNumber": 8,
        "author": {
          "gitId": "JTWang2000"
        },
        "content": ""
      },
      {
        "lineNumber": 9,
        "author": {
          "gitId": "JTWang2000"
        },
        "content": "    }"
      },
      {
        "lineNumber": 10,
        "author": {
          "gitId": "JTWang2000"
        },
        "content": ""
      },
      {
        "lineNumber": 11,
        "author": {
          "gitId": "JTWang2000"
        },
        "content": "    public Task(String description) {"
      },
      {
        "lineNumber": 12,
        "author": {
          "gitId": "JTWang2000"
        },
        "content": "        this.description \u003d description;"
      },
      {
        "lineNumber": 13,
        "author": {
          "gitId": "JTWang2000"
        },
        "content": "        this.isDone \u003d false;"
      },
      {
        "lineNumber": 14,
        "author": {
          "gitId": "JTWang2000"
        },
        "content": "    }"
      },
      {
        "lineNumber": 15,
        "author": {
          "gitId": "JTWang2000"
        },
        "content": ""
      },
      {
        "lineNumber": 16,
        "author": {
          "gitId": "JTWang2000"
        },
        "content": "    public String getStatusIcon() {"
      },
      {
        "lineNumber": 17,
        "author": {
          "gitId": "JTWang2000"
        },
        "content": "        return (isDone ? \"\\u2713\" : \"\\u2718\"); //return tick or X symbols"
      },
      {
        "lineNumber": 18,
        "author": {
          "gitId": "JTWang2000"
        },
        "content": "    }"
      },
      {
        "lineNumber": 19,
        "author": {
          "gitId": "JTWang2000"
        },
        "content": ""
      },
      {
        "lineNumber": 20,
        "author": {
          "gitId": "JTWang2000"
        },
        "content": "    public String getDescription(){"
      },
      {
        "lineNumber": 21,
        "author": {
          "gitId": "JTWang2000"
        },
        "content": "        return description;"
      },
      {
        "lineNumber": 22,
        "author": {
          "gitId": "JTWang2000"
        },
        "content": "    }"
      },
      {
        "lineNumber": 23,
        "author": {
          "gitId": "JTWang2000"
        },
        "content": ""
      },
      {
        "lineNumber": 24,
        "author": {
          "gitId": "JTWang2000"
        },
        "content": "    public void markAsDone(){"
      },
      {
        "lineNumber": 25,
        "author": {
          "gitId": "JTWang2000"
        },
        "content": "        isDone \u003d true;"
      },
      {
        "lineNumber": 26,
        "author": {
          "gitId": "JTWang2000"
        },
        "content": "    }"
      },
      {
        "lineNumber": 27,
        "author": {
          "gitId": "JTWang2000"
        },
        "content": ""
      },
      {
        "lineNumber": 28,
        "author": {
          "gitId": "JTWang2000"
        },
        "content": "    public String toString(){"
      },
      {
        "lineNumber": 29,
        "author": {
          "gitId": "JTWang2000"
        },
        "content": "        return \"[\" + getStatusIcon() + \"] \" + this.description;"
      },
      {
        "lineNumber": 30,
        "author": {
          "gitId": "JTWang2000"
        },
        "content": "    }"
      },
      {
        "lineNumber": 31,
        "author": {
          "gitId": "JTWang2000"
        },
        "content": ""
      },
      {
        "lineNumber": 32,
        "author": {
          "gitId": "JTWang2000"
        },
        "content": "    public String toFile(){"
      },
      {
        "lineNumber": 33,
        "author": {
          "gitId": "JTWang2000"
        },
        "content": "        return ((isDone ? \"1\":\"0\") + \" | \" + this.description);"
      },
      {
        "lineNumber": 34,
        "author": {
          "gitId": "JTWang2000"
        },
        "content": "    }"
      },
      {
        "lineNumber": 35,
        "author": {
          "gitId": "JTWang2000"
        },
        "content": "}"
      }
    ],
    "authorContributionMap": {
      "JTWang2000": 35
    }
  },
  {
    "path": "src/main/java/duke/task/Todo.java",
    "fileType": "java",
    "lines": [
      {
        "lineNumber": 1,
        "author": {
          "gitId": "JTWang2000"
        },
        "content": "package duke.task;"
      },
      {
        "lineNumber": 2,
        "author": {
          "gitId": "JTWang2000"
        },
        "content": ""
      },
      {
        "lineNumber": 3,
        "author": {
          "gitId": "JTWang2000"
        },
        "content": "public class Todo extends Task {"
      },
      {
        "lineNumber": 4,
        "author": {
          "gitId": "JTWang2000"
        },
        "content": ""
      },
      {
        "lineNumber": 5,
        "author": {
          "gitId": "JTWang2000"
        },
        "content": "    public Todo(String description){"
      },
      {
        "lineNumber": 6,
        "author": {
          "gitId": "JTWang2000"
        },
        "content": "        super(description);"
      },
      {
        "lineNumber": 7,
        "author": {
          "gitId": "JTWang2000"
        },
        "content": "    }"
      },
      {
        "lineNumber": 8,
        "author": {
          "gitId": "JTWang2000"
        },
        "content": ""
      },
      {
        "lineNumber": 9,
        "author": {
          "gitId": "JTWang2000"
        },
        "content": "    @Override"
      },
      {
        "lineNumber": 10,
        "author": {
          "gitId": "JTWang2000"
        },
        "content": "    public String toString(){"
      },
      {
        "lineNumber": 11,
        "author": {
          "gitId": "JTWang2000"
        },
        "content": "        return \"[T]\" + super.toString() ;"
      },
      {
        "lineNumber": 12,
        "author": {
          "gitId": "JTWang2000"
        },
        "content": "    }"
      },
      {
        "lineNumber": 13,
        "author": {
          "gitId": "JTWang2000"
        },
        "content": ""
      },
      {
        "lineNumber": 14,
        "author": {
          "gitId": "JTWang2000"
        },
        "content": "    @Override"
      },
      {
        "lineNumber": 15,
        "author": {
          "gitId": "JTWang2000"
        },
        "content": "    public String toFile(){"
      },
      {
        "lineNumber": 16,
        "author": {
          "gitId": "JTWang2000"
        },
        "content": "        return \"T | \" + super.toFile();"
      },
      {
        "lineNumber": 17,
        "author": {
          "gitId": "JTWang2000"
        },
        "content": "    }"
      },
      {
        "lineNumber": 18,
        "author": {
          "gitId": "JTWang2000"
        },
        "content": "}"
      }
    ],
    "authorContributionMap": {
      "JTWang2000": 18
    }
  },
  {
    "path": "text-ui-test/EXPECTED.txt",
    "fileType": "txt",
    "lines": [
      {
        "lineNumber": 1,
        "author": {
          "gitId": "JTWang2000"
        },
        "content": "Hello from"
      },
      {
        "lineNumber": 2,
        "author": {
          "gitId": "JTWang2000"
        },
        "content": " ____        _        "
      },
      {
        "lineNumber": 3,
        "author": {
          "gitId": "JTWang2000"
        },
        "content": "|  _ \\ _   _| | _____ "
      },
      {
        "lineNumber": 4,
        "author": {
          "gitId": "JTWang2000"
        },
        "content": "| | | | | | | |/ / _ \\"
      },
      {
        "lineNumber": 5,
        "author": {
          "gitId": "JTWang2000"
        },
        "content": "| |_| | |_| |   \u003c  __/"
      },
      {
        "lineNumber": 6,
        "author": {
          "gitId": "JTWang2000"
        },
        "content": "|____/ \\__,_|_|\\_\\___|"
      },
      {
        "lineNumber": 7,
        "author": {
          "gitId": "JTWang2000"
        },
        "content": ""
      },
      {
        "lineNumber": 8,
        "author": {
          "gitId": "JTWang2000"
        },
        "content": "\t____________________________________________________________"
      },
      {
        "lineNumber": 9,
        "author": {
          "gitId": "JTWang2000"
        },
        "content": "\tHello! I\u0027m duke.Duke"
      },
      {
        "lineNumber": 10,
        "author": {
          "gitId": "JTWang2000"
        },
        "content": "\tWhat can I do for you?"
      },
      {
        "lineNumber": 11,
        "author": {
          "gitId": "JTWang2000"
        },
        "content": "\t____________________________________________________________"
      },
      {
        "lineNumber": 12,
        "author": {
          "gitId": "JTWang2000"
        },
        "content": ""
      },
      {
        "lineNumber": 13,
        "author": {
          "gitId": "JTWang2000"
        },
        "content": "\t____________________________________________________________"
      },
      {
        "lineNumber": 14,
        "author": {
          "gitId": "JTWang2000"
        },
        "content": "\t:(OOPS!!! Please enter the task number."
      },
      {
        "lineNumber": 15,
        "author": {
          "gitId": "JTWang2000"
        },
        "content": "\t____________________________________________________________"
      },
      {
        "lineNumber": 16,
        "author": {
          "gitId": "JTWang2000"
        },
        "content": ""
      },
      {
        "lineNumber": 17,
        "author": {
          "gitId": "JTWang2000"
        },
        "content": "\t____________________________________________________________"
      },
      {
        "lineNumber": 18,
        "author": {
          "gitId": "JTWang2000"
        },
        "content": "\t:(OOPS!!! No tasks!!!"
      },
      {
        "lineNumber": 19,
        "author": {
          "gitId": "JTWang2000"
        },
        "content": "\t____________________________________________________________"
      },
      {
        "lineNumber": 20,
        "author": {
          "gitId": "JTWang2000"
        },
        "content": ""
      },
      {
        "lineNumber": 21,
        "author": {
          "gitId": "JTWang2000"
        },
        "content": "\t____________________________________________________________"
      },
      {
        "lineNumber": 22,
        "author": {
          "gitId": "JTWang2000"
        },
        "content": "\tGot it. I\u0027ve added this task:"
      },
      {
        "lineNumber": 23,
        "author": {
          "gitId": "JTWang2000"
        },
        "content": "\t  [T][?] eat"
      },
      {
        "lineNumber": 24,
        "author": {
          "gitId": "JTWang2000"
        },
        "content": "\tNow you have 1 tasks in the list"
      },
      {
        "lineNumber": 25,
        "author": {
          "gitId": "JTWang2000"
        },
        "content": "\t____________________________________________________________"
      },
      {
        "lineNumber": 26,
        "author": {
          "gitId": "JTWang2000"
        },
        "content": ""
      },
      {
        "lineNumber": 27,
        "author": {
          "gitId": "JTWang2000"
        },
        "content": "\t____________________________________________________________"
      },
      {
        "lineNumber": 28,
        "author": {
          "gitId": "JTWang2000"
        },
        "content": "\tGot it. I\u0027ve added this task:"
      },
      {
        "lineNumber": 29,
        "author": {
          "gitId": "JTWang2000"
        },
        "content": "\t  [T][?] sleep"
      },
      {
        "lineNumber": 30,
        "author": {
          "gitId": "JTWang2000"
        },
        "content": "\tNow you have 2 tasks in the list"
      },
      {
        "lineNumber": 31,
        "author": {
          "gitId": "JTWang2000"
        },
        "content": "\t____________________________________________________________"
      },
      {
        "lineNumber": 32,
        "author": {
          "gitId": "JTWang2000"
        },
        "content": ""
      },
      {
        "lineNumber": 33,
        "author": {
          "gitId": "JTWang2000"
        },
        "content": "\t____________________________________________________________"
      },
      {
        "lineNumber": 34,
        "author": {
          "gitId": "JTWang2000"
        },
        "content": "\t:(OOPS!!! The description of a todo cannot be empty."
      },
      {
        "lineNumber": 35,
        "author": {
          "gitId": "JTWang2000"
        },
        "content": "\t____________________________________________________________"
      },
      {
        "lineNumber": 36,
        "author": {
          "gitId": "JTWang2000"
        },
        "content": ""
      },
      {
        "lineNumber": 37,
        "author": {
          "gitId": "JTWang2000"
        },
        "content": "\t____________________________________________________________"
      },
      {
        "lineNumber": 38,
        "author": {
          "gitId": "JTWang2000"
        },
        "content": "\t:(OOPS!!! I\u0027m sorry, but I don\u0027t know what that means :-("
      },
      {
        "lineNumber": 39,
        "author": {
          "gitId": "JTWang2000"
        },
        "content": "\t____________________________________________________________"
      },
      {
        "lineNumber": 40,
        "author": {
          "gitId": "JTWang2000"
        },
        "content": ""
      },
      {
        "lineNumber": 41,
        "author": {
          "gitId": "JTWang2000"
        },
        "content": "\t____________________________________________________________"
      },
      {
        "lineNumber": 42,
        "author": {
          "gitId": "JTWang2000"
        },
        "content": "\tGot it. I\u0027ve added this task:"
      },
      {
        "lineNumber": 43,
        "author": {
          "gitId": "JTWang2000"
        },
        "content": "\t  [D][?] cs2113 (by: Tuesday)"
      },
      {
        "lineNumber": 44,
        "author": {
          "gitId": "JTWang2000"
        },
        "content": "\tNow you have 3 tasks in the list"
      },
      {
        "lineNumber": 45,
        "author": {
          "gitId": "JTWang2000"
        },
        "content": "\t____________________________________________________________"
      },
      {
        "lineNumber": 46,
        "author": {
          "gitId": "JTWang2000"
        },
        "content": ""
      },
      {
        "lineNumber": 47,
        "author": {
          "gitId": "JTWang2000"
        },
        "content": "\t____________________________________________________________"
      },
      {
        "lineNumber": 48,
        "author": {
          "gitId": "JTWang2000"
        },
        "content": "\tGot it. I\u0027ve added this task:"
      },
      {
        "lineNumber": 49,
        "author": {
          "gitId": "JTWang2000"
        },
        "content": "\t  [E][?] project meeting (at: Mon 2-4pm)"
      },
      {
        "lineNumber": 50,
        "author": {
          "gitId": "JTWang2000"
        },
        "content": "\tNow you have 4 tasks in the list"
      },
      {
        "lineNumber": 51,
        "author": {
          "gitId": "JTWang2000"
        },
        "content": "\t____________________________________________________________"
      },
      {
        "lineNumber": 52,
        "author": {
          "gitId": "JTWang2000"
        },
        "content": ""
      },
      {
        "lineNumber": 53,
        "author": {
          "gitId": "JTWang2000"
        },
        "content": "\t____________________________________________________________"
      },
      {
        "lineNumber": 54,
        "author": {
          "gitId": "JTWang2000"
        },
        "content": "\t:(OOPS!!! The description of a event cannot be empty."
      },
      {
        "lineNumber": 55,
        "author": {
          "gitId": "JTWang2000"
        },
        "content": "\t____________________________________________________________"
      },
      {
        "lineNumber": 56,
        "author": {
          "gitId": "JTWang2000"
        },
        "content": ""
      },
      {
        "lineNumber": 57,
        "author": {
          "gitId": "JTWang2000"
        },
        "content": "\t____________________________________________________________"
      },
      {
        "lineNumber": 58,
        "author": {
          "gitId": "JTWang2000"
        },
        "content": "\tNice! I\u0027ve marked this task as done:"
      },
      {
        "lineNumber": 59,
        "author": {
          "gitId": "JTWang2000"
        },
        "content": "\t  [?] sleep"
      },
      {
        "lineNumber": 60,
        "author": {
          "gitId": "JTWang2000"
        },
        "content": "\t____________________________________________________________"
      },
      {
        "lineNumber": 61,
        "author": {
          "gitId": "JTWang2000"
        },
        "content": ""
      },
      {
        "lineNumber": 62,
        "author": {
          "gitId": "JTWang2000"
        },
        "content": "\t____________________________________________________________"
      },
      {
        "lineNumber": 63,
        "author": {
          "gitId": "JTWang2000"
        },
        "content": "\tNice! I\u0027ve marked this task as done:"
      },
      {
        "lineNumber": 64,
        "author": {
          "gitId": "JTWang2000"
        },
        "content": "\t  [?] cs2113"
      },
      {
        "lineNumber": 65,
        "author": {
          "gitId": "JTWang2000"
        },
        "content": "\t____________________________________________________________"
      },
      {
        "lineNumber": 66,
        "author": {
          "gitId": "JTWang2000"
        },
        "content": ""
      },
      {
        "lineNumber": 67,
        "author": {
          "gitId": "JTWang2000"
        },
        "content": "\t____________________________________________________________"
      },
      {
        "lineNumber": 68,
        "author": {
          "gitId": "JTWang2000"
        },
        "content": "\tHere are the tasks in your list:"
      },
      {
        "lineNumber": 69,
        "author": {
          "gitId": "JTWang2000"
        },
        "content": "\t1.[T][?] eat"
      },
      {
        "lineNumber": 70,
        "author": {
          "gitId": "JTWang2000"
        },
        "content": "\t2.[T][?] sleep"
      },
      {
        "lineNumber": 71,
        "author": {
          "gitId": "JTWang2000"
        },
        "content": "\t3.[D][?] cs2113 (by: Tuesday)"
      },
      {
        "lineNumber": 72,
        "author": {
          "gitId": "JTWang2000"
        },
        "content": "\t4.[E][?] project meeting (at: Mon 2-4pm)"
      },
      {
        "lineNumber": 73,
        "author": {
          "gitId": "JTWang2000"
        },
        "content": "\t____________________________________________________________"
      },
      {
        "lineNumber": 74,
        "author": {
          "gitId": "JTWang2000"
        },
        "content": ""
      },
      {
        "lineNumber": 75,
        "author": {
          "gitId": "JTWang2000"
        },
        "content": "\t____________________________________________________________"
      },
      {
        "lineNumber": 76,
        "author": {
          "gitId": "JTWang2000"
        },
        "content": "\tNoted. I\u0027ve removed this task:"
      },
      {
        "lineNumber": 77,
        "author": {
          "gitId": "JTWang2000"
        },
        "content": "\t  [T][?] sleep"
      },
      {
        "lineNumber": 78,
        "author": {
          "gitId": "JTWang2000"
        },
        "content": "\tNow you have 3 tasks in the list."
      },
      {
        "lineNumber": 79,
        "author": {
          "gitId": "JTWang2000"
        },
        "content": "\t____________________________________________________________"
      },
      {
        "lineNumber": 80,
        "author": {
          "gitId": "JTWang2000"
        },
        "content": ""
      },
      {
        "lineNumber": 81,
        "author": {
          "gitId": "JTWang2000"
        },
        "content": "\t____________________________________________________________"
      },
      {
        "lineNumber": 82,
        "author": {
          "gitId": "JTWang2000"
        },
        "content": "\tHere are the tasks in your list:"
      },
      {
        "lineNumber": 83,
        "author": {
          "gitId": "JTWang2000"
        },
        "content": "\t1.[T][?] eat"
      },
      {
        "lineNumber": 84,
        "author": {
          "gitId": "JTWang2000"
        },
        "content": "\t2.[D][?] cs2113 (by: Tuesday)"
      },
      {
        "lineNumber": 85,
        "author": {
          "gitId": "JTWang2000"
        },
        "content": "\t3.[E][?] project meeting (at: Mon 2-4pm)"
      },
      {
        "lineNumber": 86,
        "author": {
          "gitId": "JTWang2000"
        },
        "content": "\t____________________________________________________________"
      },
      {
        "lineNumber": 87,
        "author": {
          "gitId": "JTWang2000"
        },
        "content": ""
      },
      {
        "lineNumber": 88,
        "author": {
          "gitId": "JTWang2000"
        },
        "content": "\t____________________________________________________________"
      },
      {
        "lineNumber": 89,
        "author": {
          "gitId": "JTWang2000"
        },
        "content": "\tBye. Hope to see you again soon!"
      },
      {
        "lineNumber": 90,
        "author": {
          "gitId": "JTWang2000"
        },
        "content": "\t____________________________________________________________"
      },
      {
        "lineNumber": 91,
        "author": {
          "gitId": "JTWang2000"
        },
        "content": ""
      }
    ],
    "authorContributionMap": {
      "JTWang2000": 91
    }
  },
  {
    "path": "text-ui-test/input.txt",
    "fileType": "txt",
    "lines": [
      {
        "lineNumber": 1,
        "author": {
          "gitId": "JTWang2000"
        },
        "content": "done"
      },
      {
        "lineNumber": 2,
        "author": {
          "gitId": "JTWang2000"
        },
        "content": "list"
      },
      {
        "lineNumber": 3,
        "author": {
          "gitId": "JTWang2000"
        },
        "content": "todo eat"
      },
      {
        "lineNumber": 4,
        "author": {
          "gitId": "JTWang2000"
        },
        "content": "todo sleep"
      },
      {
        "lineNumber": 5,
        "author": {
          "gitId": "JTWang2000"
        },
        "content": "todo"
      },
      {
        "lineNumber": 6,
        "author": {
          "gitId": "JTWang2000"
        },
        "content": "heyhey"
      },
      {
        "lineNumber": 7,
        "author": {
          "gitId": "JTWang2000"
        },
        "content": "deadline cs2113 /by Tuesday"
      },
      {
        "lineNumber": 8,
        "author": {
          "gitId": "JTWang2000"
        },
        "content": "event project meeting /at Mon 2-4pm"
      },
      {
        "lineNumber": 9,
        "author": {
          "gitId": "JTWang2000"
        },
        "content": "event"
      },
      {
        "lineNumber": 10,
        "author": {
          "gitId": "JTWang2000"
        },
        "content": "done 2"
      },
      {
        "lineNumber": 11,
        "author": {
          "gitId": "JTWang2000"
        },
        "content": "done 3"
      },
      {
        "lineNumber": 12,
        "author": {
          "gitId": "JTWang2000"
        },
        "content": "list"
      },
      {
        "lineNumber": 13,
        "author": {
          "gitId": "JTWang2000"
        },
        "content": "delete 2"
      },
      {
        "lineNumber": 14,
        "author": {
          "gitId": "JTWang2000"
        },
        "content": "list"
      },
      {
        "lineNumber": 15,
        "author": {
          "gitId": "JTWang2000"
        },
        "content": "bye"
      }
    ],
    "authorContributionMap": {
      "JTWang2000": 15
    }
  },
  {
    "path": "text-ui-test/runtest.bat",
    "fileType": "bat",
    "lines": [
      {
        "lineNumber": 1,
        "author": {
          "gitId": "JTWang2000"
        },
        "content": "@ECHO OFF"
      },
      {
        "lineNumber": 2,
        "author": {
          "gitId": "JTWang2000"
        },
        "content": ""
      },
      {
        "lineNumber": 3,
        "author": {
          "gitId": "JTWang2000"
        },
        "content": "REM create bin directory if it doesn\u0027t exist"
      },
      {
        "lineNumber": 4,
        "author": {
          "gitId": "JTWang2000"
        },
        "content": "if not exist ..\\bin mkdir ..\\bin"
      },
      {
        "lineNumber": 5,
        "author": {
          "gitId": "JTWang2000"
        },
        "content": ""
      },
      {
        "lineNumber": 6,
        "author": {
          "gitId": "JTWang2000"
        },
        "content": "REM delete output from previous run"
      },
      {
        "lineNumber": 7,
        "author": {
          "gitId": "JTWang2000"
        },
        "content": "del ACTUAL.TXT"
      },
      {
        "lineNumber": 8,
        "author": {
          "gitId": "JTWang2000"
        },
        "content": ""
      },
      {
        "lineNumber": 9,
        "author": {
          "gitId": "JTWang2000"
        },
        "content": "REM compile the code into the bin folder"
      },
      {
        "lineNumber": 10,
        "author": {
          "gitId": "JTWang2000"
        },
        "content": "javac  -cp ..\\src -Xlint:none -d ..\\bin ..\\src\\main\\java\\duke\\*.java ..\\src\\main\\java\\duke\\task\\*.java"
      },
      {
        "lineNumber": 11,
        "author": {
          "gitId": "JTWang2000"
        },
        "content": "IF ERRORLEVEL 1 ("
      },
      {
        "lineNumber": 12,
        "author": {
          "gitId": "JTWang2000"
        },
        "content": "    echo ********** BUILD FAILURE **********"
      },
      {
        "lineNumber": 13,
        "author": {
          "gitId": "JTWang2000"
        },
        "content": "    exit /b 1"
      },
      {
        "lineNumber": 14,
        "author": {
          "gitId": "JTWang2000"
        },
        "content": ")"
      },
      {
        "lineNumber": 15,
        "author": {
          "gitId": "JTWang2000"
        },
        "content": "REM no error here, errorlevel \u003d\u003d 0"
      },
      {
        "lineNumber": 16,
        "author": {
          "gitId": "JTWang2000"
        },
        "content": ""
      },
      {
        "lineNumber": 17,
        "author": {
          "gitId": "JTWang2000"
        },
        "content": "REM run the program, feed commands from input.txt file and redirect the output to the ACTUAL.TXT"
      },
      {
        "lineNumber": 18,
        "author": {
          "gitId": "JTWang2000"
        },
        "content": "java -classpath ..\\bin duke.Duke \u003c input.txt \u003e ACTUAL.TXT"
      },
      {
        "lineNumber": 19,
        "author": {
          "gitId": "JTWang2000"
        },
        "content": ""
      },
      {
        "lineNumber": 20,
        "author": {
          "gitId": "JTWang2000"
        },
        "content": "REM compare the output to the expected output"
      },
      {
        "lineNumber": 21,
        "author": {
          "gitId": "JTWang2000"
        },
        "content": "FC ACTUAL.TXT EXPECTED.TXT"
      }
    ],
    "authorContributionMap": {
      "JTWang2000": 21
    }
  }
]
