{
  "authorDailyContributionsMap": {
    "JTWang2000": [
      {
        "insertions": 143,
        "deletions": 65,
        "date": "2020-01-30",
        "commitResults": [
          {
            "hash": "88d53b05029a79b3a4b7cc621dd0203074940e41",
            "messageTitle": "Level-1",
            "messageBody": "",
            "tags": [
              "Level-1"
            ],
            "insertions": 33,
            "deletions": 0
          },
          {
            "hash": "507e0c504551cf76e48fd530c4cc98aa4446018d",
            "messageTitle": "Add List",
            "messageBody": "",
            "tags": [
              "Level-2"
            ],
            "insertions": 34,
            "deletions": 24
          },
          {
            "hash": "a76509aed72a170c8b2249efd153a904ebbc8827",
            "messageTitle": "Delete useless class and add horizontal lines, remain in Level 2",
            "messageBody": "",
            "insertions": 40,
            "deletions": 34
          },
          {
            "hash": "fe534da7eb59088abdf9029d1e675bc41356c307",
            "messageTitle": "Add the ability to mark tasks as done.",
            "messageBody": "",
            "insertions": 4,
            "deletions": 0
          },
          {
            "hash": "9cb4fc3808101c6328341d2ac4b29757bb1a0514",
            "messageTitle": "Add the ability to mark tasks as done.",
            "messageBody": "",
            "tags": [
              "Level-3"
            ],
            "insertions": 32,
            "deletions": 7
          }
        ]
      },
      {
        "insertions": 110,
        "deletions": 33,
        "date": "2020-02-03",
        "commitResults": [
          {
            "hash": "c8d841cf5ada29fa1d3adf1f41bc2230edd57c7d",
            "messageTitle": "Debug an error of listing task and Refactoring",
            "messageBody": "",
            "tags": [
              "A-CodingStandard"
            ],
            "insertions": 35,
            "deletions": 23
          },
          {
            "hash": "8dd00b316fa87d05f52cf832efb80961aaa43644",
            "messageTitle": "Add support for tracking three types of tasks",
            "messageBody": "",
            "tags": [
              "A-Inheritance"
            ],
            "insertions": 66,
            "deletions": 8
          },
          {
            "hash": "10b91e71ebc4f94d1ec75532da6c5872df696ce6",
            "messageTitle": "Improve code quality",
            "messageBody": "",
            "tags": [
              "Level-4",
              "A-CodeQuality"
            ],
            "insertions": 9,
            "deletions": 2
          }
        ]
      },
      {
        "insertions": 322,
        "deletions": 153,
        "date": "2020-02-10",
        "commitResults": [
          {
            "hash": "41b2e871f67c1f8184c30c90192a3180ac560fd9",
            "messageTitle": "Add automated text UI testing",
            "messageBody": "",
            "tags": [
              "A-TextUiTesting"
            ],
            "insertions": 87,
            "deletions": 0
          },
          {
            "hash": "b5dffc29c53a8b0593e69c32a5b7bd43fdc23801",
            "messageTitle": "Handle two types of errors: meaningless input and empty task description",
            "messageBody": "",
            "tags": [
              "A-Exceptions"
            ],
            "insertions": 31,
            "deletions": 14
          },
          {
            "hash": "49c4e443b62c170c7f3be9f5f4c70f0d64887abe",
            "messageTitle": "Handle errors of list, done and wrong format of deadline and event",
            "messageBody": "",
            "insertions": 24,
            "deletions": 3
          },
          {
            "hash": "21746f926bcb29ed60903e862c1183191bfad973",
            "messageTitle": "Add packages: duke and duke.task; Update ui-test",
            "messageBody": "",
            "tags": [
              "A-Packages"
            ],
            "insertions": 180,
            "deletions": 136
          }
        ]
      },
      {
        "insertions": 132,
        "deletions": 16,
        "date": "2020-02-16",
        "commitResults": [
          {
            "hash": "79a49ba0bef9d4f00a94923e548be062a65746a3",
            "messageTitle": "Delete: Add support for deleting tasks from the list.",
            "messageBody": "",
            "insertions": 39,
            "deletions": 0
          },
          {
            "hash": "55b86cafb0f08dae0fac649818cf7fb191cf7e2a",
            "messageTitle": "Use Java Collections classes: ArrayList\u003cTask\u003e to store the tasks.",
            "messageBody": "",
            "tags": [
              "Level-6",
              "A-Collections"
            ],
            "insertions": 12,
            "deletions": 13
          },
          {
            "hash": "69abf30ba8a71bbaa15c5de7f3dd3dbdebc58071",
            "messageTitle": "Load the data from hard disk when Duke starts up",
            "messageBody": "",
            "insertions": 42,
            "deletions": 1
          },
          {
            "hash": "8c5fe95f3889943d6d9457f9451fb2125d37fdc7",
            "messageTitle": "Save the tasks in the hard disk automatically whenever the task list changes.",
            "messageBody": "",
            "tags": [
              "Level-7"
            ],
            "insertions": 39,
            "deletions": 2
          }
        ]
      },
      {
        "insertions": 36,
        "deletions": 7,
        "date": "2020-02-17",
        "commitResults": [
          {
            "hash": "34d44a82e1daa323a3edb60cbe197f56fe3c6118",
            "messageTitle": "Create a JAR and set up gradle so that you can build and run Duke using gradle",
            "messageBody": "",
            "tags": [
              "A-Jar",
              "A-Gradle"
            ],
            "insertions": 22,
            "deletions": 1
          },
          {
            "hash": "e149a6ae98935a55c4498341a520766f98d6d7a3",
            "messageTitle": "Create back up file when there is no such file exists.",
            "messageBody": "",
            "tags": [
              "duke-0.1.3"
            ],
            "insertions": 14,
            "deletions": 6
          }
        ]
      },
      {
        "insertions": 120,
        "deletions": 99,
        "date": "2020-02-25",
        "commitResults": [
          {
            "hash": "099dc7ebe24ab0e1651cdfbc8eafde9f273ad7c1",
            "messageTitle": "Follow Java Coding Standard",
            "messageBody": "",
            "insertions": 77,
            "deletions": 82
          },
          {
            "hash": "bb1ae6ae42c424f2fae720bc8b8104e9d0523a1a",
            "messageTitle": "Add constants file",
            "messageBody": "",
            "insertions": 43,
            "deletions": 17
          }
        ]
      },
      {
        "insertions": 572,
        "deletions": 253,
        "date": "2020-02-26",
        "commitResults": [
          {
            "hash": "4116a143e6b08e8bd3a49c1d002854997c11a742",
            "messageTitle": "Use more OOP  and update the test-ui",
            "messageBody": "",
            "tags": [
              "A-MoreOOP"
            ],
            "insertions": 572,
            "deletions": 253
          }
        ]
      },
      {
        "insertions": 480,
        "deletions": 166,
        "date": "2020-02-27",
        "commitResults": [
          {
            "hash": "51dc5412c0670b9be5cbd6292de681afffaac509",
            "messageTitle": "Change command to be abstract class and modify the exitcommand.",
            "messageBody": "",
            "insertions": 14,
            "deletions": 33
          },
          {
            "hash": "80a856b3acbbd8c4be008933bbed2948ac3e0735",
            "messageTitle": "Find: Give users a way to find a task by searching for a keyword in descriptions",
            "messageBody": "",
            "tags": [
              "Level-9"
            ],
            "insertions": 82,
            "deletions": 9
          },
          {
            "hash": "9232bc8599a27c193c36b88301443d271679b328",
            "messageTitle": "Dates and Times: Teach Duke to understand dates and times.",
            "messageBody": "",
            "insertions": 56,
            "deletions": 8
          },
          {
            "hash": "c93b0d61ab014b13d58506815caeabbb96fb4418",
            "messageTitle": "Stretch goal: add a command CHECK to print deadlines/events occurring on a specific date.",
            "messageBody": "",
            "tags": [
              "Level-8"
            ],
            "insertions": 87,
            "deletions": 9
          },
          {
            "hash": "5a8a3589ae0efc29e597fda50d038579fecca2f4",
            "messageTitle": "Add JavaDoc comments to the code.",
            "messageBody": "",
            "insertions": 0,
            "deletions": 0
          },
          {
            "hash": "bf391b209a0fc6e77e884b57fe5d5a3f3abe15d1",
            "messageTitle": "Add more JavaDoc comments to the code.",
            "messageBody": "",
            "tags": [
              "A-JavaDoc"
            ],
            "insertions": 241,
            "deletions": 107
          }
        ]
      },
      {
        "insertions": 377,
        "deletions": 167,
        "date": "2020-02-29",
        "commitResults": [
          {
            "hash": "05c3f9f57f5a0272ee0fa46903e1abe1090e90db",
            "messageTitle": "Add JAVADoc for newly merged classes and cording coding standard issues.",
            "messageBody": "",
            "insertions": 164,
            "deletions": 97
          },
          {
            "hash": "99610855f1f0e8dd32d77580dda6b86d6beeb593",
            "messageTitle": "Add HELP command for users to understand Duke.",
            "messageBody": "",
            "insertions": 105,
            "deletions": 53
          },
          {
            "hash": "e74dc07a8fc361038acbe33a93557aaa26f3584a",
            "messageTitle": "Add User Guide",
            "messageBody": "",
            "tags": [
              "A-UserGuide"
            ],
            "insertions": 108,
            "deletions": 17
          }
        ]
      }
    ]
  },
  "authorFinalContributionMap": {
    "JTWang2000": 1343
  },
  "authorFileTypeContributionMap": {
    "JTWang2000": {
      "java": 1032,
      "md": 103,
      "fxml": 0,
      "sh": 0,
      "bat": 21,
      "gradle": 22,
      "txt": 165
    }
  },
  "authorContributionVariance": {
    "JTWang2000": 31973.781
  },
  "authorDisplayNameMap": {
    "JTWang2000": "CS2113-T14-3 WANG..GTAN"
  }
}
