{
  "authorDailyContributionsMap": {
    "JTWang2000": [
      {
        "insertions": 143,
        "deletions": 65,
        "date": "2020-01-30",
        "commitResults": [
          {
            "hash": "88d53b05029a79b3a4b7cc621dd0203074940e41",
            "messageTitle": "Level-1",
            "messageBody": "",
            "tags": [
              "Level-1"
            ],
            "insertions": 33,
            "deletions": 0
          },
          {
            "hash": "507e0c504551cf76e48fd530c4cc98aa4446018d",
            "messageTitle": "Add List",
            "messageBody": "",
            "tags": [
              "Level-2"
            ],
            "insertions": 34,
            "deletions": 24
          },
          {
            "hash": "a76509aed72a170c8b2249efd153a904ebbc8827",
            "messageTitle": "Delete useless class and add horizontal lines, remain in Level 2",
            "messageBody": "",
            "insertions": 40,
            "deletions": 34
          },
          {
            "hash": "fe534da7eb59088abdf9029d1e675bc41356c307",
            "messageTitle": "Add the ability to mark tasks as done.",
            "messageBody": "",
            "insertions": 4,
            "deletions": 0
          },
          {
            "hash": "9cb4fc3808101c6328341d2ac4b29757bb1a0514",
            "messageTitle": "Add the ability to mark tasks as done.",
            "messageBody": "",
            "tags": [
              "Level-3"
            ],
            "insertions": 32,
            "deletions": 7
          }
        ]
      },
      {
        "insertions": 110,
        "deletions": 33,
        "date": "2020-02-03",
        "commitResults": [
          {
            "hash": "c8d841cf5ada29fa1d3adf1f41bc2230edd57c7d",
            "messageTitle": "Debug an error of listing task and Refactoring",
            "messageBody": "",
            "insertions": 35,
            "deletions": 23
          },
          {
            "hash": "8dd00b316fa87d05f52cf832efb80961aaa43644",
            "messageTitle": "Add support for tracking three types of tasks",
            "messageBody": "",
            "insertions": 66,
            "deletions": 8
          },
          {
            "hash": "10b91e71ebc4f94d1ec75532da6c5872df696ce6",
            "messageTitle": "Improve code quality",
            "messageBody": "",
            "tags": [
              "Level-4"
            ],
            "insertions": 9,
            "deletions": 2
          }
        ]
      }
    ]
  },
  "authorFinalContributionMap": {
    "JTWang2000": 154
  },
  "authorFileTypeContributionMap": {
    "JTWang2000": {
      "java": 154,
      "md": 0,
      "fxml": 0,
      "sh": 0,
      "bat": 0,
      "gradle": 0,
      "txt": 0
    }
  },
  "authorContributionVariance": {
    "JTWang2000": 2641.4978
  },
  "authorDisplayNameMap": {
    "JTWang2000": "CS2113-T14-3 WANG..GTAN"
  }
}
