[
  {
    "path": "README.md",
    "fileType": "md",
    "lines": [
      {
        "lineNumber": 1,
        "author": {
          "gitId": "-"
        },
        "content": "# Setting up"
      },
      {
        "lineNumber": 2,
        "author": {
          "gitId": "-"
        },
        "content": ""
      },
      {
        "lineNumber": 3,
        "author": {
          "gitId": "-"
        },
        "content": "**Prerequisites**"
      },
      {
        "lineNumber": 4,
        "author": {
          "gitId": "-"
        },
        "content": ""
      },
      {
        "lineNumber": 5,
        "author": {
          "gitId": "-"
        },
        "content": "* JDK 11"
      },
      {
        "lineNumber": 6,
        "author": {
          "gitId": "-"
        },
        "content": "* Recommended: IntelliJ IDE"
      },
      {
        "lineNumber": 7,
        "author": {
          "gitId": "-"
        },
        "content": "* Fork this repo to your GitHub account and clone the fork to your computer"
      },
      {
        "lineNumber": 8,
        "author": {
          "gitId": "-"
        },
        "content": ""
      },
      {
        "lineNumber": 9,
        "author": {
          "gitId": "-"
        },
        "content": "**Importing the project into IntelliJ**"
      },
      {
        "lineNumber": 10,
        "author": {
          "gitId": "-"
        },
        "content": ""
      },
      {
        "lineNumber": 11,
        "author": {
          "gitId": "-"
        },
        "content": "1. Open IntelliJ (if you are not in the welcome screen, click `File` \u003e `Close Project` to close the existing project dialog first)."
      },
      {
        "lineNumber": 12,
        "author": {
          "gitId": "-"
        },
        "content": "1. Set up the correct JDK version."
      },
      {
        "lineNumber": 13,
        "author": {
          "gitId": "-"
        },
        "content": "   * Click `Configure` \u003e `Structure for new Projects` (in older versions of Intellij:`Configure` \u003e `Project Defaults` \u003e `Project Structure`)."
      },
      {
        "lineNumber": 14,
        "author": {
          "gitId": "-"
        },
        "content": "   * If JDK 11 is listed in the drop down, select it. If it is not, click `New...` and select the directory where you installed JDK 11."
      },
      {
        "lineNumber": 15,
        "author": {
          "gitId": "-"
        },
        "content": "   * Click `OK`."
      },
      {
        "lineNumber": 16,
        "author": {
          "gitId": "-"
        },
        "content": "1. Click `Import Project`."
      },
      {
        "lineNumber": 17,
        "author": {
          "gitId": "-"
        },
        "content": "1. Locate the project directory and click `OK`."
      },
      {
        "lineNumber": 18,
        "author": {
          "gitId": "-"
        },
        "content": "1. Select `Create project from existing sources` and click `Next`."
      },
      {
        "lineNumber": 19,
        "author": {
          "gitId": "-"
        },
        "content": "1. Rename the project if you want. Click `Next`."
      },
      {
        "lineNumber": 20,
        "author": {
          "gitId": "-"
        },
        "content": "1. Ensure that your src folder is checked. Keep clicking `Next`."
      },
      {
        "lineNumber": 21,
        "author": {
          "gitId": "-"
        },
        "content": "1. Click `Finish`."
      },
      {
        "lineNumber": 22,
        "author": {
          "gitId": "-"
        },
        "content": ""
      },
      {
        "lineNumber": 23,
        "author": {
          "gitId": "-"
        },
        "content": "# Tutorials "
      },
      {
        "lineNumber": 24,
        "author": {
          "gitId": "-"
        },
        "content": ""
      },
      {
        "lineNumber": 25,
        "author": {
          "gitId": "ananda-lye"
        },
        "content": "Duke.Duke Increment | Tutorial"
      },
      {
        "lineNumber": 26,
        "author": {
          "gitId": "-"
        },
        "content": "---------------|---------------"
      },
      {
        "lineNumber": 27,
        "author": {
          "gitId": "-"
        },
        "content": "`A-Gradle` | [Gradle Tutorial](tutorials/gradleTutorial.md)"
      },
      {
        "lineNumber": 28,
        "author": {
          "gitId": "-"
        },
        "content": "`A-TextUiTesting` | [Text UI Testing Tutorial](tutorials/textUiTestingTutorial.md)"
      },
      {
        "lineNumber": 29,
        "author": {
          "gitId": "ananda-lye"
        },
        "content": "`Level-10` | JavaFX tutorials:\u003cbr\u003e→ [Part 1: Introduction to JavaFX][fx1]\u003cbr\u003e→ [Part 2: Creating a GUI for Duke.Duke][fx2]\u003cbr\u003e→ [Part 3: Interacting with the user][fx3]\u003cbr\u003e→ [Part 4: Introduction to FXML][fx4]"
      },
      {
        "lineNumber": 30,
        "author": {
          "gitId": "-"
        },
        "content": ""
      },
      {
        "lineNumber": 31,
        "author": {
          "gitId": "-"
        },
        "content": "[fx1]: \u003ctutorials/javaFxTutorialPart1.md\u003e"
      },
      {
        "lineNumber": 32,
        "author": {
          "gitId": "-"
        },
        "content": "[fx2]: \u003ctutorials/javaFxTutorialPart2.md\u003e"
      },
      {
        "lineNumber": 33,
        "author": {
          "gitId": "-"
        },
        "content": "[fx3]: \u003ctutorials/javaFxTutorialPart3.md\u003e"
      },
      {
        "lineNumber": 34,
        "author": {
          "gitId": "-"
        },
        "content": "[fx4]: \u003ctutorials/javaFxTutorialPart4.md\u003e"
      },
      {
        "lineNumber": 35,
        "author": {
          "gitId": "-"
        },
        "content": ""
      },
      {
        "lineNumber": 36,
        "author": {
          "gitId": "-"
        },
        "content": "# Feedback, Bug Reports"
      },
      {
        "lineNumber": 37,
        "author": {
          "gitId": "-"
        },
        "content": ""
      },
      {
        "lineNumber": 38,
        "author": {
          "gitId": "-"
        },
        "content": "* If you have feedback or bug reports, please post in [se-edu/duke issue tracker](https://github.com/se-edu/duke/issues)."
      },
      {
        "lineNumber": 39,
        "author": {
          "gitId": "-"
        },
        "content": "* We welcome pull requests too."
      }
    ],
    "authorContributionMap": {
      "-": 37,
      "ananda-lye": 2
    }
  },
  {
    "path": "src/main/java/Duke/Deadline.java",
    "fileType": "java",
    "lines": [
      {
        "lineNumber": 1,
        "author": {
          "gitId": "ananda-lye"
        },
        "content": "package Duke;"
      },
      {
        "lineNumber": 2,
        "author": {
          "gitId": "ananda-lye"
        },
        "content": ""
      },
      {
        "lineNumber": 3,
        "author": {
          "gitId": "ananda-lye"
        },
        "content": "public class Deadline extends Task {"
      },
      {
        "lineNumber": 4,
        "author": {
          "gitId": "ananda-lye"
        },
        "content": "    protected String by;"
      },
      {
        "lineNumber": 5,
        "author": {
          "gitId": "ananda-lye"
        },
        "content": ""
      },
      {
        "lineNumber": 6,
        "author": {
          "gitId": "ananda-lye"
        },
        "content": "    public Deadline(String description, String by) {"
      },
      {
        "lineNumber": 7,
        "author": {
          "gitId": "ananda-lye"
        },
        "content": "        super(description);"
      },
      {
        "lineNumber": 8,
        "author": {
          "gitId": "ananda-lye"
        },
        "content": "        this.by \u003d by;"
      },
      {
        "lineNumber": 9,
        "author": {
          "gitId": "ananda-lye"
        },
        "content": "    }"
      },
      {
        "lineNumber": 10,
        "author": {
          "gitId": "ananda-lye"
        },
        "content": ""
      },
      {
        "lineNumber": 11,
        "author": {
          "gitId": "ananda-lye"
        },
        "content": "    @Override"
      },
      {
        "lineNumber": 12,
        "author": {
          "gitId": "ananda-lye"
        },
        "content": "    public String toString() {"
      },
      {
        "lineNumber": 13,
        "author": {
          "gitId": "ananda-lye"
        },
        "content": "        return \"[D]\" + super.toString() + \" (by: \" + this.by + \")\";"
      },
      {
        "lineNumber": 14,
        "author": {
          "gitId": "ananda-lye"
        },
        "content": "    }"
      },
      {
        "lineNumber": 15,
        "author": {
          "gitId": "ananda-lye"
        },
        "content": "}"
      }
    ],
    "authorContributionMap": {
      "ananda-lye": 15
    }
  },
  {
    "path": "src/main/java/Duke/Duke.java",
    "fileType": "java",
    "lines": [
      {
        "lineNumber": 1,
        "author": {
          "gitId": "ananda-lye"
        },
        "content": "package Duke;"
      },
      {
        "lineNumber": 2,
        "author": {
          "gitId": "ananda-lye"
        },
        "content": ""
      },
      {
        "lineNumber": 3,
        "author": {
          "gitId": "ananda-lye"
        },
        "content": "import java.util.Scanner;"
      },
      {
        "lineNumber": 4,
        "author": {
          "gitId": "ananda-lye"
        },
        "content": ""
      },
      {
        "lineNumber": 5,
        "author": {
          "gitId": "-"
        },
        "content": "public class Duke {"
      },
      {
        "lineNumber": 6,
        "author": {
          "gitId": "ananda-lye"
        },
        "content": ""
      },
      {
        "lineNumber": 7,
        "author": {
          "gitId": "ananda-lye"
        },
        "content": "    public static void main(String[] args) {"
      },
      {
        "lineNumber": 8,
        "author": {
          "gitId": "ananda-lye"
        },
        "content": "        String greeting \u003d \"Hello! I\u0027m Duke.Duke\\n\" + \"What can I do for you?\";"
      },
      {
        "lineNumber": 9,
        "author": {
          "gitId": "ananda-lye"
        },
        "content": "        String goodbye \u003d \"Bye. Hope to see you again soon!\";"
      },
      {
        "lineNumber": 10,
        "author": {
          "gitId": "ananda-lye"
        },
        "content": "        System.out.println(greeting);"
      },
      {
        "lineNumber": 11,
        "author": {
          "gitId": "ananda-lye"
        },
        "content": ""
      },
      {
        "lineNumber": 12,
        "author": {
          "gitId": "ananda-lye"
        },
        "content": "        Task[] taskList \u003d new Task[100];"
      },
      {
        "lineNumber": 13,
        "author": {
          "gitId": "ananda-lye"
        },
        "content": ""
      },
      {
        "lineNumber": 14,
        "author": {
          "gitId": "ananda-lye"
        },
        "content": "        Scanner scanner \u003d new Scanner(System.in);"
      },
      {
        "lineNumber": 15,
        "author": {
          "gitId": "ananda-lye"
        },
        "content": "        int exit \u003d 0;"
      },
      {
        "lineNumber": 16,
        "author": {
          "gitId": "ananda-lye"
        },
        "content": "        int taskListSize \u003d 0;"
      },
      {
        "lineNumber": 17,
        "author": {
          "gitId": "ananda-lye"
        },
        "content": ""
      },
      {
        "lineNumber": 18,
        "author": {
          "gitId": "ananda-lye"
        },
        "content": "        while (exit \u003d\u003d 0) {"
      },
      {
        "lineNumber": 19,
        "author": {
          "gitId": "ananda-lye"
        },
        "content": "            String userInput \u003d scanner.nextLine();"
      },
      {
        "lineNumber": 20,
        "author": {
          "gitId": "ananda-lye"
        },
        "content": "            if (userInput.equals(\"bye\")) {"
      },
      {
        "lineNumber": 21,
        "author": {
          "gitId": "ananda-lye"
        },
        "content": "                System.out.println(goodbye);"
      },
      {
        "lineNumber": 22,
        "author": {
          "gitId": "ananda-lye"
        },
        "content": "                exit \u003d 1;"
      },
      {
        "lineNumber": 23,
        "author": {
          "gitId": "ananda-lye"
        },
        "content": "            } else if (userInput.equals(\"list\")){"
      },
      {
        "lineNumber": 24,
        "author": {
          "gitId": "ananda-lye"
        },
        "content": "                for (int i \u003d 1; i \u003c\u003d taskListSize; i++) {"
      },
      {
        "lineNumber": 25,
        "author": {
          "gitId": "ananda-lye"
        },
        "content": "                    System.out.print(i);"
      },
      {
        "lineNumber": 26,
        "author": {
          "gitId": "ananda-lye"
        },
        "content": "                    System.out.println(\".\" + taskList[i-1].toString());"
      },
      {
        "lineNumber": 27,
        "author": {
          "gitId": "ananda-lye"
        },
        "content": "                }"
      },
      {
        "lineNumber": 28,
        "author": {
          "gitId": "ananda-lye"
        },
        "content": "            } else if (userInput.startsWith(\"done\")){"
      },
      {
        "lineNumber": 29,
        "author": {
          "gitId": "ananda-lye"
        },
        "content": "                String taskToDelete \u003d userInput.substring(5);"
      },
      {
        "lineNumber": 30,
        "author": {
          "gitId": "ananda-lye"
        },
        "content": "                //quick fix, have to redo"
      },
      {
        "lineNumber": 31,
        "author": {
          "gitId": "ananda-lye"
        },
        "content": "                if (taskToDelete.length() \u003d\u003d 0) {"
      },
      {
        "lineNumber": 32,
        "author": {
          "gitId": "ananda-lye"
        },
        "content": "                    System.out.println(\"Duke.Duke doesn\u0027t know which task!\");"
      },
      {
        "lineNumber": 33,
        "author": {
          "gitId": "ananda-lye"
        },
        "content": "                    break;"
      },
      {
        "lineNumber": 34,
        "author": {
          "gitId": "ananda-lye"
        },
        "content": "                }"
      },
      {
        "lineNumber": 35,
        "author": {
          "gitId": "ananda-lye"
        },
        "content": "                int ID \u003d Integer.valueOf(taskToDelete) - 1;"
      },
      {
        "lineNumber": 36,
        "author": {
          "gitId": "ananda-lye"
        },
        "content": "                System.out.println(\"Nice! I\u0027ve marked this task as done: \");"
      },
      {
        "lineNumber": 37,
        "author": {
          "gitId": "ananda-lye"
        },
        "content": "                System.out.println(taskList[ID].markAsDone());"
      },
      {
        "lineNumber": 38,
        "author": {
          "gitId": "ananda-lye"
        },
        "content": "            } else if (userInput.startsWith(\"todo\")) {"
      },
      {
        "lineNumber": 39,
        "author": {
          "gitId": "ananda-lye"
        },
        "content": "                String toDo \u003d userInput.substring(5);"
      },
      {
        "lineNumber": 40,
        "author": {
          "gitId": "ananda-lye"
        },
        "content": "                if (toDo.length() \u003d\u003d 0) {"
      },
      {
        "lineNumber": 41,
        "author": {
          "gitId": "ananda-lye"
        },
        "content": "                    System.out.println(\"Description cannot be blank!\");"
      },
      {
        "lineNumber": 42,
        "author": {
          "gitId": "ananda-lye"
        },
        "content": "                    break;"
      },
      {
        "lineNumber": 43,
        "author": {
          "gitId": "ananda-lye"
        },
        "content": "                }"
      },
      {
        "lineNumber": 44,
        "author": {
          "gitId": "ananda-lye"
        },
        "content": "                taskList[taskListSize] \u003d new ToDo(userInput.substring(5));"
      },
      {
        "lineNumber": 45,
        "author": {
          "gitId": "ananda-lye"
        },
        "content": "                addedResponse(taskList[taskListSize], taskListSize);"
      },
      {
        "lineNumber": 46,
        "author": {
          "gitId": "ananda-lye"
        },
        "content": "                taskListSize++;"
      },
      {
        "lineNumber": 47,
        "author": {
          "gitId": "ananda-lye"
        },
        "content": "            } else if (userInput.startsWith(\"deadline\")) {"
      },
      {
        "lineNumber": 48,
        "author": {
          "gitId": "ananda-lye"
        },
        "content": "                String[] userInputs \u003d userInput.substring(9).split(\" /by \");"
      },
      {
        "lineNumber": 49,
        "author": {
          "gitId": "ananda-lye"
        },
        "content": "                taskList[taskListSize] \u003d new Deadline(userInputs[0], userInputs[1]);"
      },
      {
        "lineNumber": 50,
        "author": {
          "gitId": "ananda-lye"
        },
        "content": "                addedResponse(taskList[taskListSize], taskListSize);"
      },
      {
        "lineNumber": 51,
        "author": {
          "gitId": "ananda-lye"
        },
        "content": "                taskListSize++;"
      },
      {
        "lineNumber": 52,
        "author": {
          "gitId": "ananda-lye"
        },
        "content": "            } else if (userInput.startsWith(\"event\")) {"
      },
      {
        "lineNumber": 53,
        "author": {
          "gitId": "ananda-lye"
        },
        "content": "                String[] userInputs \u003d userInput.substring(6).split(\" /at \");"
      },
      {
        "lineNumber": 54,
        "author": {
          "gitId": "ananda-lye"
        },
        "content": "                taskList[taskListSize] \u003d new Event(userInputs[0], userInputs[1]);"
      },
      {
        "lineNumber": 55,
        "author": {
          "gitId": "ananda-lye"
        },
        "content": "                addedResponse(taskList[taskListSize], taskListSize);"
      },
      {
        "lineNumber": 56,
        "author": {
          "gitId": "ananda-lye"
        },
        "content": "                taskListSize++;"
      },
      {
        "lineNumber": 57,
        "author": {
          "gitId": "ananda-lye"
        },
        "content": "            } else {"
      },
      {
        "lineNumber": 58,
        "author": {
          "gitId": "ananda-lye"
        },
        "content": "                // error handling"
      },
      {
        "lineNumber": 59,
        "author": {
          "gitId": "ananda-lye"
        },
        "content": "                taskList[taskListSize] \u003d new Task(userInput);"
      },
      {
        "lineNumber": 60,
        "author": {
          "gitId": "ananda-lye"
        },
        "content": "                addedResponse(taskList[taskListSize], taskListSize);"
      },
      {
        "lineNumber": 61,
        "author": {
          "gitId": "ananda-lye"
        },
        "content": "                taskListSize++;"
      },
      {
        "lineNumber": 62,
        "author": {
          "gitId": "ananda-lye"
        },
        "content": "            }"
      },
      {
        "lineNumber": 63,
        "author": {
          "gitId": "ananda-lye"
        },
        "content": "        }"
      },
      {
        "lineNumber": 64,
        "author": {
          "gitId": "ananda-lye"
        },
        "content": ""
      },
      {
        "lineNumber": 65,
        "author": {
          "gitId": "ananda-lye"
        },
        "content": ""
      },
      {
        "lineNumber": 66,
        "author": {
          "gitId": "ananda-lye"
        },
        "content": ""
      },
      {
        "lineNumber": 67,
        "author": {
          "gitId": "ananda-lye"
        },
        "content": "    }"
      },
      {
        "lineNumber": 68,
        "author": {
          "gitId": "ananda-lye"
        },
        "content": ""
      },
      {
        "lineNumber": 69,
        "author": {
          "gitId": "ananda-lye"
        },
        "content": "    private static void addedResponse(Task task, int taskListSize) {"
      },
      {
        "lineNumber": 70,
        "author": {
          "gitId": "ananda-lye"
        },
        "content": "        System.out.println(\"____________________________________________________________\\n\" +"
      },
      {
        "lineNumber": 71,
        "author": {
          "gitId": "ananda-lye"
        },
        "content": "                \"Got it. I\u0027ve added this task:\\n\" + task.toString());"
      },
      {
        "lineNumber": 72,
        "author": {
          "gitId": "ananda-lye"
        },
        "content": "        System.out.print(\"Now you have \");"
      },
      {
        "lineNumber": 73,
        "author": {
          "gitId": "ananda-lye"
        },
        "content": "        System.out.print(taskListSize+1);"
      },
      {
        "lineNumber": 74,
        "author": {
          "gitId": "ananda-lye"
        },
        "content": "        if (taskListSize \u003d\u003d 0) {"
      },
      {
        "lineNumber": 75,
        "author": {
          "gitId": "ananda-lye"
        },
        "content": "            System.out.print(\" task in the list.\\n\" +"
      },
      {
        "lineNumber": 76,
        "author": {
          "gitId": "ananda-lye"
        },
        "content": "                    \"____________________________________________________________\\n\");"
      },
      {
        "lineNumber": 77,
        "author": {
          "gitId": "ananda-lye"
        },
        "content": "        } else {"
      },
      {
        "lineNumber": 78,
        "author": {
          "gitId": "ananda-lye"
        },
        "content": "            System.out.print(\" tasks in the list.\\n\" +"
      },
      {
        "lineNumber": 79,
        "author": {
          "gitId": "ananda-lye"
        },
        "content": "                    \"____________________________________________________________\\n\");"
      },
      {
        "lineNumber": 80,
        "author": {
          "gitId": "ananda-lye"
        },
        "content": "        }"
      },
      {
        "lineNumber": 81,
        "author": {
          "gitId": "ananda-lye"
        },
        "content": "    }"
      },
      {
        "lineNumber": 82,
        "author": {
          "gitId": "ananda-lye"
        },
        "content": ""
      },
      {
        "lineNumber": 83,
        "author": {
          "gitId": "ananda-lye"
        },
        "content": ""
      },
      {
        "lineNumber": 84,
        "author": {
          "gitId": "-"
        },
        "content": "}"
      }
    ],
    "authorContributionMap": {
      "-": 2,
      "ananda-lye": 82
    }
  },
  {
    "path": "src/main/java/Duke/DukeException.java",
    "fileType": "java",
    "lines": [
      {
        "lineNumber": 1,
        "author": {
          "gitId": "ananda-lye"
        },
        "content": "package Duke;"
      },
      {
        "lineNumber": 2,
        "author": {
          "gitId": "ananda-lye"
        },
        "content": ""
      },
      {
        "lineNumber": 3,
        "author": {
          "gitId": "ananda-lye"
        },
        "content": "public class DukeException {"
      },
      {
        "lineNumber": 4,
        "author": {
          "gitId": "ananda-lye"
        },
        "content": "}"
      }
    ],
    "authorContributionMap": {
      "ananda-lye": 4
    }
  },
  {
    "path": "src/main/java/Duke/Event.java",
    "fileType": "java",
    "lines": [
      {
        "lineNumber": 1,
        "author": {
          "gitId": "ananda-lye"
        },
        "content": "package Duke;"
      },
      {
        "lineNumber": 2,
        "author": {
          "gitId": "ananda-lye"
        },
        "content": ""
      },
      {
        "lineNumber": 3,
        "author": {
          "gitId": "ananda-lye"
        },
        "content": "public class Event extends Task {"
      },
      {
        "lineNumber": 4,
        "author": {
          "gitId": "ananda-lye"
        },
        "content": "    protected String at;"
      },
      {
        "lineNumber": 5,
        "author": {
          "gitId": "ananda-lye"
        },
        "content": ""
      },
      {
        "lineNumber": 6,
        "author": {
          "gitId": "ananda-lye"
        },
        "content": "    public Event(String description, String at) {"
      },
      {
        "lineNumber": 7,
        "author": {
          "gitId": "ananda-lye"
        },
        "content": "        super(description);"
      },
      {
        "lineNumber": 8,
        "author": {
          "gitId": "ananda-lye"
        },
        "content": "        this.at \u003d at;"
      },
      {
        "lineNumber": 9,
        "author": {
          "gitId": "ananda-lye"
        },
        "content": "    }"
      },
      {
        "lineNumber": 10,
        "author": {
          "gitId": "ananda-lye"
        },
        "content": ""
      },
      {
        "lineNumber": 11,
        "author": {
          "gitId": "ananda-lye"
        },
        "content": "    @Override"
      },
      {
        "lineNumber": 12,
        "author": {
          "gitId": "ananda-lye"
        },
        "content": "    public String toString() {"
      },
      {
        "lineNumber": 13,
        "author": {
          "gitId": "ananda-lye"
        },
        "content": "        return \"[E]\" + super.toString() + \" (at: \" + this.at + \")\";"
      },
      {
        "lineNumber": 14,
        "author": {
          "gitId": "ananda-lye"
        },
        "content": "    }"
      },
      {
        "lineNumber": 15,
        "author": {
          "gitId": "ananda-lye"
        },
        "content": "}"
      }
    ],
    "authorContributionMap": {
      "ananda-lye": 15
    }
  },
  {
    "path": "src/main/java/Duke/Task.java",
    "fileType": "java",
    "lines": [
      {
        "lineNumber": 1,
        "author": {
          "gitId": "ananda-lye"
        },
        "content": "package Duke;"
      },
      {
        "lineNumber": 2,
        "author": {
          "gitId": "ananda-lye"
        },
        "content": ""
      },
      {
        "lineNumber": 3,
        "author": {
          "gitId": "ananda-lye"
        },
        "content": "public class Task {"
      },
      {
        "lineNumber": 4,
        "author": {
          "gitId": "ananda-lye"
        },
        "content": "    protected String description;"
      },
      {
        "lineNumber": 5,
        "author": {
          "gitId": "ananda-lye"
        },
        "content": "    protected boolean isDone;"
      },
      {
        "lineNumber": 6,
        "author": {
          "gitId": "ananda-lye"
        },
        "content": ""
      },
      {
        "lineNumber": 7,
        "author": {
          "gitId": "ananda-lye"
        },
        "content": "    public Task(String description) {"
      },
      {
        "lineNumber": 8,
        "author": {
          "gitId": "ananda-lye"
        },
        "content": "        this.description \u003d description;"
      },
      {
        "lineNumber": 9,
        "author": {
          "gitId": "ananda-lye"
        },
        "content": "        this.isDone \u003d false;"
      },
      {
        "lineNumber": 10,
        "author": {
          "gitId": "ananda-lye"
        },
        "content": "    }"
      },
      {
        "lineNumber": 11,
        "author": {
          "gitId": "ananda-lye"
        },
        "content": ""
      },
      {
        "lineNumber": 12,
        "author": {
          "gitId": "ananda-lye"
        },
        "content": "    public String getStatusIcon() {"
      },
      {
        "lineNumber": 13,
        "author": {
          "gitId": "ananda-lye"
        },
        "content": "        return (isDone ? \"\\u2713\" : \"\\u2718\"); //return tick or X symbols"
      },
      {
        "lineNumber": 14,
        "author": {
          "gitId": "ananda-lye"
        },
        "content": "    }"
      },
      {
        "lineNumber": 15,
        "author": {
          "gitId": "ananda-lye"
        },
        "content": ""
      },
      {
        "lineNumber": 16,
        "author": {
          "gitId": "ananda-lye"
        },
        "content": ""
      },
      {
        "lineNumber": 17,
        "author": {
          "gitId": "ananda-lye"
        },
        "content": "    public String markAsDone () {"
      },
      {
        "lineNumber": 18,
        "author": {
          "gitId": "ananda-lye"
        },
        "content": "        this.isDone \u003d true;"
      },
      {
        "lineNumber": 19,
        "author": {
          "gitId": "ananda-lye"
        },
        "content": "        return (\"[\" + this.getStatusIcon() + \"] \"+ this.description);"
      },
      {
        "lineNumber": 20,
        "author": {
          "gitId": "ananda-lye"
        },
        "content": "    }"
      },
      {
        "lineNumber": 21,
        "author": {
          "gitId": "ananda-lye"
        },
        "content": ""
      },
      {
        "lineNumber": 22,
        "author": {
          "gitId": "ananda-lye"
        },
        "content": "    public String toString() {"
      },
      {
        "lineNumber": 23,
        "author": {
          "gitId": "ananda-lye"
        },
        "content": "        return (\"[\"+ this.getStatusIcon() + \"] \" + this.description);"
      },
      {
        "lineNumber": 24,
        "author": {
          "gitId": "ananda-lye"
        },
        "content": "    }"
      },
      {
        "lineNumber": 25,
        "author": {
          "gitId": "ananda-lye"
        },
        "content": ""
      },
      {
        "lineNumber": 26,
        "author": {
          "gitId": "ananda-lye"
        },
        "content": ""
      },
      {
        "lineNumber": 27,
        "author": {
          "gitId": "ananda-lye"
        },
        "content": "}"
      }
    ],
    "authorContributionMap": {
      "ananda-lye": 27
    }
  },
  {
    "path": "src/main/java/Duke/ToDo.java",
    "fileType": "java",
    "lines": [
      {
        "lineNumber": 1,
        "author": {
          "gitId": "ananda-lye"
        },
        "content": "package Duke;"
      },
      {
        "lineNumber": 2,
        "author": {
          "gitId": "ananda-lye"
        },
        "content": ""
      },
      {
        "lineNumber": 3,
        "author": {
          "gitId": "ananda-lye"
        },
        "content": "public class ToDo extends Task {"
      },
      {
        "lineNumber": 4,
        "author": {
          "gitId": "ananda-lye"
        },
        "content": ""
      },
      {
        "lineNumber": 5,
        "author": {
          "gitId": "ananda-lye"
        },
        "content": "    public ToDo(String description) {"
      },
      {
        "lineNumber": 6,
        "author": {
          "gitId": "ananda-lye"
        },
        "content": "        super(description);"
      },
      {
        "lineNumber": 7,
        "author": {
          "gitId": "ananda-lye"
        },
        "content": "    }"
      },
      {
        "lineNumber": 8,
        "author": {
          "gitId": "ananda-lye"
        },
        "content": ""
      },
      {
        "lineNumber": 9,
        "author": {
          "gitId": "ananda-lye"
        },
        "content": "    @Override"
      },
      {
        "lineNumber": 10,
        "author": {
          "gitId": "ananda-lye"
        },
        "content": "    public String toString() {"
      },
      {
        "lineNumber": 11,
        "author": {
          "gitId": "ananda-lye"
        },
        "content": "        return (\"[T]\" + super.toString());"
      },
      {
        "lineNumber": 12,
        "author": {
          "gitId": "ananda-lye"
        },
        "content": "    }"
      },
      {
        "lineNumber": 13,
        "author": {
          "gitId": "ananda-lye"
        },
        "content": "}"
      }
    ],
    "authorContributionMap": {
      "ananda-lye": 13
    }
  }
]
