{
  "authorDailyContributionsMap": {
    "ananda-lye": [
      {
        "insertions": 41,
        "deletions": 12,
        "date": "2020-01-27",
        "commitResults": [
          {
            "hash": "f4af9fa9ca4d62c0d56eba285826e9c70e00dc5b",
            "messageTitle": "Level 0. Greet",
            "messageBody": "",
            "insertions": 9,
            "deletions": 0
          },
          {
            "hash": "36e9b7535e817ce1a1eb8ebf50ec6633536e3e34",
            "messageTitle": "Level 1. Greet, Echo, Exit",
            "messageBody": "",
            "insertions": 18,
            "deletions": 1
          },
          {
            "hash": "20de280d0b2ac30f8598cefe1e40a92d70c3ae4f",
            "messageTitle": "Level 2. Add, List",
            "messageBody": "",
            "insertions": 14,
            "deletions": 11
          }
        ]
      },
      {
        "insertions": 32,
        "deletions": 6,
        "date": "2020-01-28",
        "commitResults": [
          {
            "hash": "d454993848987a042e9c7538322bfdb87ac126bf",
            "messageTitle": "Level-3: Mark as Done",
            "messageBody": "",
            "insertions": 29,
            "deletions": 3
          },
          {
            "hash": "e5e44cd6e1b5d59179e9d398f079c5899b6d6287",
            "messageTitle": "Level-3: Mark as Done (fixed response bug)",
            "messageBody": "",
            "tags": [
              "Level-3",
              "Level-2",
              "Level-1"
            ],
            "insertions": 3,
            "deletions": 3
          }
        ]
      },
      {
        "insertions": 103,
        "deletions": 32,
        "date": "2020-02-04",
        "commitResults": [
          {
            "hash": "638297576fb6c6393b8594c8fb115caeb1220d66",
            "messageTitle": "Fixed Coding Standard Violation",
            "messageBody": "",
            "insertions": 7,
            "deletions": 7
          },
          {
            "hash": "69c20511065080108aba7bfc33d05ac4573bc160",
            "messageTitle": "Level 4. ToDos, Events, Deadlines",
            "messageBody": "",
            "insertions": 12,
            "deletions": 0
          },
          {
            "hash": "d4e6715b47d3346fd15330a1bc20a0aa0235c11b",
            "messageTitle": "Level 4. ToDos, Events, Deadlines",
            "messageBody": "",
            "tags": [
              "Level-4"
            ],
            "insertions": 84,
            "deletions": 25
          }
        ]
      },
      {
        "insertions": 29,
        "deletions": 7,
        "date": "2020-02-12",
        "commitResults": [
          {
            "hash": "374e89188b543a57f1f0c4039ca674b3467703c5",
            "messageTitle": "Quick Fix Solution only.",
            "messageBody": "",
            "insertions": 13,
            "deletions": 0
          },
          {
            "hash": "b716134c17498dfc54ecb5ae5fd413d0d43050d1",
            "messageTitle": "Minimal Solution for A-Packages",
            "messageBody": "",
            "insertions": 0,
            "deletions": 0
          },
          {
            "hash": "01fac6a2746b2c2b5df8d4872ae082518dac9782",
            "messageTitle": "Quick-Fix solution",
            "messageBody": "",
            "insertions": 16,
            "deletions": 7
          }
        ]
      }
    ]
  },
  "authorFinalContributionMap": {
    "ananda-lye": 158
  },
  "authorFileTypeContributionMap": {
    "ananda-lye": {
      "java": 156,
      "md": 2,
      "fxml": 0,
      "sh": 0,
      "bat": 0,
      "gradle": 0,
      "txt": 0
    }
  },
  "authorContributionVariance": {
    "ananda-lye": 695.4734
  },
  "authorDisplayNameMap": {
    "ananda-lye": "CS2113-T15-1 LYE ..ANDA"
  }
}
