[
  {
    "path": "README.md",
    "fileType": "md",
    "lines": [
      {
        "lineNumber": 1,
        "author": {
          "gitId": "-"
        },
        "content": "# Setting up"
      },
      {
        "lineNumber": 2,
        "author": {
          "gitId": "-"
        },
        "content": ""
      },
      {
        "lineNumber": 3,
        "author": {
          "gitId": "-"
        },
        "content": "**Prerequisites**"
      },
      {
        "lineNumber": 4,
        "author": {
          "gitId": "-"
        },
        "content": ""
      },
      {
        "lineNumber": 5,
        "author": {
          "gitId": "-"
        },
        "content": "* JDK 11"
      },
      {
        "lineNumber": 6,
        "author": {
          "gitId": "-"
        },
        "content": "* Recommended: IntelliJ IDE"
      },
      {
        "lineNumber": 7,
        "author": {
          "gitId": "-"
        },
        "content": "* Fork this repo to your GitHub account and clone the fork to your computer"
      },
      {
        "lineNumber": 8,
        "author": {
          "gitId": "-"
        },
        "content": ""
      },
      {
        "lineNumber": 9,
        "author": {
          "gitId": "-"
        },
        "content": "**Importing the project into IntelliJ**"
      },
      {
        "lineNumber": 10,
        "author": {
          "gitId": "-"
        },
        "content": ""
      },
      {
        "lineNumber": 11,
        "author": {
          "gitId": "-"
        },
        "content": "1. Open IntelliJ (if you are not in the welcome screen, click `File` \u003e `Close Project` to close the existing project dialog first)."
      },
      {
        "lineNumber": 12,
        "author": {
          "gitId": "-"
        },
        "content": "1. Set up the correct JDK version."
      },
      {
        "lineNumber": 13,
        "author": {
          "gitId": "-"
        },
        "content": "   * Click `Configure` \u003e `Structure for new Projects` (in older versions of Intellij:`Configure` \u003e `Project Defaults` \u003e `Project Structure`)."
      },
      {
        "lineNumber": 14,
        "author": {
          "gitId": "-"
        },
        "content": "   * If JDK 11 is listed in the drop down, select it. If it is not, click `New...` and select the directory where you installed JDK 11."
      },
      {
        "lineNumber": 15,
        "author": {
          "gitId": "-"
        },
        "content": "   * Click `OK`."
      },
      {
        "lineNumber": 16,
        "author": {
          "gitId": "-"
        },
        "content": "1. Click `Import Project`."
      },
      {
        "lineNumber": 17,
        "author": {
          "gitId": "-"
        },
        "content": "1. Locate the project directory and click `OK`."
      },
      {
        "lineNumber": 18,
        "author": {
          "gitId": "-"
        },
        "content": "1. Select `Create project from existing sources` and click `Next`."
      },
      {
        "lineNumber": 19,
        "author": {
          "gitId": "-"
        },
        "content": "1. Rename the project if you want. Click `Next`."
      },
      {
        "lineNumber": 20,
        "author": {
          "gitId": "-"
        },
        "content": "1. Ensure that your src folder is checked. Keep clicking `Next`."
      },
      {
        "lineNumber": 21,
        "author": {
          "gitId": "-"
        },
        "content": "1. Click `Finish`."
      },
      {
        "lineNumber": 22,
        "author": {
          "gitId": "-"
        },
        "content": ""
      },
      {
        "lineNumber": 23,
        "author": {
          "gitId": "-"
        },
        "content": "# Tutorials "
      },
      {
        "lineNumber": 24,
        "author": {
          "gitId": "-"
        },
        "content": ""
      },
      {
        "lineNumber": 25,
        "author": {
          "gitId": "MeLoveCarbs"
        },
        "content": "TestDuke Increment | Tutorial"
      },
      {
        "lineNumber": 26,
        "author": {
          "gitId": "-"
        },
        "content": "---------------|---------------"
      },
      {
        "lineNumber": 27,
        "author": {
          "gitId": "-"
        },
        "content": "`A-Gradle` | [Gradle Tutorial](tutorials/gradleTutorial.md)"
      },
      {
        "lineNumber": 28,
        "author": {
          "gitId": "-"
        },
        "content": "`A-TextUiTesting` | [Text UI Testing Tutorial](tutorials/textUiTestingTutorial.md)"
      },
      {
        "lineNumber": 29,
        "author": {
          "gitId": "MeLoveCarbs"
        },
        "content": "`Level-10` | JavaFX tutorials:\u003cbr\u003e→ [Part 1: Introduction to JavaFX][fx1]\u003cbr\u003e→ [Part 2: Creating a GUI for TestDuke][fx2]\u003cbr\u003e→ [Part 3: Interacting with the user][fx3]\u003cbr\u003e→ [Part 4: Introduction to FXML][fx4]"
      },
      {
        "lineNumber": 30,
        "author": {
          "gitId": "-"
        },
        "content": ""
      },
      {
        "lineNumber": 31,
        "author": {
          "gitId": "-"
        },
        "content": "[fx1]: \u003ctutorials/javaFxTutorialPart1.md\u003e"
      },
      {
        "lineNumber": 32,
        "author": {
          "gitId": "-"
        },
        "content": "[fx2]: \u003ctutorials/javaFxTutorialPart2.md\u003e"
      },
      {
        "lineNumber": 33,
        "author": {
          "gitId": "-"
        },
        "content": "[fx3]: \u003ctutorials/javaFxTutorialPart3.md\u003e"
      },
      {
        "lineNumber": 34,
        "author": {
          "gitId": "-"
        },
        "content": "[fx4]: \u003ctutorials/javaFxTutorialPart4.md\u003e"
      },
      {
        "lineNumber": 35,
        "author": {
          "gitId": "-"
        },
        "content": ""
      },
      {
        "lineNumber": 36,
        "author": {
          "gitId": "-"
        },
        "content": "# Feedback, Bug Reports"
      },
      {
        "lineNumber": 37,
        "author": {
          "gitId": "-"
        },
        "content": ""
      },
      {
        "lineNumber": 38,
        "author": {
          "gitId": "-"
        },
        "content": "* If you have feedback or bug reports, please post in [se-edu/duke issue tracker](https://github.com/se-edu/duke/issues)."
      },
      {
        "lineNumber": 39,
        "author": {
          "gitId": "-"
        },
        "content": "* We welcome pull requests too."
      }
    ],
    "authorContributionMap": {
      "-": 37,
      "MeLoveCarbs": 2
    }
  },
  {
    "path": "build.gradle",
    "fileType": "gradle",
    "lines": [
      {
        "lineNumber": 1,
        "author": {
          "gitId": "-"
        },
        "content": "plugins {"
      },
      {
        "lineNumber": 2,
        "author": {
          "gitId": "-"
        },
        "content": "    id \u0027java\u0027"
      },
      {
        "lineNumber": 3,
        "author": {
          "gitId": "-"
        },
        "content": "    id \u0027application\u0027"
      },
      {
        "lineNumber": 4,
        "author": {
          "gitId": "MeLoveCarbs"
        },
        "content": "    id \u0027checkstyle\u0027"
      },
      {
        "lineNumber": 5,
        "author": {
          "gitId": "MeLoveCarbs"
        },
        "content": "    id \u0027com.github.johnrengelman.shadow\u0027 version \u00275.1.0\u0027"
      },
      {
        "lineNumber": 6,
        "author": {
          "gitId": "MeLoveCarbs"
        },
        "content": "}"
      },
      {
        "lineNumber": 7,
        "author": {
          "gitId": "MeLoveCarbs"
        },
        "content": ""
      },
      {
        "lineNumber": 8,
        "author": {
          "gitId": "MeLoveCarbs"
        },
        "content": "dependencies {"
      },
      {
        "lineNumber": 9,
        "author": {
          "gitId": "MeLoveCarbs"
        },
        "content": "    testImplementation \u0027org.junit.jupiter:junit-jupiter:5.5.0\u0027"
      },
      {
        "lineNumber": 10,
        "author": {
          "gitId": "MeLoveCarbs"
        },
        "content": "    testRuntimeOnly \u0027org.junit.jupiter:junit-jupiter-engine:5.5.0\u0027"
      },
      {
        "lineNumber": 11,
        "author": {
          "gitId": "MeLoveCarbs"
        },
        "content": "}"
      },
      {
        "lineNumber": 12,
        "author": {
          "gitId": "MeLoveCarbs"
        },
        "content": "test {"
      },
      {
        "lineNumber": 13,
        "author": {
          "gitId": "MeLoveCarbs"
        },
        "content": "    useJUnitPlatform()"
      },
      {
        "lineNumber": 14,
        "author": {
          "gitId": "MeLoveCarbs"
        },
        "content": "}"
      },
      {
        "lineNumber": 15,
        "author": {
          "gitId": "MeLoveCarbs"
        },
        "content": "checkstyle {"
      },
      {
        "lineNumber": 16,
        "author": {
          "gitId": "MeLoveCarbs"
        },
        "content": "    toolVersion \u003d \u00278.23\u0027"
      },
      {
        "lineNumber": 17,
        "author": {
          "gitId": "MeLoveCarbs"
        },
        "content": "}"
      },
      {
        "lineNumber": 18,
        "author": {
          "gitId": "MeLoveCarbs"
        },
        "content": "shadowJar {"
      },
      {
        "lineNumber": 19,
        "author": {
          "gitId": "MeLoveCarbs"
        },
        "content": "    archiveBaseName \u003d \"duke\""
      },
      {
        "lineNumber": 20,
        "author": {
          "gitId": "MeLoveCarbs"
        },
        "content": "    archiveVersion \u003d \"0.1.3\""
      },
      {
        "lineNumber": 21,
        "author": {
          "gitId": "MeLoveCarbs"
        },
        "content": "    archiveClassifier \u003d null"
      },
      {
        "lineNumber": 22,
        "author": {
          "gitId": "MeLoveCarbs"
        },
        "content": "    archiveAppendix \u003d null"
      },
      {
        "lineNumber": 23,
        "author": {
          "gitId": "-"
        },
        "content": "}"
      },
      {
        "lineNumber": 24,
        "author": {
          "gitId": "-"
        },
        "content": ""
      },
      {
        "lineNumber": 25,
        "author": {
          "gitId": "-"
        },
        "content": "group \u0027seedu.duke\u0027"
      },
      {
        "lineNumber": 26,
        "author": {
          "gitId": "-"
        },
        "content": "version \u00270.1.0\u0027"
      },
      {
        "lineNumber": 27,
        "author": {
          "gitId": "-"
        },
        "content": ""
      },
      {
        "lineNumber": 28,
        "author": {
          "gitId": "-"
        },
        "content": "repositories {"
      },
      {
        "lineNumber": 29,
        "author": {
          "gitId": "-"
        },
        "content": "    mavenCentral()"
      },
      {
        "lineNumber": 30,
        "author": {
          "gitId": "-"
        },
        "content": "}"
      },
      {
        "lineNumber": 31,
        "author": {
          "gitId": "-"
        },
        "content": ""
      },
      {
        "lineNumber": 32,
        "author": {
          "gitId": "-"
        },
        "content": "application {"
      },
      {
        "lineNumber": 33,
        "author": {
          "gitId": "-"
        },
        "content": "    // Change this to your main class."
      },
      {
        "lineNumber": 34,
        "author": {
          "gitId": "MeLoveCarbs"
        },
        "content": "    mainClassName \u003d \"Duke\""
      },
      {
        "lineNumber": 35,
        "author": {
          "gitId": "-"
        },
        "content": "}"
      },
      {
        "lineNumber": 36,
        "author": {
          "gitId": "-"
        },
        "content": ""
      },
      {
        "lineNumber": 37,
        "author": {
          "gitId": "-"
        },
        "content": "run {"
      },
      {
        "lineNumber": 38,
        "author": {
          "gitId": "-"
        },
        "content": "    standardInput \u003d System.in"
      },
      {
        "lineNumber": 39,
        "author": {
          "gitId": "-"
        },
        "content": "}"
      }
    ],
    "authorContributionMap": {
      "-": 19,
      "MeLoveCarbs": 20
    }
  },
  {
    "path": "src/main/java/Deadline.java",
    "fileType": "java",
    "lines": [
      {
        "lineNumber": 1,
        "author": {
          "gitId": "MeLoveCarbs"
        },
        "content": "public class Deadline extends Task{"
      },
      {
        "lineNumber": 2,
        "author": {
          "gitId": "MeLoveCarbs"
        },
        "content": "    protected String by;"
      },
      {
        "lineNumber": 3,
        "author": {
          "gitId": "MeLoveCarbs"
        },
        "content": ""
      },
      {
        "lineNumber": 4,
        "author": {
          "gitId": "MeLoveCarbs"
        },
        "content": "    public Deadline(String description, String by) {"
      },
      {
        "lineNumber": 5,
        "author": {
          "gitId": "MeLoveCarbs"
        },
        "content": "       super(description);"
      },
      {
        "lineNumber": 6,
        "author": {
          "gitId": "MeLoveCarbs"
        },
        "content": "       this.by \u003d by;"
      },
      {
        "lineNumber": 7,
        "author": {
          "gitId": "MeLoveCarbs"
        },
        "content": "    }"
      },
      {
        "lineNumber": 8,
        "author": {
          "gitId": "MeLoveCarbs"
        },
        "content": ""
      },
      {
        "lineNumber": 9,
        "author": {
          "gitId": "MeLoveCarbs"
        },
        "content": "    @Override"
      },
      {
        "lineNumber": 10,
        "author": {
          "gitId": "MeLoveCarbs"
        },
        "content": "    public String toString() {"
      },
      {
        "lineNumber": 11,
        "author": {
          "gitId": "MeLoveCarbs"
        },
        "content": "        return \"[D]\" + super.toString() + \" (by: \" + by + \")\";"
      },
      {
        "lineNumber": 12,
        "author": {
          "gitId": "MeLoveCarbs"
        },
        "content": "    }"
      },
      {
        "lineNumber": 13,
        "author": {
          "gitId": "MeLoveCarbs"
        },
        "content": "}"
      }
    ],
    "authorContributionMap": {
      "MeLoveCarbs": 13
    }
  },
  {
    "path": "src/main/java/Duke.java",
    "fileType": "java",
    "lines": [
      {
        "lineNumber": 1,
        "author": {
          "gitId": "MeLoveCarbs"
        },
        "content": "import java.awt.*;"
      },
      {
        "lineNumber": 2,
        "author": {
          "gitId": "MeLoveCarbs"
        },
        "content": "import java.util.ArrayList;"
      },
      {
        "lineNumber": 3,
        "author": {
          "gitId": "MeLoveCarbs"
        },
        "content": "import java.util.Arrays;"
      },
      {
        "lineNumber": 4,
        "author": {
          "gitId": "MeLoveCarbs"
        },
        "content": "import java.util.Scanner;"
      },
      {
        "lineNumber": 5,
        "author": {
          "gitId": "MeLoveCarbs"
        },
        "content": ""
      },
      {
        "lineNumber": 6,
        "author": {
          "gitId": "-"
        },
        "content": "public class Duke {"
      },
      {
        "lineNumber": 7,
        "author": {
          "gitId": "MeLoveCarbs"
        },
        "content": "    private static String lines \u003d \"____________________________________________________________\\n\";"
      },
      {
        "lineNumber": 8,
        "author": {
          "gitId": "MeLoveCarbs"
        },
        "content": "    private static Scanner in \u003d new Scanner(System.in);"
      },
      {
        "lineNumber": 9,
        "author": {
          "gitId": "MeLoveCarbs"
        },
        "content": "    private static ArrayList\u003cTask\u003e userList \u003d new ArrayList\u003cTask\u003e();"
      },
      {
        "lineNumber": 10,
        "author": {
          "gitId": "MeLoveCarbs"
        },
        "content": ""
      },
      {
        "lineNumber": 11,
        "author": {
          "gitId": "MeLoveCarbs"
        },
        "content": "    private static void listCommand() {"
      },
      {
        "lineNumber": 12,
        "author": {
          "gitId": "MeLoveCarbs"
        },
        "content": "        System.out.print(lines);"
      },
      {
        "lineNumber": 13,
        "author": {
          "gitId": "MeLoveCarbs"
        },
        "content": "        if (userList.size() \u003d\u003d 0) {"
      },
      {
        "lineNumber": 14,
        "author": {
          "gitId": "MeLoveCarbs"
        },
        "content": "            System.out.println(\"No items added!\");"
      },
      {
        "lineNumber": 15,
        "author": {
          "gitId": "MeLoveCarbs"
        },
        "content": "        } else {"
      },
      {
        "lineNumber": 16,
        "author": {
          "gitId": "MeLoveCarbs"
        },
        "content": "            System.out.println(\"Here are the tasks in your list:\");"
      },
      {
        "lineNumber": 17,
        "author": {
          "gitId": "MeLoveCarbs"
        },
        "content": "        }"
      },
      {
        "lineNumber": 18,
        "author": {
          "gitId": "MeLoveCarbs"
        },
        "content": "        for (int i\u003d0; i\u003cuserList.size(); i++) {"
      },
      {
        "lineNumber": 19,
        "author": {
          "gitId": "MeLoveCarbs"
        },
        "content": "            Integer index \u003d i+1;"
      },
      {
        "lineNumber": 20,
        "author": {
          "gitId": "MeLoveCarbs"
        },
        "content": "            System.out.print(index + \".\");"
      },
      {
        "lineNumber": 21,
        "author": {
          "gitId": "MeLoveCarbs"
        },
        "content": "            System.out.println(userList.get(i));"
      },
      {
        "lineNumber": 22,
        "author": {
          "gitId": "MeLoveCarbs"
        },
        "content": "        }"
      },
      {
        "lineNumber": 23,
        "author": {
          "gitId": "MeLoveCarbs"
        },
        "content": "        System.out.print(lines);"
      },
      {
        "lineNumber": 24,
        "author": {
          "gitId": "MeLoveCarbs"
        },
        "content": "    }"
      },
      {
        "lineNumber": 25,
        "author": {
          "gitId": "MeLoveCarbs"
        },
        "content": ""
      },
      {
        "lineNumber": 26,
        "author": {
          "gitId": "MeLoveCarbs"
        },
        "content": "    //TODO edge case: user inputs done followed by a non integer"
      },
      {
        "lineNumber": 27,
        "author": {
          "gitId": "MeLoveCarbs"
        },
        "content": "    //TODO edge case: user inputs done followed by an out of range integer"
      },
      {
        "lineNumber": 28,
        "author": {
          "gitId": "MeLoveCarbs"
        },
        "content": "    private static void doneCommand(String userInput) {"
      },
      {
        "lineNumber": 29,
        "author": {
          "gitId": "MeLoveCarbs"
        },
        "content": "        System.out.print(lines);"
      },
      {
        "lineNumber": 30,
        "author": {
          "gitId": "MeLoveCarbs"
        },
        "content": "        System.out.println(\"Nice! I\u0027ve marked this task as done:\");"
      },
      {
        "lineNumber": 31,
        "author": {
          "gitId": "MeLoveCarbs"
        },
        "content": "        String[] words \u003d userInput.split(\" \");"
      },
      {
        "lineNumber": 32,
        "author": {
          "gitId": "MeLoveCarbs"
        },
        "content": "        Integer doneIndex \u003d Integer.parseInt((words[1]));"
      },
      {
        "lineNumber": 33,
        "author": {
          "gitId": "MeLoveCarbs"
        },
        "content": "        doneIndex--;    // decrement doneIndex from one-based indexing to zero-based indexing to access ArrayList using it"
      },
      {
        "lineNumber": 34,
        "author": {
          "gitId": "MeLoveCarbs"
        },
        "content": "        userList.get(doneIndex).setIsDone(true);"
      },
      {
        "lineNumber": 35,
        "author": {
          "gitId": "MeLoveCarbs"
        },
        "content": "        System.out.println(userList.get(doneIndex));"
      },
      {
        "lineNumber": 36,
        "author": {
          "gitId": "MeLoveCarbs"
        },
        "content": "        System.out.print(lines);"
      },
      {
        "lineNumber": 37,
        "author": {
          "gitId": "MeLoveCarbs"
        },
        "content": "    }"
      },
      {
        "lineNumber": 38,
        "author": {
          "gitId": "MeLoveCarbs"
        },
        "content": ""
      },
      {
        "lineNumber": 39,
        "author": {
          "gitId": "MeLoveCarbs"
        },
        "content": "    private static Todo newTodo(String userInput) {"
      },
      {
        "lineNumber": 40,
        "author": {
          "gitId": "MeLoveCarbs"
        },
        "content": "        ArrayList\u003cString\u003e words \u003d new ArrayList\u003cString\u003e(Arrays.asList(userInput.split(\" \")));"
      },
      {
        "lineNumber": 41,
        "author": {
          "gitId": "MeLoveCarbs"
        },
        "content": "        words.remove(0);"
      },
      {
        "lineNumber": 42,
        "author": {
          "gitId": "MeLoveCarbs"
        },
        "content": "        return new Todo (String.join(\" \", words));"
      },
      {
        "lineNumber": 43,
        "author": {
          "gitId": "MeLoveCarbs"
        },
        "content": "    }"
      },
      {
        "lineNumber": 44,
        "author": {
          "gitId": "MeLoveCarbs"
        },
        "content": "    private static Event newEvent(String userInput) {"
      },
      {
        "lineNumber": 45,
        "author": {
          "gitId": "MeLoveCarbs"
        },
        "content": "        ArrayList\u003cString\u003e words \u003d new ArrayList\u003cString\u003e(Arrays.asList(userInput.split(\" \")));"
      },
      {
        "lineNumber": 46,
        "author": {
          "gitId": "MeLoveCarbs"
        },
        "content": "        words.remove(0);"
      },
      {
        "lineNumber": 47,
        "author": {
          "gitId": "MeLoveCarbs"
        },
        "content": "        String description \u003d \"\";"
      },
      {
        "lineNumber": 48,
        "author": {
          "gitId": "MeLoveCarbs"
        },
        "content": "        String at \u003d \"\";"
      },
      {
        "lineNumber": 49,
        "author": {
          "gitId": "MeLoveCarbs"
        },
        "content": "        int atIndex \u003d -1;"
      },
      {
        "lineNumber": 50,
        "author": {
          "gitId": "MeLoveCarbs"
        },
        "content": "        for (int i\u003d0; i\u003cwords.size(); i++) {"
      },
      {
        "lineNumber": 51,
        "author": {
          "gitId": "MeLoveCarbs"
        },
        "content": "            if (words.get(i).equals(\"/at\")) {"
      },
      {
        "lineNumber": 52,
        "author": {
          "gitId": "MeLoveCarbs"
        },
        "content": "                atIndex \u003d i;"
      },
      {
        "lineNumber": 53,
        "author": {
          "gitId": "MeLoveCarbs"
        },
        "content": "            }"
      },
      {
        "lineNumber": 54,
        "author": {
          "gitId": "MeLoveCarbs"
        },
        "content": "        }"
      },
      {
        "lineNumber": 55,
        "author": {
          "gitId": "MeLoveCarbs"
        },
        "content": "        for (int i\u003d0; i\u003catIndex; i++) {"
      },
      {
        "lineNumber": 56,
        "author": {
          "gitId": "MeLoveCarbs"
        },
        "content": "            description +\u003d words.get(i);"
      },
      {
        "lineNumber": 57,
        "author": {
          "gitId": "MeLoveCarbs"
        },
        "content": "            description +\u003d \" \";"
      },
      {
        "lineNumber": 58,
        "author": {
          "gitId": "MeLoveCarbs"
        },
        "content": "        }"
      },
      {
        "lineNumber": 59,
        "author": {
          "gitId": "MeLoveCarbs"
        },
        "content": "        description \u003d description.substring(0, description.length()-1);"
      },
      {
        "lineNumber": 60,
        "author": {
          "gitId": "MeLoveCarbs"
        },
        "content": "        for (int i\u003datIndex+1; i \u003c words.size(); i++) {"
      },
      {
        "lineNumber": 61,
        "author": {
          "gitId": "MeLoveCarbs"
        },
        "content": "            at +\u003d words.get(i);"
      },
      {
        "lineNumber": 62,
        "author": {
          "gitId": "MeLoveCarbs"
        },
        "content": "            at +\u003d \" \";"
      },
      {
        "lineNumber": 63,
        "author": {
          "gitId": "MeLoveCarbs"
        },
        "content": "        }"
      },
      {
        "lineNumber": 64,
        "author": {
          "gitId": "MeLoveCarbs"
        },
        "content": "        at \u003d at.substring(0, at.length()-1);"
      },
      {
        "lineNumber": 65,
        "author": {
          "gitId": "MeLoveCarbs"
        },
        "content": "        return new Event(description, at);"
      },
      {
        "lineNumber": 66,
        "author": {
          "gitId": "MeLoveCarbs"
        },
        "content": "    }"
      },
      {
        "lineNumber": 67,
        "author": {
          "gitId": "MeLoveCarbs"
        },
        "content": "    private static Deadline newDeadline(String userInput) {"
      },
      {
        "lineNumber": 68,
        "author": {
          "gitId": "MeLoveCarbs"
        },
        "content": "        ArrayList\u003cString\u003e words \u003d new ArrayList\u003cString\u003e(Arrays.asList(userInput.split(\" \")));"
      },
      {
        "lineNumber": 69,
        "author": {
          "gitId": "MeLoveCarbs"
        },
        "content": "        words.remove(0);"
      },
      {
        "lineNumber": 70,
        "author": {
          "gitId": "MeLoveCarbs"
        },
        "content": "        String description \u003d \"\";"
      },
      {
        "lineNumber": 71,
        "author": {
          "gitId": "MeLoveCarbs"
        },
        "content": "        String by \u003d \"\";"
      },
      {
        "lineNumber": 72,
        "author": {
          "gitId": "MeLoveCarbs"
        },
        "content": "        int byIndex \u003d -1;"
      },
      {
        "lineNumber": 73,
        "author": {
          "gitId": "MeLoveCarbs"
        },
        "content": "        for (int i\u003d0; i\u003cwords.size(); i++) {"
      },
      {
        "lineNumber": 74,
        "author": {
          "gitId": "MeLoveCarbs"
        },
        "content": "            if (words.get(i).equals(\"/by\")) {"
      },
      {
        "lineNumber": 75,
        "author": {
          "gitId": "MeLoveCarbs"
        },
        "content": "                byIndex \u003d i;"
      },
      {
        "lineNumber": 76,
        "author": {
          "gitId": "MeLoveCarbs"
        },
        "content": "            }"
      },
      {
        "lineNumber": 77,
        "author": {
          "gitId": "MeLoveCarbs"
        },
        "content": "        }"
      },
      {
        "lineNumber": 78,
        "author": {
          "gitId": "MeLoveCarbs"
        },
        "content": "        for (int i\u003d0; i\u003cbyIndex; i++) {"
      },
      {
        "lineNumber": 79,
        "author": {
          "gitId": "MeLoveCarbs"
        },
        "content": "            description +\u003d words.get(i);"
      },
      {
        "lineNumber": 80,
        "author": {
          "gitId": "MeLoveCarbs"
        },
        "content": "            description +\u003d \" \";"
      },
      {
        "lineNumber": 81,
        "author": {
          "gitId": "MeLoveCarbs"
        },
        "content": "        }"
      },
      {
        "lineNumber": 82,
        "author": {
          "gitId": "MeLoveCarbs"
        },
        "content": "        description \u003d description.substring(0, description.length()-1);"
      },
      {
        "lineNumber": 83,
        "author": {
          "gitId": "MeLoveCarbs"
        },
        "content": "        for (int i\u003dbyIndex+1; i \u003c words.size(); i++) {"
      },
      {
        "lineNumber": 84,
        "author": {
          "gitId": "MeLoveCarbs"
        },
        "content": "            by +\u003d words.get(i);"
      },
      {
        "lineNumber": 85,
        "author": {
          "gitId": "MeLoveCarbs"
        },
        "content": "            by +\u003d \" \";"
      },
      {
        "lineNumber": 86,
        "author": {
          "gitId": "MeLoveCarbs"
        },
        "content": "        }"
      },
      {
        "lineNumber": 87,
        "author": {
          "gitId": "MeLoveCarbs"
        },
        "content": "        by \u003d by.substring(0, by.length()-1);"
      },
      {
        "lineNumber": 88,
        "author": {
          "gitId": "MeLoveCarbs"
        },
        "content": "        return new Deadline(description, by);"
      },
      {
        "lineNumber": 89,
        "author": {
          "gitId": "MeLoveCarbs"
        },
        "content": "    }"
      },
      {
        "lineNumber": 90,
        "author": {
          "gitId": "MeLoveCarbs"
        },
        "content": ""
      },
      {
        "lineNumber": 91,
        "author": {
          "gitId": "MeLoveCarbs"
        },
        "content": "    //TODO edge case: fix what to print when user input doesn\u0027t contain /by or /at during deadline/event command"
      },
      {
        "lineNumber": 92,
        "author": {
          "gitId": "MeLoveCarbs"
        },
        "content": "    private static void addCommand(String userInput, String taskType) {"
      },
      {
        "lineNumber": 93,
        "author": {
          "gitId": "MeLoveCarbs"
        },
        "content": "        if (taskType \u003d\u003d \"todo\") {"
      },
      {
        "lineNumber": 94,
        "author": {
          "gitId": "MeLoveCarbs"
        },
        "content": "            userList.add(newTodo(userInput));"
      },
      {
        "lineNumber": 95,
        "author": {
          "gitId": "MeLoveCarbs"
        },
        "content": "        } else if (taskType \u003d\u003d \"event\") {"
      },
      {
        "lineNumber": 96,
        "author": {
          "gitId": "MeLoveCarbs"
        },
        "content": "            userList.add(newEvent(userInput));"
      },
      {
        "lineNumber": 97,
        "author": {
          "gitId": "MeLoveCarbs"
        },
        "content": "        } else if (taskType \u003d\u003d \"deadline\") {"
      },
      {
        "lineNumber": 98,
        "author": {
          "gitId": "MeLoveCarbs"
        },
        "content": "            userList.add(newDeadline(userInput));"
      },
      {
        "lineNumber": 99,
        "author": {
          "gitId": "MeLoveCarbs"
        },
        "content": "        }"
      },
      {
        "lineNumber": 100,
        "author": {
          "gitId": "MeLoveCarbs"
        },
        "content": "        printAdded();"
      },
      {
        "lineNumber": 101,
        "author": {
          "gitId": "MeLoveCarbs"
        },
        "content": "    }"
      },
      {
        "lineNumber": 102,
        "author": {
          "gitId": "MeLoveCarbs"
        },
        "content": ""
      },
      {
        "lineNumber": 103,
        "author": {
          "gitId": "MeLoveCarbs"
        },
        "content": "    private static void printAdded() {"
      },
      {
        "lineNumber": 104,
        "author": {
          "gitId": "MeLoveCarbs"
        },
        "content": "        System.out.print(lines);"
      },
      {
        "lineNumber": 105,
        "author": {
          "gitId": "MeLoveCarbs"
        },
        "content": "        System.out.println(\"Got it . I\u0027ve added this task:\");"
      },
      {
        "lineNumber": 106,
        "author": {
          "gitId": "MeLoveCarbs"
        },
        "content": "        System.out.print(\"  \");"
      },
      {
        "lineNumber": 107,
        "author": {
          "gitId": "MeLoveCarbs"
        },
        "content": "        System.out.println(userList.get(userList.size()-1));"
      },
      {
        "lineNumber": 108,
        "author": {
          "gitId": "MeLoveCarbs"
        },
        "content": "        System.out.println(\"Now you have \" + userList.size() + \" tasks in the list.\");"
      },
      {
        "lineNumber": 109,
        "author": {
          "gitId": "MeLoveCarbs"
        },
        "content": "        System.out.print(lines);"
      },
      {
        "lineNumber": 110,
        "author": {
          "gitId": "MeLoveCarbs"
        },
        "content": "    }"
      },
      {
        "lineNumber": 111,
        "author": {
          "gitId": "MeLoveCarbs"
        },
        "content": ""
      },
      {
        "lineNumber": 112,
        "author": {
          "gitId": "MeLoveCarbs"
        },
        "content": "    private static boolean containCommand(String userInput, String command) {"
      },
      {
        "lineNumber": 113,
        "author": {
          "gitId": "MeLoveCarbs"
        },
        "content": "        int myIntFlag \u003d userInput.indexOf(command);"
      },
      {
        "lineNumber": 114,
        "author": {
          "gitId": "MeLoveCarbs"
        },
        "content": "        return myIntFlag \u003d\u003d 0; // returns true only if first index \u003d\u003d command"
      },
      {
        "lineNumber": 115,
        "author": {
          "gitId": "MeLoveCarbs"
        },
        "content": "    }"
      },
      {
        "lineNumber": 116,
        "author": {
          "gitId": "MeLoveCarbs"
        },
        "content": "    //Main bot control"
      },
      {
        "lineNumber": 117,
        "author": {
          "gitId": "MeLoveCarbs"
        },
        "content": "    private static void botResponse(String userInput) {"
      },
      {
        "lineNumber": 118,
        "author": {
          "gitId": "MeLoveCarbs"
        },
        "content": "        while (!containCommand(userInput, \"bye\")) {          // if user command is not bye, go inside loop"
      },
      {
        "lineNumber": 119,
        "author": {
          "gitId": "MeLoveCarbs"
        },
        "content": "            if (containCommand(userInput, \"list\")) {"
      },
      {
        "lineNumber": 120,
        "author": {
          "gitId": "MeLoveCarbs"
        },
        "content": "                listCommand();"
      },
      {
        "lineNumber": 121,
        "author": {
          "gitId": "MeLoveCarbs"
        },
        "content": "            } else if (containCommand(userInput, \"done \")) {"
      },
      {
        "lineNumber": 122,
        "author": {
          "gitId": "MeLoveCarbs"
        },
        "content": "                doneCommand(userInput);"
      },
      {
        "lineNumber": 123,
        "author": {
          "gitId": "MeLoveCarbs"
        },
        "content": "            } else if (containCommand(userInput, \"todo\")){"
      },
      {
        "lineNumber": 124,
        "author": {
          "gitId": "MeLoveCarbs"
        },
        "content": "                addCommand(userInput, \"todo\");"
      },
      {
        "lineNumber": 125,
        "author": {
          "gitId": "MeLoveCarbs"
        },
        "content": "            } else if (containCommand(userInput, \"event\")) {"
      },
      {
        "lineNumber": 126,
        "author": {
          "gitId": "MeLoveCarbs"
        },
        "content": "                addCommand(userInput, \"event\");"
      },
      {
        "lineNumber": 127,
        "author": {
          "gitId": "MeLoveCarbs"
        },
        "content": "            } else if (containCommand(userInput, \"deadline\")) {"
      },
      {
        "lineNumber": 128,
        "author": {
          "gitId": "MeLoveCarbs"
        },
        "content": "                addCommand(userInput, \"deadline\");"
      },
      {
        "lineNumber": 129,
        "author": {
          "gitId": "MeLoveCarbs"
        },
        "content": "            }"
      },
      {
        "lineNumber": 130,
        "author": {
          "gitId": "MeLoveCarbs"
        },
        "content": "            userInput \u003d in.nextLine();"
      },
      {
        "lineNumber": 131,
        "author": {
          "gitId": "MeLoveCarbs"
        },
        "content": "        }"
      },
      {
        "lineNumber": 132,
        "author": {
          "gitId": "MeLoveCarbs"
        },
        "content": "        System.out.print(lines + \"Bye. Hope to see you again soon!\\n\" + lines);"
      },
      {
        "lineNumber": 133,
        "author": {
          "gitId": "MeLoveCarbs"
        },
        "content": "    }"
      },
      {
        "lineNumber": 134,
        "author": {
          "gitId": "-"
        },
        "content": "    public static void main(String[] args) {"
      },
      {
        "lineNumber": 135,
        "author": {
          "gitId": "MeLoveCarbs"
        },
        "content": "//        String logo \u003d \" ____        _        \\n\""
      },
      {
        "lineNumber": 136,
        "author": {
          "gitId": "MeLoveCarbs"
        },
        "content": "//                + \"|  _ \\\\ _   _| | _____ \\n\""
      },
      {
        "lineNumber": 137,
        "author": {
          "gitId": "MeLoveCarbs"
        },
        "content": "//                + \"| | | | | | | |/ / _ \\\\\\n\""
      },
      {
        "lineNumber": 138,
        "author": {
          "gitId": "MeLoveCarbs"
        },
        "content": "//                + \"| |_| | |_| |   \u003c  __/\\n\""
      },
      {
        "lineNumber": 139,
        "author": {
          "gitId": "MeLoveCarbs"
        },
        "content": "//                + \"|____/ \\\\__,_|_|\\\\_\\\\___|\\n\";"
      },
      {
        "lineNumber": 140,
        "author": {
          "gitId": "MeLoveCarbs"
        },
        "content": ""
      },
      {
        "lineNumber": 141,
        "author": {
          "gitId": "MeLoveCarbs"
        },
        "content": "        String toprint \u003d lines + \"Hello! I\u0027m Duke\\n\" + \"What can I do for you?\\n\" + lines;"
      },
      {
        "lineNumber": 142,
        "author": {
          "gitId": "MeLoveCarbs"
        },
        "content": "        System.out.print(toprint);"
      },
      {
        "lineNumber": 143,
        "author": {
          "gitId": "MeLoveCarbs"
        },
        "content": "        String userInput \u003d in.nextLine();"
      },
      {
        "lineNumber": 144,
        "author": {
          "gitId": "MeLoveCarbs"
        },
        "content": "        botResponse(userInput);"
      },
      {
        "lineNumber": 145,
        "author": {
          "gitId": "-"
        },
        "content": "    }"
      },
      {
        "lineNumber": 146,
        "author": {
          "gitId": "MeLoveCarbs"
        },
        "content": ""
      },
      {
        "lineNumber": 147,
        "author": {
          "gitId": "MeLoveCarbs"
        },
        "content": ""
      },
      {
        "lineNumber": 148,
        "author": {
          "gitId": "MeLoveCarbs"
        },
        "content": "//    For unit testing purposes"
      },
      {
        "lineNumber": 149,
        "author": {
          "gitId": "MeLoveCarbs"
        },
        "content": "//    public static int multiply(int i, int j) {"
      },
      {
        "lineNumber": 150,
        "author": {
          "gitId": "MeLoveCarbs"
        },
        "content": "//        return i * j;"
      },
      {
        "lineNumber": 151,
        "author": {
          "gitId": "MeLoveCarbs"
        },
        "content": "//    }"
      },
      {
        "lineNumber": 152,
        "author": {
          "gitId": "MeLoveCarbs"
        },
        "content": ""
      },
      {
        "lineNumber": 153,
        "author": {
          "gitId": "-"
        },
        "content": "}"
      }
    ],
    "authorContributionMap": {
      "-": 4,
      "MeLoveCarbs": 149
    }
  },
  {
    "path": "src/main/java/Event.java",
    "fileType": "java",
    "lines": [
      {
        "lineNumber": 1,
        "author": {
          "gitId": "MeLoveCarbs"
        },
        "content": "public class Event extends Task{"
      },
      {
        "lineNumber": 2,
        "author": {
          "gitId": "MeLoveCarbs"
        },
        "content": "    protected String at;"
      },
      {
        "lineNumber": 3,
        "author": {
          "gitId": "MeLoveCarbs"
        },
        "content": ""
      },
      {
        "lineNumber": 4,
        "author": {
          "gitId": "MeLoveCarbs"
        },
        "content": "    public Event(String description, String at) {"
      },
      {
        "lineNumber": 5,
        "author": {
          "gitId": "MeLoveCarbs"
        },
        "content": "        super(description);"
      },
      {
        "lineNumber": 6,
        "author": {
          "gitId": "MeLoveCarbs"
        },
        "content": "        this.at \u003d at;"
      },
      {
        "lineNumber": 7,
        "author": {
          "gitId": "MeLoveCarbs"
        },
        "content": "    }"
      },
      {
        "lineNumber": 8,
        "author": {
          "gitId": "MeLoveCarbs"
        },
        "content": ""
      },
      {
        "lineNumber": 9,
        "author": {
          "gitId": "MeLoveCarbs"
        },
        "content": "    @Override"
      },
      {
        "lineNumber": 10,
        "author": {
          "gitId": "MeLoveCarbs"
        },
        "content": "    public String toString() {"
      },
      {
        "lineNumber": 11,
        "author": {
          "gitId": "MeLoveCarbs"
        },
        "content": "        return \"[E]\" + super.toString() + \" (at: \" + at + \")\";"
      },
      {
        "lineNumber": 12,
        "author": {
          "gitId": "MeLoveCarbs"
        },
        "content": "    }"
      },
      {
        "lineNumber": 13,
        "author": {
          "gitId": "MeLoveCarbs"
        },
        "content": "}"
      }
    ],
    "authorContributionMap": {
      "MeLoveCarbs": 13
    }
  },
  {
    "path": "src/main/java/Task.java",
    "fileType": "java",
    "lines": [
      {
        "lineNumber": 1,
        "author": {
          "gitId": "MeLoveCarbs"
        },
        "content": "public class Task {"
      },
      {
        "lineNumber": 2,
        "author": {
          "gitId": "MeLoveCarbs"
        },
        "content": "    protected String description;"
      },
      {
        "lineNumber": 3,
        "author": {
          "gitId": "MeLoveCarbs"
        },
        "content": "    protected boolean isDone;"
      },
      {
        "lineNumber": 4,
        "author": {
          "gitId": "MeLoveCarbs"
        },
        "content": ""
      },
      {
        "lineNumber": 5,
        "author": {
          "gitId": "MeLoveCarbs"
        },
        "content": "    public Task(String description) {"
      },
      {
        "lineNumber": 6,
        "author": {
          "gitId": "MeLoveCarbs"
        },
        "content": "        this.description \u003d description;"
      },
      {
        "lineNumber": 7,
        "author": {
          "gitId": "MeLoveCarbs"
        },
        "content": "        this.isDone \u003d false;"
      },
      {
        "lineNumber": 8,
        "author": {
          "gitId": "MeLoveCarbs"
        },
        "content": "    }"
      },
      {
        "lineNumber": 9,
        "author": {
          "gitId": "MeLoveCarbs"
        },
        "content": ""
      },
      {
        "lineNumber": 10,
        "author": {
          "gitId": "MeLoveCarbs"
        },
        "content": "    public String getStatusIcon() {"
      },
      {
        "lineNumber": 11,
        "author": {
          "gitId": "MeLoveCarbs"
        },
        "content": "        return (isDone ? \"\\u2713\" : \"\\u2718\"); //return tick or X symbols"
      },
      {
        "lineNumber": 12,
        "author": {
          "gitId": "MeLoveCarbs"
        },
        "content": "    }"
      },
      {
        "lineNumber": 13,
        "author": {
          "gitId": "MeLoveCarbs"
        },
        "content": "    public String getDescription() {"
      },
      {
        "lineNumber": 14,
        "author": {
          "gitId": "MeLoveCarbs"
        },
        "content": "        return this.description;"
      },
      {
        "lineNumber": 15,
        "author": {
          "gitId": "MeLoveCarbs"
        },
        "content": "    }"
      },
      {
        "lineNumber": 16,
        "author": {
          "gitId": "MeLoveCarbs"
        },
        "content": "    public boolean isDone() {"
      },
      {
        "lineNumber": 17,
        "author": {
          "gitId": "MeLoveCarbs"
        },
        "content": "        return this.isDone;"
      },
      {
        "lineNumber": 18,
        "author": {
          "gitId": "MeLoveCarbs"
        },
        "content": "    }"
      },
      {
        "lineNumber": 19,
        "author": {
          "gitId": "MeLoveCarbs"
        },
        "content": "    public void setIsDone(boolean isDone) {"
      },
      {
        "lineNumber": 20,
        "author": {
          "gitId": "MeLoveCarbs"
        },
        "content": "       this.isDone \u003d isDone;"
      },
      {
        "lineNumber": 21,
        "author": {
          "gitId": "MeLoveCarbs"
        },
        "content": "    }"
      },
      {
        "lineNumber": 22,
        "author": {
          "gitId": "MeLoveCarbs"
        },
        "content": ""
      },
      {
        "lineNumber": 23,
        "author": {
          "gitId": "MeLoveCarbs"
        },
        "content": "    @Override"
      },
      {
        "lineNumber": 24,
        "author": {
          "gitId": "MeLoveCarbs"
        },
        "content": "    public String toString() {"
      },
      {
        "lineNumber": 25,
        "author": {
          "gitId": "MeLoveCarbs"
        },
        "content": "        return \"[\" + this.getStatusIcon() + \"] \" + this.getDescription();"
      },
      {
        "lineNumber": 26,
        "author": {
          "gitId": "MeLoveCarbs"
        },
        "content": "    }"
      },
      {
        "lineNumber": 27,
        "author": {
          "gitId": "MeLoveCarbs"
        },
        "content": "}"
      }
    ],
    "authorContributionMap": {
      "MeLoveCarbs": 27
    }
  },
  {
    "path": "src/main/java/Todo.java",
    "fileType": "java",
    "lines": [
      {
        "lineNumber": 1,
        "author": {
          "gitId": "MeLoveCarbs"
        },
        "content": "public class Todo extends Task {"
      },
      {
        "lineNumber": 2,
        "author": {
          "gitId": "MeLoveCarbs"
        },
        "content": "    public Todo(String description) {"
      },
      {
        "lineNumber": 3,
        "author": {
          "gitId": "MeLoveCarbs"
        },
        "content": "        super(description);"
      },
      {
        "lineNumber": 4,
        "author": {
          "gitId": "MeLoveCarbs"
        },
        "content": "    }"
      },
      {
        "lineNumber": 5,
        "author": {
          "gitId": "MeLoveCarbs"
        },
        "content": ""
      },
      {
        "lineNumber": 6,
        "author": {
          "gitId": "MeLoveCarbs"
        },
        "content": "    @Override"
      },
      {
        "lineNumber": 7,
        "author": {
          "gitId": "MeLoveCarbs"
        },
        "content": "    public String toString() {"
      },
      {
        "lineNumber": 8,
        "author": {
          "gitId": "MeLoveCarbs"
        },
        "content": "        return \"[T]\" + super.toString();"
      },
      {
        "lineNumber": 9,
        "author": {
          "gitId": "MeLoveCarbs"
        },
        "content": "    }"
      },
      {
        "lineNumber": 10,
        "author": {
          "gitId": "MeLoveCarbs"
        },
        "content": "}"
      }
    ],
    "authorContributionMap": {
      "MeLoveCarbs": 10
    }
  },
  {
    "path": "src/test/java/TestDuke.java",
    "fileType": "java",
    "lines": [
      {
        "lineNumber": 1,
        "author": {
          "gitId": "MeLoveCarbs"
        },
        "content": "import org.junit.jupiter.api.Test;"
      },
      {
        "lineNumber": 2,
        "author": {
          "gitId": "MeLoveCarbs"
        },
        "content": ""
      },
      {
        "lineNumber": 3,
        "author": {
          "gitId": "MeLoveCarbs"
        },
        "content": "import static org.junit.jupiter.api.Assertions.assertEquals;"
      },
      {
        "lineNumber": 4,
        "author": {
          "gitId": "MeLoveCarbs"
        },
        "content": ""
      },
      {
        "lineNumber": 5,
        "author": {
          "gitId": "MeLoveCarbs"
        },
        "content": "public class TestDuke {"
      },
      {
        "lineNumber": 6,
        "author": {
          "gitId": "MeLoveCarbs"
        },
        "content": "    @Test"
      },
      {
        "lineNumber": 7,
        "author": {
          "gitId": "MeLoveCarbs"
        },
        "content": "    void myTest() {"
      },
      {
        "lineNumber": 8,
        "author": {
          "gitId": "MeLoveCarbs"
        },
        "content": "        Duke myDuke \u003d new Duke();"
      },
      {
        "lineNumber": 9,
        "author": {
          "gitId": "MeLoveCarbs"
        },
        "content": ""
      },
      {
        "lineNumber": 10,
        "author": {
          "gitId": "MeLoveCarbs"
        },
        "content": "//        assertEquals(81, Duke.multiply(9, 9), \"9 x 9 is 81\");"
      },
      {
        "lineNumber": 11,
        "author": {
          "gitId": "MeLoveCarbs"
        },
        "content": ""
      },
      {
        "lineNumber": 12,
        "author": {
          "gitId": "MeLoveCarbs"
        },
        "content": "    }"
      },
      {
        "lineNumber": 13,
        "author": {
          "gitId": "MeLoveCarbs"
        },
        "content": "}"
      }
    ],
    "authorContributionMap": {
      "MeLoveCarbs": 13
    }
  }
]
