{
  "authorDailyContributionsMap": {
    "MeLoveCarbs": [
      {
        "insertions": 52,
        "deletions": 9,
        "date": "2020-01-23",
        "commitResults": [
          {
            "hash": "a40555409897f191708def12dd01c0a5ff337839",
            "messageTitle": "[Update] Week 0 completed",
            "messageBody": "",
            "insertions": 52,
            "deletions": 9
          }
        ]
      },
      {
        "insertions": 79,
        "deletions": 14,
        "date": "2020-01-27",
        "commitResults": [
          {
            "hash": "2c8a878b5c83dec0f0a095c92386dd7ae42833db",
            "messageTitle": "Level 1. Greet, Echo, Exit",
            "messageBody": "",
            "tags": [
              "Level1"
            ],
            "insertions": 13,
            "deletions": 4
          },
          {
            "hash": "f5a5d1ae4181b2cb0b060e162dbb005d3507ec63",
            "messageTitle": "Level 2. Add, List",
            "messageBody": "",
            "tags": [
              "Level2"
            ],
            "insertions": 25,
            "deletions": 6
          },
          {
            "hash": "48d626a76eb24abe46c32c8cb3e5a01ab4b9e53c",
            "messageTitle": "Level 3. Mark as Done, edges cases by user not implemented",
            "messageBody": "",
            "insertions": 40,
            "deletions": 4
          },
          {
            "hash": "0540129580ce6359576d4c4bb39b5ae4f1ccc88e",
            "messageTitle": "Level 3. Mark as Done. [TODO] edge cases for botResponse() in Duke.java",
            "messageBody": "",
            "tags": [
              "Level3"
            ],
            "insertions": 1,
            "deletions": 0
          }
        ]
      },
      {
        "insertions": 159,
        "deletions": 29,
        "date": "2020-02-01",
        "commitResults": [
          {
            "hash": "aa566a03fec0c6e3671626010bf507d5b38986df",
            "messageTitle": "[Update] Refactored code, Level 4 complete",
            "messageBody": "",
            "tags": [
              "Level4"
            ],
            "insertions": 159,
            "deletions": 29
          }
        ]
      },
      {
        "insertions": 184,
        "deletions": 123,
        "date": "2020-02-08",
        "commitResults": [
          {
            "hash": "773117378e80c48d198d8eaecf40ebf3ea470f3f",
            "messageTitle": "[Revert] Forgot to change branch when adding level 5",
            "messageBody": "",
            "insertions": 78,
            "deletions": 0
          },
          {
            "hash": "d96c5e73ec5456a35260fdf4239e8b943ad1a61b",
            "messageTitle": "Level 5 complete. Handled most foreseeable exceptions",
            "messageBody": "",
            "insertions": 92,
            "deletions": 46
          },
          {
            "hash": "c289f7bad33a0ea2de9e8932b9a2f9654f56a193",
            "messageTitle": "[Update for Level 5] Cleared extra files caused by improper merge, sorted files into package.",
            "messageBody": "",
            "tags": [
              "Level5",
              "Level-5",
              "A-Packages",
              "A-Inheritance",
              "A-CodingStandard",
              "A-CodeQuality"
            ],
            "insertions": 14,
            "deletions": 77
          }
        ]
      },
      {
        "insertions": 162,
        "deletions": 83,
        "date": "2020-02-13",
        "commitResults": [
          {
            "hash": "036a91ffba7a76cb093c4274407c9965a4abafb7",
            "messageTitle": "[Update] Level 7 complete",
            "messageBody": "",
            "tags": [
              "Level7",
              "Level6",
              "A-Jar"
            ],
            "insertions": 162,
            "deletions": 83
          }
        ]
      },
      {
        "insertions": 294,
        "deletions": 226,
        "date": "2020-02-21",
        "commitResults": [
          {
            "hash": "d2659ff87e22c79a17900d42be0310da3f33bdab",
            "messageTitle": "[Update] Refactored code to be more OOP. Learnt: object references are pass by value, ie object address are copied in params",
            "messageBody": "",
            "insertions": 294,
            "deletions": 226
          }
        ]
      },
      {
        "insertions": 264,
        "deletions": 85,
        "date": "2020-02-22",
        "commitResults": [
          {
            "hash": "5408f087f963f519f88c2e9d311b5fac29951fa4",
            "messageTitle": "Level 9 complete",
            "messageBody": "",
            "tags": [
              "Level9"
            ],
            "insertions": 20,
            "deletions": 2
          },
          {
            "hash": "4de3adaf91a6fc595671b1dbd3bf951340d7073f",
            "messageTitle": "Level 8 complete",
            "messageBody": "",
            "tags": [
              "Level8"
            ],
            "insertions": 77,
            "deletions": 22
          },
          {
            "hash": "4dd5648b778101484f8a5102842f101b32e8b96e",
            "messageTitle": "[Update] A-JavaDoc",
            "messageBody": "",
            "tags": [
              "A-JavaDoc"
            ],
            "insertions": 102,
            "deletions": 12
          },
          {
            "hash": "2c9cc350bb0b5bd9833c24ebbadf9156c3df8e4a",
            "messageTitle": "[Update] Added Parser Class in A-MoreOOP",
            "messageBody": "",
            "tags": [
              "A-MoreOOP"
            ],
            "insertions": 60,
            "deletions": 49
          },
          {
            "hash": "bc5e4d356fe1fb4356e3220446ad192f361e24d0",
            "messageTitle": "[Update] Added javadoc for findCommand() in Class TaskList",
            "messageBody": "",
            "insertions": 5,
            "deletions": 0
          }
        ]
      },
      {
        "insertions": 148,
        "deletions": 76,
        "date": "2020-02-25",
        "commitResults": [
          {
            "hash": "ed3ea2dac69d9b9706be70607b5aa8bca47f10d9",
            "messageTitle": "[Update] A-UserGuide completed",
            "messageBody": "",
            "insertions": 67,
            "deletions": 8
          },
          {
            "hash": "3651e8525baaf898447c334589074c73f2b862af",
            "messageTitle": "[Update] Added some corrections to user guide",
            "messageBody": "",
            "tags": [
              "A-UserGuide"
            ],
            "insertions": 8,
            "deletions": 5
          },
          {
            "hash": "d0ca1467005d232d796fef719ee584af5fb201b6",
            "messageTitle": "[Update] corrected doc/readme syntax",
            "messageBody": "",
            "insertions": 21,
            "deletions": 21
          },
          {
            "hash": "60604c10781b4e550c259b7e0e3c8062ad0a999b",
            "messageTitle": "[update] Corrected docs/readme",
            "messageBody": "",
            "insertions": 17,
            "deletions": 17
          },
          {
            "hash": "6dcb3ff00a2febaadd82ba3603c374b38b1fe320",
            "messageTitle": "[Update] Corrected docs/readme syntax",
            "messageBody": "",
            "insertions": 14,
            "deletions": 11
          },
          {
            "hash": "db8258f7fa5519df28f926b717fc1cecac090883",
            "messageTitle": "[Update] Corrected docs/readme syntax",
            "messageBody": "",
            "insertions": 7,
            "deletions": 7
          },
          {
            "hash": "5a297617b7a57d019664129fc9faf1cd12a3f260",
            "messageTitle": "[update] corrected docs/readme syntax",
            "messageBody": "",
            "insertions": 14,
            "deletions": 7
          }
        ]
      },
      {
        "insertions": 216,
        "deletions": 202,
        "date": "2020-02-26",
        "commitResults": [
          {
            "hash": "c8e69cc5083242424fba290a2c665dff29df45ef",
            "messageTitle": "Update README.md",
            "messageBody": "",
            "insertions": 1,
            "deletions": 1
          },
          {
            "hash": "e8797c4365b8de202e7a937bd4bf34911f84f46e",
            "messageTitle": "Update README.md",
            "messageBody": "",
            "insertions": 17,
            "deletions": 17
          },
          {
            "hash": "f60dbc74070097db0bf0dfe3b3023c6b908ab6b3",
            "messageTitle": "Update README.md",
            "messageBody": "",
            "insertions": 1,
            "deletions": 1
          },
          {
            "hash": "cc196532f72174ec4e47320c84379259a0beda7f",
            "messageTitle": "Update README.md",
            "messageBody": "",
            "insertions": 4,
            "deletions": 4
          },
          {
            "hash": "826aba1d11f47febeed556b046b5e0a6ce37208d",
            "messageTitle": "Update README.md",
            "messageBody": "",
            "insertions": 1,
            "deletions": 0
          },
          {
            "hash": "5de81dee1629a8a8a423099dc25adacd1abacf5c",
            "messageTitle": "Update README.md",
            "messageBody": "",
            "insertions": 1,
            "deletions": 1
          },
          {
            "hash": "9f4e9ac074b927537575b7fd85d74a7d11b4bb5f",
            "messageTitle": "Update README.md",
            "messageBody": "",
            "insertions": 12,
            "deletions": 15
          },
          {
            "hash": "f37e937ab23ef49ef12619da1114912866a4a256",
            "messageTitle": "Rename README.md to README.adoc",
            "messageBody": "",
            "insertions": 0,
            "deletions": 90
          },
          {
            "hash": "d21e15cad1a7bca67565106c79c8a5035525ac04",
            "messageTitle": "Update and rename README.adoc to README.md",
            "messageBody": "",
            "insertions": 103,
            "deletions": 0
          },
          {
            "hash": "2d2107cc0c3469cadab86269eca94e76bdc6e0e0",
            "messageTitle": "Update README.md",
            "messageBody": "",
            "insertions": 8,
            "deletions": 8
          },
          {
            "hash": "2680d7cf182f80510c218e8891aa8af05cd69202",
            "messageTitle": "Update README.md",
            "messageBody": "",
            "insertions": 17,
            "deletions": 0
          },
          {
            "hash": "9f835053db31ec7274b2f596885a3f5b58477229",
            "messageTitle": "Update README.md",
            "messageBody": "",
            "insertions": 1,
            "deletions": 1
          },
          {
            "hash": "c16f97aca890781ff36b610cb8aed7fe0e69a67b",
            "messageTitle": "Update README.md",
            "messageBody": "",
            "insertions": 1,
            "deletions": 1
          },
          {
            "hash": "9abee5c897674705d9c9b022c967474585180314",
            "messageTitle": "Update README.md",
            "messageBody": "",
            "insertions": 10,
            "deletions": 25
          },
          {
            "hash": "a20ee323ec7eef4448de026d4b32c905210dbf36",
            "messageTitle": "Update README.md",
            "messageBody": "",
            "insertions": 9,
            "deletions": 9
          },
          {
            "hash": "34cc58a78131ed61480a6a12f8df20bfba23c1f9",
            "messageTitle": "Update README.md",
            "messageBody": "",
            "insertions": 9,
            "deletions": 9
          },
          {
            "hash": "d7b02dbd8b3a89638bf944b86fa1e3e5a01f10db",
            "messageTitle": "Update README.md",
            "messageBody": "",
            "insertions": 10,
            "deletions": 11
          },
          {
            "hash": "83a55d92414b657cc7d4ea90a6a29ee07d33798c",
            "messageTitle": "Update README.md",
            "messageBody": "",
            "insertions": 7,
            "deletions": 7
          },
          {
            "hash": "037f59b2fa3e5f92446a380dd00dc604bc377be3",
            "messageTitle": "Update README.md",
            "messageBody": "",
            "insertions": 1,
            "deletions": 0
          },
          {
            "hash": "eff7a918f82393e21c38849b13dd924cda2ed3b7",
            "messageTitle": "Update README.md",
            "messageBody": "",
            "insertions": 1,
            "deletions": 1
          },
          {
            "hash": "28af0e3bc2ad5742609b532ad904e7fa40392a61",
            "messageTitle": "Update README.md",
            "messageBody": "",
            "insertions": 1,
            "deletions": 0
          },
          {
            "hash": "b9eae1464ae029e37717962ffbbdbf3a6ccae977",
            "messageTitle": "Update README.md",
            "messageBody": "",
            "insertions": 1,
            "deletions": 1
          }
        ]
      }
    ]
  },
  "authorFinalContributionMap": {
    "MeLoveCarbs": 728
  },
  "authorFileTypeContributionMap": {
    "MeLoveCarbs": {
      "java": 610,
      "md": 98,
      "fxml": 0,
      "sh": 0,
      "bat": 0,
      "gradle": 20,
      "txt": 0
    }
  },
  "authorContributionVariance": {
    "MeLoveCarbs": 15345.668
  },
  "authorDisplayNameMap": {
    "MeLoveCarbs": "CS2113T-T12-1 HONG..YANG"
  }
}
