[
  {
    "path": "src/main/java/Duke.java",
    "fileType": "java",
    "lines": [
      {
        "lineNumber": 1,
        "author": {
          "gitId": "nigellenl"
        },
        "content": "import java.util.Arrays;"
      },
      {
        "lineNumber": 2,
        "author": {
          "gitId": "nigellenl"
        },
        "content": "import java.util.Scanner;"
      },
      {
        "lineNumber": 3,
        "author": {
          "gitId": "nigellenl"
        },
        "content": ""
      },
      {
        "lineNumber": 4,
        "author": {
          "gitId": "-"
        },
        "content": "public class Duke {"
      },
      {
        "lineNumber": 5,
        "author": {
          "gitId": "-"
        },
        "content": "    public static void main(String[] args) {"
      },
      {
        "lineNumber": 6,
        "author": {
          "gitId": "-"
        },
        "content": "        String logo \u003d \" ____        _        \\n\""
      },
      {
        "lineNumber": 7,
        "author": {
          "gitId": "-"
        },
        "content": "                + \"|  _ \\\\ _   _| | _____ \\n\""
      },
      {
        "lineNumber": 8,
        "author": {
          "gitId": "-"
        },
        "content": "                + \"| | | | | | | |/ / _ \\\\\\n\""
      },
      {
        "lineNumber": 9,
        "author": {
          "gitId": "-"
        },
        "content": "                + \"| |_| | |_| |   \u003c  __/\\n\""
      },
      {
        "lineNumber": 10,
        "author": {
          "gitId": "-"
        },
        "content": "                + \"|____/ \\\\__,_|_|\\\\_\\\\___|\\n\";"
      },
      {
        "lineNumber": 11,
        "author": {
          "gitId": "-"
        },
        "content": "        System.out.println(\"Hello from\\n\" + logo);"
      },
      {
        "lineNumber": 12,
        "author": {
          "gitId": "nigellenl"
        },
        "content": "        System.out.println(\"____________________________________________________________\");"
      },
      {
        "lineNumber": 13,
        "author": {
          "gitId": "nigellenl"
        },
        "content": "        System.out.println(\"Hello! I\u0027m Duke\");"
      },
      {
        "lineNumber": 14,
        "author": {
          "gitId": "nigellenl"
        },
        "content": "        System.out.println(\"What can I do for you?\");"
      },
      {
        "lineNumber": 15,
        "author": {
          "gitId": "nigellenl"
        },
        "content": "        System.out.println(\"____________________________________________________________\");"
      },
      {
        "lineNumber": 16,
        "author": {
          "gitId": "nigellenl"
        },
        "content": ""
      },
      {
        "lineNumber": 17,
        "author": {
          "gitId": "nigellenl"
        },
        "content": "        Task[] tasks \u003d new Task[100];"
      },
      {
        "lineNumber": 18,
        "author": {
          "gitId": "nigellenl"
        },
        "content": "        int counter \u003d 0;"
      },
      {
        "lineNumber": 19,
        "author": {
          "gitId": "nigellenl"
        },
        "content": ""
      },
      {
        "lineNumber": 20,
        "author": {
          "gitId": "nigellenl"
        },
        "content": "        while(true) {"
      },
      {
        "lineNumber": 21,
        "author": {
          "gitId": "nigellenl"
        },
        "content": "            String line;"
      },
      {
        "lineNumber": 22,
        "author": {
          "gitId": "nigellenl"
        },
        "content": "            Scanner input \u003d new Scanner(System.in);"
      },
      {
        "lineNumber": 23,
        "author": {
          "gitId": "nigellenl"
        },
        "content": "            line \u003d input.nextLine();"
      },
      {
        "lineNumber": 24,
        "author": {
          "gitId": "nigellenl"
        },
        "content": ""
      },
      {
        "lineNumber": 25,
        "author": {
          "gitId": "nigellenl"
        },
        "content": "            if (line.equalsIgnoreCase(\"bye\")) {"
      },
      {
        "lineNumber": 26,
        "author": {
          "gitId": "nigellenl"
        },
        "content": "                System.out.println(\"____________________________________________________________\");"
      },
      {
        "lineNumber": 27,
        "author": {
          "gitId": "nigellenl"
        },
        "content": "                System.out.println(\"Bye. Hope to see you again soon!\");"
      },
      {
        "lineNumber": 28,
        "author": {
          "gitId": "nigellenl"
        },
        "content": "                System.out.println(\"____________________________________________________________\");"
      },
      {
        "lineNumber": 29,
        "author": {
          "gitId": "nigellenl"
        },
        "content": "                break;"
      },
      {
        "lineNumber": 30,
        "author": {
          "gitId": "nigellenl"
        },
        "content": "            }"
      },
      {
        "lineNumber": 31,
        "author": {
          "gitId": "nigellenl"
        },
        "content": ""
      },
      {
        "lineNumber": 32,
        "author": {
          "gitId": "nigellenl"
        },
        "content": "            else if (line.equalsIgnoreCase(\"list\")) {"
      },
      {
        "lineNumber": 33,
        "author": {
          "gitId": "nigellenl"
        },
        "content": "                System.out.println(\"____________________________________________________________\");"
      },
      {
        "lineNumber": 34,
        "author": {
          "gitId": "nigellenl"
        },
        "content": "                System.out.println(\"Here are the tasks in your list:\");"
      },
      {
        "lineNumber": 35,
        "author": {
          "gitId": "nigellenl"
        },
        "content": "                for (int i \u003d 0; i \u003c counter; i++){"
      },
      {
        "lineNumber": 36,
        "author": {
          "gitId": "nigellenl"
        },
        "content": "                    System.out.print(i+1 + \". \");"
      },
      {
        "lineNumber": 37,
        "author": {
          "gitId": "nigellenl"
        },
        "content": "                    System.out.print(tasks[i].getStatusIcon());"
      },
      {
        "lineNumber": 38,
        "author": {
          "gitId": "nigellenl"
        },
        "content": "                    System.out.println(tasks[i].description);"
      },
      {
        "lineNumber": 39,
        "author": {
          "gitId": "nigellenl"
        },
        "content": "                }"
      },
      {
        "lineNumber": 40,
        "author": {
          "gitId": "nigellenl"
        },
        "content": "                System.out.println(\"____________________________________________________________\");"
      },
      {
        "lineNumber": 41,
        "author": {
          "gitId": "nigellenl"
        },
        "content": ""
      },
      {
        "lineNumber": 42,
        "author": {
          "gitId": "nigellenl"
        },
        "content": "            }"
      },
      {
        "lineNumber": 43,
        "author": {
          "gitId": "nigellenl"
        },
        "content": ""
      },
      {
        "lineNumber": 44,
        "author": {
          "gitId": "nigellenl"
        },
        "content": "            else if (line.startsWith(\"done\")){"
      },
      {
        "lineNumber": 45,
        "author": {
          "gitId": "nigellenl"
        },
        "content": ""
      },
      {
        "lineNumber": 46,
        "author": {
          "gitId": "nigellenl"
        },
        "content": "                String strNumber \u003d line.substring(5);"
      },
      {
        "lineNumber": 47,
        "author": {
          "gitId": "nigellenl"
        },
        "content": "                int number \u003d Integer.parseInt(strNumber);"
      },
      {
        "lineNumber": 48,
        "author": {
          "gitId": "nigellenl"
        },
        "content": "                tasks[number-1].markAsDone();"
      },
      {
        "lineNumber": 49,
        "author": {
          "gitId": "nigellenl"
        },
        "content": "                System.out.println(\"____________________________________________________________\");"
      },
      {
        "lineNumber": 50,
        "author": {
          "gitId": "nigellenl"
        },
        "content": "                System.out.println(\"Nice! I\u0027ve marked this task as done: \" + tasks[number-1].description);"
      },
      {
        "lineNumber": 51,
        "author": {
          "gitId": "nigellenl"
        },
        "content": "                System.out.println(\"____________________________________________________________\");"
      },
      {
        "lineNumber": 52,
        "author": {
          "gitId": "nigellenl"
        },
        "content": "            }"
      },
      {
        "lineNumber": 53,
        "author": {
          "gitId": "nigellenl"
        },
        "content": ""
      },
      {
        "lineNumber": 54,
        "author": {
          "gitId": "nigellenl"
        },
        "content": "            else{"
      },
      {
        "lineNumber": 55,
        "author": {
          "gitId": "nigellenl"
        },
        "content": "                Task t \u003d new Task(line);"
      },
      {
        "lineNumber": 56,
        "author": {
          "gitId": "nigellenl"
        },
        "content": "                tasks[counter] \u003d t;"
      },
      {
        "lineNumber": 57,
        "author": {
          "gitId": "nigellenl"
        },
        "content": "                System.out.println(\"____________________________________________________________\");"
      },
      {
        "lineNumber": 58,
        "author": {
          "gitId": "nigellenl"
        },
        "content": "                System.out.println(\"added: \"+ t.description);"
      },
      {
        "lineNumber": 59,
        "author": {
          "gitId": "nigellenl"
        },
        "content": "                System.out.println(\"____________________________________________________________\");"
      },
      {
        "lineNumber": 60,
        "author": {
          "gitId": "nigellenl"
        },
        "content": "                counter +\u003d 1;"
      },
      {
        "lineNumber": 61,
        "author": {
          "gitId": "nigellenl"
        },
        "content": "            }"
      },
      {
        "lineNumber": 62,
        "author": {
          "gitId": "nigellenl"
        },
        "content": "        }"
      },
      {
        "lineNumber": 63,
        "author": {
          "gitId": "nigellenl"
        },
        "content": ""
      },
      {
        "lineNumber": 64,
        "author": {
          "gitId": "nigellenl"
        },
        "content": ""
      },
      {
        "lineNumber": 65,
        "author": {
          "gitId": "-"
        },
        "content": "    }"
      },
      {
        "lineNumber": 66,
        "author": {
          "gitId": "-"
        },
        "content": "}"
      }
    ],
    "authorContributionMap": {
      "nigellenl": 56,
      "-": 10
    }
  },
  {
    "path": "src/main/java/Task.java",
    "fileType": "java",
    "lines": [
      {
        "lineNumber": 1,
        "author": {
          "gitId": "nigellenl"
        },
        "content": "public class Task {"
      },
      {
        "lineNumber": 2,
        "author": {
          "gitId": "nigellenl"
        },
        "content": "    protected String description;"
      },
      {
        "lineNumber": 3,
        "author": {
          "gitId": "nigellenl"
        },
        "content": "    protected boolean isDone;"
      },
      {
        "lineNumber": 4,
        "author": {
          "gitId": "nigellenl"
        },
        "content": ""
      },
      {
        "lineNumber": 5,
        "author": {
          "gitId": "nigellenl"
        },
        "content": "    public Task(String description) {"
      },
      {
        "lineNumber": 6,
        "author": {
          "gitId": "nigellenl"
        },
        "content": "        this.description \u003d description;"
      },
      {
        "lineNumber": 7,
        "author": {
          "gitId": "nigellenl"
        },
        "content": "        this.isDone \u003d false;"
      },
      {
        "lineNumber": 8,
        "author": {
          "gitId": "nigellenl"
        },
        "content": "    }"
      },
      {
        "lineNumber": 9,
        "author": {
          "gitId": "nigellenl"
        },
        "content": ""
      },
      {
        "lineNumber": 10,
        "author": {
          "gitId": "nigellenl"
        },
        "content": "    public String getStatusIcon() {"
      },
      {
        "lineNumber": 11,
        "author": {
          "gitId": "nigellenl"
        },
        "content": "        return (isDone ? \"[\" + \"\\u2713\" + \"]\" : \"[\" + \"\\u2718\" + \"] \"); //return tick or X symbols"
      },
      {
        "lineNumber": 12,
        "author": {
          "gitId": "nigellenl"
        },
        "content": "    }"
      },
      {
        "lineNumber": 13,
        "author": {
          "gitId": "nigellenl"
        },
        "content": ""
      },
      {
        "lineNumber": 14,
        "author": {
          "gitId": "nigellenl"
        },
        "content": "    public void markAsDone(){"
      },
      {
        "lineNumber": 15,
        "author": {
          "gitId": "nigellenl"
        },
        "content": "        this.isDone \u003d true;"
      },
      {
        "lineNumber": 16,
        "author": {
          "gitId": "nigellenl"
        },
        "content": "    }"
      },
      {
        "lineNumber": 17,
        "author": {
          "gitId": "nigellenl"
        },
        "content": "}"
      }
    ],
    "authorContributionMap": {
      "nigellenl": 17
    }
  }
]
