[
  {
    "path": "src/main/java/Deadline.java",
    "fileType": "java",
    "lines": [
      {
        "lineNumber": 1,
        "author": {
          "gitId": "nigellenl"
        },
        "content": "public class Deadline extends Task {"
      },
      {
        "lineNumber": 2,
        "author": {
          "gitId": "nigellenl"
        },
        "content": ""
      },
      {
        "lineNumber": 3,
        "author": {
          "gitId": "nigellenl"
        },
        "content": "    protected String by;"
      },
      {
        "lineNumber": 4,
        "author": {
          "gitId": "nigellenl"
        },
        "content": ""
      },
      {
        "lineNumber": 5,
        "author": {
          "gitId": "nigellenl"
        },
        "content": "    public Deadline(String description, String by) {"
      },
      {
        "lineNumber": 6,
        "author": {
          "gitId": "nigellenl"
        },
        "content": "        super(description);"
      },
      {
        "lineNumber": 7,
        "author": {
          "gitId": "nigellenl"
        },
        "content": "        this.by \u003d by;"
      },
      {
        "lineNumber": 8,
        "author": {
          "gitId": "nigellenl"
        },
        "content": "    }"
      },
      {
        "lineNumber": 9,
        "author": {
          "gitId": "nigellenl"
        },
        "content": ""
      },
      {
        "lineNumber": 10,
        "author": {
          "gitId": "nigellenl"
        },
        "content": "    @Override"
      },
      {
        "lineNumber": 11,
        "author": {
          "gitId": "nigellenl"
        },
        "content": "    public String toString() {"
      },
      {
        "lineNumber": 12,
        "author": {
          "gitId": "nigellenl"
        },
        "content": "        return \"[D]\" + super.toString() + \" (by: \" + by + \")\";"
      },
      {
        "lineNumber": 13,
        "author": {
          "gitId": "nigellenl"
        },
        "content": "    }"
      },
      {
        "lineNumber": 14,
        "author": {
          "gitId": "nigellenl"
        },
        "content": "}"
      },
      {
        "lineNumber": 15,
        "author": {
          "gitId": "nigellenl"
        },
        "content": ""
      }
    ],
    "authorContributionMap": {
      "nigellenl": 15
    }
  },
  {
    "path": "src/main/java/Duke.java",
    "fileType": "java",
    "lines": [
      {
        "lineNumber": 1,
        "author": {
          "gitId": "nigellenl"
        },
        "content": "import java.util.Scanner;"
      },
      {
        "lineNumber": 2,
        "author": {
          "gitId": "nigellenl"
        },
        "content": ""
      },
      {
        "lineNumber": 3,
        "author": {
          "gitId": "-"
        },
        "content": "public class Duke {"
      },
      {
        "lineNumber": 4,
        "author": {
          "gitId": "nigellenl"
        },
        "content": "    public static final int CAPACITY \u003d 100;"
      },
      {
        "lineNumber": 5,
        "author": {
          "gitId": "nigellenl"
        },
        "content": ""
      },
      {
        "lineNumber": 6,
        "author": {
          "gitId": "-"
        },
        "content": "    public static void main(String[] args) {"
      },
      {
        "lineNumber": 7,
        "author": {
          "gitId": "nigellenl"
        },
        "content": "        printWelcomeMessage();"
      },
      {
        "lineNumber": 8,
        "author": {
          "gitId": "nigellenl"
        },
        "content": ""
      },
      {
        "lineNumber": 9,
        "author": {
          "gitId": "nigellenl"
        },
        "content": "        Task[] tasks \u003d new Task[CAPACITY];"
      },
      {
        "lineNumber": 10,
        "author": {
          "gitId": "nigellenl"
        },
        "content": "        int counter \u003d 0;"
      },
      {
        "lineNumber": 11,
        "author": {
          "gitId": "nigellenl"
        },
        "content": ""
      },
      {
        "lineNumber": 12,
        "author": {
          "gitId": "nigellenl"
        },
        "content": "        while(true) {"
      },
      {
        "lineNumber": 13,
        "author": {
          "gitId": "nigellenl"
        },
        "content": "            String line;"
      },
      {
        "lineNumber": 14,
        "author": {
          "gitId": "nigellenl"
        },
        "content": "            Scanner input \u003d new Scanner(System.in);"
      },
      {
        "lineNumber": 15,
        "author": {
          "gitId": "nigellenl"
        },
        "content": "            line \u003d input.nextLine();"
      },
      {
        "lineNumber": 16,
        "author": {
          "gitId": "nigellenl"
        },
        "content": ""
      },
      {
        "lineNumber": 17,
        "author": {
          "gitId": "nigellenl"
        },
        "content": "            if (line.equalsIgnoreCase(\"bye\")) {"
      },
      {
        "lineNumber": 18,
        "author": {
          "gitId": "nigellenl"
        },
        "content": "                printByeMessage();"
      },
      {
        "lineNumber": 19,
        "author": {
          "gitId": "nigellenl"
        },
        "content": "                break;"
      },
      {
        "lineNumber": 20,
        "author": {
          "gitId": "nigellenl"
        },
        "content": "            } else if (line.equalsIgnoreCase(\"list\")) {"
      },
      {
        "lineNumber": 21,
        "author": {
          "gitId": "nigellenl"
        },
        "content": "                System.out.println(\"____________________________________________________________\");"
      },
      {
        "lineNumber": 22,
        "author": {
          "gitId": "nigellenl"
        },
        "content": "                System.out.println(\"Here are the tasks in your list:\");"
      },
      {
        "lineNumber": 23,
        "author": {
          "gitId": "nigellenl"
        },
        "content": "                for (int i \u003d 0; i \u003c counter; i++){"
      },
      {
        "lineNumber": 24,
        "author": {
          "gitId": "nigellenl"
        },
        "content": "                    System.out.println(i+1 + \". \" + tasks[i].toString());"
      },
      {
        "lineNumber": 25,
        "author": {
          "gitId": "nigellenl"
        },
        "content": "                }"
      },
      {
        "lineNumber": 26,
        "author": {
          "gitId": "nigellenl"
        },
        "content": "                System.out.println(\"____________________________________________________________\");"
      },
      {
        "lineNumber": 27,
        "author": {
          "gitId": "nigellenl"
        },
        "content": "            } else if (line.startsWith(\"todo\")) {"
      },
      {
        "lineNumber": 28,
        "author": {
          "gitId": "nigellenl"
        },
        "content": "                line \u003d line.replaceAll(\"todo \", \"\");"
      },
      {
        "lineNumber": 29,
        "author": {
          "gitId": "nigellenl"
        },
        "content": "                Task t \u003d new Todo(line);"
      },
      {
        "lineNumber": 30,
        "author": {
          "gitId": "nigellenl"
        },
        "content": "                tasks[counter] \u003d t;"
      },
      {
        "lineNumber": 31,
        "author": {
          "gitId": "nigellenl"
        },
        "content": "                printAcknowledgement(tasks[counter], counter);"
      },
      {
        "lineNumber": 32,
        "author": {
          "gitId": "nigellenl"
        },
        "content": "                counter++;"
      },
      {
        "lineNumber": 33,
        "author": {
          "gitId": "nigellenl"
        },
        "content": "            } else if (line.startsWith(\"deadline\")) {"
      },
      {
        "lineNumber": 34,
        "author": {
          "gitId": "nigellenl"
        },
        "content": "                String[] words \u003d line.split(\"/\");"
      },
      {
        "lineNumber": 35,
        "author": {
          "gitId": "nigellenl"
        },
        "content": "                String description \u003d words[0].substring(9);"
      },
      {
        "lineNumber": 36,
        "author": {
          "gitId": "nigellenl"
        },
        "content": "                String by \u003d words[1].substring(3);"
      },
      {
        "lineNumber": 37,
        "author": {
          "gitId": "nigellenl"
        },
        "content": "                Task d \u003d new Deadline(description, by);"
      },
      {
        "lineNumber": 38,
        "author": {
          "gitId": "nigellenl"
        },
        "content": "                tasks[counter] \u003d d;"
      },
      {
        "lineNumber": 39,
        "author": {
          "gitId": "nigellenl"
        },
        "content": "                printAcknowledgement(tasks[counter], counter);"
      },
      {
        "lineNumber": 40,
        "author": {
          "gitId": "nigellenl"
        },
        "content": "                counter++;"
      },
      {
        "lineNumber": 41,
        "author": {
          "gitId": "nigellenl"
        },
        "content": "            } else if (line.startsWith(\"event\")) {"
      },
      {
        "lineNumber": 42,
        "author": {
          "gitId": "nigellenl"
        },
        "content": "                String[] words \u003d line.split(\"/\");"
      },
      {
        "lineNumber": 43,
        "author": {
          "gitId": "nigellenl"
        },
        "content": "                String description \u003d words[0].substring(6);"
      },
      {
        "lineNumber": 44,
        "author": {
          "gitId": "nigellenl"
        },
        "content": "                String at \u003d words[1].substring(3);"
      },
      {
        "lineNumber": 45,
        "author": {
          "gitId": "nigellenl"
        },
        "content": "                Task e \u003d new Event(description, at);"
      },
      {
        "lineNumber": 46,
        "author": {
          "gitId": "nigellenl"
        },
        "content": "                tasks[counter] \u003d e;"
      },
      {
        "lineNumber": 47,
        "author": {
          "gitId": "nigellenl"
        },
        "content": "                printAcknowledgement(tasks[counter], counter);"
      },
      {
        "lineNumber": 48,
        "author": {
          "gitId": "nigellenl"
        },
        "content": "                counter++;"
      },
      {
        "lineNumber": 49,
        "author": {
          "gitId": "nigellenl"
        },
        "content": "            } else if (line.startsWith(\"done\")) {"
      },
      {
        "lineNumber": 50,
        "author": {
          "gitId": "nigellenl"
        },
        "content": "                String strNumber \u003d line.substring(5);"
      },
      {
        "lineNumber": 51,
        "author": {
          "gitId": "nigellenl"
        },
        "content": "                int number \u003d Integer.parseInt(strNumber);"
      },
      {
        "lineNumber": 52,
        "author": {
          "gitId": "nigellenl"
        },
        "content": "                tasks[number-1].markAsDone();"
      },
      {
        "lineNumber": 53,
        "author": {
          "gitId": "nigellenl"
        },
        "content": "                System.out.println(\"____________________________________________________________\");"
      },
      {
        "lineNumber": 54,
        "author": {
          "gitId": "nigellenl"
        },
        "content": "                System.out.println(\"Nice! I\u0027ve marked this task as done: \" + tasks[number-1].description);"
      },
      {
        "lineNumber": 55,
        "author": {
          "gitId": "nigellenl"
        },
        "content": "                System.out.println(\"____________________________________________________________\");"
      },
      {
        "lineNumber": 56,
        "author": {
          "gitId": "nigellenl"
        },
        "content": "            } else {"
      },
      {
        "lineNumber": 57,
        "author": {
          "gitId": "nigellenl"
        },
        "content": "                System.out.println(\"error\");"
      },
      {
        "lineNumber": 58,
        "author": {
          "gitId": "nigellenl"
        },
        "content": "            }"
      },
      {
        "lineNumber": 59,
        "author": {
          "gitId": "nigellenl"
        },
        "content": "        }"
      },
      {
        "lineNumber": 60,
        "author": {
          "gitId": "nigellenl"
        },
        "content": "    }"
      },
      {
        "lineNumber": 61,
        "author": {
          "gitId": "nigellenl"
        },
        "content": ""
      },
      {
        "lineNumber": 62,
        "author": {
          "gitId": "nigellenl"
        },
        "content": "    private static void printAcknowledgement(Task task, int counter) {"
      },
      {
        "lineNumber": 63,
        "author": {
          "gitId": "nigellenl"
        },
        "content": "        System.out.println(\"____________________________________________________________\");"
      },
      {
        "lineNumber": 64,
        "author": {
          "gitId": "nigellenl"
        },
        "content": "        System.out.println(\"Got it. I\u0027ve added this task: \");"
      },
      {
        "lineNumber": 65,
        "author": {
          "gitId": "nigellenl"
        },
        "content": "        System.out.println(task.toString());"
      },
      {
        "lineNumber": 66,
        "author": {
          "gitId": "nigellenl"
        },
        "content": "        System.out.println(\"Now you have \" + (counter + 1) + \" tasks in your list.\");"
      },
      {
        "lineNumber": 67,
        "author": {
          "gitId": "nigellenl"
        },
        "content": "        System.out.println(\"____________________________________________________________\");"
      },
      {
        "lineNumber": 68,
        "author": {
          "gitId": "nigellenl"
        },
        "content": "    }"
      },
      {
        "lineNumber": 69,
        "author": {
          "gitId": "nigellenl"
        },
        "content": ""
      },
      {
        "lineNumber": 70,
        "author": {
          "gitId": "nigellenl"
        },
        "content": "    private static void printByeMessage() {"
      },
      {
        "lineNumber": 71,
        "author": {
          "gitId": "nigellenl"
        },
        "content": "        System.out.println(\"____________________________________________________________\");"
      },
      {
        "lineNumber": 72,
        "author": {
          "gitId": "nigellenl"
        },
        "content": "        System.out.println(\"Bye. Hope to see you again soon!\");"
      },
      {
        "lineNumber": 73,
        "author": {
          "gitId": "nigellenl"
        },
        "content": "        System.out.println(\"____________________________________________________________\");"
      },
      {
        "lineNumber": 74,
        "author": {
          "gitId": "nigellenl"
        },
        "content": "    }"
      },
      {
        "lineNumber": 75,
        "author": {
          "gitId": "nigellenl"
        },
        "content": ""
      },
      {
        "lineNumber": 76,
        "author": {
          "gitId": "nigellenl"
        },
        "content": "    private static void printWelcomeMessage() {"
      },
      {
        "lineNumber": 77,
        "author": {
          "gitId": "-"
        },
        "content": "        String logo \u003d \" ____        _        \\n\""
      },
      {
        "lineNumber": 78,
        "author": {
          "gitId": "-"
        },
        "content": "                + \"|  _ \\\\ _   _| | _____ \\n\""
      },
      {
        "lineNumber": 79,
        "author": {
          "gitId": "-"
        },
        "content": "                + \"| | | | | | | |/ / _ \\\\\\n\""
      },
      {
        "lineNumber": 80,
        "author": {
          "gitId": "-"
        },
        "content": "                + \"| |_| | |_| |   \u003c  __/\\n\""
      },
      {
        "lineNumber": 81,
        "author": {
          "gitId": "-"
        },
        "content": "                + \"|____/ \\\\__,_|_|\\\\_\\\\___|\\n\";"
      },
      {
        "lineNumber": 82,
        "author": {
          "gitId": "-"
        },
        "content": "        System.out.println(\"Hello from\\n\" + logo);"
      },
      {
        "lineNumber": 83,
        "author": {
          "gitId": "nigellenl"
        },
        "content": "        System.out.println(\"____________________________________________________________\");"
      },
      {
        "lineNumber": 84,
        "author": {
          "gitId": "nigellenl"
        },
        "content": "        System.out.println(\"Hello! I\u0027m Duke\");"
      },
      {
        "lineNumber": 85,
        "author": {
          "gitId": "nigellenl"
        },
        "content": "        System.out.println(\"What can I do for you?\");"
      },
      {
        "lineNumber": 86,
        "author": {
          "gitId": "nigellenl"
        },
        "content": "        System.out.println(\"____________________________________________________________\");"
      },
      {
        "lineNumber": 87,
        "author": {
          "gitId": "-"
        },
        "content": "    }"
      },
      {
        "lineNumber": 88,
        "author": {
          "gitId": "-"
        },
        "content": "}"
      }
    ],
    "authorContributionMap": {
      "nigellenl": 78,
      "-": 10
    }
  },
  {
    "path": "src/main/java/Event.java",
    "fileType": "java",
    "lines": [
      {
        "lineNumber": 1,
        "author": {
          "gitId": "nigellenl"
        },
        "content": "public class Event extends Task {"
      },
      {
        "lineNumber": 2,
        "author": {
          "gitId": "nigellenl"
        },
        "content": ""
      },
      {
        "lineNumber": 3,
        "author": {
          "gitId": "nigellenl"
        },
        "content": "    protected String at;"
      },
      {
        "lineNumber": 4,
        "author": {
          "gitId": "nigellenl"
        },
        "content": ""
      },
      {
        "lineNumber": 5,
        "author": {
          "gitId": "nigellenl"
        },
        "content": "    public Event(String description, String at) {"
      },
      {
        "lineNumber": 6,
        "author": {
          "gitId": "nigellenl"
        },
        "content": "        super(description);"
      },
      {
        "lineNumber": 7,
        "author": {
          "gitId": "nigellenl"
        },
        "content": "        this.at \u003d at;"
      },
      {
        "lineNumber": 8,
        "author": {
          "gitId": "nigellenl"
        },
        "content": "    }"
      },
      {
        "lineNumber": 9,
        "author": {
          "gitId": "nigellenl"
        },
        "content": ""
      },
      {
        "lineNumber": 10,
        "author": {
          "gitId": "nigellenl"
        },
        "content": "    @Override"
      },
      {
        "lineNumber": 11,
        "author": {
          "gitId": "nigellenl"
        },
        "content": "    public String toString() {"
      },
      {
        "lineNumber": 12,
        "author": {
          "gitId": "nigellenl"
        },
        "content": "        return \"[E]\" + super.toString() + \" (at: \" + at + \")\";"
      },
      {
        "lineNumber": 13,
        "author": {
          "gitId": "nigellenl"
        },
        "content": "    }"
      },
      {
        "lineNumber": 14,
        "author": {
          "gitId": "nigellenl"
        },
        "content": "}"
      }
    ],
    "authorContributionMap": {
      "nigellenl": 14
    }
  },
  {
    "path": "src/main/java/Task.java",
    "fileType": "java",
    "lines": [
      {
        "lineNumber": 1,
        "author": {
          "gitId": "nigellenl"
        },
        "content": "public class Task {"
      },
      {
        "lineNumber": 2,
        "author": {
          "gitId": "nigellenl"
        },
        "content": "    protected String description;"
      },
      {
        "lineNumber": 3,
        "author": {
          "gitId": "nigellenl"
        },
        "content": "    protected boolean isDone;"
      },
      {
        "lineNumber": 4,
        "author": {
          "gitId": "nigellenl"
        },
        "content": ""
      },
      {
        "lineNumber": 5,
        "author": {
          "gitId": "nigellenl"
        },
        "content": "    public Task(String description) {"
      },
      {
        "lineNumber": 6,
        "author": {
          "gitId": "nigellenl"
        },
        "content": "        this.description \u003d description;"
      },
      {
        "lineNumber": 7,
        "author": {
          "gitId": "nigellenl"
        },
        "content": "        this.isDone \u003d false;"
      },
      {
        "lineNumber": 8,
        "author": {
          "gitId": "nigellenl"
        },
        "content": "    }"
      },
      {
        "lineNumber": 9,
        "author": {
          "gitId": "nigellenl"
        },
        "content": ""
      },
      {
        "lineNumber": 10,
        "author": {
          "gitId": "nigellenl"
        },
        "content": "    public String getStatusIcon() {"
      },
      {
        "lineNumber": 11,
        "author": {
          "gitId": "nigellenl"
        },
        "content": "        return (isDone ? \"[\" + \"\\u2713\" + \"]\" : \"[\" + \"\\u2718\" + \"] \"); //return tick or X symbols"
      },
      {
        "lineNumber": 12,
        "author": {
          "gitId": "nigellenl"
        },
        "content": "    }"
      },
      {
        "lineNumber": 13,
        "author": {
          "gitId": "nigellenl"
        },
        "content": ""
      },
      {
        "lineNumber": 14,
        "author": {
          "gitId": "nigellenl"
        },
        "content": "    public void markAsDone() {"
      },
      {
        "lineNumber": 15,
        "author": {
          "gitId": "nigellenl"
        },
        "content": "        this.isDone \u003d true;"
      },
      {
        "lineNumber": 16,
        "author": {
          "gitId": "nigellenl"
        },
        "content": "    }"
      },
      {
        "lineNumber": 17,
        "author": {
          "gitId": "nigellenl"
        },
        "content": ""
      },
      {
        "lineNumber": 18,
        "author": {
          "gitId": "nigellenl"
        },
        "content": "    @Override"
      },
      {
        "lineNumber": 19,
        "author": {
          "gitId": "nigellenl"
        },
        "content": "    public String toString() {"
      },
      {
        "lineNumber": 20,
        "author": {
          "gitId": "nigellenl"
        },
        "content": "        return getStatusIcon() + description;"
      },
      {
        "lineNumber": 21,
        "author": {
          "gitId": "nigellenl"
        },
        "content": "    }"
      },
      {
        "lineNumber": 22,
        "author": {
          "gitId": "nigellenl"
        },
        "content": "}"
      }
    ],
    "authorContributionMap": {
      "nigellenl": 22
    }
  },
  {
    "path": "src/main/java/Todo.java",
    "fileType": "java",
    "lines": [
      {
        "lineNumber": 1,
        "author": {
          "gitId": "nigellenl"
        },
        "content": "public class Todo extends Task {"
      },
      {
        "lineNumber": 2,
        "author": {
          "gitId": "nigellenl"
        },
        "content": ""
      },
      {
        "lineNumber": 3,
        "author": {
          "gitId": "nigellenl"
        },
        "content": "    public Todo(String description) {"
      },
      {
        "lineNumber": 4,
        "author": {
          "gitId": "nigellenl"
        },
        "content": "        super(description);"
      },
      {
        "lineNumber": 5,
        "author": {
          "gitId": "nigellenl"
        },
        "content": "    }"
      },
      {
        "lineNumber": 6,
        "author": {
          "gitId": "nigellenl"
        },
        "content": ""
      },
      {
        "lineNumber": 7,
        "author": {
          "gitId": "nigellenl"
        },
        "content": "    @Override"
      },
      {
        "lineNumber": 8,
        "author": {
          "gitId": "nigellenl"
        },
        "content": "    public String toString() {"
      },
      {
        "lineNumber": 9,
        "author": {
          "gitId": "nigellenl"
        },
        "content": "        return \"[T]\" + super.toString();"
      },
      {
        "lineNumber": 10,
        "author": {
          "gitId": "nigellenl"
        },
        "content": "    }"
      },
      {
        "lineNumber": 11,
        "author": {
          "gitId": "nigellenl"
        },
        "content": "}"
      }
    ],
    "authorContributionMap": {
      "nigellenl": 11
    }
  }
]
