{
  "authorDailyContributionsMap": {
    "nigellenl": [
      {
        "insertions": 6,
        "deletions": 0,
        "date": "2020-01-22",
        "commitResults": [
          {
            "hash": "557c33b14be61997abce4179ef899d949e1eaa76",
            "messageTitle": "Add Increment: Level-0",
            "messageBody": "",
            "insertions": 6,
            "deletions": 0
          }
        ]
      },
      {
        "insertions": 22,
        "deletions": 2,
        "date": "2020-01-26",
        "commitResults": [
          {
            "hash": "0133184703d518dcd234a54e1060d2c6edc6c19c",
            "messageTitle": "Add Increment: Level-1",
            "messageBody": "",
            "tags": [
              "Level-1",
              "Level-0",
              "GreetEchoExit",
              "A-GreetEchoExit"
            ],
            "insertions": 22,
            "deletions": 2
          }
        ]
      },
      {
        "insertions": 56,
        "deletions": 9,
        "date": "2020-01-27",
        "commitResults": [
          {
            "hash": "a28d06c9c980af9012369fea52f39a099822d4c2",
            "messageTitle": "Add Increment: Level-2",
            "messageBody": "",
            "tags": [
              "Level-2",
              "AddList",
              "A-AddList"
            ],
            "insertions": 22,
            "deletions": 4
          },
          {
            "hash": "0a1d584dcc0816a7fdb8959f82258cd4dd6ae101",
            "messageTitle": "Add Increment: Level-3",
            "messageBody": "",
            "tags": [
              "Level-3",
              "A-MarkAsDone",
              "A-Classes"
            ],
            "insertions": 34,
            "deletions": 5
          }
        ]
      },
      {
        "insertions": 20,
        "deletions": 24,
        "date": "2020-01-29",
        "commitResults": [
          {
            "hash": "607021ad4b3f9cbcf8ea58269c40dce2cf749d0b",
            "messageTitle": "Follow Coding Standards",
            "messageBody": "",
            "tags": [
              "A-CodingStandard"
            ],
            "insertions": 20,
            "deletions": 24
          }
        ]
      },
      {
        "insertions": 84,
        "deletions": 13,
        "date": "2020-01-31",
        "commitResults": [
          {
            "hash": "b881e5bf02958296c3145fc42e1fff9995dcd076",
            "messageTitle": "Add Increment: Level-4",
            "messageBody": "",
            "tags": [
              "Level-4",
              "A-TodosEventsDeadlines",
              "A-Inheritance"
            ],
            "insertions": 84,
            "deletions": 13
          }
        ]
      },
      {
        "insertions": 47,
        "deletions": 39,
        "date": "2020-02-09",
        "commitResults": [
          {
            "hash": "9fabfc00df2c761023513fe3f11556ca3fea4148",
            "messageTitle": "Add Code Quality",
            "messageBody": "",
            "tags": [
              "A-CodeQuality"
            ],
            "insertions": 47,
            "deletions": 39
          }
        ]
      },
      {
        "insertions": 90,
        "deletions": 39,
        "date": "2020-02-10",
        "commitResults": [
          {
            "hash": "dd7ac81d63ca2628c2e1bfaec6682d41dd8b1a08",
            "messageTitle": "Add Increment: Level-5",
            "messageBody": "",
            "tags": [
              "branch-Level-5",
              "branch-A-Exceptions"
            ],
            "insertions": 58,
            "deletions": 34
          },
          {
            "hash": "d2acaaa5376253657acd40d0ed5941b5d9433405",
            "messageTitle": "Add Increment: A-Packages",
            "messageBody": "",
            "tags": [
              "A-Packages"
            ],
            "insertions": 32,
            "deletions": 5
          }
        ]
      },
      {
        "insertions": 127,
        "deletions": 19,
        "date": "2020-02-17",
        "commitResults": [
          {
            "hash": "81f9ccc3306e25e03df1b92ef3e20ee5cc1ba8b7",
            "messageTitle": "Add Increment: Level-6",
            "messageBody": "",
            "insertions": 29,
            "deletions": 13
          },
          {
            "hash": "788f6400eb3ede26c75d987b23be91b93f89de58",
            "messageTitle": "Add Increment: Level-7",
            "messageBody": "",
            "insertions": 94,
            "deletions": 3
          },
          {
            "hash": "1a7de4abeccf11cf5fe43923f037cbd988cd2b9c",
            "messageTitle": "Resolve Merge Conflicts",
            "messageBody": "",
            "tags": [
              "v0.1",
              "A-Jar"
            ],
            "insertions": 4,
            "deletions": 3
          }
        ]
      },
      {
        "insertions": 19,
        "deletions": 15,
        "date": "2020-02-19",
        "commitResults": [
          {
            "hash": "2913fa99f477651bd42a63c5c2580f6d380c2eb6",
            "messageTitle": "Fix bugs in delete and save",
            "messageBody": "",
            "insertions": 19,
            "deletions": 15
          }
        ]
      }
    ]
  },
  "authorFinalContributionMap": {
    "nigellenl": 316
  },
  "authorFileTypeContributionMap": {
    "nigellenl": {
      "java": 313,
      "md": 2,
      "fxml": 0,
      "sh": 0,
      "bat": 0,
      "gradle": 1,
      "txt": 0
    }
  },
  "authorContributionVariance": {
    "nigellenl": 1374.0283
  },
  "authorDisplayNameMap": {
    "nigellenl": "CS2113-T15-1 NIGE..UWEN"
  }
}
