{
  "authorDailyContributionsMap": {
    "sliu107": [
      {
        "insertions": 21,
        "deletions": 6,
        "date": "2020-01-19",
        "commitResults": [
          {
            "hash": "08298dc04e3834b12bdb59c796a728484c2eb444",
            "messageTitle": "initial skeleton can simply echo commands",
            "messageBody": "",
            "insertions": 21,
            "deletions": 6
          }
        ]
      },
      {
        "insertions": 58,
        "deletions": 15,
        "date": "2020-01-27",
        "commitResults": [
          {
            "hash": "e68f1ad2afb2e4bbf20b4127da355e982293b9a1",
            "messageTitle": "Change output format",
            "messageBody": "",
            "tags": [
              "Level-1"
            ],
            "insertions": 7,
            "deletions": 1
          },
          {
            "hash": "5079a6fd7774a72dc292b1233b738247c0eb68bc",
            "messageTitle": "add and list tasks",
            "messageBody": "",
            "tags": [
              "Level-2"
            ],
            "insertions": 15,
            "deletions": 9
          },
          {
            "hash": "6819cd8a9dd191e4b5454910efadb8c005fbd5e9",
            "messageTitle": "add the ability to mark tasks as done with new data type Task",
            "messageBody": "",
            "tags": [
              "Level-3",
              "A-Classes"
            ],
            "insertions": 36,
            "deletions": 5
          }
        ]
      },
      {
        "insertions": 138,
        "deletions": 29,
        "date": "2020-02-03",
        "commitResults": [
          {
            "hash": "2608d10f1e45bede440ff6cbeb252b649c826a05",
            "messageTitle": "task classification and some refactoring in main",
            "messageBody": "",
            "tags": [
              "Level-4",
              "A-Inheritance"
            ],
            "insertions": 138,
            "deletions": 29
          }
        ]
      },
      {
        "insertions": 121,
        "deletions": 93,
        "date": "2020-02-09",
        "commitResults": [
          {
            "hash": "f1dfdaec447e05ffa9ba58d83396c848ba2d0dc4",
            "messageTitle": "refactor the switch block in main",
            "messageBody": "",
            "tags": [
              "A-CodeQuality"
            ],
            "insertions": 24,
            "deletions": 13
          },
          {
            "hash": "0a3895805d3c4349ec9acab21d8caa8d7ff4b563",
            "messageTitle": "handle two basic errors",
            "messageBody": "",
            "tags": [
              "Level-5"
            ],
            "insertions": 38,
            "deletions": 30
          },
          {
            "hash": "db52e505d5e559bf73f3295a0ebb42d49b34ac5a",
            "messageTitle": "define new type of Exceptions to handle errors",
            "messageBody": "",
            "tags": [
              "Minimal"
            ],
            "insertions": 59,
            "deletions": 50
          }
        ]
      },
      {
        "insertions": 23,
        "deletions": 3,
        "date": "2020-02-10",
        "commitResults": [
          {
            "hash": "e7d970c1d5320b673234158ecc03484b72ffcb9f",
            "messageTitle": "divide classes to packages",
            "messageBody": "",
            "insertions": 23,
            "deletions": 3
          }
        ]
      },
      {
        "insertions": 32,
        "deletions": 19,
        "date": "2020-02-17",
        "commitResults": [
          {
            "hash": "c52fff07c75de6064c927d121129a674b2326a8e",
            "messageTitle": "Add a function of deleting a task",
            "messageBody": "",
            "tags": [
              "Level-6",
              "A-Collections"
            ],
            "insertions": 32,
            "deletions": 19
          }
        ]
      },
      {
        "insertions": 58,
        "deletions": 32,
        "date": "2020-02-18",
        "commitResults": [
          {
            "hash": "daea722cccc72449fd260631b090dff23277a99e",
            "messageTitle": "save user\u0027s tasks to a file",
            "messageBody": "",
            "tags": [
              "Level-7"
            ],
            "insertions": 57,
            "deletions": 31
          },
          {
            "hash": "babca75fd5e7ddfda9af2d771ea92d77de686e04",
            "messageTitle": "change the relevant path of the saving file",
            "messageBody": "",
            "tags": [
              "v0.1",
              "A-Jar"
            ],
            "insertions": 1,
            "deletions": 1
          }
        ]
      },
      {
        "insertions": 316,
        "deletions": 161,
        "date": "2020-02-24",
        "commitResults": [
          {
            "hash": "6c76a82593757b7e2401b3fd755f38d533bf1a82",
            "messageTitle": "make the code more OOP -- minimal",
            "messageBody": "",
            "tags": [
              "A-MoreOOP"
            ],
            "insertions": 316,
            "deletions": 161
          }
        ]
      }
    ]
  },
  "authorFinalContributionMap": {
    "sliu107": 417
  },
  "authorFileTypeContributionMap": {
    "sliu107": {
      "java": 415,
      "md": 2,
      "fxml": 0,
      "sh": 0,
      "bat": 0,
      "gradle": 0,
      "txt": 0
    }
  },
  "authorContributionVariance": {
    "sliu107": 6725.9507
  },
  "authorDisplayNameMap": {
    "sliu107": "CS2113-T14-1 LIU ..IYUE"
  }
}
