[
  {
    "path": "src/main/java/Deadline.java",
    "fileType": "java",
    "lines": [
      {
        "lineNumber": 1,
        "author": {
          "gitId": "cheongisabella"
        },
        "content": "public class Deadline extends Task {"
      },
      {
        "lineNumber": 2,
        "author": {
          "gitId": "cheongisabella"
        },
        "content": "    protected String by;"
      },
      {
        "lineNumber": 3,
        "author": {
          "gitId": "cheongisabella"
        },
        "content": ""
      },
      {
        "lineNumber": 4,
        "author": {
          "gitId": "cheongisabella"
        },
        "content": "    public Deadline(String action, String by) {"
      },
      {
        "lineNumber": 5,
        "author": {
          "gitId": "cheongisabella"
        },
        "content": "        super(action);"
      },
      {
        "lineNumber": 6,
        "author": {
          "gitId": "cheongisabella"
        },
        "content": "        this.by \u003d by;"
      },
      {
        "lineNumber": 7,
        "author": {
          "gitId": "cheongisabella"
        },
        "content": "    }"
      },
      {
        "lineNumber": 8,
        "author": {
          "gitId": "cheongisabella"
        },
        "content": ""
      },
      {
        "lineNumber": 9,
        "author": {
          "gitId": "cheongisabella"
        },
        "content": "    @Override"
      },
      {
        "lineNumber": 10,
        "author": {
          "gitId": "cheongisabella"
        },
        "content": "    public String toString() {"
      },
      {
        "lineNumber": 11,
        "author": {
          "gitId": "cheongisabella"
        },
        "content": "        return \"[D]\" + super.toString() + \"(by: \" + by + \")\";"
      },
      {
        "lineNumber": 12,
        "author": {
          "gitId": "cheongisabella"
        },
        "content": "    }"
      },
      {
        "lineNumber": 13,
        "author": {
          "gitId": "cheongisabella"
        },
        "content": "}"
      }
    ],
    "authorContributionMap": {
      "cheongisabella": 13
    }
  },
  {
    "path": "src/main/java/Duke.java",
    "fileType": "java",
    "lines": [
      {
        "lineNumber": 1,
        "author": {
          "gitId": "cheongisabella"
        },
        "content": "import java.util.ArrayList;"
      },
      {
        "lineNumber": 2,
        "author": {
          "gitId": "cheongisabella"
        },
        "content": "import java.util.Scanner;"
      },
      {
        "lineNumber": 3,
        "author": {
          "gitId": "cheongisabella"
        },
        "content": ""
      },
      {
        "lineNumber": 4,
        "author": {
          "gitId": "-"
        },
        "content": "public class Duke {"
      },
      {
        "lineNumber": 5,
        "author": {
          "gitId": "-"
        },
        "content": "    public static void main(String[] args) {"
      },
      {
        "lineNumber": 6,
        "author": {
          "gitId": "cheongisabella"
        },
        "content": ""
      },
      {
        "lineNumber": 7,
        "author": {
          "gitId": "cheongisabella"
        },
        "content": "        String line;"
      },
      {
        "lineNumber": 8,
        "author": {
          "gitId": "cheongisabella"
        },
        "content": "        Scanner in \u003d new Scanner(System.in);"
      },
      {
        "lineNumber": 9,
        "author": {
          "gitId": "cheongisabella"
        },
        "content": "        ArrayList\u003cTask\u003e taskList \u003d new ArrayList\u003cTask\u003e();"
      },
      {
        "lineNumber": 10,
        "author": {
          "gitId": "cheongisabella"
        },
        "content": ""
      },
      {
        "lineNumber": 11,
        "author": {
          "gitId": "cheongisabella"
        },
        "content": "        System.out.println(\"Hello! I\u0027m Isabella\" + System.lineSeparator() + \"What can I do for you?\");"
      },
      {
        "lineNumber": 12,
        "author": {
          "gitId": "cheongisabella"
        },
        "content": "        line \u003d in.nextLine();"
      },
      {
        "lineNumber": 13,
        "author": {
          "gitId": "cheongisabella"
        },
        "content": "        while (!line.equals(\"bye\")) {"
      },
      {
        "lineNumber": 14,
        "author": {
          "gitId": "cheongisabella"
        },
        "content": "            if (line.startsWith(\"done\")) {"
      },
      {
        "lineNumber": 15,
        "author": {
          "gitId": "cheongisabella"
        },
        "content": "                int index \u003d Integer.parseInt(line.substring(5)) - 1;"
      },
      {
        "lineNumber": 16,
        "author": {
          "gitId": "cheongisabella"
        },
        "content": "                taskList.get(index).markAsDone();"
      },
      {
        "lineNumber": 17,
        "author": {
          "gitId": "cheongisabella"
        },
        "content": "                System.out.println(\"Nice! I\u0027ve marked this task as done: \" + System.lineSeparator() + taskList.get(index));"
      },
      {
        "lineNumber": 18,
        "author": {
          "gitId": "cheongisabella"
        },
        "content": "            } else if (line.equals(\"list\")) {"
      },
      {
        "lineNumber": 19,
        "author": {
          "gitId": "cheongisabella"
        },
        "content": "                if (taskList.size() \u003d\u003d 0) {"
      },
      {
        "lineNumber": 20,
        "author": {
          "gitId": "cheongisabella"
        },
        "content": "                    System.out.println(\"There is nothing on the list.\");"
      },
      {
        "lineNumber": 21,
        "author": {
          "gitId": "cheongisabella"
        },
        "content": "                } else {"
      },
      {
        "lineNumber": 22,
        "author": {
          "gitId": "cheongisabella"
        },
        "content": "                    System.out.println(\"Here are the tasks in your list: \");"
      },
      {
        "lineNumber": 23,
        "author": {
          "gitId": "cheongisabella"
        },
        "content": "                    for (int i \u003d 0; i \u003c taskList.size(); i++) {"
      },
      {
        "lineNumber": 24,
        "author": {
          "gitId": "cheongisabella"
        },
        "content": "                        System.out.println(i + 1 + \".\" + taskList.get(i));"
      },
      {
        "lineNumber": 25,
        "author": {
          "gitId": "cheongisabella"
        },
        "content": "                    }"
      },
      {
        "lineNumber": 26,
        "author": {
          "gitId": "cheongisabella"
        },
        "content": "                }"
      },
      {
        "lineNumber": 27,
        "author": {
          "gitId": "cheongisabella"
        },
        "content": "            } else if (line.startsWith(\"todo\")) {"
      },
      {
        "lineNumber": 28,
        "author": {
          "gitId": "cheongisabella"
        },
        "content": "                Task t \u003d new Todo(line.substring(5));"
      },
      {
        "lineNumber": 29,
        "author": {
          "gitId": "cheongisabella"
        },
        "content": "                taskList.add(t);"
      },
      {
        "lineNumber": 30,
        "author": {
          "gitId": "cheongisabella"
        },
        "content": "                System.out.println(\"Got it. I\u0027ve added this task: \" + System.lineSeparator() + t + System.lineSeparator() + \"Now you have \" + taskList.size() + \" tasks in the list.\");"
      },
      {
        "lineNumber": 31,
        "author": {
          "gitId": "cheongisabella"
        },
        "content": "            } else if (line.startsWith(\"deadline\")) {"
      },
      {
        "lineNumber": 32,
        "author": {
          "gitId": "cheongisabella"
        },
        "content": "                int startOfDate \u003d line.indexOf(\u0027/\u0027);"
      },
      {
        "lineNumber": 33,
        "author": {
          "gitId": "cheongisabella"
        },
        "content": "                Task t \u003d new Deadline(line.substring(9, startOfDate), line.substring(startOfDate + 4));"
      },
      {
        "lineNumber": 34,
        "author": {
          "gitId": "cheongisabella"
        },
        "content": "                taskList.add(t);"
      },
      {
        "lineNumber": 35,
        "author": {
          "gitId": "cheongisabella"
        },
        "content": "                System.out.println(\"Got it. I\u0027ve added this task: \" + System.lineSeparator() + t + System.lineSeparator() + \"Now you have \" + taskList.size() + \" tasks in the list.\");"
      },
      {
        "lineNumber": 36,
        "author": {
          "gitId": "cheongisabella"
        },
        "content": "            } else if (line.startsWith(\"event\")) {"
      },
      {
        "lineNumber": 37,
        "author": {
          "gitId": "cheongisabella"
        },
        "content": "                int startOfDate \u003d line.indexOf(\u0027/\u0027);"
      },
      {
        "lineNumber": 38,
        "author": {
          "gitId": "cheongisabella"
        },
        "content": "                    Task t \u003d new Event(line.substring(6, startOfDate), line.substring(startOfDate + 4));"
      },
      {
        "lineNumber": 39,
        "author": {
          "gitId": "cheongisabella"
        },
        "content": "                    taskList.add(t);"
      },
      {
        "lineNumber": 40,
        "author": {
          "gitId": "cheongisabella"
        },
        "content": "                System.out.println(\"Got it. I\u0027ve added this task: \" + System.lineSeparator() + t + System.lineSeparator() + \"Now you have \" + taskList.size() + \" tasks in the list.\");"
      },
      {
        "lineNumber": 41,
        "author": {
          "gitId": "cheongisabella"
        },
        "content": "            }"
      },
      {
        "lineNumber": 42,
        "author": {
          "gitId": "cheongisabella"
        },
        "content": "                line \u003d in.nextLine();"
      },
      {
        "lineNumber": 43,
        "author": {
          "gitId": "cheongisabella"
        },
        "content": "        }"
      },
      {
        "lineNumber": 44,
        "author": {
          "gitId": "cheongisabella"
        },
        "content": "        System.out.println(\"Bye. Hope to see you again soon!\");"
      },
      {
        "lineNumber": 45,
        "author": {
          "gitId": "cheongisabella"
        },
        "content": ""
      },
      {
        "lineNumber": 46,
        "author": {
          "gitId": "-"
        },
        "content": "    }"
      },
      {
        "lineNumber": 47,
        "author": {
          "gitId": "-"
        },
        "content": "}"
      }
    ],
    "authorContributionMap": {
      "cheongisabella": 43,
      "-": 4
    }
  },
  {
    "path": "src/main/java/Event.java",
    "fileType": "java",
    "lines": [
      {
        "lineNumber": 1,
        "author": {
          "gitId": "cheongisabella"
        },
        "content": "public class Event extends Task {"
      },
      {
        "lineNumber": 2,
        "author": {
          "gitId": "cheongisabella"
        },
        "content": "    protected String at;"
      },
      {
        "lineNumber": 3,
        "author": {
          "gitId": "cheongisabella"
        },
        "content": ""
      },
      {
        "lineNumber": 4,
        "author": {
          "gitId": "cheongisabella"
        },
        "content": "    public Event(String action, String at) {"
      },
      {
        "lineNumber": 5,
        "author": {
          "gitId": "cheongisabella"
        },
        "content": "        super(action);"
      },
      {
        "lineNumber": 6,
        "author": {
          "gitId": "cheongisabella"
        },
        "content": "        this.at \u003d at;"
      },
      {
        "lineNumber": 7,
        "author": {
          "gitId": "cheongisabella"
        },
        "content": "    }"
      },
      {
        "lineNumber": 8,
        "author": {
          "gitId": "cheongisabella"
        },
        "content": ""
      },
      {
        "lineNumber": 9,
        "author": {
          "gitId": "cheongisabella"
        },
        "content": "    @Override"
      },
      {
        "lineNumber": 10,
        "author": {
          "gitId": "cheongisabella"
        },
        "content": "    public String toString() {"
      },
      {
        "lineNumber": 11,
        "author": {
          "gitId": "cheongisabella"
        },
        "content": "        return \"[E]\" + super.toString() + \"(at: \" + at + \")\";"
      },
      {
        "lineNumber": 12,
        "author": {
          "gitId": "cheongisabella"
        },
        "content": "    }"
      },
      {
        "lineNumber": 13,
        "author": {
          "gitId": "cheongisabella"
        },
        "content": "}"
      }
    ],
    "authorContributionMap": {
      "cheongisabella": 13
    }
  },
  {
    "path": "src/main/java/Task.java",
    "fileType": "java",
    "lines": [
      {
        "lineNumber": 1,
        "author": {
          "gitId": "cheongisabella"
        },
        "content": "public class Task {"
      },
      {
        "lineNumber": 2,
        "author": {
          "gitId": "cheongisabella"
        },
        "content": "    protected String action;"
      },
      {
        "lineNumber": 3,
        "author": {
          "gitId": "cheongisabella"
        },
        "content": "    protected boolean isDone;"
      },
      {
        "lineNumber": 4,
        "author": {
          "gitId": "cheongisabella"
        },
        "content": ""
      },
      {
        "lineNumber": 5,
        "author": {
          "gitId": "cheongisabella"
        },
        "content": "    public Task(String action) {"
      },
      {
        "lineNumber": 6,
        "author": {
          "gitId": "cheongisabella"
        },
        "content": "        this.action \u003d action;"
      },
      {
        "lineNumber": 7,
        "author": {
          "gitId": "cheongisabella"
        },
        "content": "        this.isDone \u003d false;"
      },
      {
        "lineNumber": 8,
        "author": {
          "gitId": "cheongisabella"
        },
        "content": "    }"
      },
      {
        "lineNumber": 9,
        "author": {
          "gitId": "cheongisabella"
        },
        "content": ""
      },
      {
        "lineNumber": 10,
        "author": {
          "gitId": "cheongisabella"
        },
        "content": "    public String checkIfDone() {"
      },
      {
        "lineNumber": 11,
        "author": {
          "gitId": "cheongisabella"
        },
        "content": "        if (isDone) {"
      },
      {
        "lineNumber": 12,
        "author": {
          "gitId": "cheongisabella"
        },
        "content": "            return \"\\u2713\";"
      },
      {
        "lineNumber": 13,
        "author": {
          "gitId": "cheongisabella"
        },
        "content": "        } else {"
      },
      {
        "lineNumber": 14,
        "author": {
          "gitId": "cheongisabella"
        },
        "content": "            return \"\\u2718\";"
      },
      {
        "lineNumber": 15,
        "author": {
          "gitId": "cheongisabella"
        },
        "content": "        }"
      },
      {
        "lineNumber": 16,
        "author": {
          "gitId": "cheongisabella"
        },
        "content": "    }"
      },
      {
        "lineNumber": 17,
        "author": {
          "gitId": "cheongisabella"
        },
        "content": ""
      },
      {
        "lineNumber": 18,
        "author": {
          "gitId": "cheongisabella"
        },
        "content": "    public boolean markAsDone() {"
      },
      {
        "lineNumber": 19,
        "author": {
          "gitId": "cheongisabella"
        },
        "content": "        return isDone \u003d true;"
      },
      {
        "lineNumber": 20,
        "author": {
          "gitId": "cheongisabella"
        },
        "content": "    }"
      },
      {
        "lineNumber": 21,
        "author": {
          "gitId": "cheongisabella"
        },
        "content": ""
      },
      {
        "lineNumber": 22,
        "author": {
          "gitId": "cheongisabella"
        },
        "content": "    @Override"
      },
      {
        "lineNumber": 23,
        "author": {
          "gitId": "cheongisabella"
        },
        "content": "    public String toString() {"
      },
      {
        "lineNumber": 24,
        "author": {
          "gitId": "cheongisabella"
        },
        "content": "        return \"[\" + checkIfDone() + \"] \" + action;"
      },
      {
        "lineNumber": 25,
        "author": {
          "gitId": "cheongisabella"
        },
        "content": "    }"
      },
      {
        "lineNumber": 26,
        "author": {
          "gitId": "cheongisabella"
        },
        "content": "}"
      }
    ],
    "authorContributionMap": {
      "cheongisabella": 26
    }
  },
  {
    "path": "src/main/java/Todo.java",
    "fileType": "java",
    "lines": [
      {
        "lineNumber": 1,
        "author": {
          "gitId": "cheongisabella"
        },
        "content": "public class Todo extends Task {"
      },
      {
        "lineNumber": 2,
        "author": {
          "gitId": "cheongisabella"
        },
        "content": "    protected String by;"
      },
      {
        "lineNumber": 3,
        "author": {
          "gitId": "cheongisabella"
        },
        "content": ""
      },
      {
        "lineNumber": 4,
        "author": {
          "gitId": "cheongisabella"
        },
        "content": "    public Todo(String action) {"
      },
      {
        "lineNumber": 5,
        "author": {
          "gitId": "cheongisabella"
        },
        "content": "        super(action);"
      },
      {
        "lineNumber": 6,
        "author": {
          "gitId": "cheongisabella"
        },
        "content": "    }"
      },
      {
        "lineNumber": 7,
        "author": {
          "gitId": "cheongisabella"
        },
        "content": ""
      },
      {
        "lineNumber": 8,
        "author": {
          "gitId": "cheongisabella"
        },
        "content": "    @Override"
      },
      {
        "lineNumber": 9,
        "author": {
          "gitId": "cheongisabella"
        },
        "content": "    public String toString() {"
      },
      {
        "lineNumber": 10,
        "author": {
          "gitId": "cheongisabella"
        },
        "content": "        return \"[T]\" + super.toString();"
      },
      {
        "lineNumber": 11,
        "author": {
          "gitId": "cheongisabella"
        },
        "content": "    }"
      },
      {
        "lineNumber": 12,
        "author": {
          "gitId": "cheongisabella"
        },
        "content": "}"
      }
    ],
    "authorContributionMap": {
      "cheongisabella": 12
    }
  }
]
