{
  "authorDailyContributionsMap": {
    "katelo731": [
      {
        "insertions": 85,
        "deletions": 37,
        "date": "2020-01-17",
        "commitResults": [
          {
            "hash": "c2d67093895861ec9d96778bbc15ba945f913695",
            "messageTitle": "add greet function",
            "messageBody": "",
            "insertions": 17,
            "deletions": 6
          },
          {
            "hash": "e63bd531457500606a45a8ac688ab59e8fe1efa7",
            "messageTitle": "add echo function",
            "messageBody": "",
            "insertions": 30,
            "deletions": 11
          },
          {
            "hash": "c1e000fe53d031ab44b3e25d70ef916c6bafac48",
            "messageTitle": "add exit function to terminate the process",
            "messageBody": "",
            "insertions": 8,
            "deletions": 0
          },
          {
            "hash": "fbe4e912e03970ccbbafd88577d883ad5df2414d",
            "messageTitle": "design chatbot user interface",
            "messageBody": "",
            "tags": [
              "Level-1"
            ],
            "insertions": 30,
            "deletions": 20
          }
        ]
      },
      {
        "insertions": 83,
        "deletions": 10,
        "date": "2020-01-23",
        "commitResults": [
          {
            "hash": "9924b24e125f9fcefe56263a2581a528dfdc92fe",
            "messageTitle": "add add, list function",
            "messageBody": "",
            "tags": [
              "Level-2"
            ],
            "insertions": 29,
            "deletions": 1
          },
          {
            "hash": "5d5c99f21634a0e79cae06d5ad70bebd404739b3",
            "messageTitle": "add Task class to represent tasks",
            "messageBody": "",
            "tags": [
              "Level-3",
              "A-CodingStandard",
              "A-Classes"
            ],
            "insertions": 54,
            "deletions": 9
          }
        ]
      },
      {
        "insertions": 120,
        "deletions": 19,
        "date": "2020-02-01",
        "commitResults": [
          {
            "hash": "e356dc009ec7e0ca1f560f7574774cf6a2d9068f",
            "messageTitle": "Use Inheritance to support multiple task types",
            "messageBody": "",
            "tags": [
              "Level-4",
              "A-Inheritance",
              "A-CodeQuality"
            ],
            "insertions": 120,
            "deletions": 19
          }
        ]
      },
      {
        "insertions": 190,
        "deletions": 86,
        "date": "2020-02-06",
        "commitResults": [
          {
            "hash": "2272441f0ca04c12c76e7effa52d7ec3b1ec4420",
            "messageTitle": "Improve code quality based on pull request comments.",
            "messageBody": "",
            "insertions": 71,
            "deletions": 74
          },
          {
            "hash": "f1b09d356d68dec7f0686e71b27ddca3ef91ee28",
            "messageTitle": "Add exception classes",
            "messageBody": "",
            "insertions": 101,
            "deletions": 11
          },
          {
            "hash": "20b2a13b040ad93d1099cbb2fd8f43c14bb99cdb",
            "messageTitle": "Divide classes into packages",
            "messageBody": "",
            "tags": [
              "A-Packages"
            ],
            "insertions": 18,
            "deletions": 1
          }
        ]
      },
      {
        "insertions": 138,
        "deletions": 6,
        "date": "2020-02-16",
        "commitResults": [
          {
            "hash": "01a564c85d49d21d4a58fdceaef2dc7a5d25ca70",
            "messageTitle": "Add support for deleting tasks from the list.",
            "messageBody": "",
            "tags": [
              "A-Collections"
            ],
            "insertions": 34,
            "deletions": 3
          },
          {
            "hash": "d80a6aec0fdce0dfcdeafce2c575bd874a79befd",
            "messageTitle": "Save the tasks in the hard disk automatically whenever the task list changes. Load the data from the hard disk when Duke starts up.",
            "messageBody": "",
            "insertions": 104,
            "deletions": 3
          }
        ]
      },
      {
        "insertions": 63,
        "deletions": 54,
        "date": "2020-02-18",
        "commitResults": [
          {
            "hash": "6206a090ac9f3ff3ed0a5fd2bf072ace3d4ae5b1",
            "messageTitle": "Fix encoding bug and create a file when the record didn\u0027t exit",
            "messageBody": "",
            "insertions": 63,
            "deletions": 54
          }
        ]
      },
      {
        "insertions": 99,
        "deletions": 33,
        "date": "2020-02-22",
        "commitResults": [
          {
            "hash": "1113781a6bcd18a04a118b0ef738acd71e3dda6c",
            "messageTitle": "Teach Duke to understand dates and times",
            "messageBody": "",
            "insertions": 32,
            "deletions": 2
          },
          {
            "hash": "139232c5badd51670384ccc38d20b3f37fd4902d",
            "messageTitle": "Give users a way to find a task by searching for a keyword.",
            "messageBody": "",
            "insertions": 67,
            "deletions": 31
          }
        ]
      },
      {
        "insertions": 309,
        "deletions": 138,
        "date": "2020-02-24",
        "commitResults": [
          {
            "hash": "b35dc227d720866814ddd0ec91467f2b5fc4131f",
            "messageTitle": "Add JavaDoc comments",
            "messageBody": "",
            "insertions": 68,
            "deletions": 22
          },
          {
            "hash": "26fdc0527b00c7dd8a952ec7fba0c71c0fdf908d",
            "messageTitle": "Add a User Guide",
            "messageBody": "",
            "tags": [
              "A-UserGuide"
            ],
            "insertions": 146,
            "deletions": 8
          },
          {
            "hash": "716d6d4164d32cff10c8f623f950e9f57a7bf9de",
            "messageTitle": "Modify README.md layout",
            "messageBody": "",
            "insertions": 52,
            "deletions": 52
          },
          {
            "hash": "aa7707433c53c89ca4605e1284afb5026586991b",
            "messageTitle": "Modify layout",
            "messageBody": "",
            "insertions": 3,
            "deletions": 3
          },
          {
            "hash": "fc4ea28257a9ef8c79203375145a758705bc4f09",
            "messageTitle": "Modify README.md layout",
            "messageBody": "",
            "insertions": 39,
            "deletions": 52
          },
          {
            "hash": "b8429fdbd014a9bc60d8874f96736f5be436a827",
            "messageTitle": "Modify README.md layout",
            "messageBody": "",
            "tags": [
              "v0.2",
              "A-Release"
            ],
            "insertions": 1,
            "deletions": 1
          }
        ]
      }
    ]
  },
  "authorFinalContributionMap": {
    "katelo731": 715
  },
  "authorFileTypeContributionMap": {
    "katelo731": {
      "java": 579,
      "md": 126,
      "fxml": 0,
      "sh": 0,
      "bat": 0,
      "gradle": 0,
      "txt": 10
    }
  },
  "authorContributionVariance": {
    "katelo731": 7451.966
  },
  "authorDisplayNameMap": {
    "katelo731": "CS2113-T14-2 LO W..HUEI"
  }
}
