{
  "authorDailyContributionsMap": {
    "jiajuinphoon": [
      {
        "insertions": 8,
        "deletions": 0,
        "date": "2020-01-28",
        "commitResults": [
          {
            "hash": "95705903d0c835d4d00d500b470a800266c6f46b",
            "messageTitle": "Small change for lvl 0",
            "messageBody": "",
            "tags": [
              "Level-0"
            ],
            "insertions": 8,
            "deletions": 0
          }
        ]
      },
      {
        "insertions": 32,
        "deletions": 5,
        "date": "2020-01-29",
        "commitResults": [
          {
            "hash": "694acbb5446114b12dc535f1965eccd443389e03",
            "messageTitle": "Level 1 completed",
            "messageBody": "",
            "tags": [
              "level-1"
            ],
            "insertions": 32,
            "deletions": 5
          }
        ]
      },
      {
        "insertions": 42,
        "deletions": 27,
        "date": "2020-01-30",
        "commitResults": [
          {
            "hash": "0ea94bafa9be0e7aac8d675ad0445d0124ae7e18",
            "messageTitle": "Level 2 completed",
            "messageBody": "",
            "tags": [
              "level-2"
            ],
            "insertions": 42,
            "deletions": 27
          }
        ]
      }
    ]
  },
  "authorFinalContributionMap": {
    "jiajuinphoon": 52
  },
  "authorFileTypeContributionMap": {
    "jiajuinphoon": {
      "java": 52,
      "md": 0,
      "fxml": 0,
      "sh": 0,
      "bat": 0,
      "gradle": 0,
      "txt": 0
    }
  },
  "authorContributionVariance": {
    "jiajuinphoon": 304.0
  },
  "authorDisplayNameMap": {
    "jiajuinphoon": "PHOO..JUIN"
  }
}
