{
  "authorDailyContributionsMap": {
    "jiajuinphoon": [
      {
        "insertions": 8,
        "deletions": 0,
        "date": "2020-01-28",
        "commitResults": [
          {
            "hash": "95705903d0c835d4d00d500b470a800266c6f46b",
            "messageTitle": "Small change for lvl 0",
            "messageBody": "",
            "tags": [
              "Level-0"
            ],
            "insertions": 8,
            "deletions": 0
          }
        ]
      },
      {
        "insertions": 32,
        "deletions": 5,
        "date": "2020-01-29",
        "commitResults": [
          {
            "hash": "694acbb5446114b12dc535f1965eccd443389e03",
            "messageTitle": "Level 1 completed",
            "messageBody": "",
            "tags": [
              "level-1"
            ],
            "insertions": 32,
            "deletions": 5
          }
        ]
      },
      {
        "insertions": 42,
        "deletions": 27,
        "date": "2020-01-30",
        "commitResults": [
          {
            "hash": "0ea94bafa9be0e7aac8d675ad0445d0124ae7e18",
            "messageTitle": "Level 2 completed",
            "messageBody": "",
            "tags": [
              "level-2"
            ],
            "insertions": 42,
            "deletions": 27
          }
        ]
      },
      {
        "insertions": 85,
        "deletions": 17,
        "date": "2020-01-31",
        "commitResults": [
          {
            "hash": "f5475ad6485706d92f1e254737f21b6238a67a9e",
            "messageTitle": "Level 3 completed",
            "messageBody": "",
            "tags": [
              "level-3"
            ],
            "insertions": 85,
            "deletions": 17
          }
        ]
      },
      {
        "insertions": 160,
        "deletions": 43,
        "date": "2020-02-10",
        "commitResults": [
          {
            "hash": "b3c6870494eea9af2c7c55bfc23fc9b929ff75a4",
            "messageTitle": "level 4 completed",
            "messageBody": "",
            "tags": [
              "level-4"
            ],
            "insertions": 160,
            "deletions": 43
          }
        ]
      },
      {
        "insertions": 14,
        "deletions": 8,
        "date": "2020-02-11",
        "commitResults": [
          {
            "hash": "f1ac18634931c1a6c615043d48b15a38dd3f3a8a",
            "messageTitle": "level-5, can handle the error for todo and other unrelated command",
            "messageBody": "",
            "tags": [
              "level-6-done",
              "level-5-completed"
            ],
            "insertions": 14,
            "deletions": 8
          }
        ]
      },
      {
        "insertions": 41,
        "deletions": 1,
        "date": "2020-02-18",
        "commitResults": [
          {
            "hash": "98f8a6d44954cbe2e0b5ebbc8662d4eb0e205f90",
            "messageTitle": "level-6 done",
            "messageBody": "",
            "tags": [
              "level-6-completed",
              "level-5-branch",
              "branch-level-5"
            ],
            "insertions": 41,
            "deletions": 1
          }
        ]
      },
      {
        "insertions": 1,
        "deletions": 1,
        "date": "2020-02-22",
        "commitResults": [
          {
            "hash": "2889871d295391ae8104e500dcc67d1c85dc7841",
            "messageTitle": "level-6-completed",
            "messageBody": "",
            "tags": [
              "v1.5",
              "A-Jar"
            ],
            "insertions": 1,
            "deletions": 1
          }
        ]
      },
      {
        "insertions": 4,
        "deletions": 4,
        "date": "2020-02-24",
        "commitResults": [
          {
            "hash": "75452fab1191e84803367096246cc4363e42cfa2",
            "messageTitle": "small change for level-6",
            "messageBody": "",
            "tags": [
              "level-6-updated",
              "A-CodeQuality"
            ],
            "insertions": 4,
            "deletions": 4
          }
        ]
      },
      {
        "insertions": 220,
        "deletions": 37,
        "date": "2020-02-25",
        "commitResults": [
          {
            "hash": "158f4574eec22c81b9d294fa90e0d3e1920ba576",
            "messageTitle": "level-7-completed. Able to save data into file.",
            "messageBody": "",
            "tags": [
              "Level-7-complete",
              "A-Packages"
            ],
            "insertions": 203,
            "deletions": 19
          },
          {
            "hash": "1409a2a8215e1e03b3eaa3104a9a5cf0ea41f4b1",
            "messageTitle": "Small changes for the program.",
            "messageBody": "",
            "tags": [
              "Level-7-mini-change"
            ],
            "insertions": 17,
            "deletions": 18
          }
        ]
      },
      {
        "insertions": 1100,
        "deletions": 324,
        "date": "2020-03-02",
        "commitResults": [
          {
            "hash": "ec880be98a990b8046c94fb8426d973205b3dd14",
            "messageTitle": "Done for A-MoreOOP, Level-9 and added some basic JavaDoc, several files for different command for easier aceess.",
            "messageBody": "",
            "tags": [
              "v0.2",
              "Level-9-completed",
              "A-Release",
              "A-MoreOOP",
              "A-JavaDoc"
            ],
            "insertions": 933,
            "deletions": 314
          },
          {
            "hash": "f074ee301046235de373204481efe93cdc1db8ca",
            "messageTitle": "Update README.md",
            "messageBody": "A-UserGuide-done",
            "insertions": 163,
            "deletions": 10
          },
          {
            "hash": "60f8c552682623b2e8099af1ddeaeb3fb14c0b42",
            "messageTitle": "Small change for adding back find function.",
            "messageBody": "",
            "tags": [
              "Level-9-updated"
            ],
            "insertions": 4,
            "deletions": 0
          }
        ]
      }
    ]
  },
  "authorFinalContributionMap": {
    "jiajuinphoon": 1257
  },
  "authorFileTypeContributionMap": {
    "jiajuinphoon": {
      "java": 1088,
      "md": 163,
      "fxml": 0,
      "sh": 0,
      "bat": 0,
      "gradle": 0,
      "txt": 6
    }
  },
  "authorContributionVariance": {
    "jiajuinphoon": 41188.45
  },
  "authorDisplayNameMap": {
    "jiajuinphoon": "CS2113T-T13-1 PHOO..JUIN"
  }
}
