[
  {
    "path": "src/main/java/Deadline.java",
    "fileType": "java",
    "lines": [
      {
        "lineNumber": 1,
        "author": {
          "gitId": "Bencotti"
        },
        "content": "public class Deadline extends Task {"
      },
      {
        "lineNumber": 2,
        "author": {
          "gitId": "Bencotti"
        },
        "content": ""
      },
      {
        "lineNumber": 3,
        "author": {
          "gitId": "Bencotti"
        },
        "content": "    public Deadline (String description){"
      },
      {
        "lineNumber": 4,
        "author": {
          "gitId": "Bencotti"
        },
        "content": "        super(description);"
      },
      {
        "lineNumber": 5,
        "author": {
          "gitId": "Bencotti"
        },
        "content": "    }"
      },
      {
        "lineNumber": 6,
        "author": {
          "gitId": "Bencotti"
        },
        "content": ""
      },
      {
        "lineNumber": 7,
        "author": {
          "gitId": "Bencotti"
        },
        "content": "    @Override"
      },
      {
        "lineNumber": 8,
        "author": {
          "gitId": "Bencotti"
        },
        "content": "    public String getTaskType(){"
      },
      {
        "lineNumber": 9,
        "author": {
          "gitId": "Bencotti"
        },
        "content": "        return \"D\";"
      },
      {
        "lineNumber": 10,
        "author": {
          "gitId": "Bencotti"
        },
        "content": "    }"
      },
      {
        "lineNumber": 11,
        "author": {
          "gitId": "Bencotti"
        },
        "content": ""
      },
      {
        "lineNumber": 12,
        "author": {
          "gitId": "Bencotti"
        },
        "content": ""
      },
      {
        "lineNumber": 13,
        "author": {
          "gitId": "Bencotti"
        },
        "content": "}"
      }
    ],
    "authorContributionMap": {
      "Bencotti": 13
    }
  },
  {
    "path": "src/main/java/Duke.java",
    "fileType": "java",
    "lines": [
      {
        "lineNumber": 1,
        "author": {
          "gitId": "Bencotti"
        },
        "content": "import java.util.Scanner;"
      },
      {
        "lineNumber": 2,
        "author": {
          "gitId": "Bencotti"
        },
        "content": "import java.util.Arrays;"
      },
      {
        "lineNumber": 3,
        "author": {
          "gitId": "Bencotti"
        },
        "content": "import java.util.ArrayList;"
      },
      {
        "lineNumber": 4,
        "author": {
          "gitId": "Bencotti"
        },
        "content": "import java.time.LocalDateTime;"
      },
      {
        "lineNumber": 5,
        "author": {
          "gitId": "Bencotti"
        },
        "content": "import java.time.format.DateTimeFormatter;"
      },
      {
        "lineNumber": 6,
        "author": {
          "gitId": "Bencotti"
        },
        "content": ""
      },
      {
        "lineNumber": 7,
        "author": {
          "gitId": "-"
        },
        "content": "public class Duke {"
      },
      {
        "lineNumber": 8,
        "author": {
          "gitId": "Bencotti"
        },
        "content": ""
      },
      {
        "lineNumber": 9,
        "author": {
          "gitId": "Bencotti"
        },
        "content": "    public static final int LENGTH_DEADLINE \u003d 9;"
      },
      {
        "lineNumber": 10,
        "author": {
          "gitId": "Bencotti"
        },
        "content": "    public static final int LENGTH_EVENT \u003d 6;"
      },
      {
        "lineNumber": 11,
        "author": {
          "gitId": "Bencotti"
        },
        "content": "    public static final int LENGTH_TODO \u003d 5;"
      },
      {
        "lineNumber": 12,
        "author": {
          "gitId": "Bencotti"
        },
        "content": ""
      },
      {
        "lineNumber": 13,
        "author": {
          "gitId": "Bencotti"
        },
        "content": ""
      },
      {
        "lineNumber": 14,
        "author": {
          "gitId": "Bencotti"
        },
        "content": ""
      },
      {
        "lineNumber": 15,
        "author": {
          "gitId": "Bencotti"
        },
        "content": "    public static void getDateTime() {"
      },
      {
        "lineNumber": 16,
        "author": {
          "gitId": "Bencotti"
        },
        "content": "        LocalDateTime myDateObj \u003d LocalDateTime.now();"
      },
      {
        "lineNumber": 17,
        "author": {
          "gitId": "Bencotti"
        },
        "content": "        DateTimeFormatter myFormatObj \u003d DateTimeFormatter.ofPattern(\"dd-MM-yyyy HH:mm:ss\");"
      },
      {
        "lineNumber": 18,
        "author": {
          "gitId": "Bencotti"
        },
        "content": "        String formattedDate \u003d myDateObj.format(myFormatObj);"
      },
      {
        "lineNumber": 19,
        "author": {
          "gitId": "Bencotti"
        },
        "content": "        System.out.println(formattedDate);"
      },
      {
        "lineNumber": 20,
        "author": {
          "gitId": "Bencotti"
        },
        "content": "    }"
      },
      {
        "lineNumber": 21,
        "author": {
          "gitId": "Bencotti"
        },
        "content": ""
      },
      {
        "lineNumber": 22,
        "author": {
          "gitId": "Bencotti"
        },
        "content": "    public static void completeTask(ArrayList\u003cTask\u003e tasks, int taskIndex) {"
      },
      {
        "lineNumber": 23,
        "author": {
          "gitId": "Bencotti"
        },
        "content": "        taskIndex--; // index starts from 0, unlike listing number"
      },
      {
        "lineNumber": 24,
        "author": {
          "gitId": "Bencotti"
        },
        "content": "        if ( (taskIndex \u003c tasks.size()) || (taskIndex \u003e 0)) { // check if out of bounce"
      },
      {
        "lineNumber": 25,
        "author": {
          "gitId": "Bencotti"
        },
        "content": "            Task currentTask \u003d tasks.get(taskIndex);"
      },
      {
        "lineNumber": 26,
        "author": {
          "gitId": "Bencotti"
        },
        "content": "            if (currentTask.getStatus()) { // check if already completed"
      },
      {
        "lineNumber": 27,
        "author": {
          "gitId": "Bencotti"
        },
        "content": "                System.out.println(\"Task already completed!\\n\");"
      },
      {
        "lineNumber": 28,
        "author": {
          "gitId": "Bencotti"
        },
        "content": "            } else {"
      },
      {
        "lineNumber": 29,
        "author": {
          "gitId": "Bencotti"
        },
        "content": "                currentTask.markAsDone();"
      },
      {
        "lineNumber": 30,
        "author": {
          "gitId": "Bencotti"
        },
        "content": "                System.out.println(\"Nice! I\u0027ve marked this task as done:\");"
      },
      {
        "lineNumber": 31,
        "author": {
          "gitId": "Bencotti"
        },
        "content": "                System.out.println( \"[\"+ currentTask.getTaskType() + \"][\" + currentTask.getStatusIcon() + \"] \" + currentTask.getDescription() + \"\\n\");"
      },
      {
        "lineNumber": 32,
        "author": {
          "gitId": "Bencotti"
        },
        "content": "            }"
      },
      {
        "lineNumber": 33,
        "author": {
          "gitId": "Bencotti"
        },
        "content": "        } else {"
      },
      {
        "lineNumber": 34,
        "author": {
          "gitId": "Bencotti"
        },
        "content": "            System.out.println(\"Error: No such index in use\\n\");"
      },
      {
        "lineNumber": 35,
        "author": {
          "gitId": "Bencotti"
        },
        "content": "        }"
      },
      {
        "lineNumber": 36,
        "author": {
          "gitId": "Bencotti"
        },
        "content": "    }"
      },
      {
        "lineNumber": 37,
        "author": {
          "gitId": "Bencotti"
        },
        "content": ""
      },
      {
        "lineNumber": 38,
        "author": {
          "gitId": "Bencotti"
        },
        "content": "    public static void printList(ArrayList\u003cTask\u003e tasks) {"
      },
      {
        "lineNumber": 39,
        "author": {
          "gitId": "Bencotti"
        },
        "content": "        int count \u003d 1;"
      },
      {
        "lineNumber": 40,
        "author": {
          "gitId": "Bencotti"
        },
        "content": "        System.out.println(\"Listing tasks below:\");"
      },
      {
        "lineNumber": 41,
        "author": {
          "gitId": "Bencotti"
        },
        "content": ""
      },
      {
        "lineNumber": 42,
        "author": {
          "gitId": "Bencotti"
        },
        "content": "        if (tasks.isEmpty()) {"
      },
      {
        "lineNumber": 43,
        "author": {
          "gitId": "Bencotti"
        },
        "content": "            System.out.println(\"No tasks at the moment!\");"
      },
      {
        "lineNumber": 44,
        "author": {
          "gitId": "Bencotti"
        },
        "content": "        } else {"
      },
      {
        "lineNumber": 45,
        "author": {
          "gitId": "Bencotti"
        },
        "content": "            for (Task currentTask : tasks) {"
      },
      {
        "lineNumber": 46,
        "author": {
          "gitId": "Bencotti"
        },
        "content": "                System.out.println(\"[\"+ currentTask.getTaskType() + \"][\" + currentTask.getStatusIcon() + \"] \" + count + \". \" + currentTask.getDescription());"
      },
      {
        "lineNumber": 47,
        "author": {
          "gitId": "Bencotti"
        },
        "content": "                count++;"
      },
      {
        "lineNumber": 48,
        "author": {
          "gitId": "Bencotti"
        },
        "content": "            }"
      },
      {
        "lineNumber": 49,
        "author": {
          "gitId": "Bencotti"
        },
        "content": "        }"
      },
      {
        "lineNumber": 50,
        "author": {
          "gitId": "Bencotti"
        },
        "content": "        System.out.println(\"\");"
      },
      {
        "lineNumber": 51,
        "author": {
          "gitId": "Bencotti"
        },
        "content": "    }"
      },
      {
        "lineNumber": 52,
        "author": {
          "gitId": "Bencotti"
        },
        "content": ""
      },
      {
        "lineNumber": 53,
        "author": {
          "gitId": "Bencotti"
        },
        "content": "    public static void printHelp() {"
      },
      {
        "lineNumber": 54,
        "author": {
          "gitId": "Bencotti"
        },
        "content": "        System.out.println(\"Commands: \");"
      },
      {
        "lineNumber": 55,
        "author": {
          "gitId": "Bencotti"
        },
        "content": "        System.out.println(\"List: lists all recorded tasks \\nusage: list\\n\");"
      },
      {
        "lineNumber": 56,
        "author": {
          "gitId": "Bencotti"
        },
        "content": "        System.out.println(\"Done: mark task as completed \\nusage: done \u003ctask number\u003e\\n\");"
      },
      {
        "lineNumber": 57,
        "author": {
          "gitId": "Bencotti"
        },
        "content": "        System.out.println(\"To add new task, just type it out \\nAvoid using other keywords as the first word\\n\");"
      },
      {
        "lineNumber": 58,
        "author": {
          "gitId": "Bencotti"
        },
        "content": "        System.out.println(\"\");"
      },
      {
        "lineNumber": 59,
        "author": {
          "gitId": "Bencotti"
        },
        "content": "    }"
      },
      {
        "lineNumber": 60,
        "author": {
          "gitId": "Bencotti"
        },
        "content": ""
      },
      {
        "lineNumber": 61,
        "author": {
          "gitId": "Bencotti"
        },
        "content": "    private static void printWelcomeMessage() {"
      },
      {
        "lineNumber": 62,
        "author": {
          "gitId": "Bencotti"
        },
        "content": "        String logo \u003d   \"  ,--,       ,---,   .--.--.       ,---,        \\n\""
      },
      {
        "lineNumber": 63,
        "author": {
          "gitId": "Bencotti"
        },
        "content": "                + \",--.\u0027|    ,`--.\u0027 |  /  /    \u0027.    \u0027  .\u0027 \\\\       \\n\""
      },
      {
        "lineNumber": 64,
        "author": {
          "gitId": "Bencotti"
        },
        "content": "                + \"|  | :    |   :  : |  :  /`. /   /  ;    \u0027.     \\n\""
      },
      {
        "lineNumber": 65,
        "author": {
          "gitId": "Bencotti"
        },
        "content": "                + \":  : \u0027    :   |  \u0027 ;  |  |--`   :  :       \\\\    \\n\""
      },
      {
        "lineNumber": 66,
        "author": {
          "gitId": "Bencotti"
        },
        "content": "                + \"|  \u0027 |    |   :  | |  :  ;_     :  |   /\\\\   \\\\   \\n\""
      },
      {
        "lineNumber": 67,
        "author": {
          "gitId": "Bencotti"
        },
        "content": "                + \"\u0027  | |    \u0027   \u0027  ;  \\\\  \\\\    `.  |  :  \u0027 ;.   : \\n\""
      },
      {
        "lineNumber": 68,
        "author": {
          "gitId": "Bencotti"
        },
        "content": "                + \"|  | :    |   |  |   `----.   \\\\ |  |  ;/  \\\\   \\\\ \\n\""
      },
      {
        "lineNumber": 69,
        "author": {
          "gitId": "Bencotti"
        },
        "content": "                + \"\u0027  : |__  \u0027   :  ;   __ \\\\  \\\\  | \u0027  :  | \\\\  \\\\ ,\u0027 \\n\""
      },
      {
        "lineNumber": 70,
        "author": {
          "gitId": "Bencotti"
        },
        "content": "                + \"|  | \u0027.\u0027| |   |  \u0027  /  /`--\u0027  / |  |  \u0027  \u0027--\u0027   \\n\""
      },
      {
        "lineNumber": 71,
        "author": {
          "gitId": "Bencotti"
        },
        "content": "                + \";  :    ; \u0027   :  | \u0027--\u0027.     /  |  :  : \\n\""
      },
      {
        "lineNumber": 72,
        "author": {
          "gitId": "Bencotti"
        },
        "content": "                + \"|  ,   /  ;   |.\u0027    `--\u0027---\u0027   |  | ,\u0027\\n\""
      },
      {
        "lineNumber": 73,
        "author": {
          "gitId": "Bencotti"
        },
        "content": "                + \"---`-\u0027   \u0027---\u0027                 `--\u0027\u0027   \\n\";"
      },
      {
        "lineNumber": 74,
        "author": {
          "gitId": "Bencotti"
        },
        "content": ""
      },
      {
        "lineNumber": 75,
        "author": {
          "gitId": "Bencotti"
        },
        "content": "        System.out.println(\"\\n\" + logo + \"\\nYour Lifestyle Scheduling Assistant\\n\");"
      },
      {
        "lineNumber": 76,
        "author": {
          "gitId": "Bencotti"
        },
        "content": "        System.out.println(\"type \\\"help\\\" for list of commands\");"
      },
      {
        "lineNumber": 77,
        "author": {
          "gitId": "Bencotti"
        },
        "content": "        System.out.println(\"____________________________________________________________\\n\\nCurrent time: \");"
      },
      {
        "lineNumber": 78,
        "author": {
          "gitId": "Bencotti"
        },
        "content": "        getDateTime();"
      },
      {
        "lineNumber": 79,
        "author": {
          "gitId": "Bencotti"
        },
        "content": "        System.out.println(\"____________________________________________________________\");"
      },
      {
        "lineNumber": 80,
        "author": {
          "gitId": "Bencotti"
        },
        "content": "    }"
      },
      {
        "lineNumber": 81,
        "author": {
          "gitId": "Bencotti"
        },
        "content": ""
      },
      {
        "lineNumber": 82,
        "author": {
          "gitId": "Bencotti"
        },
        "content": "    public static void addDeadline(ArrayList\u003cTask\u003e tasks, String taskDescription, int taskCounter) {"
      },
      {
        "lineNumber": 83,
        "author": {
          "gitId": "Bencotti"
        },
        "content": "        String itemName \u003d taskDescription.substring(LENGTH_DEADLINE);"
      },
      {
        "lineNumber": 84,
        "author": {
          "gitId": "Bencotti"
        },
        "content": "        Task newTask \u003d new Deadline(itemName);"
      },
      {
        "lineNumber": 85,
        "author": {
          "gitId": "Bencotti"
        },
        "content": "        tasks.add(newTask);"
      },
      {
        "lineNumber": 86,
        "author": {
          "gitId": "Bencotti"
        },
        "content": "        printAddedMessage(newTask, taskCounter);"
      },
      {
        "lineNumber": 87,
        "author": {
          "gitId": "Bencotti"
        },
        "content": "    }"
      },
      {
        "lineNumber": 88,
        "author": {
          "gitId": "Bencotti"
        },
        "content": ""
      },
      {
        "lineNumber": 89,
        "author": {
          "gitId": "Bencotti"
        },
        "content": "    public static void addEvent(ArrayList\u003cTask\u003e tasks, String taskDescription, int taskCounter) {"
      },
      {
        "lineNumber": 90,
        "author": {
          "gitId": "Bencotti"
        },
        "content": "        String itemName \u003d taskDescription.substring(LENGTH_EVENT);"
      },
      {
        "lineNumber": 91,
        "author": {
          "gitId": "Bencotti"
        },
        "content": "        Task newTask \u003d new Event(itemName);"
      },
      {
        "lineNumber": 92,
        "author": {
          "gitId": "Bencotti"
        },
        "content": "        tasks.add(newTask);"
      },
      {
        "lineNumber": 93,
        "author": {
          "gitId": "Bencotti"
        },
        "content": "        printAddedMessage(newTask, taskCounter);"
      },
      {
        "lineNumber": 94,
        "author": {
          "gitId": "Bencotti"
        },
        "content": "    }"
      },
      {
        "lineNumber": 95,
        "author": {
          "gitId": "Bencotti"
        },
        "content": ""
      },
      {
        "lineNumber": 96,
        "author": {
          "gitId": "Bencotti"
        },
        "content": "    public static void addTodo(ArrayList\u003cTask\u003e tasks, String taskDescription, int taskCounter) {"
      },
      {
        "lineNumber": 97,
        "author": {
          "gitId": "Bencotti"
        },
        "content": "        String itemName \u003d taskDescription.substring(LENGTH_TODO);"
      },
      {
        "lineNumber": 98,
        "author": {
          "gitId": "Bencotti"
        },
        "content": "        Task newTask \u003d new ToDo(itemName);"
      },
      {
        "lineNumber": 99,
        "author": {
          "gitId": "Bencotti"
        },
        "content": "        tasks.add(newTask);"
      },
      {
        "lineNumber": 100,
        "author": {
          "gitId": "Bencotti"
        },
        "content": "        printAddedMessage(newTask, taskCounter);"
      },
      {
        "lineNumber": 101,
        "author": {
          "gitId": "Bencotti"
        },
        "content": "    }"
      },
      {
        "lineNumber": 102,
        "author": {
          "gitId": "Bencotti"
        },
        "content": ""
      },
      {
        "lineNumber": 103,
        "author": {
          "gitId": "Bencotti"
        },
        "content": "    public static void printAddedMessage(Task task, int taskCounter) {"
      },
      {
        "lineNumber": 104,
        "author": {
          "gitId": "Bencotti"
        },
        "content": "        System.out.println(\"The following task has been added\\n[\" + task.getTaskType() +\"][\" + task.getStatusIcon() + \"] \" + task.getDescription());"
      },
      {
        "lineNumber": 105,
        "author": {
          "gitId": "Bencotti"
        },
        "content": "        System.out.println(\"\\nYou\u0027ve got \" + taskCounter + \" task(s) in the list!\\n\");"
      },
      {
        "lineNumber": 106,
        "author": {
          "gitId": "Bencotti"
        },
        "content": "    }"
      },
      {
        "lineNumber": 107,
        "author": {
          "gitId": "Bencotti"
        },
        "content": ""
      },
      {
        "lineNumber": 108,
        "author": {
          "gitId": "-"
        },
        "content": "    public static void main(String[] args) {"
      },
      {
        "lineNumber": 109,
        "author": {
          "gitId": "Bencotti"
        },
        "content": ""
      },
      {
        "lineNumber": 110,
        "author": {
          "gitId": "Bencotti"
        },
        "content": "        printWelcomeMessage();"
      },
      {
        "lineNumber": 111,
        "author": {
          "gitId": "Bencotti"
        },
        "content": ""
      },
      {
        "lineNumber": 112,
        "author": {
          "gitId": "Bencotti"
        },
        "content": "        ArrayList\u003cTask\u003e tasks \u003d new ArrayList\u003cTask\u003e();"
      },
      {
        "lineNumber": 113,
        "author": {
          "gitId": "Bencotti"
        },
        "content": "        int taskCounter \u003d 0;"
      },
      {
        "lineNumber": 114,
        "author": {
          "gitId": "Bencotti"
        },
        "content": ""
      },
      {
        "lineNumber": 115,
        "author": {
          "gitId": "Bencotti"
        },
        "content": "        Scanner input \u003d new Scanner(System.in);"
      },
      {
        "lineNumber": 116,
        "author": {
          "gitId": "Bencotti"
        },
        "content": "        String userCommand \u003d input.nextLine();"
      },
      {
        "lineNumber": 117,
        "author": {
          "gitId": "Bencotti"
        },
        "content": ""
      },
      {
        "lineNumber": 118,
        "author": {
          "gitId": "Bencotti"
        },
        "content": "        while (!userCommand.equals(\"bye\")){"
      },
      {
        "lineNumber": 119,
        "author": {
          "gitId": "Bencotti"
        },
        "content": "            String[] words \u003d userCommand.split(\" \");"
      },
      {
        "lineNumber": 120,
        "author": {
          "gitId": "Bencotti"
        },
        "content": "            int wordLength \u003d words.length;"
      },
      {
        "lineNumber": 121,
        "author": {
          "gitId": "Bencotti"
        },
        "content": "            switch (words[0]) {"
      },
      {
        "lineNumber": 122,
        "author": {
          "gitId": "Bencotti"
        },
        "content": "            case \"list\":"
      },
      {
        "lineNumber": 123,
        "author": {
          "gitId": "Bencotti"
        },
        "content": "                printList(tasks);"
      },
      {
        "lineNumber": 124,
        "author": {
          "gitId": "Bencotti"
        },
        "content": "                break;"
      },
      {
        "lineNumber": 125,
        "author": {
          "gitId": "Bencotti"
        },
        "content": "            case \"done\":"
      },
      {
        "lineNumber": 126,
        "author": {
          "gitId": "Bencotti"
        },
        "content": "                if (wordLength !\u003d 2) {"
      },
      {
        "lineNumber": 127,
        "author": {
          "gitId": "Bencotti"
        },
        "content": "                    System.out.println(\"Wrong format for command \\\"done\\\"\");"
      },
      {
        "lineNumber": 128,
        "author": {
          "gitId": "Bencotti"
        },
        "content": "                    break;"
      },
      {
        "lineNumber": 129,
        "author": {
          "gitId": "Bencotti"
        },
        "content": "                }"
      },
      {
        "lineNumber": 130,
        "author": {
          "gitId": "Bencotti"
        },
        "content": "                try {"
      },
      {
        "lineNumber": 131,
        "author": {
          "gitId": "Bencotti"
        },
        "content": "                    int index \u003d Integer.parseInt(words[1]);"
      },
      {
        "lineNumber": 132,
        "author": {
          "gitId": "Bencotti"
        },
        "content": "                    completeTask(tasks, index);"
      },
      {
        "lineNumber": 133,
        "author": {
          "gitId": "Bencotti"
        },
        "content": "                } catch (Exception e) {"
      },
      {
        "lineNumber": 134,
        "author": {
          "gitId": "Bencotti"
        },
        "content": "                    System.out.println(\"Please input a valid number\\n\");"
      },
      {
        "lineNumber": 135,
        "author": {
          "gitId": "Bencotti"
        },
        "content": "                }"
      },
      {
        "lineNumber": 136,
        "author": {
          "gitId": "Bencotti"
        },
        "content": "                break;"
      },
      {
        "lineNumber": 137,
        "author": {
          "gitId": "Bencotti"
        },
        "content": "            case \"help\":"
      },
      {
        "lineNumber": 138,
        "author": {
          "gitId": "Bencotti"
        },
        "content": "                printHelp();"
      },
      {
        "lineNumber": 139,
        "author": {
          "gitId": "Bencotti"
        },
        "content": "                break;"
      },
      {
        "lineNumber": 140,
        "author": {
          "gitId": "Bencotti"
        },
        "content": "            case \"todo\":"
      },
      {
        "lineNumber": 141,
        "author": {
          "gitId": "Bencotti"
        },
        "content": "                taskCounter++;"
      },
      {
        "lineNumber": 142,
        "author": {
          "gitId": "Bencotti"
        },
        "content": "                addTodo(tasks, userCommand, taskCounter);"
      },
      {
        "lineNumber": 143,
        "author": {
          "gitId": "Bencotti"
        },
        "content": "                break;"
      },
      {
        "lineNumber": 144,
        "author": {
          "gitId": "Bencotti"
        },
        "content": "            case \"event\":"
      },
      {
        "lineNumber": 145,
        "author": {
          "gitId": "Bencotti"
        },
        "content": "                taskCounter++;"
      },
      {
        "lineNumber": 146,
        "author": {
          "gitId": "Bencotti"
        },
        "content": "                addEvent(tasks, userCommand, taskCounter);"
      },
      {
        "lineNumber": 147,
        "author": {
          "gitId": "Bencotti"
        },
        "content": "                break;"
      },
      {
        "lineNumber": 148,
        "author": {
          "gitId": "Bencotti"
        },
        "content": "            case \"deadline\":"
      },
      {
        "lineNumber": 149,
        "author": {
          "gitId": "Bencotti"
        },
        "content": "                taskCounter++;"
      },
      {
        "lineNumber": 150,
        "author": {
          "gitId": "Bencotti"
        },
        "content": "                addDeadline(tasks, userCommand, taskCounter);"
      },
      {
        "lineNumber": 151,
        "author": {
          "gitId": "Bencotti"
        },
        "content": "                break;"
      },
      {
        "lineNumber": 152,
        "author": {
          "gitId": "Bencotti"
        },
        "content": "            default:"
      },
      {
        "lineNumber": 153,
        "author": {
          "gitId": "Bencotti"
        },
        "content": "                System.out.println(\"Please add the task type\\n\");"
      },
      {
        "lineNumber": 154,
        "author": {
          "gitId": "Bencotti"
        },
        "content": "            }"
      },
      {
        "lineNumber": 155,
        "author": {
          "gitId": "Bencotti"
        },
        "content": "            // end of current listening loop, preparing next command"
      },
      {
        "lineNumber": 156,
        "author": {
          "gitId": "Bencotti"
        },
        "content": "            userCommand \u003d input.nextLine();"
      },
      {
        "lineNumber": 157,
        "author": {
          "gitId": "Bencotti"
        },
        "content": "        }"
      },
      {
        "lineNumber": 158,
        "author": {
          "gitId": "Bencotti"
        },
        "content": "        System.out.println(\"LISA: Bye, hope to see you again!\");"
      },
      {
        "lineNumber": 159,
        "author": {
          "gitId": "-"
        },
        "content": "    }"
      },
      {
        "lineNumber": 160,
        "author": {
          "gitId": "-"
        },
        "content": "}"
      }
    ],
    "authorContributionMap": {
      "Bencotti": 156,
      "-": 4
    }
  },
  {
    "path": "src/main/java/Event.java",
    "fileType": "java",
    "lines": [
      {
        "lineNumber": 1,
        "author": {
          "gitId": "Bencotti"
        },
        "content": "public class Event extends Task {"
      },
      {
        "lineNumber": 2,
        "author": {
          "gitId": "Bencotti"
        },
        "content": ""
      },
      {
        "lineNumber": 3,
        "author": {
          "gitId": "Bencotti"
        },
        "content": "    public Event(String description){"
      },
      {
        "lineNumber": 4,
        "author": {
          "gitId": "Bencotti"
        },
        "content": "        super(description);"
      },
      {
        "lineNumber": 5,
        "author": {
          "gitId": "Bencotti"
        },
        "content": "    }"
      },
      {
        "lineNumber": 6,
        "author": {
          "gitId": "Bencotti"
        },
        "content": ""
      },
      {
        "lineNumber": 7,
        "author": {
          "gitId": "Bencotti"
        },
        "content": "    @Override"
      },
      {
        "lineNumber": 8,
        "author": {
          "gitId": "Bencotti"
        },
        "content": "    public String getTaskType(){"
      },
      {
        "lineNumber": 9,
        "author": {
          "gitId": "Bencotti"
        },
        "content": "        return \"E\";"
      },
      {
        "lineNumber": 10,
        "author": {
          "gitId": "Bencotti"
        },
        "content": "    }"
      },
      {
        "lineNumber": 11,
        "author": {
          "gitId": "Bencotti"
        },
        "content": "}"
      }
    ],
    "authorContributionMap": {
      "Bencotti": 11
    }
  },
  {
    "path": "src/main/java/Task.java",
    "fileType": "java",
    "lines": [
      {
        "lineNumber": 1,
        "author": {
          "gitId": "Bencotti"
        },
        "content": "public class Task {"
      },
      {
        "lineNumber": 2,
        "author": {
          "gitId": "Bencotti"
        },
        "content": "    protected String description;"
      },
      {
        "lineNumber": 3,
        "author": {
          "gitId": "Bencotti"
        },
        "content": "    protected boolean isDone;"
      },
      {
        "lineNumber": 4,
        "author": {
          "gitId": "Bencotti"
        },
        "content": ""
      },
      {
        "lineNumber": 5,
        "author": {
          "gitId": "Bencotti"
        },
        "content": "    public Task(String description) {"
      },
      {
        "lineNumber": 6,
        "author": {
          "gitId": "Bencotti"
        },
        "content": "        this.description \u003d description;"
      },
      {
        "lineNumber": 7,
        "author": {
          "gitId": "Bencotti"
        },
        "content": "        this.isDone \u003d false;"
      },
      {
        "lineNumber": 8,
        "author": {
          "gitId": "Bencotti"
        },
        "content": "    }"
      },
      {
        "lineNumber": 9,
        "author": {
          "gitId": "Bencotti"
        },
        "content": ""
      },
      {
        "lineNumber": 10,
        "author": {
          "gitId": "Bencotti"
        },
        "content": "    public boolean getStatus() {"
      },
      {
        "lineNumber": 11,
        "author": {
          "gitId": "Bencotti"
        },
        "content": "        return isDone;"
      },
      {
        "lineNumber": 12,
        "author": {
          "gitId": "Bencotti"
        },
        "content": "    }"
      },
      {
        "lineNumber": 13,
        "author": {
          "gitId": "Bencotti"
        },
        "content": ""
      },
      {
        "lineNumber": 14,
        "author": {
          "gitId": "Bencotti"
        },
        "content": "    public String getStatusIcon() {"
      },
      {
        "lineNumber": 15,
        "author": {
          "gitId": "Bencotti"
        },
        "content": "        return (isDone ? \"\\u2713\" : \"\\u2718\"); //return tick or X symbols"
      },
      {
        "lineNumber": 16,
        "author": {
          "gitId": "Bencotti"
        },
        "content": "    }"
      },
      {
        "lineNumber": 17,
        "author": {
          "gitId": "Bencotti"
        },
        "content": ""
      },
      {
        "lineNumber": 18,
        "author": {
          "gitId": "Bencotti"
        },
        "content": "    public String getDescription() {"
      },
      {
        "lineNumber": 19,
        "author": {
          "gitId": "Bencotti"
        },
        "content": "        return description;"
      },
      {
        "lineNumber": 20,
        "author": {
          "gitId": "Bencotti"
        },
        "content": "    }"
      },
      {
        "lineNumber": 21,
        "author": {
          "gitId": "Bencotti"
        },
        "content": ""
      },
      {
        "lineNumber": 22,
        "author": {
          "gitId": "Bencotti"
        },
        "content": "    public void markAsDone() {"
      },
      {
        "lineNumber": 23,
        "author": {
          "gitId": "Bencotti"
        },
        "content": "        this.isDone \u003d true;"
      },
      {
        "lineNumber": 24,
        "author": {
          "gitId": "Bencotti"
        },
        "content": "    }"
      },
      {
        "lineNumber": 25,
        "author": {
          "gitId": "Bencotti"
        },
        "content": ""
      },
      {
        "lineNumber": 26,
        "author": {
          "gitId": "Bencotti"
        },
        "content": "    public String getTaskType(){"
      },
      {
        "lineNumber": 27,
        "author": {
          "gitId": "Bencotti"
        },
        "content": "        return null;"
      },
      {
        "lineNumber": 28,
        "author": {
          "gitId": "Bencotti"
        },
        "content": "    }"
      },
      {
        "lineNumber": 29,
        "author": {
          "gitId": "Bencotti"
        },
        "content": ""
      },
      {
        "lineNumber": 30,
        "author": {
          "gitId": "Bencotti"
        },
        "content": ""
      },
      {
        "lineNumber": 31,
        "author": {
          "gitId": "Bencotti"
        },
        "content": "}"
      }
    ],
    "authorContributionMap": {
      "Bencotti": 31
    }
  },
  {
    "path": "src/main/java/ToDo.java",
    "fileType": "java",
    "lines": [
      {
        "lineNumber": 1,
        "author": {
          "gitId": "Bencotti"
        },
        "content": "public class ToDo extends Task {"
      },
      {
        "lineNumber": 2,
        "author": {
          "gitId": "Bencotti"
        },
        "content": ""
      },
      {
        "lineNumber": 3,
        "author": {
          "gitId": "Bencotti"
        },
        "content": "    public ToDo(String description){"
      },
      {
        "lineNumber": 4,
        "author": {
          "gitId": "Bencotti"
        },
        "content": "        super(description);"
      },
      {
        "lineNumber": 5,
        "author": {
          "gitId": "Bencotti"
        },
        "content": "    }"
      },
      {
        "lineNumber": 6,
        "author": {
          "gitId": "Bencotti"
        },
        "content": ""
      },
      {
        "lineNumber": 7,
        "author": {
          "gitId": "Bencotti"
        },
        "content": "    @Override"
      },
      {
        "lineNumber": 8,
        "author": {
          "gitId": "Bencotti"
        },
        "content": "    public String getTaskType(){"
      },
      {
        "lineNumber": 9,
        "author": {
          "gitId": "Bencotti"
        },
        "content": "        return \"T\";"
      },
      {
        "lineNumber": 10,
        "author": {
          "gitId": "Bencotti"
        },
        "content": "    }"
      },
      {
        "lineNumber": 11,
        "author": {
          "gitId": "Bencotti"
        },
        "content": ""
      },
      {
        "lineNumber": 12,
        "author": {
          "gitId": "Bencotti"
        },
        "content": "}"
      }
    ],
    "authorContributionMap": {
      "Bencotti": 12
    }
  }
]
