{
  "authorDailyContributionsMap": {
    "Bencotti": [
      {
        "insertions": 43,
        "deletions": 6,
        "date": "2020-01-19",
        "commitResults": [
          {
            "hash": "f9a4ecca21879128bab8037fb3610aab59e82010",
            "messageTitle": "Level 1 Update",
            "messageBody": "Add echo, datetime and exit features\n",
            "tags": [
              "Level-1"
            ],
            "insertions": 43,
            "deletions": 6
          }
        ]
      },
      {
        "insertions": 176,
        "deletions": 74,
        "date": "2020-01-27",
        "commitResults": [
          {
            "hash": "6abab68124f389cc80eb54c87f67e28902ef0f39",
            "messageTitle": "Add save feature and listing of all saved tasks.",
            "messageBody": "",
            "insertions": 33,
            "deletions": 8
          },
          {
            "hash": "ba4ccbfb5bd85642f5bdc05b2aac2f7d91b7c280",
            "messageTitle": "Revert \"Add save feature and listing of all saved tasks.\"",
            "messageBody": "This reverts commit 6abab68124f389cc80eb54c87f67e28902ef0f39.\n",
            "insertions": 8,
            "deletions": 33
          },
          {
            "hash": "371a2de8b1fc7992f0bb473698c97a8959be42e6",
            "messageTitle": "Add save feature and listing of all recorded tasks",
            "messageBody": "",
            "tags": [
              "Level-2"
            ],
            "insertions": 44,
            "deletions": 19
          },
          {
            "hash": "8f57e0394978f99480bbe5e430f2ca895963bfaf",
            "messageTitle": "Add logic for task completion and updated code to support Task class",
            "messageBody": "This has version creates new tasks as a task object, and stores each new task as an arrayList for dynamic storage.\nCode has improved user input validation to prevent breaking by undefined behaviour.\nA predefined command has to be used before activating a method.\n",
            "tags": [
              "Level-3",
              "A-Classes"
            ],
            "insertions": 91,
            "deletions": 14
          }
        ]
      },
      {
        "insertions": 21,
        "deletions": 14,
        "date": "2020-01-31",
        "commitResults": [
          {
            "hash": "f6d7bf2a1fd7df1e7a874a49bf8bab5de606cbc9",
            "messageTitle": "Update code to comply with CS2113 Java coding standards",
            "messageBody": "",
            "tags": [
              "A-CodingStandard"
            ],
            "insertions": 21,
            "deletions": 14
          }
        ]
      },
      {
        "insertions": 24,
        "deletions": 33,
        "date": "2020-02-02",
        "commitResults": [
          {
            "hash": "4ac1e1e54ef18bc4512e424e3f9631358186cbc4",
            "messageTitle": "Change implementation of commands to follow assignment sample usage",
            "messageBody": "",
            "insertions": 24,
            "deletions": 33
          }
        ]
      },
      {
        "insertions": 171,
        "deletions": 34,
        "date": "2020-02-03",
        "commitResults": [
          {
            "hash": "045d60e5cafc450e9c8fcfe0caac7eb4727dd40b",
            "messageTitle": "Add support for tracking three types of tasks using inheritance",
            "messageBody": "",
            "tags": [
              "Level-4",
              "A-Inheritance"
            ],
            "insertions": 91,
            "deletions": 11
          },
          {
            "hash": "5459ba65cbbdbacf7563f1f5a93a65ee1bb0708b",
            "messageTitle": "Support display of event / deadline datetime",
            "messageBody": "",
            "insertions": 80,
            "deletions": 23
          }
        ]
      },
      {
        "insertions": 53,
        "deletions": 18,
        "date": "2020-02-04",
        "commitResults": [
          {
            "hash": "97acd17d059842f39b549fe39ef7efa068cf7968",
            "messageTitle": "Automate text UI testing",
            "messageBody": "",
            "tags": [
              "A-TextUiTesting"
            ],
            "insertions": 49,
            "deletions": 15
          },
          {
            "hash": "445c6728d9c668959869851587f27c2d26ba85af",
            "messageTitle": "Improve code quality via refractoring and removal of magic numbers",
            "messageBody": "",
            "tags": [
              "A-CodeQuality"
            ],
            "insertions": 4,
            "deletions": 3
          }
        ]
      },
      {
        "insertions": 26,
        "deletions": 12,
        "date": "2020-02-13",
        "commitResults": [
          {
            "hash": "018f3cb4075d952ede8f53eb61fb119600f33a28",
            "messageTitle": "Update code to adhere closer to style guide after peer review",
            "messageBody": "",
            "insertions": 26,
            "deletions": 12
          }
        ]
      },
      {
        "insertions": 28,
        "deletions": 7,
        "date": "2020-02-15",
        "commitResults": [
          {
            "hash": "184fec47c81329e1ae3d13f1f1329e2317b84fc9",
            "messageTitle": "Update current exceptions to use proper Java built-in exceptions",
            "messageBody": "",
            "insertions": 4,
            "deletions": 0
          },
          {
            "hash": "101781ee938bbc0103955daa746d372c5d528f3d",
            "messageTitle": "Refractor files into two packages - Exceptions or Duke",
            "messageBody": "",
            "insertions": 24,
            "deletions": 7
          }
        ]
      },
      {
        "insertions": 115,
        "deletions": 59,
        "date": "2020-02-16",
        "commitResults": [
          {
            "hash": "b896d053661460a11712695a5d5a945b57194492",
            "messageTitle": "add exception for missing parameter and blank parameter for deadline task",
            "messageBody": "",
            "insertions": 56,
            "deletions": 22
          },
          {
            "hash": "0f813e746977feac67cc69120b5ef02a3050d335",
            "messageTitle": "add exception handling for Event and Todo tasks",
            "messageBody": "",
            "insertions": 59,
            "deletions": 37
          }
        ]
      },
      {
        "insertions": 193,
        "deletions": 72,
        "date": "2020-02-17",
        "commitResults": [
          {
            "hash": "ba35ca950dc912b894b1fa98b89330dbacfdde10",
            "messageTitle": "add delete function, remove dependancy on task counter variable and converted into checking size of arraylist",
            "messageBody": "",
            "insertions": 51,
            "deletions": 7
          },
          {
            "hash": "74e7f2310a2a604595aa72c011a25522ff2aa2fb",
            "messageTitle": "Add logic to write new tasks to file",
            "messageBody": "",
            "insertions": 74,
            "deletions": 12
          },
          {
            "hash": "8418df976226106def214715e2d0261bfdcd82be",
            "messageTitle": "update save logic, shift from task class to main",
            "messageBody": "",
            "insertions": 68,
            "deletions": 53
          }
        ]
      },
      {
        "insertions": 92,
        "deletions": 15,
        "date": "2020-02-18",
        "commitResults": [
          {
            "hash": "ad533a95748f7b1d9b35f2c90bfd4e4ec54c1657",
            "messageTitle": "add capability to read saved data from file and populate to list",
            "messageBody": "",
            "insertions": 75,
            "deletions": 0
          },
          {
            "hash": "f03c251e87754af480f3cba9e8af4f2b437aa9d0",
            "messageTitle": "Fix list not updating after delete",
            "messageBody": "",
            "tags": [
              "A-Jar"
            ],
            "insertions": 7,
            "deletions": 7
          },
          {
            "hash": "960018b1c298b9707d8070b1eb9df7e61649dbfe",
            "messageTitle": "Add validation to check if data file exists before populating list",
            "messageBody": "",
            "insertions": 10,
            "deletions": 8
          }
        ]
      },
      {
        "insertions": 4,
        "deletions": 6,
        "date": "2020-02-23",
        "commitResults": [
          {
            "hash": "727b86d880d021d272de68aad5803576ac680048",
            "messageTitle": "Remove unused libries and tidy code",
            "messageBody": "",
            "insertions": 4,
            "deletions": 6
          }
        ]
      },
      {
        "insertions": 380,
        "deletions": 333,
        "date": "2020-02-24",
        "commitResults": [
          {
            "hash": "44902165d3bb18a0e4d42a7253d1aca33ba0c760",
            "messageTitle": "Reractor methods into corresponding classes",
            "messageBody": "",
            "insertions": 380,
            "deletions": 333
          }
        ]
      },
      {
        "insertions": 638,
        "deletions": 315,
        "date": "2020-02-26",
        "commitResults": [
          {
            "hash": "0e7ec0662668cf8a93dc2f41b54cd8432dd23594",
            "messageTitle": "Alter logical flow of code to use more objects",
            "messageBody": "",
            "tags": [
              "A-MoreOOP"
            ],
            "insertions": 638,
            "deletions": 315
          }
        ]
      },
      {
        "insertions": 78,
        "deletions": 31,
        "date": "2020-02-27",
        "commitResults": [
          {
            "hash": "0bfbddfd6f625558840d537da22644dbdd690d23",
            "messageTitle": "Convert task date from string to LocalTime",
            "messageBody": "",
            "insertions": 78,
            "deletions": 31
          }
        ]
      },
      {
        "insertions": 88,
        "deletions": 47,
        "date": "2020-02-28",
        "commitResults": [
          {
            "hash": "4d8d9866797b1c253633177776379a95d4b4f935",
            "messageTitle": "Add exception handling for new datetime format",
            "messageBody": "",
            "insertions": 37,
            "deletions": 26
          },
          {
            "hash": "f3468be4074b433f68609cf6c12f31bbc379e395",
            "messageTitle": "Add search feature via given keyword",
            "messageBody": "",
            "insertions": 51,
            "deletions": 21
          }
        ]
      },
      {
        "insertions": 532,
        "deletions": 288,
        "date": "2020-03-01",
        "commitResults": [
          {
            "hash": "c9416acf7eecb3cdc3bfddb20a1e0445b14d5843",
            "messageTitle": "Add Javadoc",
            "messageBody": "",
            "insertions": 277,
            "deletions": 200
          },
          {
            "hash": "0211adabb6ad0a356f1038689621ba98bf8076ba",
            "messageTitle": "Resolve merge conflicts",
            "messageBody": "",
            "tags": [
              "A-JavaDoc"
            ],
            "insertions": 169,
            "deletions": 78
          },
          {
            "hash": "423172a2b3b4a0c8dd13c18f383bd73fd8f24d3f",
            "messageTitle": "Add user guide",
            "messageBody": "",
            "tags": [
              "A-UserGuide"
            ],
            "insertions": 86,
            "deletions": 10
          }
        ]
      },
      {
        "insertions": 107,
        "deletions": 76,
        "date": "2020-03-02",
        "commitResults": [
          {
            "hash": "211d02243b64ed9fe93199e53923f0d5135fd8d3",
            "messageTitle": "Edit code to adhere closer to style guide",
            "messageBody": "",
            "insertions": 91,
            "deletions": 60
          },
          {
            "hash": "f25466a0c4e3cb714f5971976a34f7db1b8dde1a",
            "messageTitle": "Remove html tags from readme",
            "messageBody": "",
            "insertions": 16,
            "deletions": 16
          }
        ]
      },
      {
        "insertions": 23,
        "deletions": 20,
        "date": "2020-03-03",
        "commitResults": [
          {
            "hash": "3983f5a0e5763d3d02a533e317a5d3e01776257d",
            "messageTitle": "Fix README not displaying properly",
            "messageBody": "",
            "insertions": 16,
            "deletions": 16
          },
          {
            "hash": "db1b11b429401559a5440414fa2bfe9742f1b991",
            "messageTitle": "Fix REDAME not displaying \"List\"",
            "messageBody": "",
            "insertions": 2,
            "deletions": 1
          },
          {
            "hash": "da193d58b3a6f4852445934bfa88ed2452ee628f",
            "messageTitle": "Fix point 5 an 6 not displaying properly",
            "messageBody": "",
            "insertions": 2,
            "deletions": 2
          },
          {
            "hash": "fcb06d4e88437b2c993eb9eb1f5c9cb32206b234",
            "messageTitle": "Fix item 2 in README not displaying",
            "messageBody": "",
            "insertions": 1,
            "deletions": 1
          },
          {
            "hash": "187b2a796da94830df159e413780884880ee1cc4",
            "messageTitle": "Fix README Item 3.1 not displaying properly",
            "messageBody": "",
            "insertions": 2,
            "deletions": 0
          }
        ]
      }
    ]
  },
  "authorFinalContributionMap": {
    "Bencotti": 1390
  },
  "authorFileTypeContributionMap": {
    "Bencotti": {
      "java": 1265,
      "md": 89,
      "fxml": 0,
      "sh": 0,
      "bat": 21,
      "gradle": 0,
      "txt": 15
    }
  },
  "authorContributionVariance": {
    "Bencotti": 39825.137
  },
  "authorDisplayNameMap": {
    "Bencotti": "CS2113-T14-3 HO J..NIEL"
  }
}
