[
  {
    "path": "src/main/java/Duke.java",
    "fileType": "java",
    "lines": [
      {
        "lineNumber": 1,
        "author": {
          "gitId": "-"
        },
        "content": "public class Duke {"
      },
      {
        "lineNumber": 2,
        "author": {
          "gitId": "-"
        },
        "content": "    public static void main(String[] args) {"
      },
      {
        "lineNumber": 3,
        "author": {
          "gitId": "harithadiv"
        },
        "content": "        String line \u003d \"____________________________________________________________ \\n\";"
      },
      {
        "lineNumber": 4,
        "author": {
          "gitId": "harithadiv"
        },
        "content": "        String greetingMessage \u003d \"Hello! I\u0027m Duke \\n\""
      },
      {
        "lineNumber": 5,
        "author": {
          "gitId": "harithadiv"
        },
        "content": "                + \"What can I do for you?\\n\";"
      },
      {
        "lineNumber": 6,
        "author": {
          "gitId": "harithadiv"
        },
        "content": ""
      },
      {
        "lineNumber": 7,
        "author": {
          "gitId": "harithadiv"
        },
        "content": "        String exitMessage \u003d \"Bye. Hope to see you again soon!\\n\";"
      },
      {
        "lineNumber": 8,
        "author": {
          "gitId": "harithadiv"
        },
        "content": "        System.out.println(line + greetingMessage + line + exitMessage + line);"
      },
      {
        "lineNumber": 9,
        "author": {
          "gitId": "-"
        },
        "content": "    }"
      },
      {
        "lineNumber": 10,
        "author": {
          "gitId": "-"
        },
        "content": "}"
      }
    ],
    "authorContributionMap": {
      "harithadiv": 6,
      "-": 4
    }
  }
]
