{
  "authorDailyContributionsMap": {
    "harithadiv": [
      {
        "insertions": 6,
        "deletions": 6,
        "date": "2020-01-20",
        "commitResults": [
          {
            "hash": "6d5ef503af1dbf01a5d709136d271f47781d2308",
            "messageTitle": "Add Greet and Exit",
            "messageBody": "",
            "insertions": 6,
            "deletions": 6
          }
        ]
      },
      {
        "insertions": 60,
        "deletions": 18,
        "date": "2020-01-27",
        "commitResults": [
          {
            "hash": "5b4432d8d540c2814604005aeedb276b5d66dd12",
            "messageTitle": "Add Greet, Echo, Exit",
            "messageBody": "",
            "tags": [
              "Level-1"
            ],
            "insertions": 39,
            "deletions": 6
          },
          {
            "hash": "6c3515c7d99996b64c7b15b631ced8aadf54e426",
            "messageTitle": "Add list",
            "messageBody": "",
            "tags": [
              "Level-2"
            ],
            "insertions": 21,
            "deletions": 12
          }
        ]
      }
    ]
  },
  "authorFinalContributionMap": {
    "harithadiv": 48
  },
  "authorFileTypeContributionMap": {
    "harithadiv": {
      "java": 48,
      "md": 0,
      "fxml": 0,
      "sh": 0,
      "bat": 0,
      "gradle": 0,
      "txt": 0
    }
  },
  "authorContributionVariance": {
    "harithadiv": 379.2
  },
  "authorDisplayNameMap": {
    "harithadiv": "DIVA..ITHA"
  }
}
