{
  "authorDailyContributionsMap": {
    "harithadiv": [
      {
        "insertions": 6,
        "deletions": 6,
        "date": "2020-01-20",
        "commitResults": [
          {
            "hash": "6d5ef503af1dbf01a5d709136d271f47781d2308",
            "messageTitle": "Add Greet and Exit",
            "messageBody": "",
            "tags": [
              "Level-0"
            ],
            "insertions": 6,
            "deletions": 6
          }
        ]
      },
      {
        "insertions": 60,
        "deletions": 18,
        "date": "2020-01-27",
        "commitResults": [
          {
            "hash": "5b4432d8d540c2814604005aeedb276b5d66dd12",
            "messageTitle": "Add Greet, Echo, Exit",
            "messageBody": "",
            "tags": [
              "Level-1"
            ],
            "insertions": 39,
            "deletions": 6
          },
          {
            "hash": "6c3515c7d99996b64c7b15b631ced8aadf54e426",
            "messageTitle": "Add list",
            "messageBody": "",
            "tags": [
              "Level-2"
            ],
            "insertions": 21,
            "deletions": 12
          }
        ]
      },
      {
        "insertions": 65,
        "deletions": 9,
        "date": "2020-02-01",
        "commitResults": [
          {
            "hash": "278a7bbb14db05471f08879248dddadf6f35ca26",
            "messageTitle": "Mark as done to tasksList",
            "messageBody": "",
            "tags": [
              "Level-3",
              "A-CodingStandard"
            ],
            "insertions": 65,
            "deletions": 9
          }
        ]
      },
      {
        "insertions": 122,
        "deletions": 21,
        "date": "2020-02-15",
        "commitResults": [
          {
            "hash": "0044e13fb557924baf4c2e0a1e2af9f269d6c5c0",
            "messageTitle": "Add Todos, Events, Deadlines",
            "messageBody": "",
            "tags": [
              "Level-4",
              "A-CodeQuality"
            ],
            "insertions": 122,
            "deletions": 21
          }
        ]
      }
    ]
  },
  "authorFinalContributionMap": {
    "harithadiv": 205
  },
  "authorFileTypeContributionMap": {
    "harithadiv": {
      "java": 205,
      "md": 0,
      "fxml": 0,
      "sh": 0,
      "bat": 0,
      "gradle": 0,
      "txt": 0
    }
  },
  "authorContributionVariance": {
    "harithadiv": 864.1461
  },
  "authorDisplayNameMap": {
    "harithadiv": "CS2113T-T12-4 DIVA..ITHA"
  }
}
