{
  "authorDailyContributionsMap": {
    "harithadiv": [
      {
        "insertions": 6,
        "deletions": 6,
        "date": "2020-01-20",
        "commitResults": [
          {
            "hash": "6d5ef503af1dbf01a5d709136d271f47781d2308",
            "messageTitle": "Add Greet and Exit",
            "messageBody": "",
            "tags": [
              "Level-0"
            ],
            "insertions": 6,
            "deletions": 6
          }
        ]
      },
      {
        "insertions": 60,
        "deletions": 18,
        "date": "2020-01-27",
        "commitResults": [
          {
            "hash": "5b4432d8d540c2814604005aeedb276b5d66dd12",
            "messageTitle": "Add Greet, Echo, Exit",
            "messageBody": "",
            "tags": [
              "Level-1"
            ],
            "insertions": 39,
            "deletions": 6
          },
          {
            "hash": "6c3515c7d99996b64c7b15b631ced8aadf54e426",
            "messageTitle": "Add list",
            "messageBody": "",
            "tags": [
              "Level-2"
            ],
            "insertions": 21,
            "deletions": 12
          }
        ]
      },
      {
        "insertions": 65,
        "deletions": 9,
        "date": "2020-02-01",
        "commitResults": [
          {
            "hash": "278a7bbb14db05471f08879248dddadf6f35ca26",
            "messageTitle": "Mark as done to tasksList",
            "messageBody": "",
            "tags": [
              "Level-3",
              "A-CodingStandard"
            ],
            "insertions": 65,
            "deletions": 9
          }
        ]
      },
      {
        "insertions": 122,
        "deletions": 21,
        "date": "2020-02-15",
        "commitResults": [
          {
            "hash": "0044e13fb557924baf4c2e0a1e2af9f269d6c5c0",
            "messageTitle": "Add Todos, Events, Deadlines",
            "messageBody": "",
            "tags": [
              "Level-4",
              "A-CodeQuality"
            ],
            "insertions": 122,
            "deletions": 21
          }
        ]
      },
      {
        "insertions": 91,
        "deletions": 37,
        "date": "2020-02-18",
        "commitResults": [
          {
            "hash": "9d1c55319a07fb0aeaa39b53858d99f8dd248ddd",
            "messageTitle": "Handle errors for incorrect inputs by user",
            "messageBody": "",
            "tags": [
              "Level-5",
              "A-Packages",
              "A-Exceptions"
            ],
            "insertions": 91,
            "deletions": 37
          }
        ]
      },
      {
        "insertions": 279,
        "deletions": 162,
        "date": "2020-02-25",
        "commitResults": [
          {
            "hash": "f8d92234da615b371eba24a309ee5ae6dd373c8a",
            "messageTitle": "Add support delete tasks from list",
            "messageBody": "",
            "tags": [
              "Level-6",
              "A-Collections"
            ],
            "insertions": 98,
            "deletions": 79
          },
          {
            "hash": "4b10d7b7b94e22fdc01522b62a344d1283661ca1",
            "messageTitle": "Save the tasks in the hard disk automatically",
            "messageBody": "",
            "tags": [
              "Level-7",
              "A-Jar"
            ],
            "insertions": 181,
            "deletions": 83
          }
        ]
      },
      {
        "insertions": 334,
        "deletions": 187,
        "date": "2020-02-26",
        "commitResults": [
          {
            "hash": "f29e398c87ea00dcda757a323886be077d429595",
            "messageTitle": "Make the code more OOP",
            "messageBody": "",
            "tags": [
              "v0.1",
              "A-MoreOOP"
            ],
            "insertions": 334,
            "deletions": 187
          }
        ]
      }
    ]
  },
  "authorFinalContributionMap": {
    "harithadiv": 513
  },
  "authorFileTypeContributionMap": {
    "harithadiv": {
      "java": 488,
      "md": 2,
      "fxml": 0,
      "sh": 0,
      "bat": 21,
      "gradle": 0,
      "txt": 2
    }
  },
  "authorContributionVariance": {
    "harithadiv": 10468.665
  },
  "authorDisplayNameMap": {
    "harithadiv": "CS2113T-T12-4 DIVA..ITHA"
  }
}
