[
  {
    "path": "src/main/java/chatty/ChattyChatBot.java",
    "fileType": "java",
    "lines": [
      {
        "lineNumber": 1,
        "author": {
          "gitId": "Zhilin-Huang"
        },
        "content": "package chatty;"
      },
      {
        "lineNumber": 2,
        "author": {
          "gitId": "Zhilin-Huang"
        },
        "content": ""
      },
      {
        "lineNumber": 3,
        "author": {
          "gitId": "Zhilin-Huang"
        },
        "content": "import chatty.exception.ChattyChatBotException;"
      },
      {
        "lineNumber": 4,
        "author": {
          "gitId": "Zhilin-Huang"
        },
        "content": "import chatty.task.Deadline;"
      },
      {
        "lineNumber": 5,
        "author": {
          "gitId": "Zhilin-Huang"
        },
        "content": "import chatty.task.Event;"
      },
      {
        "lineNumber": 6,
        "author": {
          "gitId": "Zhilin-Huang"
        },
        "content": "import chatty.task.Task;"
      },
      {
        "lineNumber": 7,
        "author": {
          "gitId": "Zhilin-Huang"
        },
        "content": "import chatty.task.ToDo;"
      },
      {
        "lineNumber": 8,
        "author": {
          "gitId": "Zhilin-Huang"
        },
        "content": ""
      },
      {
        "lineNumber": 9,
        "author": {
          "gitId": "Zhilin-Huang"
        },
        "content": "import java.util.ArrayList;"
      },
      {
        "lineNumber": 10,
        "author": {
          "gitId": "Zhilin-Huang"
        },
        "content": "import java.util.List;"
      },
      {
        "lineNumber": 11,
        "author": {
          "gitId": "Zhilin-Huang"
        },
        "content": "import java.util.Scanner;"
      },
      {
        "lineNumber": 12,
        "author": {
          "gitId": "Zhilin-Huang"
        },
        "content": ""
      },
      {
        "lineNumber": 13,
        "author": {
          "gitId": "Zhilin-Huang"
        },
        "content": "import static chatty.util.Constants.ADDED_TASK_CONFIRMATION;"
      },
      {
        "lineNumber": 14,
        "author": {
          "gitId": "Zhilin-Huang"
        },
        "content": "import static chatty.util.Constants.AT_STRING;"
      },
      {
        "lineNumber": 15,
        "author": {
          "gitId": "Zhilin-Huang"
        },
        "content": "import static chatty.util.Constants.BOT_NAME;"
      },
      {
        "lineNumber": 16,
        "author": {
          "gitId": "Zhilin-Huang"
        },
        "content": "import static chatty.util.Constants.BYE_STRING;"
      },
      {
        "lineNumber": 17,
        "author": {
          "gitId": "Zhilin-Huang"
        },
        "content": "import static chatty.util.Constants.BY_STRING;"
      },
      {
        "lineNumber": 18,
        "author": {
          "gitId": "Zhilin-Huang"
        },
        "content": "import static chatty.util.Constants.DEADLINE_STRING;"
      },
      {
        "lineNumber": 19,
        "author": {
          "gitId": "Zhilin-Huang"
        },
        "content": "import static chatty.util.Constants.DONE_STRING;"
      },
      {
        "lineNumber": 20,
        "author": {
          "gitId": "Zhilin-Huang"
        },
        "content": "import static chatty.util.Constants.DOT_CHARACTER;"
      },
      {
        "lineNumber": 21,
        "author": {
          "gitId": "Zhilin-Huang"
        },
        "content": "import static chatty.util.Constants.EVENT_STRING;"
      },
      {
        "lineNumber": 22,
        "author": {
          "gitId": "Zhilin-Huang"
        },
        "content": "import static chatty.util.Constants.LINE_BREAK;"
      },
      {
        "lineNumber": 23,
        "author": {
          "gitId": "Zhilin-Huang"
        },
        "content": "import static chatty.util.Constants.LIST_STRING;"
      },
      {
        "lineNumber": 24,
        "author": {
          "gitId": "Zhilin-Huang"
        },
        "content": "import static chatty.util.Constants.SPACE_SEPARATOR;"
      },
      {
        "lineNumber": 25,
        "author": {
          "gitId": "Zhilin-Huang"
        },
        "content": "import static chatty.util.Constants.TASK_SUMMARY_FIRST_HALF;"
      },
      {
        "lineNumber": 26,
        "author": {
          "gitId": "Zhilin-Huang"
        },
        "content": "import static chatty.util.Constants.TASK_SUMMARY_SECOND_HALF;"
      },
      {
        "lineNumber": 27,
        "author": {
          "gitId": "Zhilin-Huang"
        },
        "content": "import static chatty.util.Constants.TODO_STRING;"
      },
      {
        "lineNumber": 28,
        "author": {
          "gitId": "Zhilin-Huang"
        },
        "content": ""
      },
      {
        "lineNumber": 29,
        "author": {
          "gitId": "Zhilin-Huang"
        },
        "content": "public class ChattyChatBot {"
      },
      {
        "lineNumber": 30,
        "author": {
          "gitId": "Zhilin-Huang"
        },
        "content": ""
      },
      {
        "lineNumber": 31,
        "author": {
          "gitId": "Zhilin-Huang"
        },
        "content": "    private static final Scanner SCANNER \u003d new Scanner(System.in);"
      },
      {
        "lineNumber": 32,
        "author": {
          "gitId": "Zhilin-Huang"
        },
        "content": ""
      },
      {
        "lineNumber": 33,
        "author": {
          "gitId": "Zhilin-Huang"
        },
        "content": "    public static void main(String[] args) {"
      },
      {
        "lineNumber": 34,
        "author": {
          "gitId": "Zhilin-Huang"
        },
        "content": "        sendWelcomeMessage();"
      },
      {
        "lineNumber": 35,
        "author": {
          "gitId": "Zhilin-Huang"
        },
        "content": ""
      },
      {
        "lineNumber": 36,
        "author": {
          "gitId": "Zhilin-Huang"
        },
        "content": "        List\u003cTask\u003e tasks \u003d new ArrayList\u003c\u003e();"
      },
      {
        "lineNumber": 37,
        "author": {
          "gitId": "Zhilin-Huang"
        },
        "content": ""
      },
      {
        "lineNumber": 38,
        "author": {
          "gitId": "Zhilin-Huang"
        },
        "content": "        String userInput \u003d \"\";"
      },
      {
        "lineNumber": 39,
        "author": {
          "gitId": "Zhilin-Huang"
        },
        "content": "        do {"
      },
      {
        "lineNumber": 40,
        "author": {
          "gitId": "Zhilin-Huang"
        },
        "content": "            userInput \u003d SCANNER.nextLine();"
      },
      {
        "lineNumber": 41,
        "author": {
          "gitId": "Zhilin-Huang"
        },
        "content": ""
      },
      {
        "lineNumber": 42,
        "author": {
          "gitId": "Zhilin-Huang"
        },
        "content": "            System.out.println(LINE_BREAK);"
      },
      {
        "lineNumber": 43,
        "author": {
          "gitId": "Zhilin-Huang"
        },
        "content": ""
      },
      {
        "lineNumber": 44,
        "author": {
          "gitId": "Zhilin-Huang"
        },
        "content": "            // Solution below adapted from: https://stackoverflow"
      },
      {
        "lineNumber": 45,
        "author": {
          "gitId": "Zhilin-Huang"
        },
        "content": "            // .com/questions/5067942/what-is-the-best-way-to-extract-the-first-word-from-a-string-in-java"
      },
      {
        "lineNumber": 46,
        "author": {
          "gitId": "Zhilin-Huang"
        },
        "content": "            String[] array \u003d userInput.split(SPACE_SEPARATOR, 2);"
      },
      {
        "lineNumber": 47,
        "author": {
          "gitId": "Zhilin-Huang"
        },
        "content": "            String action \u003d array[0];"
      },
      {
        "lineNumber": 48,
        "author": {
          "gitId": "Zhilin-Huang"
        },
        "content": ""
      },
      {
        "lineNumber": 49,
        "author": {
          "gitId": "Zhilin-Huang"
        },
        "content": "            switch (action) {"
      },
      {
        "lineNumber": 50,
        "author": {
          "gitId": "Zhilin-Huang"
        },
        "content": "            case LIST_STRING:"
      },
      {
        "lineNumber": 51,
        "author": {
          "gitId": "Zhilin-Huang"
        },
        "content": "                listAllTasks(tasks);"
      },
      {
        "lineNumber": 52,
        "author": {
          "gitId": "Zhilin-Huang"
        },
        "content": "                break;"
      },
      {
        "lineNumber": 53,
        "author": {
          "gitId": "Zhilin-Huang"
        },
        "content": "            case DONE_STRING:"
      },
      {
        "lineNumber": 54,
        "author": {
          "gitId": "Zhilin-Huang"
        },
        "content": "                try {"
      },
      {
        "lineNumber": 55,
        "author": {
          "gitId": "Zhilin-Huang"
        },
        "content": "                    markTaskAsDone(tasks, array[1]);"
      },
      {
        "lineNumber": 56,
        "author": {
          "gitId": "Zhilin-Huang"
        },
        "content": "                } catch (ArrayIndexOutOfBoundsException e) {"
      },
      {
        "lineNumber": 57,
        "author": {
          "gitId": "Zhilin-Huang"
        },
        "content": "                    System.out.println(\"Let me know which task you would like to mark as done?\");"
      },
      {
        "lineNumber": 58,
        "author": {
          "gitId": "Zhilin-Huang"
        },
        "content": "                }"
      },
      {
        "lineNumber": 59,
        "author": {
          "gitId": "Zhilin-Huang"
        },
        "content": "                break;"
      },
      {
        "lineNumber": 60,
        "author": {
          "gitId": "Zhilin-Huang"
        },
        "content": "            case TODO_STRING:"
      },
      {
        "lineNumber": 61,
        "author": {
          "gitId": "Zhilin-Huang"
        },
        "content": "                try {"
      },
      {
        "lineNumber": 62,
        "author": {
          "gitId": "Zhilin-Huang"
        },
        "content": "                    addToDoTask(tasks, array[1]);"
      },
      {
        "lineNumber": 63,
        "author": {
          "gitId": "Zhilin-Huang"
        },
        "content": "                } catch (ArrayIndexOutOfBoundsException e) {"
      },
      {
        "lineNumber": 64,
        "author": {
          "gitId": "Zhilin-Huang"
        },
        "content": "                    System.out.println(\"Sure, let me know what ToDo task you would like to add!\");"
      },
      {
        "lineNumber": 65,
        "author": {
          "gitId": "Zhilin-Huang"
        },
        "content": "                }"
      },
      {
        "lineNumber": 66,
        "author": {
          "gitId": "Zhilin-Huang"
        },
        "content": "                break;"
      },
      {
        "lineNumber": 67,
        "author": {
          "gitId": "Zhilin-Huang"
        },
        "content": "            case DEADLINE_STRING:"
      },
      {
        "lineNumber": 68,
        "author": {
          "gitId": "Zhilin-Huang"
        },
        "content": "                try {"
      },
      {
        "lineNumber": 69,
        "author": {
          "gitId": "Zhilin-Huang"
        },
        "content": "                    addDeadlineTask(tasks, array[1]);"
      },
      {
        "lineNumber": 70,
        "author": {
          "gitId": "Zhilin-Huang"
        },
        "content": "                } catch (ArrayIndexOutOfBoundsException e) {"
      },
      {
        "lineNumber": 71,
        "author": {
          "gitId": "Zhilin-Huang"
        },
        "content": "                    System.out.println(\"Sure, let me know what Deadline task you would like to add!\");"
      },
      {
        "lineNumber": 72,
        "author": {
          "gitId": "Zhilin-Huang"
        },
        "content": "                } catch (ChattyChatBotException e) {"
      },
      {
        "lineNumber": 73,
        "author": {
          "gitId": "Zhilin-Huang"
        },
        "content": "                    System.out.println(\"Please specify the deadline of your task\");"
      },
      {
        "lineNumber": 74,
        "author": {
          "gitId": "Zhilin-Huang"
        },
        "content": "                }"
      },
      {
        "lineNumber": 75,
        "author": {
          "gitId": "Zhilin-Huang"
        },
        "content": "                break;"
      },
      {
        "lineNumber": 76,
        "author": {
          "gitId": "Zhilin-Huang"
        },
        "content": "            case EVENT_STRING:"
      },
      {
        "lineNumber": 77,
        "author": {
          "gitId": "Zhilin-Huang"
        },
        "content": "                try {"
      },
      {
        "lineNumber": 78,
        "author": {
          "gitId": "Zhilin-Huang"
        },
        "content": "                    addEventTask(tasks, array[1]);"
      },
      {
        "lineNumber": 79,
        "author": {
          "gitId": "Zhilin-Huang"
        },
        "content": "                } catch (ArrayIndexOutOfBoundsException e) {"
      },
      {
        "lineNumber": 80,
        "author": {
          "gitId": "Zhilin-Huang"
        },
        "content": "                    System.out.println(\"Sure, let me know what Event task you would like to add!\");"
      },
      {
        "lineNumber": 81,
        "author": {
          "gitId": "Zhilin-Huang"
        },
        "content": "                } catch (ChattyChatBotException e) {"
      },
      {
        "lineNumber": 82,
        "author": {
          "gitId": "Zhilin-Huang"
        },
        "content": "                    System.out.println(\"Please specify the time of your event\");"
      },
      {
        "lineNumber": 83,
        "author": {
          "gitId": "Zhilin-Huang"
        },
        "content": "                }"
      },
      {
        "lineNumber": 84,
        "author": {
          "gitId": "Zhilin-Huang"
        },
        "content": "                break;"
      },
      {
        "lineNumber": 85,
        "author": {
          "gitId": "Zhilin-Huang"
        },
        "content": "            case BYE_STRING:"
      },
      {
        "lineNumber": 86,
        "author": {
          "gitId": "Zhilin-Huang"
        },
        "content": "                sendByeMessage();"
      },
      {
        "lineNumber": 87,
        "author": {
          "gitId": "Zhilin-Huang"
        },
        "content": "                break;"
      },
      {
        "lineNumber": 88,
        "author": {
          "gitId": "Zhilin-Huang"
        },
        "content": "            default:"
      },
      {
        "lineNumber": 89,
        "author": {
          "gitId": "Zhilin-Huang"
        },
        "content": "                sendDefaultResponse();"
      },
      {
        "lineNumber": 90,
        "author": {
          "gitId": "Zhilin-Huang"
        },
        "content": "            }"
      },
      {
        "lineNumber": 91,
        "author": {
          "gitId": "Zhilin-Huang"
        },
        "content": ""
      },
      {
        "lineNumber": 92,
        "author": {
          "gitId": "Zhilin-Huang"
        },
        "content": "            System.out.println(LINE_BREAK);"
      },
      {
        "lineNumber": 93,
        "author": {
          "gitId": "Zhilin-Huang"
        },
        "content": "        } while (!userInput.equals(BYE_STRING));"
      },
      {
        "lineNumber": 94,
        "author": {
          "gitId": "Zhilin-Huang"
        },
        "content": "    }"
      },
      {
        "lineNumber": 95,
        "author": {
          "gitId": "Zhilin-Huang"
        },
        "content": ""
      },
      {
        "lineNumber": 96,
        "author": {
          "gitId": "Zhilin-Huang"
        },
        "content": "    private static void listAllTasks(List\u003cTask\u003e tasks) {"
      },
      {
        "lineNumber": 97,
        "author": {
          "gitId": "Zhilin-Huang"
        },
        "content": "        System.out.println(\"Here are the tasks in your list:\");"
      },
      {
        "lineNumber": 98,
        "author": {
          "gitId": "Zhilin-Huang"
        },
        "content": "        for (int i \u003d 0; i \u003c tasks.size(); i++) {"
      },
      {
        "lineNumber": 99,
        "author": {
          "gitId": "Zhilin-Huang"
        },
        "content": "            Task task \u003d tasks.get(i);"
      },
      {
        "lineNumber": 100,
        "author": {
          "gitId": "Zhilin-Huang"
        },
        "content": "            System.out.println((i + 1) + DOT_CHARACTER + SPACE_SEPARATOR + task.toString());"
      },
      {
        "lineNumber": 101,
        "author": {
          "gitId": "Zhilin-Huang"
        },
        "content": "        }"
      },
      {
        "lineNumber": 102,
        "author": {
          "gitId": "Zhilin-Huang"
        },
        "content": "    }"
      },
      {
        "lineNumber": 103,
        "author": {
          "gitId": "Zhilin-Huang"
        },
        "content": ""
      },
      {
        "lineNumber": 104,
        "author": {
          "gitId": "Zhilin-Huang"
        },
        "content": "    private static void markTaskAsDone(List\u003cTask\u003e tasks, String indexStr) {"
      },
      {
        "lineNumber": 105,
        "author": {
          "gitId": "Zhilin-Huang"
        },
        "content": "        try {"
      },
      {
        "lineNumber": 106,
        "author": {
          "gitId": "Zhilin-Huang"
        },
        "content": "            int taskIdx \u003d Integer.parseInt(indexStr);"
      },
      {
        "lineNumber": 107,
        "author": {
          "gitId": "Zhilin-Huang"
        },
        "content": "            Task task \u003d tasks.get(taskIdx - 1);"
      },
      {
        "lineNumber": 108,
        "author": {
          "gitId": "Zhilin-Huang"
        },
        "content": "            task.markAsDone();"
      },
      {
        "lineNumber": 109,
        "author": {
          "gitId": "Zhilin-Huang"
        },
        "content": "            System.out.println(task.toString());"
      },
      {
        "lineNumber": 110,
        "author": {
          "gitId": "Zhilin-Huang"
        },
        "content": "        } catch (NumberFormatException e) {"
      },
      {
        "lineNumber": 111,
        "author": {
          "gitId": "Zhilin-Huang"
        },
        "content": "            System.out.println(\"Please enter a valid task number\");"
      },
      {
        "lineNumber": 112,
        "author": {
          "gitId": "Zhilin-Huang"
        },
        "content": "        } catch (IndexOutOfBoundsException e) {"
      },
      {
        "lineNumber": 113,
        "author": {
          "gitId": "Zhilin-Huang"
        },
        "content": "            System.out.println(\"The number you entered does not match any task in your list\");"
      },
      {
        "lineNumber": 114,
        "author": {
          "gitId": "Zhilin-Huang"
        },
        "content": "        }"
      },
      {
        "lineNumber": 115,
        "author": {
          "gitId": "Zhilin-Huang"
        },
        "content": "    }"
      },
      {
        "lineNumber": 116,
        "author": {
          "gitId": "Zhilin-Huang"
        },
        "content": ""
      },
      {
        "lineNumber": 117,
        "author": {
          "gitId": "Zhilin-Huang"
        },
        "content": "    private static void addToDoTask(List\u003cTask\u003e tasks, String description) {"
      },
      {
        "lineNumber": 118,
        "author": {
          "gitId": "Zhilin-Huang"
        },
        "content": "        ToDo newToDoTask \u003d new ToDo(description);"
      },
      {
        "lineNumber": 119,
        "author": {
          "gitId": "Zhilin-Huang"
        },
        "content": "        tasks.add(newToDoTask);"
      },
      {
        "lineNumber": 120,
        "author": {
          "gitId": "Zhilin-Huang"
        },
        "content": ""
      },
      {
        "lineNumber": 121,
        "author": {
          "gitId": "Zhilin-Huang"
        },
        "content": "        System.out.println(ADDED_TASK_CONFIRMATION);"
      },
      {
        "lineNumber": 122,
        "author": {
          "gitId": "Zhilin-Huang"
        },
        "content": "        System.out.println(newToDoTask);"
      },
      {
        "lineNumber": 123,
        "author": {
          "gitId": "Zhilin-Huang"
        },
        "content": "        System.out.println(TASK_SUMMARY_FIRST_HALF + tasks.size() + TASK_SUMMARY_SECOND_HALF);"
      },
      {
        "lineNumber": 124,
        "author": {
          "gitId": "Zhilin-Huang"
        },
        "content": "    }"
      },
      {
        "lineNumber": 125,
        "author": {
          "gitId": "Zhilin-Huang"
        },
        "content": ""
      },
      {
        "lineNumber": 126,
        "author": {
          "gitId": "Zhilin-Huang"
        },
        "content": "    private static void addDeadlineTask(List\u003cTask\u003e tasks, String inputStr) throws ChattyChatBotException {"
      },
      {
        "lineNumber": 127,
        "author": {
          "gitId": "Zhilin-Huang"
        },
        "content": "        try {"
      },
      {
        "lineNumber": 128,
        "author": {
          "gitId": "Zhilin-Huang"
        },
        "content": "            String[] array \u003d inputStr.split(BY_STRING);"
      },
      {
        "lineNumber": 129,
        "author": {
          "gitId": "Zhilin-Huang"
        },
        "content": "            Deadline newDeadlineTask \u003d new Deadline(array[0], array[1]);"
      },
      {
        "lineNumber": 130,
        "author": {
          "gitId": "Zhilin-Huang"
        },
        "content": "            tasks.add(newDeadlineTask);"
      },
      {
        "lineNumber": 131,
        "author": {
          "gitId": "Zhilin-Huang"
        },
        "content": ""
      },
      {
        "lineNumber": 132,
        "author": {
          "gitId": "Zhilin-Huang"
        },
        "content": "            System.out.println(ADDED_TASK_CONFIRMATION);"
      },
      {
        "lineNumber": 133,
        "author": {
          "gitId": "Zhilin-Huang"
        },
        "content": "            System.out.println(newDeadlineTask);"
      },
      {
        "lineNumber": 134,
        "author": {
          "gitId": "Zhilin-Huang"
        },
        "content": "            System.out.println(TASK_SUMMARY_FIRST_HALF + tasks.size() + TASK_SUMMARY_SECOND_HALF);"
      },
      {
        "lineNumber": 135,
        "author": {
          "gitId": "Zhilin-Huang"
        },
        "content": "        } catch (ArrayIndexOutOfBoundsException e) {"
      },
      {
        "lineNumber": 136,
        "author": {
          "gitId": "Zhilin-Huang"
        },
        "content": "            throw new ChattyChatBotException();"
      },
      {
        "lineNumber": 137,
        "author": {
          "gitId": "Zhilin-Huang"
        },
        "content": "        }"
      },
      {
        "lineNumber": 138,
        "author": {
          "gitId": "Zhilin-Huang"
        },
        "content": "    }"
      },
      {
        "lineNumber": 139,
        "author": {
          "gitId": "Zhilin-Huang"
        },
        "content": ""
      },
      {
        "lineNumber": 140,
        "author": {
          "gitId": "Zhilin-Huang"
        },
        "content": "    private static void addEventTask(List\u003cTask\u003e tasks, String inputStr) throws ChattyChatBotException {"
      },
      {
        "lineNumber": 141,
        "author": {
          "gitId": "Zhilin-Huang"
        },
        "content": "        try {"
      },
      {
        "lineNumber": 142,
        "author": {
          "gitId": "Zhilin-Huang"
        },
        "content": "            String[] array \u003d inputStr.split(AT_STRING);"
      },
      {
        "lineNumber": 143,
        "author": {
          "gitId": "Zhilin-Huang"
        },
        "content": "            Event newEventTask \u003d new Event(array[0], array[1]);"
      },
      {
        "lineNumber": 144,
        "author": {
          "gitId": "Zhilin-Huang"
        },
        "content": "            tasks.add(newEventTask);"
      },
      {
        "lineNumber": 145,
        "author": {
          "gitId": "Zhilin-Huang"
        },
        "content": ""
      },
      {
        "lineNumber": 146,
        "author": {
          "gitId": "Zhilin-Huang"
        },
        "content": "            System.out.println(ADDED_TASK_CONFIRMATION);"
      },
      {
        "lineNumber": 147,
        "author": {
          "gitId": "Zhilin-Huang"
        },
        "content": "            System.out.println(newEventTask);"
      },
      {
        "lineNumber": 148,
        "author": {
          "gitId": "Zhilin-Huang"
        },
        "content": "            System.out.println(TASK_SUMMARY_FIRST_HALF + tasks.size() + TASK_SUMMARY_SECOND_HALF);"
      },
      {
        "lineNumber": 149,
        "author": {
          "gitId": "Zhilin-Huang"
        },
        "content": "        } catch (ArrayIndexOutOfBoundsException e) {"
      },
      {
        "lineNumber": 150,
        "author": {
          "gitId": "Zhilin-Huang"
        },
        "content": "            throw new ChattyChatBotException();"
      },
      {
        "lineNumber": 151,
        "author": {
          "gitId": "Zhilin-Huang"
        },
        "content": "        }"
      },
      {
        "lineNumber": 152,
        "author": {
          "gitId": "Zhilin-Huang"
        },
        "content": "    }"
      },
      {
        "lineNumber": 153,
        "author": {
          "gitId": "Zhilin-Huang"
        },
        "content": ""
      },
      {
        "lineNumber": 154,
        "author": {
          "gitId": "Zhilin-Huang"
        },
        "content": "    private static void sendDefaultResponse() {"
      },
      {
        "lineNumber": 155,
        "author": {
          "gitId": "Zhilin-Huang"
        },
        "content": "        System.out.println(\"Sorry, I can\u0027t help you with that yet\");"
      },
      {
        "lineNumber": 156,
        "author": {
          "gitId": "Zhilin-Huang"
        },
        "content": "        System.out.println(\"I\u0027m \" + BOT_NAME);"
      },
      {
        "lineNumber": 157,
        "author": {
          "gitId": "Zhilin-Huang"
        },
        "content": "        System.out.println(\"How may I help you?\");"
      },
      {
        "lineNumber": 158,
        "author": {
          "gitId": "Zhilin-Huang"
        },
        "content": "    }"
      },
      {
        "lineNumber": 159,
        "author": {
          "gitId": "Zhilin-Huang"
        },
        "content": ""
      },
      {
        "lineNumber": 160,
        "author": {
          "gitId": "Zhilin-Huang"
        },
        "content": "    private static void sendWelcomeMessage() {"
      },
      {
        "lineNumber": 161,
        "author": {
          "gitId": "Zhilin-Huang"
        },
        "content": "        System.out.println(LINE_BREAK);"
      },
      {
        "lineNumber": 162,
        "author": {
          "gitId": "Zhilin-Huang"
        },
        "content": "        System.out.println(\"Hello from \" + BOT_NAME);"
      },
      {
        "lineNumber": 163,
        "author": {
          "gitId": "Zhilin-Huang"
        },
        "content": "        System.out.println(\"Glad to be at your service!\");"
      },
      {
        "lineNumber": 164,
        "author": {
          "gitId": "Zhilin-Huang"
        },
        "content": "        System.out.println(LINE_BREAK);"
      },
      {
        "lineNumber": 165,
        "author": {
          "gitId": "Zhilin-Huang"
        },
        "content": "    }"
      },
      {
        "lineNumber": 166,
        "author": {
          "gitId": "Zhilin-Huang"
        },
        "content": ""
      },
      {
        "lineNumber": 167,
        "author": {
          "gitId": "Zhilin-Huang"
        },
        "content": "    private static void sendByeMessage() {"
      },
      {
        "lineNumber": 168,
        "author": {
          "gitId": "Zhilin-Huang"
        },
        "content": "        System.out.println(\"Thanks for chatting with \" + BOT_NAME);"
      },
      {
        "lineNumber": 169,
        "author": {
          "gitId": "Zhilin-Huang"
        },
        "content": "        System.out.println(\"See you again soon!\");"
      },
      {
        "lineNumber": 170,
        "author": {
          "gitId": "Zhilin-Huang"
        },
        "content": "    }"
      },
      {
        "lineNumber": 171,
        "author": {
          "gitId": "Zhilin-Huang"
        },
        "content": "}"
      }
    ],
    "authorContributionMap": {
      "Zhilin-Huang": 171
    }
  },
  {
    "path": "src/main/java/chatty/exception/ChattyChatBotException.java",
    "fileType": "java",
    "lines": [
      {
        "lineNumber": 1,
        "author": {
          "gitId": "Zhilin-Huang"
        },
        "content": "package chatty.exception;"
      },
      {
        "lineNumber": 2,
        "author": {
          "gitId": "Zhilin-Huang"
        },
        "content": ""
      },
      {
        "lineNumber": 3,
        "author": {
          "gitId": "Zhilin-Huang"
        },
        "content": "public class ChattyChatBotException extends Exception {"
      },
      {
        "lineNumber": 4,
        "author": {
          "gitId": "Zhilin-Huang"
        },
        "content": ""
      },
      {
        "lineNumber": 5,
        "author": {
          "gitId": "Zhilin-Huang"
        },
        "content": "}"
      }
    ],
    "authorContributionMap": {
      "Zhilin-Huang": 5
    }
  },
  {
    "path": "src/main/java/chatty/task/Deadline.java",
    "fileType": "java",
    "lines": [
      {
        "lineNumber": 1,
        "author": {
          "gitId": "Zhilin-Huang"
        },
        "content": "package chatty.task;"
      },
      {
        "lineNumber": 2,
        "author": {
          "gitId": "Zhilin-Huang"
        },
        "content": ""
      },
      {
        "lineNumber": 3,
        "author": {
          "gitId": "Zhilin-Huang"
        },
        "content": "public class Deadline extends Task {"
      },
      {
        "lineNumber": 4,
        "author": {
          "gitId": "Zhilin-Huang"
        },
        "content": ""
      },
      {
        "lineNumber": 5,
        "author": {
          "gitId": "Zhilin-Huang"
        },
        "content": "    protected String dateTime;"
      },
      {
        "lineNumber": 6,
        "author": {
          "gitId": "Zhilin-Huang"
        },
        "content": ""
      },
      {
        "lineNumber": 7,
        "author": {
          "gitId": "Zhilin-Huang"
        },
        "content": "    public Deadline(String description, String dateTime) {"
      },
      {
        "lineNumber": 8,
        "author": {
          "gitId": "Zhilin-Huang"
        },
        "content": "        super(description);"
      },
      {
        "lineNumber": 9,
        "author": {
          "gitId": "Zhilin-Huang"
        },
        "content": "        this.dateTime \u003d dateTime;"
      },
      {
        "lineNumber": 10,
        "author": {
          "gitId": "Zhilin-Huang"
        },
        "content": "    }"
      },
      {
        "lineNumber": 11,
        "author": {
          "gitId": "Zhilin-Huang"
        },
        "content": ""
      },
      {
        "lineNumber": 12,
        "author": {
          "gitId": "Zhilin-Huang"
        },
        "content": "    @Override"
      },
      {
        "lineNumber": 13,
        "author": {
          "gitId": "Zhilin-Huang"
        },
        "content": "    public String toString() {"
      },
      {
        "lineNumber": 14,
        "author": {
          "gitId": "Zhilin-Huang"
        },
        "content": "        return \"[D]\" + super.toString() + \" (by: \" + this.dateTime + \")\";"
      },
      {
        "lineNumber": 15,
        "author": {
          "gitId": "Zhilin-Huang"
        },
        "content": "    }"
      },
      {
        "lineNumber": 16,
        "author": {
          "gitId": "Zhilin-Huang"
        },
        "content": "}"
      }
    ],
    "authorContributionMap": {
      "Zhilin-Huang": 16
    }
  },
  {
    "path": "src/main/java/chatty/task/Event.java",
    "fileType": "java",
    "lines": [
      {
        "lineNumber": 1,
        "author": {
          "gitId": "Zhilin-Huang"
        },
        "content": "package chatty.task;"
      },
      {
        "lineNumber": 2,
        "author": {
          "gitId": "Zhilin-Huang"
        },
        "content": ""
      },
      {
        "lineNumber": 3,
        "author": {
          "gitId": "Zhilin-Huang"
        },
        "content": "public class Event extends Task {"
      },
      {
        "lineNumber": 4,
        "author": {
          "gitId": "Zhilin-Huang"
        },
        "content": ""
      },
      {
        "lineNumber": 5,
        "author": {
          "gitId": "Zhilin-Huang"
        },
        "content": "    protected String eventPeriod;"
      },
      {
        "lineNumber": 6,
        "author": {
          "gitId": "Zhilin-Huang"
        },
        "content": ""
      },
      {
        "lineNumber": 7,
        "author": {
          "gitId": "Zhilin-Huang"
        },
        "content": "    public Event(String description, String eventPeriod) {"
      },
      {
        "lineNumber": 8,
        "author": {
          "gitId": "Zhilin-Huang"
        },
        "content": "        super(description);"
      },
      {
        "lineNumber": 9,
        "author": {
          "gitId": "Zhilin-Huang"
        },
        "content": "        this.eventPeriod \u003d eventPeriod;"
      },
      {
        "lineNumber": 10,
        "author": {
          "gitId": "Zhilin-Huang"
        },
        "content": "    }"
      },
      {
        "lineNumber": 11,
        "author": {
          "gitId": "Zhilin-Huang"
        },
        "content": ""
      },
      {
        "lineNumber": 12,
        "author": {
          "gitId": "Zhilin-Huang"
        },
        "content": "    @Override"
      },
      {
        "lineNumber": 13,
        "author": {
          "gitId": "Zhilin-Huang"
        },
        "content": "    public String toString() {"
      },
      {
        "lineNumber": 14,
        "author": {
          "gitId": "Zhilin-Huang"
        },
        "content": "        return \"[E]\" + super.toString() + \" (at: \" + this.eventPeriod + \")\";"
      },
      {
        "lineNumber": 15,
        "author": {
          "gitId": "Zhilin-Huang"
        },
        "content": "    }"
      },
      {
        "lineNumber": 16,
        "author": {
          "gitId": "Zhilin-Huang"
        },
        "content": "}"
      }
    ],
    "authorContributionMap": {
      "Zhilin-Huang": 16
    }
  },
  {
    "path": "src/main/java/chatty/task/Task.java",
    "fileType": "java",
    "lines": [
      {
        "lineNumber": 1,
        "author": {
          "gitId": "Zhilin-Huang"
        },
        "content": "package chatty.task;"
      },
      {
        "lineNumber": 2,
        "author": {
          "gitId": "Zhilin-Huang"
        },
        "content": ""
      },
      {
        "lineNumber": 3,
        "author": {
          "gitId": "Zhilin-Huang"
        },
        "content": "public class Task {"
      },
      {
        "lineNumber": 4,
        "author": {
          "gitId": "Zhilin-Huang"
        },
        "content": "    protected String description;"
      },
      {
        "lineNumber": 5,
        "author": {
          "gitId": "Zhilin-Huang"
        },
        "content": "    protected boolean isDone;"
      },
      {
        "lineNumber": 6,
        "author": {
          "gitId": "Zhilin-Huang"
        },
        "content": ""
      },
      {
        "lineNumber": 7,
        "author": {
          "gitId": "Zhilin-Huang"
        },
        "content": "    public Task(String description) {"
      },
      {
        "lineNumber": 8,
        "author": {
          "gitId": "Zhilin-Huang"
        },
        "content": "        this.description \u003d description;"
      },
      {
        "lineNumber": 9,
        "author": {
          "gitId": "Zhilin-Huang"
        },
        "content": "        this.isDone \u003d false;"
      },
      {
        "lineNumber": 10,
        "author": {
          "gitId": "Zhilin-Huang"
        },
        "content": "    }"
      },
      {
        "lineNumber": 11,
        "author": {
          "gitId": "Zhilin-Huang"
        },
        "content": ""
      },
      {
        "lineNumber": 12,
        "author": {
          "gitId": "Zhilin-Huang"
        },
        "content": "    public String getDescription() {"
      },
      {
        "lineNumber": 13,
        "author": {
          "gitId": "Zhilin-Huang"
        },
        "content": "        return this.description;"
      },
      {
        "lineNumber": 14,
        "author": {
          "gitId": "Zhilin-Huang"
        },
        "content": "    }"
      },
      {
        "lineNumber": 15,
        "author": {
          "gitId": "Zhilin-Huang"
        },
        "content": ""
      },
      {
        "lineNumber": 16,
        "author": {
          "gitId": "Zhilin-Huang"
        },
        "content": "    public String getStatusIcon() {"
      },
      {
        "lineNumber": 17,
        "author": {
          "gitId": "Zhilin-Huang"
        },
        "content": "        return (isDone ? \"\\u2713\" : \"\\u2718\"); //return tick or X symbols"
      },
      {
        "lineNumber": 18,
        "author": {
          "gitId": "Zhilin-Huang"
        },
        "content": "    }"
      },
      {
        "lineNumber": 19,
        "author": {
          "gitId": "Zhilin-Huang"
        },
        "content": ""
      },
      {
        "lineNumber": 20,
        "author": {
          "gitId": "Zhilin-Huang"
        },
        "content": "    public void markAsDone() {"
      },
      {
        "lineNumber": 21,
        "author": {
          "gitId": "Zhilin-Huang"
        },
        "content": "        this.isDone \u003d true;"
      },
      {
        "lineNumber": 22,
        "author": {
          "gitId": "Zhilin-Huang"
        },
        "content": "    }"
      },
      {
        "lineNumber": 23,
        "author": {
          "gitId": "Zhilin-Huang"
        },
        "content": ""
      },
      {
        "lineNumber": 24,
        "author": {
          "gitId": "Zhilin-Huang"
        },
        "content": "    @Override"
      },
      {
        "lineNumber": 25,
        "author": {
          "gitId": "Zhilin-Huang"
        },
        "content": "    public String toString() {"
      },
      {
        "lineNumber": 26,
        "author": {
          "gitId": "Zhilin-Huang"
        },
        "content": "        return \"[\" + this.getStatusIcon() + \"] \" + this.description;"
      },
      {
        "lineNumber": 27,
        "author": {
          "gitId": "Zhilin-Huang"
        },
        "content": "    }"
      },
      {
        "lineNumber": 28,
        "author": {
          "gitId": "Zhilin-Huang"
        },
        "content": "}"
      }
    ],
    "authorContributionMap": {
      "Zhilin-Huang": 28
    }
  },
  {
    "path": "src/main/java/chatty/task/ToDo.java",
    "fileType": "java",
    "lines": [
      {
        "lineNumber": 1,
        "author": {
          "gitId": "Zhilin-Huang"
        },
        "content": "package chatty.task;"
      },
      {
        "lineNumber": 2,
        "author": {
          "gitId": "Zhilin-Huang"
        },
        "content": ""
      },
      {
        "lineNumber": 3,
        "author": {
          "gitId": "Zhilin-Huang"
        },
        "content": "public class ToDo extends Task {"
      },
      {
        "lineNumber": 4,
        "author": {
          "gitId": "Zhilin-Huang"
        },
        "content": ""
      },
      {
        "lineNumber": 5,
        "author": {
          "gitId": "Zhilin-Huang"
        },
        "content": "    public ToDo(String description) {"
      },
      {
        "lineNumber": 6,
        "author": {
          "gitId": "Zhilin-Huang"
        },
        "content": "        super(description);"
      },
      {
        "lineNumber": 7,
        "author": {
          "gitId": "Zhilin-Huang"
        },
        "content": "    }"
      },
      {
        "lineNumber": 8,
        "author": {
          "gitId": "Zhilin-Huang"
        },
        "content": ""
      },
      {
        "lineNumber": 9,
        "author": {
          "gitId": "Zhilin-Huang"
        },
        "content": "    @Override"
      },
      {
        "lineNumber": 10,
        "author": {
          "gitId": "Zhilin-Huang"
        },
        "content": "    public String toString() {"
      },
      {
        "lineNumber": 11,
        "author": {
          "gitId": "Zhilin-Huang"
        },
        "content": "        return \"[T]\" + super.toString();"
      },
      {
        "lineNumber": 12,
        "author": {
          "gitId": "Zhilin-Huang"
        },
        "content": "    }"
      },
      {
        "lineNumber": 13,
        "author": {
          "gitId": "Zhilin-Huang"
        },
        "content": "}"
      }
    ],
    "authorContributionMap": {
      "Zhilin-Huang": 13
    }
  },
  {
    "path": "src/main/java/chatty/util/Constants.java",
    "fileType": "java",
    "lines": [
      {
        "lineNumber": 1,
        "author": {
          "gitId": "Zhilin-Huang"
        },
        "content": "package chatty.util;"
      },
      {
        "lineNumber": 2,
        "author": {
          "gitId": "Zhilin-Huang"
        },
        "content": ""
      },
      {
        "lineNumber": 3,
        "author": {
          "gitId": "Zhilin-Huang"
        },
        "content": "public class Constants {"
      },
      {
        "lineNumber": 4,
        "author": {
          "gitId": "Zhilin-Huang"
        },
        "content": "    public static final String BOT_NAME \u003d \"Chatty Chat Bot\";"
      },
      {
        "lineNumber": 5,
        "author": {
          "gitId": "Zhilin-Huang"
        },
        "content": ""
      },
      {
        "lineNumber": 6,
        "author": {
          "gitId": "Zhilin-Huang"
        },
        "content": "    public static final String BYE_STRING \u003d \"bye\";"
      },
      {
        "lineNumber": 7,
        "author": {
          "gitId": "Zhilin-Huang"
        },
        "content": "    public static final String LIST_STRING \u003d \"list\";"
      },
      {
        "lineNumber": 8,
        "author": {
          "gitId": "Zhilin-Huang"
        },
        "content": "    public static final String DONE_STRING \u003d \"done\";"
      },
      {
        "lineNumber": 9,
        "author": {
          "gitId": "Zhilin-Huang"
        },
        "content": "    public static final String TODO_STRING \u003d \"todo\";"
      },
      {
        "lineNumber": 10,
        "author": {
          "gitId": "Zhilin-Huang"
        },
        "content": "    public static final String DEADLINE_STRING \u003d \"deadline\";"
      },
      {
        "lineNumber": 11,
        "author": {
          "gitId": "Zhilin-Huang"
        },
        "content": "    public static final String EVENT_STRING \u003d \"event\";"
      },
      {
        "lineNumber": 12,
        "author": {
          "gitId": "Zhilin-Huang"
        },
        "content": ""
      },
      {
        "lineNumber": 13,
        "author": {
          "gitId": "Zhilin-Huang"
        },
        "content": "    public static final String SPACE_SEPARATOR \u003d \" \";"
      },
      {
        "lineNumber": 14,
        "author": {
          "gitId": "Zhilin-Huang"
        },
        "content": "    public static final String DOT_CHARACTER \u003d \".\";"
      },
      {
        "lineNumber": 15,
        "author": {
          "gitId": "Zhilin-Huang"
        },
        "content": "    public static final String BY_STRING \u003d \"/by\";"
      },
      {
        "lineNumber": 16,
        "author": {
          "gitId": "Zhilin-Huang"
        },
        "content": "    public static final String AT_STRING \u003d \"/at\";"
      },
      {
        "lineNumber": 17,
        "author": {
          "gitId": "Zhilin-Huang"
        },
        "content": ""
      },
      {
        "lineNumber": 18,
        "author": {
          "gitId": "Zhilin-Huang"
        },
        "content": "    public static final String LINE_BREAK \u003d \"____________________________________________________________\";"
      },
      {
        "lineNumber": 19,
        "author": {
          "gitId": "Zhilin-Huang"
        },
        "content": ""
      },
      {
        "lineNumber": 20,
        "author": {
          "gitId": "Zhilin-Huang"
        },
        "content": "    public static final String ADDED_TASK_CONFIRMATION \u003d \"Got it. I\u0027ve added this task:\";"
      },
      {
        "lineNumber": 21,
        "author": {
          "gitId": "Zhilin-Huang"
        },
        "content": "    public static final String TASK_SUMMARY_FIRST_HALF \u003d \"Now you have \";"
      },
      {
        "lineNumber": 22,
        "author": {
          "gitId": "Zhilin-Huang"
        },
        "content": "    public static final String TASK_SUMMARY_SECOND_HALF \u003d \" tasks in the list.\";"
      },
      {
        "lineNumber": 23,
        "author": {
          "gitId": "Zhilin-Huang"
        },
        "content": "}"
      }
    ],
    "authorContributionMap": {
      "Zhilin-Huang": 23
    }
  },
  {
    "path": "text-ui-test/EXPECTED.txt",
    "fileType": "txt",
    "lines": [
      {
        "lineNumber": 1,
        "author": {
          "gitId": "Zhilin-Huang"
        },
        "content": "____________________________________________________________"
      },
      {
        "lineNumber": 2,
        "author": {
          "gitId": "Zhilin-Huang"
        },
        "content": "Hello from Chatty Chat Bot"
      },
      {
        "lineNumber": 3,
        "author": {
          "gitId": "Zhilin-Huang"
        },
        "content": "Glad to be at your service!"
      },
      {
        "lineNumber": 4,
        "author": {
          "gitId": "Zhilin-Huang"
        },
        "content": "____________________________________________________________"
      },
      {
        "lineNumber": 5,
        "author": {
          "gitId": "Zhilin-Huang"
        },
        "content": "____________________________________________________________"
      },
      {
        "lineNumber": 6,
        "author": {
          "gitId": "Zhilin-Huang"
        },
        "content": "Sorry, I can\u0027t help you with that yet"
      },
      {
        "lineNumber": 7,
        "author": {
          "gitId": "Zhilin-Huang"
        },
        "content": "I\u0027m Chatty Chat Bot"
      },
      {
        "lineNumber": 8,
        "author": {
          "gitId": "Zhilin-Huang"
        },
        "content": "How may I help you?"
      },
      {
        "lineNumber": 9,
        "author": {
          "gitId": "Zhilin-Huang"
        },
        "content": "____________________________________________________________"
      },
      {
        "lineNumber": 10,
        "author": {
          "gitId": "Zhilin-Huang"
        },
        "content": "____________________________________________________________"
      },
      {
        "lineNumber": 11,
        "author": {
          "gitId": "Zhilin-Huang"
        },
        "content": "Got it. I\u0027ve added this task:"
      },
      {
        "lineNumber": 12,
        "author": {
          "gitId": "Zhilin-Huang"
        },
        "content": "[T][✘] This is a todo task"
      },
      {
        "lineNumber": 13,
        "author": {
          "gitId": "Zhilin-Huang"
        },
        "content": "Now you have 1 tasks in the list."
      },
      {
        "lineNumber": 14,
        "author": {
          "gitId": "Zhilin-Huang"
        },
        "content": "____________________________________________________________"
      },
      {
        "lineNumber": 15,
        "author": {
          "gitId": "Zhilin-Huang"
        },
        "content": "____________________________________________________________"
      },
      {
        "lineNumber": 16,
        "author": {
          "gitId": "Zhilin-Huang"
        },
        "content": "Sure, let me know what ToDo task you would like to add!"
      },
      {
        "lineNumber": 17,
        "author": {
          "gitId": "Zhilin-Huang"
        },
        "content": "____________________________________________________________"
      },
      {
        "lineNumber": 18,
        "author": {
          "gitId": "Zhilin-Huang"
        },
        "content": "____________________________________________________________"
      },
      {
        "lineNumber": 19,
        "author": {
          "gitId": "Zhilin-Huang"
        },
        "content": "Here are the tasks in your list:"
      },
      {
        "lineNumber": 20,
        "author": {
          "gitId": "Zhilin-Huang"
        },
        "content": "1. [T][✘] This is a todo task"
      },
      {
        "lineNumber": 21,
        "author": {
          "gitId": "Zhilin-Huang"
        },
        "content": "____________________________________________________________"
      },
      {
        "lineNumber": 22,
        "author": {
          "gitId": "Zhilin-Huang"
        },
        "content": "____________________________________________________________"
      },
      {
        "lineNumber": 23,
        "author": {
          "gitId": "Zhilin-Huang"
        },
        "content": "Got it. I\u0027ve added this task:"
      },
      {
        "lineNumber": 24,
        "author": {
          "gitId": "Zhilin-Huang"
        },
        "content": "[E][✘] This is an event happening  (at:  Feb 10th 2-4pm)"
      },
      {
        "lineNumber": 25,
        "author": {
          "gitId": "Zhilin-Huang"
        },
        "content": "Now you have 2 tasks in the list."
      },
      {
        "lineNumber": 26,
        "author": {
          "gitId": "Zhilin-Huang"
        },
        "content": "____________________________________________________________"
      },
      {
        "lineNumber": 27,
        "author": {
          "gitId": "Zhilin-Huang"
        },
        "content": "____________________________________________________________"
      },
      {
        "lineNumber": 28,
        "author": {
          "gitId": "Zhilin-Huang"
        },
        "content": "Sure, let me know what Event task you would like to add!"
      },
      {
        "lineNumber": 29,
        "author": {
          "gitId": "Zhilin-Huang"
        },
        "content": "____________________________________________________________"
      },
      {
        "lineNumber": 30,
        "author": {
          "gitId": "Zhilin-Huang"
        },
        "content": "____________________________________________________________"
      },
      {
        "lineNumber": 31,
        "author": {
          "gitId": "Zhilin-Huang"
        },
        "content": "Please specify the time of your event"
      },
      {
        "lineNumber": 32,
        "author": {
          "gitId": "Zhilin-Huang"
        },
        "content": "____________________________________________________________"
      },
      {
        "lineNumber": 33,
        "author": {
          "gitId": "Zhilin-Huang"
        },
        "content": "____________________________________________________________"
      },
      {
        "lineNumber": 34,
        "author": {
          "gitId": "Zhilin-Huang"
        },
        "content": "Here are the tasks in your list:"
      },
      {
        "lineNumber": 35,
        "author": {
          "gitId": "Zhilin-Huang"
        },
        "content": "1. [T][✘] This is a todo task"
      },
      {
        "lineNumber": 36,
        "author": {
          "gitId": "Zhilin-Huang"
        },
        "content": "2. [E][✘] This is an event happening  (at:  Feb 10th 2-4pm)"
      },
      {
        "lineNumber": 37,
        "author": {
          "gitId": "Zhilin-Huang"
        },
        "content": "____________________________________________________________"
      },
      {
        "lineNumber": 38,
        "author": {
          "gitId": "Zhilin-Huang"
        },
        "content": "____________________________________________________________"
      },
      {
        "lineNumber": 39,
        "author": {
          "gitId": "Zhilin-Huang"
        },
        "content": "Got it. I\u0027ve added this task:"
      },
      {
        "lineNumber": 40,
        "author": {
          "gitId": "Zhilin-Huang"
        },
        "content": "[D][✘] This is a task with deadline  (by:  tomorrow 6pm)"
      },
      {
        "lineNumber": 41,
        "author": {
          "gitId": "Zhilin-Huang"
        },
        "content": "Now you have 3 tasks in the list."
      },
      {
        "lineNumber": 42,
        "author": {
          "gitId": "Zhilin-Huang"
        },
        "content": "____________________________________________________________"
      },
      {
        "lineNumber": 43,
        "author": {
          "gitId": "Zhilin-Huang"
        },
        "content": "____________________________________________________________"
      },
      {
        "lineNumber": 44,
        "author": {
          "gitId": "Zhilin-Huang"
        },
        "content": "Sure, let me know what Deadline task you would like to add!"
      },
      {
        "lineNumber": 45,
        "author": {
          "gitId": "Zhilin-Huang"
        },
        "content": "____________________________________________________________"
      },
      {
        "lineNumber": 46,
        "author": {
          "gitId": "Zhilin-Huang"
        },
        "content": "____________________________________________________________"
      },
      {
        "lineNumber": 47,
        "author": {
          "gitId": "Zhilin-Huang"
        },
        "content": "Please specify the deadline of your task"
      },
      {
        "lineNumber": 48,
        "author": {
          "gitId": "Zhilin-Huang"
        },
        "content": "____________________________________________________________"
      },
      {
        "lineNumber": 49,
        "author": {
          "gitId": "Zhilin-Huang"
        },
        "content": "____________________________________________________________"
      },
      {
        "lineNumber": 50,
        "author": {
          "gitId": "Zhilin-Huang"
        },
        "content": "Here are the tasks in your list:"
      },
      {
        "lineNumber": 51,
        "author": {
          "gitId": "Zhilin-Huang"
        },
        "content": "1. [T][✘] This is a todo task"
      },
      {
        "lineNumber": 52,
        "author": {
          "gitId": "Zhilin-Huang"
        },
        "content": "2. [E][✘] This is an event happening  (at:  Feb 10th 2-4pm)"
      },
      {
        "lineNumber": 53,
        "author": {
          "gitId": "Zhilin-Huang"
        },
        "content": "3. [D][✘] This is a task with deadline  (by:  tomorrow 6pm)"
      },
      {
        "lineNumber": 54,
        "author": {
          "gitId": "Zhilin-Huang"
        },
        "content": "____________________________________________________________"
      },
      {
        "lineNumber": 55,
        "author": {
          "gitId": "Zhilin-Huang"
        },
        "content": "____________________________________________________________"
      },
      {
        "lineNumber": 56,
        "author": {
          "gitId": "Zhilin-Huang"
        },
        "content": "Let me know which task you would like to mark as done?"
      },
      {
        "lineNumber": 57,
        "author": {
          "gitId": "Zhilin-Huang"
        },
        "content": "____________________________________________________________"
      },
      {
        "lineNumber": 58,
        "author": {
          "gitId": "Zhilin-Huang"
        },
        "content": "____________________________________________________________"
      },
      {
        "lineNumber": 59,
        "author": {
          "gitId": "Zhilin-Huang"
        },
        "content": "The number you entered does not match any task in your list"
      },
      {
        "lineNumber": 60,
        "author": {
          "gitId": "Zhilin-Huang"
        },
        "content": "____________________________________________________________"
      },
      {
        "lineNumber": 61,
        "author": {
          "gitId": "Zhilin-Huang"
        },
        "content": "____________________________________________________________"
      },
      {
        "lineNumber": 62,
        "author": {
          "gitId": "Zhilin-Huang"
        },
        "content": "[E][✓] This is an event happening  (at:  Feb 10th 2-4pm)"
      },
      {
        "lineNumber": 63,
        "author": {
          "gitId": "Zhilin-Huang"
        },
        "content": "____________________________________________________________"
      },
      {
        "lineNumber": 64,
        "author": {
          "gitId": "Zhilin-Huang"
        },
        "content": "____________________________________________________________"
      },
      {
        "lineNumber": 65,
        "author": {
          "gitId": "Zhilin-Huang"
        },
        "content": "Here are the tasks in your list:"
      },
      {
        "lineNumber": 66,
        "author": {
          "gitId": "Zhilin-Huang"
        },
        "content": "1. [T][✘] This is a todo task"
      },
      {
        "lineNumber": 67,
        "author": {
          "gitId": "Zhilin-Huang"
        },
        "content": "2. [E][✓] This is an event happening  (at:  Feb 10th 2-4pm)"
      },
      {
        "lineNumber": 68,
        "author": {
          "gitId": "Zhilin-Huang"
        },
        "content": "3. [D][✘] This is a task with deadline  (by:  tomorrow 6pm)"
      },
      {
        "lineNumber": 69,
        "author": {
          "gitId": "Zhilin-Huang"
        },
        "content": "____________________________________________________________"
      },
      {
        "lineNumber": 70,
        "author": {
          "gitId": "Zhilin-Huang"
        },
        "content": "____________________________________________________________"
      },
      {
        "lineNumber": 71,
        "author": {
          "gitId": "Zhilin-Huang"
        },
        "content": "The number you entered does not match any task in your list"
      },
      {
        "lineNumber": 72,
        "author": {
          "gitId": "Zhilin-Huang"
        },
        "content": "____________________________________________________________"
      },
      {
        "lineNumber": 73,
        "author": {
          "gitId": "Zhilin-Huang"
        },
        "content": "____________________________________________________________"
      },
      {
        "lineNumber": 74,
        "author": {
          "gitId": "Zhilin-Huang"
        },
        "content": "[T][✓] This is a todo task"
      },
      {
        "lineNumber": 75,
        "author": {
          "gitId": "Zhilin-Huang"
        },
        "content": "____________________________________________________________"
      },
      {
        "lineNumber": 76,
        "author": {
          "gitId": "Zhilin-Huang"
        },
        "content": "____________________________________________________________"
      },
      {
        "lineNumber": 77,
        "author": {
          "gitId": "Zhilin-Huang"
        },
        "content": "Here are the tasks in your list:"
      },
      {
        "lineNumber": 78,
        "author": {
          "gitId": "Zhilin-Huang"
        },
        "content": "1. [T][✓] This is a todo task"
      },
      {
        "lineNumber": 79,
        "author": {
          "gitId": "Zhilin-Huang"
        },
        "content": "2. [E][✓] This is an event happening  (at:  Feb 10th 2-4pm)"
      },
      {
        "lineNumber": 80,
        "author": {
          "gitId": "Zhilin-Huang"
        },
        "content": "3. [D][✘] This is a task with deadline  (by:  tomorrow 6pm)"
      },
      {
        "lineNumber": 81,
        "author": {
          "gitId": "Zhilin-Huang"
        },
        "content": "____________________________________________________________"
      },
      {
        "lineNumber": 82,
        "author": {
          "gitId": "Zhilin-Huang"
        },
        "content": "____________________________________________________________"
      },
      {
        "lineNumber": 83,
        "author": {
          "gitId": "Zhilin-Huang"
        },
        "content": "Thanks for chatting with Chatty Chat Bot"
      },
      {
        "lineNumber": 84,
        "author": {
          "gitId": "Zhilin-Huang"
        },
        "content": "See you again soon!"
      },
      {
        "lineNumber": 85,
        "author": {
          "gitId": "Zhilin-Huang"
        },
        "content": "____________________________________________________________"
      }
    ],
    "authorContributionMap": {
      "Zhilin-Huang": 85
    }
  },
  {
    "path": "text-ui-test/input.txt",
    "fileType": "txt",
    "lines": [
      {
        "lineNumber": 1,
        "author": {
          "gitId": "Zhilin-Huang"
        },
        "content": "blahblah"
      },
      {
        "lineNumber": 2,
        "author": {
          "gitId": "Zhilin-Huang"
        },
        "content": "todo This is a todo task"
      },
      {
        "lineNumber": 3,
        "author": {
          "gitId": "Zhilin-Huang"
        },
        "content": "todo"
      },
      {
        "lineNumber": 4,
        "author": {
          "gitId": "Zhilin-Huang"
        },
        "content": "list"
      },
      {
        "lineNumber": 5,
        "author": {
          "gitId": "Zhilin-Huang"
        },
        "content": "event This is an event happening /at Feb 10th 2-4pm"
      },
      {
        "lineNumber": 6,
        "author": {
          "gitId": "Zhilin-Huang"
        },
        "content": "event"
      },
      {
        "lineNumber": 7,
        "author": {
          "gitId": "Zhilin-Huang"
        },
        "content": "event This is an event without a specified time"
      },
      {
        "lineNumber": 8,
        "author": {
          "gitId": "Zhilin-Huang"
        },
        "content": "list"
      },
      {
        "lineNumber": 9,
        "author": {
          "gitId": "Zhilin-Huang"
        },
        "content": "deadline This is a task with deadline /by tomorrow 6pm"
      },
      {
        "lineNumber": 10,
        "author": {
          "gitId": "Zhilin-Huang"
        },
        "content": "deadline"
      },
      {
        "lineNumber": 11,
        "author": {
          "gitId": "Zhilin-Huang"
        },
        "content": "deadline This is a deadline task without a specified deadline"
      },
      {
        "lineNumber": 12,
        "author": {
          "gitId": "Zhilin-Huang"
        },
        "content": "list"
      },
      {
        "lineNumber": 13,
        "author": {
          "gitId": "Zhilin-Huang"
        },
        "content": "done"
      },
      {
        "lineNumber": 14,
        "author": {
          "gitId": "Zhilin-Huang"
        },
        "content": "done -1"
      },
      {
        "lineNumber": 15,
        "author": {
          "gitId": "Zhilin-Huang"
        },
        "content": "done 2"
      },
      {
        "lineNumber": 16,
        "author": {
          "gitId": "Zhilin-Huang"
        },
        "content": "list"
      },
      {
        "lineNumber": 17,
        "author": {
          "gitId": "Zhilin-Huang"
        },
        "content": "done 100"
      },
      {
        "lineNumber": 18,
        "author": {
          "gitId": "Zhilin-Huang"
        },
        "content": "done 1"
      },
      {
        "lineNumber": 19,
        "author": {
          "gitId": "Zhilin-Huang"
        },
        "content": "list"
      },
      {
        "lineNumber": 20,
        "author": {
          "gitId": "Zhilin-Huang"
        },
        "content": "bye"
      }
    ],
    "authorContributionMap": {
      "Zhilin-Huang": 20
    }
  },
  {
    "path": "text-ui-test/runtest.sh",
    "fileType": "sh",
    "lines": [
      {
        "lineNumber": 1,
        "author": {
          "gitId": "Zhilin-Huang"
        },
        "content": "#!/usr/bin/env bash"
      },
      {
        "lineNumber": 2,
        "author": {
          "gitId": "Zhilin-Huang"
        },
        "content": ""
      },
      {
        "lineNumber": 3,
        "author": {
          "gitId": "Zhilin-Huang"
        },
        "content": "# create bin directory if it doesn\u0027t exist"
      },
      {
        "lineNumber": 4,
        "author": {
          "gitId": "Zhilin-Huang"
        },
        "content": "if [ ! -d \"../bin\" ]"
      },
      {
        "lineNumber": 5,
        "author": {
          "gitId": "Zhilin-Huang"
        },
        "content": "then"
      },
      {
        "lineNumber": 6,
        "author": {
          "gitId": "Zhilin-Huang"
        },
        "content": "    mkdir ../bin"
      },
      {
        "lineNumber": 7,
        "author": {
          "gitId": "Zhilin-Huang"
        },
        "content": "fi"
      },
      {
        "lineNumber": 8,
        "author": {
          "gitId": "Zhilin-Huang"
        },
        "content": ""
      },
      {
        "lineNumber": 9,
        "author": {
          "gitId": "Zhilin-Huang"
        },
        "content": "# delete output from previous run"
      },
      {
        "lineNumber": 10,
        "author": {
          "gitId": "Zhilin-Huang"
        },
        "content": "if [ -e \"./ACTUAL.TXT\" ]"
      },
      {
        "lineNumber": 11,
        "author": {
          "gitId": "Zhilin-Huang"
        },
        "content": "then"
      },
      {
        "lineNumber": 12,
        "author": {
          "gitId": "Zhilin-Huang"
        },
        "content": "    rm ACTUAL.TXT"
      },
      {
        "lineNumber": 13,
        "author": {
          "gitId": "Zhilin-Huang"
        },
        "content": "fi"
      },
      {
        "lineNumber": 14,
        "author": {
          "gitId": "Zhilin-Huang"
        },
        "content": ""
      },
      {
        "lineNumber": 15,
        "author": {
          "gitId": "Zhilin-Huang"
        },
        "content": "# compile the code into the bin folder, terminates if error occurred"
      },
      {
        "lineNumber": 16,
        "author": {
          "gitId": "Zhilin-Huang"
        },
        "content": "if ! javac -cp ../src -Xlint:none -d ../bin ../src/main/java/chatty/*.java ../src/main/java/chatty/task/*.java ../src/main/java/chatty/util/*.java ../src/main/java/chatty/exception/*.java"
      },
      {
        "lineNumber": 17,
        "author": {
          "gitId": "Zhilin-Huang"
        },
        "content": "then"
      },
      {
        "lineNumber": 18,
        "author": {
          "gitId": "Zhilin-Huang"
        },
        "content": "    echo \"********** BUILD FAILURE **********\""
      },
      {
        "lineNumber": 19,
        "author": {
          "gitId": "Zhilin-Huang"
        },
        "content": "    exit 1"
      },
      {
        "lineNumber": 20,
        "author": {
          "gitId": "Zhilin-Huang"
        },
        "content": "fi"
      },
      {
        "lineNumber": 21,
        "author": {
          "gitId": "Zhilin-Huang"
        },
        "content": ""
      },
      {
        "lineNumber": 22,
        "author": {
          "gitId": "Zhilin-Huang"
        },
        "content": "# run the program, feed commands from input.txt file and redirect the output to the ACTUAL.TXT"
      },
      {
        "lineNumber": 23,
        "author": {
          "gitId": "Zhilin-Huang"
        },
        "content": "java -classpath ../bin chatty.ChattyChatBot \u003c input.txt \u003e ACTUAL.TXT"
      },
      {
        "lineNumber": 24,
        "author": {
          "gitId": "Zhilin-Huang"
        },
        "content": ""
      },
      {
        "lineNumber": 25,
        "author": {
          "gitId": "Zhilin-Huang"
        },
        "content": "# compare the output to the expected output"
      },
      {
        "lineNumber": 26,
        "author": {
          "gitId": "Zhilin-Huang"
        },
        "content": "diff ACTUAL.TXT EXPECTED.TXT"
      },
      {
        "lineNumber": 27,
        "author": {
          "gitId": "Zhilin-Huang"
        },
        "content": "if [ $? -eq 0 ]"
      },
      {
        "lineNumber": 28,
        "author": {
          "gitId": "Zhilin-Huang"
        },
        "content": "then"
      },
      {
        "lineNumber": 29,
        "author": {
          "gitId": "Zhilin-Huang"
        },
        "content": "    echo \"Test result: PASSED\""
      },
      {
        "lineNumber": 30,
        "author": {
          "gitId": "Zhilin-Huang"
        },
        "content": "    exit 0"
      },
      {
        "lineNumber": 31,
        "author": {
          "gitId": "Zhilin-Huang"
        },
        "content": "else"
      },
      {
        "lineNumber": 32,
        "author": {
          "gitId": "Zhilin-Huang"
        },
        "content": "    echo \"Test result: FAILED\""
      },
      {
        "lineNumber": 33,
        "author": {
          "gitId": "Zhilin-Huang"
        },
        "content": "    exit 1"
      },
      {
        "lineNumber": 34,
        "author": {
          "gitId": "Zhilin-Huang"
        },
        "content": "fi"
      }
    ],
    "authorContributionMap": {
      "Zhilin-Huang": 34
    }
  }
]
