{
  "authorDailyContributionsMap": {
    "Yukilite": [
      {
        "insertions": 59,
        "deletions": 15,
        "date": "2020-01-28",
        "commitResults": [
          {
            "hash": "eb609635554ab86cca3fc08a79c29ab89d970f4d",
            "messageTitle": "Print Level zero string",
            "messageBody": "",
            "tags": [
              "Level-0"
            ],
            "insertions": 8,
            "deletions": 0
          },
          {
            "hash": "602609cec4f5b6d175d666a80f061cbcb4cee426",
            "messageTitle": "Commit level-1",
            "messageBody": "",
            "tags": [
              "Level-1"
            ],
            "insertions": 17,
            "deletions": 3
          },
          {
            "hash": "00a5098e68605a33c3e0349a380658d170ee1766",
            "messageTitle": "Edited Level-1 indentations and Completed Level-2",
            "messageBody": "",
            "tags": [
              "Level-2"
            ],
            "insertions": 34,
            "deletions": 12
          }
        ]
      },
      {
        "insertions": 248,
        "deletions": 112,
        "date": "2020-02-03",
        "commitResults": [
          {
            "hash": "ce8d72de478bc314d0bf6555087b4ccefaffacc2",
            "messageTitle": "Completed Level-3",
            "messageBody": "",
            "tags": [
              "Level-3"
            ],
            "insertions": 77,
            "deletions": 31
          },
          {
            "hash": "ac90067405bdef93015bd89f3caedcc462d59edd",
            "messageTitle": "Completed Level-4",
            "messageBody": "",
            "tags": [
              "Level-4"
            ],
            "insertions": 161,
            "deletions": 64
          },
          {
            "hash": "12ece7f4b983aba974e88bef6c3ecaf06bc248c6",
            "messageTitle": "Fixed minor bugs and indentation -Level 4",
            "messageBody": "",
            "insertions": 10,
            "deletions": 17
          }
        ]
      },
      {
        "insertions": 105,
        "deletions": 70,
        "date": "2020-02-09",
        "commitResults": [
          {
            "hash": "76dae8edec284336ebe721977839e39d993bb61d",
            "messageTitle": "Added A-CodeQuality \u0026 Maintained A-CodingStandard",
            "messageBody": "",
            "tags": [
              "A-CodingStandard",
              "A-CodeQuality"
            ],
            "insertions": 12,
            "deletions": 14
          },
          {
            "hash": "1d7f5a5c7f7ab32b3594690516a87bbc0664a15f",
            "messageTitle": "Re-added my Level-5 because merging caused edits to disappear",
            "messageBody": "",
            "tags": [
              "Level-5"
            ],
            "insertions": 80,
            "deletions": 55
          },
          {
            "hash": "40fcc835aed72b1e9ee2d56b6c4eb6c484ffa80e",
            "messageTitle": "Added package",
            "messageBody": "",
            "insertions": 1,
            "deletions": 1
          },
          {
            "hash": "6ca97a3421a963b3403374bb1b67a98c21b4f1ac",
            "messageTitle": "Added package",
            "messageBody": "",
            "tags": [
              "A-Packages"
            ],
            "insertions": 12,
            "deletions": 0
          }
        ]
      },
      {
        "insertions": 181,
        "deletions": 91,
        "date": "2020-02-16",
        "commitResults": [
          {
            "hash": "55a8fefe06fb7830579e1c7aa3c3c58f45ddb11d",
            "messageTitle": "Added Level-6 and A-Collection",
            "messageBody": "",
            "tags": [
              "Level-6",
              "A-Collections"
            ],
            "insertions": 71,
            "deletions": 44
          },
          {
            "hash": "3ba61530c94f1679d4876a21b70f0d5052279452",
            "messageTitle": "branch-Level-7",
            "messageBody": "",
            "tags": [
              "Level-7"
            ],
            "insertions": 22,
            "deletions": 0
          },
          {
            "hash": "988435cd78dd504314b548d7db88fca1d5f3d663",
            "messageTitle": "Added Level-6 and A-Collection",
            "messageBody": "",
            "insertions": 69,
            "deletions": 42
          },
          {
            "hash": "ef2240e32193257e76eaab853c1df9ccf24d634e",
            "messageTitle": "branch-Level-7",
            "messageBody": "",
            "insertions": 11,
            "deletions": 0
          },
          {
            "hash": "e102dd0e1ed7fdae996d4a30638fb1ded60074f2",
            "messageTitle": "Added Level-6 and A-Collection",
            "messageBody": "",
            "insertions": 6,
            "deletions": 2
          },
          {
            "hash": "ce0f4615ed10601e0a9c0616022af7046a2c7004",
            "messageTitle": "Changes to branch-Level-6",
            "messageBody": "",
            "insertions": 2,
            "deletions": 3
          }
        ]
      },
      {
        "insertions": 112,
        "deletions": 68,
        "date": "2020-02-18",
        "commitResults": [
          {
            "hash": "d5ed6ca584d875ac9d371ae111143a8d967174e5",
            "messageTitle": "Committed code to save and load file",
            "messageBody": "",
            "insertions": 56,
            "deletions": 4
          },
          {
            "hash": "55bad11df7cc035581b2a43b3c8636b9e413dfc5",
            "messageTitle": "Added A-Jar to branch-Level-7",
            "messageBody": "",
            "tags": [
              "A-Jar"
            ],
            "insertions": 34,
            "deletions": 34
          },
          {
            "hash": "e48ea838c45ef701fe223f14b9442b0587df3844",
            "messageTitle": "More tweaking of duke code",
            "messageBody": "",
            "insertions": 22,
            "deletions": 30
          }
        ]
      }
    ]
  },
  "authorFinalContributionMap": {
    "Yukilite": 319
  },
  "authorFileTypeContributionMap": {
    "Yukilite": {
      "java": 319,
      "md": 0,
      "fxml": 0,
      "sh": 0,
      "bat": 0,
      "gradle": 0,
      "txt": 0
    }
  },
  "authorContributionVariance": {
    "Yukilite": 6531.3545
  },
  "authorDisplayNameMap": {
    "Yukilite": "CS2113T-T13-3 GOH ..NTHA"
  }
}
