[
  {
    "path": "src/main/java/Duke.java",
    "fileType": "java",
    "lines": [
      {
        "lineNumber": 1,
        "author": {
          "gitId": "-"
        },
        "content": "import java.util.Scanner;  // User input"
      },
      {
        "lineNumber": 2,
        "author": {
          "gitId": "-"
        },
        "content": "import java.util.ArrayList;"
      },
      {
        "lineNumber": 3,
        "author": {
          "gitId": "-"
        },
        "content": "import java.util.List;"
      },
      {
        "lineNumber": 4,
        "author": {
          "gitId": "rdimaio"
        },
        "content": ""
      },
      {
        "lineNumber": 5,
        "author": {
          "gitId": "-"
        },
        "content": "public class Duke {"
      },
      {
        "lineNumber": 6,
        "author": {
          "gitId": "rdimaio"
        },
        "content": ""
      },
      {
        "lineNumber": 7,
        "author": {
          "gitId": "-"
        },
        "content": "    static List\u003cTask\u003e taskList \u003d new ArrayList\u003cTask\u003e();"
      },
      {
        "lineNumber": 8,
        "author": {
          "gitId": "-"
        },
        "content": ""
      },
      {
        "lineNumber": 9,
        "author": {
          "gitId": "-"
        },
        "content": "    private static void intro()"
      },
      {
        "lineNumber": 10,
        "author": {
          "gitId": "rdimaio"
        },
        "content": "    {"
      },
      {
        "lineNumber": 11,
        "author": {
          "gitId": "rdimaio"
        },
        "content": "        // Logo generated using http://patorjk.com/software/taag/#p\u003ddisplay\u0026f\u003dFire%20Font-s\u0026t\u003dNUSBOT"
      },
      {
        "lineNumber": 12,
        "author": {
          "gitId": "rdimaio"
        },
        "content": "        String logo \u003d \"    )       (           )          \\n\""
      },
      {
        "lineNumber": 13,
        "author": {
          "gitId": "rdimaio"
        },
        "content": "                + \" ( /(       )\\\\ )  (  ( /(   *   )  \\n\""
      },
      {
        "lineNumber": 14,
        "author": {
          "gitId": "rdimaio"
        },
        "content": "                + \" )\\\\())   ( (()/(( )\\\\ )\\\\())` )  /(  \\n\""
      },
      {
        "lineNumber": 15,
        "author": {
          "gitId": "rdimaio"
        },
        "content": "                + \"((_)\\\\    )\\\\ /(_))((_|(_)\\\\  ( )(_)) \\n\""
      },
      {
        "lineNumber": 16,
        "author": {
          "gitId": "rdimaio"
        },
        "content": "                + \" _((_)_ ((_|_))((_)_  ((_)(_(_())  \\n\""
      },
      {
        "lineNumber": 17,
        "author": {
          "gitId": "rdimaio"
        },
        "content": "                + \"| \\\\| | | | / __|| _ )/ _ \\\\|_   _|  \\n\""
      },
      {
        "lineNumber": 18,
        "author": {
          "gitId": "rdimaio"
        },
        "content": "                + \"| .` | |_| \\\\__ \\\\| _ \\\\ (_) | | |    \\n\""
      },
      {
        "lineNumber": 19,
        "author": {
          "gitId": "rdimaio"
        },
        "content": "                + \"|_|\\\\_|\\\\___/|___/|___/\\\\___/  |_|    \\n\""
      },
      {
        "lineNumber": 20,
        "author": {
          "gitId": "rdimaio"
        },
        "content": "                + \"                                   \\n\";"
      },
      {
        "lineNumber": 21,
        "author": {
          "gitId": "-"
        },
        "content": "        System.out.println(\"Hello from\\n\" + logo);"
      },
      {
        "lineNumber": 22,
        "author": {
          "gitId": "rdimaio"
        },
        "content": "        System.out.println(\"Type \u0027bye\u0027 to leave at any time.\");"
      },
      {
        "lineNumber": 23,
        "author": {
          "gitId": "rdimaio"
        },
        "content": "    }"
      },
      {
        "lineNumber": 24,
        "author": {
          "gitId": "rdimaio"
        },
        "content": ""
      },
      {
        "lineNumber": 25,
        "author": {
          "gitId": "-"
        },
        "content": "    private static void formatPrint(String input) {"
      },
      {
        "lineNumber": 26,
        "author": {
          "gitId": "rdimaio"
        },
        "content": "        System.out.println(\"----------\");"
      },
      {
        "lineNumber": 27,
        "author": {
          "gitId": "rdimaio"
        },
        "content": "        System.out.println(input);"
      },
      {
        "lineNumber": 28,
        "author": {
          "gitId": "rdimaio"
        },
        "content": "        System.out.println(\"----------\");"
      },
      {
        "lineNumber": 29,
        "author": {
          "gitId": "rdimaio"
        },
        "content": "    }"
      },
      {
        "lineNumber": 30,
        "author": {
          "gitId": "rdimaio"
        },
        "content": ""
      },
      {
        "lineNumber": 31,
        "author": {
          "gitId": "-"
        },
        "content": "    private static void printList() {"
      },
      {
        "lineNumber": 32,
        "author": {
          "gitId": "-"
        },
        "content": "        System.out.println(\"----------\");"
      },
      {
        "lineNumber": 33,
        "author": {
          "gitId": "-"
        },
        "content": "        for (int i \u003d 0; i \u003c taskList.size(); i++) {"
      },
      {
        "lineNumber": 34,
        "author": {
          "gitId": "-"
        },
        "content": "            System.out.println(i+1 + \". \" + taskList.get(i));"
      },
      {
        "lineNumber": 35,
        "author": {
          "gitId": "-"
        },
        "content": "        }"
      },
      {
        "lineNumber": 36,
        "author": {
          "gitId": "-"
        },
        "content": "        System.out.println(\"----------\");"
      },
      {
        "lineNumber": 37,
        "author": {
          "gitId": "-"
        },
        "content": "    }"
      },
      {
        "lineNumber": 38,
        "author": {
          "gitId": "-"
        },
        "content": ""
      },
      {
        "lineNumber": 39,
        "author": {
          "gitId": "rdimaio"
        },
        "content": "    public static void main(String[] args) {"
      },
      {
        "lineNumber": 40,
        "author": {
          "gitId": "rdimaio"
        },
        "content": "        intro();"
      },
      {
        "lineNumber": 41,
        "author": {
          "gitId": "rdimaio"
        },
        "content": ""
      },
      {
        "lineNumber": 42,
        "author": {
          "gitId": "rdimaio"
        },
        "content": "        // Prepare for first input"
      },
      {
        "lineNumber": 43,
        "author": {
          "gitId": "rdimaio"
        },
        "content": "        Scanner inputScanner \u003d new Scanner(System.in);"
      },
      {
        "lineNumber": 44,
        "author": {
          "gitId": "rdimaio"
        },
        "content": "        System.out.println(\"What can I do for you?\");"
      },
      {
        "lineNumber": 45,
        "author": {
          "gitId": "rdimaio"
        },
        "content": ""
      },
      {
        "lineNumber": 46,
        "author": {
          "gitId": "-"
        },
        "content": "        // Note: Scanner.next() reads until delimiter, Scanner.nextLine() reads until EOL"
      },
      {
        "lineNumber": 47,
        "author": {
          "gitId": "-"
        },
        "content": "        // If Scanner.next() is called first, then Scanner.nextline() reads from that point onwards"
      },
      {
        "lineNumber": 48,
        "author": {
          "gitId": "-"
        },
        "content": "        // e.g. if the user inputs: \u0027deadline read book \\5pm\u0027, the two strings below will contain:"
      },
      {
        "lineNumber": 49,
        "author": {
          "gitId": "-"
        },
        "content": "        //      userCommand \u003d \u0027deadline\u0027"
      },
      {
        "lineNumber": 50,
        "author": {
          "gitId": "-"
        },
        "content": "        //      userParams  \u003d \u0027read book \\5pm\u0027"
      },
      {
        "lineNumber": 51,
        "author": {
          "gitId": "-"
        },
        "content": "        String userCommand \u003d inputScanner.next(); // Read first word of input"
      },
      {
        "lineNumber": 52,
        "author": {
          "gitId": "-"
        },
        "content": "        String userParams \u003d inputScanner.nextLine(); // Get user input after first word"
      },
      {
        "lineNumber": 53,
        "author": {
          "gitId": "-"
        },
        "content": ""
      },
      {
        "lineNumber": 54,
        "author": {
          "gitId": "-"
        },
        "content": "        // Main execution loop"
      },
      {
        "lineNumber": 55,
        "author": {
          "gitId": "-"
        },
        "content": "        while(!userCommand.equals(\"bye\") \u0026\u0026 !userCommand.equals(\"Bye\")) {"
      },
      {
        "lineNumber": 56,
        "author": {
          "gitId": "-"
        },
        "content": "            switch (userCommand) {"
      },
      {
        "lineNumber": 57,
        "author": {
          "gitId": "-"
        },
        "content": "            case \"todo\":"
      },
      {
        "lineNumber": 58,
        "author": {
          "gitId": "-"
        },
        "content": "                taskList.add(new Todo(userParams));"
      },
      {
        "lineNumber": 59,
        "author": {
          "gitId": "-"
        },
        "content": "                formatPrint(\"Added todo:\" + userParams);"
      },
      {
        "lineNumber": 60,
        "author": {
          "gitId": "-"
        },
        "content": "                break;"
      },
      {
        "lineNumber": 61,
        "author": {
          "gitId": "-"
        },
        "content": "            case \"deadline\":"
      },
      {
        "lineNumber": 62,
        "author": {
          "gitId": "-"
        },
        "content": "                // Fallthrough"
      },
      {
        "lineNumber": 63,
        "author": {
          "gitId": "-"
        },
        "content": "            case \"event\":"
      },
      {
        "lineNumber": 64,
        "author": {
          "gitId": "-"
        },
        "content": "                int delimIndex \u003d userParams.indexOf(\"/\"); // Duke uses / to define where the date starts"
      },
      {
        "lineNumber": 65,
        "author": {
          "gitId": "-"
        },
        "content": "                String desc \u003d userParams.substring(0, delimIndex); // Get description substring (before /)"
      },
      {
        "lineNumber": 66,
        "author": {
          "gitId": "-"
        },
        "content": "                String date \u003d userParams.substring(delimIndex+1, userParams.length()); // Get date substring (after /)"
      },
      {
        "lineNumber": 67,
        "author": {
          "gitId": "-"
        },
        "content": "                if (userCommand.equals(\"deadline\")) {"
      },
      {
        "lineNumber": 68,
        "author": {
          "gitId": "-"
        },
        "content": "                    taskList.add(new Deadline(desc, date));"
      },
      {
        "lineNumber": 69,
        "author": {
          "gitId": "-"
        },
        "content": "                    formatPrint(\"Added task: \" + desc + \"| deadline: \" + date);"
      },
      {
        "lineNumber": 70,
        "author": {
          "gitId": "-"
        },
        "content": "                } else {"
      },
      {
        "lineNumber": 71,
        "author": {
          "gitId": "-"
        },
        "content": "                    taskList.add(new Event(desc, date));"
      },
      {
        "lineNumber": 72,
        "author": {
          "gitId": "-"
        },
        "content": "                    formatPrint(\"Added event: \" + desc + \"| on/at: \" + date);"
      },
      {
        "lineNumber": 73,
        "author": {
          "gitId": "-"
        },
        "content": "                }"
      },
      {
        "lineNumber": 74,
        "author": {
          "gitId": "-"
        },
        "content": "                break;"
      },
      {
        "lineNumber": 75,
        "author": {
          "gitId": "-"
        },
        "content": "            case \"done\":"
      },
      {
        "lineNumber": 76,
        "author": {
          "gitId": "-"
        },
        "content": "                String taskId \u003d userParams.replaceAll(\"[^0-9]\", \"\"); // Extract numeric characters"
      },
      {
        "lineNumber": 77,
        "author": {
          "gitId": "-"
        },
        "content": "                taskList.get(Integer.parseInt(taskId) - 1).markAsDone(); // Mark task with that ID as done"
      },
      {
        "lineNumber": 78,
        "author": {
          "gitId": "-"
        },
        "content": "                formatPrint(\"Marked task as done.\");"
      },
      {
        "lineNumber": 79,
        "author": {
          "gitId": "-"
        },
        "content": "                break;"
      },
      {
        "lineNumber": 80,
        "author": {
          "gitId": "-"
        },
        "content": "            case \"list\":"
      },
      {
        "lineNumber": 81,
        "author": {
          "gitId": "-"
        },
        "content": "                printList();"
      },
      {
        "lineNumber": 82,
        "author": {
          "gitId": "-"
        },
        "content": "                break;"
      },
      {
        "lineNumber": 83,
        "author": {
          "gitId": "-"
        },
        "content": "            default:"
      },
      {
        "lineNumber": 84,
        "author": {
          "gitId": "-"
        },
        "content": "                formatPrint(\"Sorry, I didn\u0027t recognize that command.\");"
      },
      {
        "lineNumber": 85,
        "author": {
          "gitId": "rdimaio"
        },
        "content": "            }"
      },
      {
        "lineNumber": 86,
        "author": {
          "gitId": "rdimaio"
        },
        "content": ""
      },
      {
        "lineNumber": 87,
        "author": {
          "gitId": "-"
        },
        "content": "            System.out.println(\"You have \" + taskList.size() + \" task/s. (type \u0027list\u0027 to list your tasks)\");"
      },
      {
        "lineNumber": 88,
        "author": {
          "gitId": "-"
        },
        "content": "            System.out.println(\"Anything else? Remember that you can leave by typing \u0027bye\u0027.\");"
      },
      {
        "lineNumber": 89,
        "author": {
          "gitId": "-"
        },
        "content": ""
      },
      {
        "lineNumber": 90,
        "author": {
          "gitId": "-"
        },
        "content": "            userCommand \u003d inputScanner.next(); // Prepare for next user command"
      },
      {
        "lineNumber": 91,
        "author": {
          "gitId": "-"
        },
        "content": "            userParams \u003d inputScanner.nextLine(); // Get user input after first word"
      },
      {
        "lineNumber": 92,
        "author": {
          "gitId": "-"
        },
        "content": "        }"
      },
      {
        "lineNumber": 93,
        "author": {
          "gitId": "rdimaio"
        },
        "content": "        System.out.println(\"Goodbye!\");"
      },
      {
        "lineNumber": 94,
        "author": {
          "gitId": "-"
        },
        "content": "    }"
      },
      {
        "lineNumber": 95,
        "author": {
          "gitId": "-"
        },
        "content": "}"
      }
    ],
    "authorContributionMap": {
      "rdimaio": 31,
      "-": 64
    }
  }
]
