{
  "authorDailyContributionsMap": {
    "rdimaio": [
      {
        "insertions": 45,
        "deletions": 12,
        "date": "2020-01-19",
        "commitResults": [
          {
            "hash": "14fe0a3555e4f01b24998f206fb2c355b636156f",
            "messageTitle": "Change logo, add initial methods",
            "messageBody": "",
            "tags": [
              "Level-0"
            ],
            "insertions": 35,
            "deletions": 6
          },
          {
            "hash": "1d0d69402cbbcf4deeb9de3adfbd520bfb7fc8f1",
            "messageTitle": "Fix while condition for String type",
            "messageBody": "",
            "insertions": 7,
            "deletions": 4
          },
          {
            "hash": "6906b35a84d06e41f53c848108bb21ac965308b1",
            "messageTitle": "Add separators in echoInput output",
            "messageBody": "",
            "tags": [
              "Level-1"
            ],
            "insertions": 3,
            "deletions": 2
          }
        ]
      },
      {
        "insertions": 55,
        "deletions": 11,
        "date": "2020-01-23",
        "commitResults": [
          {
            "hash": "b5ee6a979a7194dbbd2e1ff0844eeef361f64d8e",
            "messageTitle": "Add add and list functionalities",
            "messageBody": "",
            "tags": [
              "Level-2"
            ],
            "insertions": 24,
            "deletions": 6
          },
          {
            "hash": "6ac9adde9a06869fcadea92aa492251130875beb",
            "messageTitle": "Add Task class",
            "messageBody": "",
            "tags": [
              "Level-3"
            ],
            "insertions": 31,
            "deletions": 5
          }
        ]
      },
      {
        "insertions": 101,
        "deletions": 12,
        "date": "2020-01-31",
        "commitResults": [
          {
            "hash": "04789dc11fb52b84b80ad12eb78fc0a229ddd3a6",
            "messageTitle": "Add Todo, Event, Deadline classes",
            "messageBody": "",
            "tags": [
              "Level-4"
            ],
            "insertions": 101,
            "deletions": 12
          }
        ]
      },
      {
        "insertions": 43,
        "deletions": 14,
        "date": "2020-02-01",
        "commitResults": [
          {
            "hash": "f07f862ab9f4692f29de3dda790a74b2ce5fbb4a",
            "messageTitle": "Clean up comments",
            "messageBody": "",
            "tags": [
              "A-Inheritance",
              "A-CodeQuality"
            ],
            "insertions": 10,
            "deletions": 9
          },
          {
            "hash": "a1d7d15dccf9ebf54bc20f09ae37b924bb0baf99",
            "messageTitle": "Add text testing script",
            "messageBody": "",
            "tags": [
              "A-TextUiTesting"
            ],
            "insertions": 27,
            "deletions": 0
          },
          {
            "hash": "5f1bff2fddc12a7eb0a2ac695a15a4003ff6681b",
            "messageTitle": "Specify fallthrough in switch statement",
            "messageBody": "",
            "tags": [
              "A-CodingStandard"
            ],
            "insertions": 6,
            "deletions": 5
          }
        ]
      },
      {
        "insertions": 3,
        "deletions": 2,
        "date": "2020-02-04",
        "commitResults": [
          {
            "hash": "6e6ccbd5f881e2b8a60467f1e53f4aeab46fc79f",
            "messageTitle": "Add break to default case in switch statement",
            "messageBody": "",
            "insertions": 3,
            "deletions": 2
          }
        ]
      },
      {
        "insertions": 118,
        "deletions": 38,
        "date": "2020-02-06",
        "commitResults": [
          {
            "hash": "1ef33a50724e3980d50a25e184136cb9635a2275",
            "messageTitle": "Add exception handling",
            "messageBody": "",
            "tags": [
              "A-Exceptions"
            ],
            "insertions": 77,
            "deletions": 29
          },
          {
            "hash": "4fa043d33fdfe80bdae2076ed64757eb0278d4ed",
            "messageTitle": "Add InvalidCommandException",
            "messageBody": "",
            "insertions": 8,
            "deletions": 3
          },
          {
            "hash": "efc5bf41172b205a9d97d948343a18e0f3c5c8c6",
            "messageTitle": "Refactor into packages",
            "messageBody": "",
            "insertions": 33,
            "deletions": 6
          }
        ]
      },
      {
        "insertions": 265,
        "deletions": 43,
        "date": "2020-02-13",
        "commitResults": [
          {
            "hash": "99bb0a157e9a75ea243844d80e1f9d1ad6192136",
            "messageTitle": "Add delete function",
            "messageBody": "",
            "insertions": 4,
            "deletions": 0
          },
          {
            "hash": "c878d54708b60e5044a27db6b233ea152a2081a1",
            "messageTitle": "Switch to using ints in done and delete functions",
            "messageBody": "",
            "insertions": 4,
            "deletions": 0
          },
          {
            "hash": "b9eb807227d6375bd52149e6e7a3653cffe811c3",
            "messageTitle": "Add writeToFile and addTask",
            "messageBody": "",
            "insertions": 76,
            "deletions": 6
          },
          {
            "hash": "6a436558ceda0b48930ccde44ef7cb42a9e39a47",
            "messageTitle": "Fix writeToFile to be in append mode",
            "messageBody": "",
            "insertions": 25,
            "deletions": 6
          },
          {
            "hash": "fdc4b4786e708d3002ec8c97c00ba71a5da8613d",
            "messageTitle": "Add data loading on boot",
            "messageBody": "",
            "insertions": 86,
            "deletions": 6
          },
          {
            "hash": "bfd8dd4d10f5aaaca82c4c009f833bd8a57495de",
            "messageTitle": "Add proper deleting",
            "messageBody": "",
            "tags": [
              "A-Collections"
            ],
            "insertions": 56,
            "deletions": 14
          },
          {
            "hash": "0f3a18d37cd9be54c11460995b838b9030dfbdda",
            "messageTitle": "Fix delete function to update indexes",
            "messageBody": "",
            "tags": [
              "v0.1",
              "A-Classes"
            ],
            "insertions": 13,
            "deletions": 10
          },
          {
            "hash": "c73fb76c1ccf5490da7440a62429aa984d803ce3",
            "messageTitle": "Add comments",
            "messageBody": "",
            "tags": [
              "A-Jar"
            ],
            "insertions": 1,
            "deletions": 1
          }
        ]
      },
      {
        "insertions": 2,
        "deletions": 2,
        "date": "2020-02-18",
        "commitResults": [
          {
            "hash": "a826095451d40d50d6f9c75409b1c4c575c3c752",
            "messageTitle": "Change tick characters to regular characters to avoid errors",
            "messageBody": "",
            "insertions": 2,
            "deletions": 2
          }
        ]
      },
      {
        "insertions": 510,
        "deletions": 365,
        "date": "2020-02-19",
        "commitResults": [
          {
            "hash": "e1ce9237ba2a251699d78b5a629f0e1efb54a7c5",
            "messageTitle": "Refactor into specific classes",
            "messageBody": "",
            "insertions": 339,
            "deletions": 251
          },
          {
            "hash": "ddaf80703bfb8287667c0ff3ba6ee91e3261ce33",
            "messageTitle": "Refactor Duke and Parser",
            "messageBody": "",
            "insertions": 171,
            "deletions": 114
          }
        ]
      },
      {
        "insertions": 913,
        "deletions": 177,
        "date": "2020-02-20",
        "commitResults": [
          {
            "hash": "4e0a4d776dff8ebc98d6974b834ff7e0f132c6a9",
            "messageTitle": "Refactor Storage",
            "messageBody": "",
            "insertions": 104,
            "deletions": 56
          },
          {
            "hash": "78b543a4d1246bf999667df6ff69c151974c3998",
            "messageTitle": "Refactor Task and Ui",
            "messageBody": "",
            "tags": [
              "A-MoreOOP"
            ],
            "insertions": 20,
            "deletions": 13
          },
          {
            "hash": "a497adda851f50bd576e63f9a2154a889f35754a",
            "messageTitle": "Refactor Deadline and Event to have LocalDate",
            "messageBody": "",
            "insertions": 54,
            "deletions": 29
          },
          {
            "hash": "13259386eb80dcb4b732da268ef696b9b8314e74",
            "messageTitle": "Add find function",
            "messageBody": "",
            "insertions": 97,
            "deletions": 37
          },
          {
            "hash": "3051cbb7714ec44448f495d2c386a5317f5bf3e1",
            "messageTitle": "Begin adding Javadoc comments",
            "messageBody": "",
            "insertions": 203,
            "deletions": 24
          },
          {
            "hash": "f807a1e366fe3c79ac24ca7a657c2824f6465df0",
            "messageTitle": "Add JavaDoc comments",
            "messageBody": "",
            "insertions": 289,
            "deletions": 6
          },
          {
            "hash": "78b861878cba50d9c33f2782bc07ea468c8635fc",
            "messageTitle": "Update User Guide",
            "messageBody": "",
            "tags": [
              "A-UserGuide"
            ],
            "insertions": 118,
            "deletions": 6
          },
          {
            "hash": "f3dd672613e882089c3687cc36b2ce869151fa2b",
            "messageTitle": "Fix Event separator from /at to /on",
            "messageBody": "",
            "tags": [
              "A-Release"
            ],
            "insertions": 3,
            "deletions": 3
          },
          {
            "hash": "5c46a8361023347c6c012bb7f8c60add924d9026",
            "messageTitle": "Add case for DateTimeParseException",
            "messageBody": "",
            "insertions": 5,
            "deletions": 1
          },
          {
            "hash": "1f930661e90fb1832fb448ca466eed7f73509a4d",
            "messageTitle": "Add InvalidTaskIndexException for Done and Delete",
            "messageBody": "",
            "insertions": 20,
            "deletions": 2
          }
        ]
      },
      {
        "insertions": 12,
        "deletions": 3,
        "date": "2020-03-05",
        "commitResults": [
          {
            "hash": "61d54581889d990303eeff102dc78541ca92beea",
            "messageTitle": "Add description and installation to user guide",
            "messageBody": "",
            "insertions": 11,
            "deletions": 1
          },
          {
            "hash": "f171194466d74bcc9eaf74f821933eacfdc10a03",
            "messageTitle": "Adjust bracing style in for loop",
            "messageBody": "",
            "insertions": 1,
            "deletions": 2
          }
        ]
      }
    ]
  },
  "authorFinalContributionMap": {
    "rdimaio": 1377
  },
  "authorFileTypeContributionMap": {
    "rdimaio": {
      "java": 1222,
      "md": 128,
      "fxml": 0,
      "sh": 0,
      "bat": 22,
      "gradle": 0,
      "txt": 5
    }
  },
  "authorContributionVariance": {
    "rdimaio": 36878.11
  },
  "authorDisplayNameMap": {
    "rdimaio": "CS2113-T15-1 DI M..ARDO"
  }
}
