[
  {
    "path": "data/duke.txt",
    "fileType": "txt",
    "lines": [
      {
        "lineNumber": 1,
        "author": {
          "gitId": "sitinadiah25"
        },
        "content": "T|0|work"
      },
      {
        "lineNumber": 2,
        "author": {
          "gitId": "sitinadiah25"
        },
        "content": "E|0|kill people |work"
      },
      {
        "lineNumber": 3,
        "author": {
          "gitId": "sitinadiah25"
        },
        "content": "D|0|assignment |next wk"
      },
      {
        "lineNumber": 4,
        "author": {
          "gitId": "sitinadiah25"
        },
        "content": "T|0|sleep"
      },
      {
        "lineNumber": 5,
        "author": {
          "gitId": "sitinadiah25"
        },
        "content": "E|1|meeting |sch"
      },
      {
        "lineNumber": 6,
        "author": {
          "gitId": "sitinadiah25"
        },
        "content": "T|1|buy cat food"
      }
    ],
    "authorContributionMap": {
      "sitinadiah25": 6
    }
  },
  {
    "path": "src/main/java/Duke.java",
    "fileType": "java",
    "lines": [
      {
        "lineNumber": 1,
        "author": {
          "gitId": "sitinadiah25"
        },
        "content": "import task.Deadline;"
      },
      {
        "lineNumber": 2,
        "author": {
          "gitId": "sitinadiah25"
        },
        "content": "import task.Event;"
      },
      {
        "lineNumber": 3,
        "author": {
          "gitId": "sitinadiah25"
        },
        "content": "import task.Task;"
      },
      {
        "lineNumber": 4,
        "author": {
          "gitId": "sitinadiah25"
        },
        "content": "import task.Todo;"
      },
      {
        "lineNumber": 5,
        "author": {
          "gitId": "sitinadiah25"
        },
        "content": ""
      },
      {
        "lineNumber": 6,
        "author": {
          "gitId": "sitinadiah25"
        },
        "content": "import java.io.BufferedReader;"
      },
      {
        "lineNumber": 7,
        "author": {
          "gitId": "sitinadiah25"
        },
        "content": "import java.io.FileReader;"
      },
      {
        "lineNumber": 8,
        "author": {
          "gitId": "sitinadiah25"
        },
        "content": "import java.io.FileWriter;"
      },
      {
        "lineNumber": 9,
        "author": {
          "gitId": "sitinadiah25"
        },
        "content": "import java.io.IOException;"
      },
      {
        "lineNumber": 10,
        "author": {
          "gitId": "sitinadiah25"
        },
        "content": "import java.util.ArrayList;"
      },
      {
        "lineNumber": 11,
        "author": {
          "gitId": "sitinadiah25"
        },
        "content": "import java.util.Scanner;"
      },
      {
        "lineNumber": 12,
        "author": {
          "gitId": "sitinadiah25"
        },
        "content": ""
      },
      {
        "lineNumber": 13,
        "author": {
          "gitId": "-"
        },
        "content": "public class Duke {"
      },
      {
        "lineNumber": 14,
        "author": {
          "gitId": "sitinadiah25"
        },
        "content": ""
      },
      {
        "lineNumber": 15,
        "author": {
          "gitId": "sitinadiah25"
        },
        "content": "    private static int NUM_OF_TASK \u003d 0;"
      },
      {
        "lineNumber": 16,
        "author": {
          "gitId": "sitinadiah25"
        },
        "content": "    private static String LINE \u003d \"____________________________________________________________\";"
      },
      {
        "lineNumber": 17,
        "author": {
          "gitId": "sitinadiah25"
        },
        "content": "    private static final String BYE_COMMAND \u003d \"bye\";"
      },
      {
        "lineNumber": 18,
        "author": {
          "gitId": "sitinadiah25"
        },
        "content": "    private static final String LIST_COMMAND \u003d \"list\";"
      },
      {
        "lineNumber": 19,
        "author": {
          "gitId": "sitinadiah25"
        },
        "content": "    private static final String DONE_COMMAND \u003d \"done\";"
      },
      {
        "lineNumber": 20,
        "author": {
          "gitId": "sitinadiah25"
        },
        "content": "    private static final String TODO_COMMAND \u003d \"todo\";"
      },
      {
        "lineNumber": 21,
        "author": {
          "gitId": "sitinadiah25"
        },
        "content": "    private static final String EVENT_COMMAND \u003d \"event\";"
      },
      {
        "lineNumber": 22,
        "author": {
          "gitId": "sitinadiah25"
        },
        "content": "    private static final String DEADLINE_COMMAND \u003d \"deadline\";"
      },
      {
        "lineNumber": 23,
        "author": {
          "gitId": "sitinadiah25"
        },
        "content": "    private static final String DELETE_COMMAND \u003d \"delete\";"
      },
      {
        "lineNumber": 24,
        "author": {
          "gitId": "sitinadiah25"
        },
        "content": ""
      },
      {
        "lineNumber": 25,
        "author": {
          "gitId": "-"
        },
        "content": "    public static void main(String[] args) {"
      },
      {
        "lineNumber": 26,
        "author": {
          "gitId": "sitinadiah25"
        },
        "content": "        printWelcomeMessage();"
      },
      {
        "lineNumber": 27,
        "author": {
          "gitId": "sitinadiah25"
        },
        "content": "        runChatbot();"
      },
      {
        "lineNumber": 28,
        "author": {
          "gitId": "sitinadiah25"
        },
        "content": "    }"
      },
      {
        "lineNumber": 29,
        "author": {
          "gitId": "sitinadiah25"
        },
        "content": ""
      },
      {
        "lineNumber": 30,
        "author": {
          "gitId": "sitinadiah25"
        },
        "content": "    private static void runChatbot() {"
      },
      {
        "lineNumber": 31,
        "author": {
          "gitId": "sitinadiah25"
        },
        "content": ""
      },
      {
        "lineNumber": 32,
        "author": {
          "gitId": "-"
        },
        "content": "        ArrayList\u003cTask\u003e Tasks \u003d new ArrayList\u003cTask\u003e();"
      },
      {
        "lineNumber": 33,
        "author": {
          "gitId": "sitinadiah25"
        },
        "content": "        try {"
      },
      {
        "lineNumber": 34,
        "author": {
          "gitId": "sitinadiah25"
        },
        "content": "            Tasks \u003d openData();"
      },
      {
        "lineNumber": 35,
        "author": {
          "gitId": "sitinadiah25"
        },
        "content": "        } catch (IOException e) {"
      },
      {
        "lineNumber": 36,
        "author": {
          "gitId": "sitinadiah25"
        },
        "content": "            System.out.println(\"Previous data cannot be loaded.\");"
      },
      {
        "lineNumber": 37,
        "author": {
          "gitId": "sitinadiah25"
        },
        "content": "        }"
      },
      {
        "lineNumber": 38,
        "author": {
          "gitId": "sitinadiah25"
        },
        "content": "        Scanner in \u003d new Scanner(System.in);"
      },
      {
        "lineNumber": 39,
        "author": {
          "gitId": "sitinadiah25"
        },
        "content": "        String arr[] \u003d getCommand(in);"
      },
      {
        "lineNumber": 40,
        "author": {
          "gitId": "sitinadiah25"
        },
        "content": "        while (true) {"
      },
      {
        "lineNumber": 41,
        "author": {
          "gitId": "sitinadiah25"
        },
        "content": "            runCommand(arr, Tasks, in);"
      },
      {
        "lineNumber": 42,
        "author": {
          "gitId": "sitinadiah25"
        },
        "content": "            arr \u003d getCommand(in);"
      },
      {
        "lineNumber": 43,
        "author": {
          "gitId": "sitinadiah25"
        },
        "content": "        }"
      },
      {
        "lineNumber": 44,
        "author": {
          "gitId": "sitinadiah25"
        },
        "content": "    }"
      },
      {
        "lineNumber": 45,
        "author": {
          "gitId": "sitinadiah25"
        },
        "content": ""
      },
      {
        "lineNumber": 46,
        "author": {
          "gitId": "sitinadiah25"
        },
        "content": "    private static String[] getCommand(Scanner in) {"
      },
      {
        "lineNumber": 47,
        "author": {
          "gitId": "sitinadiah25"
        },
        "content": "        String s \u003d in.nextLine();"
      },
      {
        "lineNumber": 48,
        "author": {
          "gitId": "sitinadiah25"
        },
        "content": "        String arr[] \u003d s.split(\" \", 2);"
      },
      {
        "lineNumber": 49,
        "author": {
          "gitId": "sitinadiah25"
        },
        "content": "        return arr;"
      },
      {
        "lineNumber": 50,
        "author": {
          "gitId": "sitinadiah25"
        },
        "content": "    }"
      },
      {
        "lineNumber": 51,
        "author": {
          "gitId": "sitinadiah25"
        },
        "content": ""
      },
      {
        "lineNumber": 52,
        "author": {
          "gitId": "sitinadiah25"
        },
        "content": "    private static void runCommand(String[] arr, ArrayList\u003cTask\u003e Tasks, Scanner in)  {"
      },
      {
        "lineNumber": 53,
        "author": {
          "gitId": "sitinadiah25"
        },
        "content": "        System.out.println(LINE);"
      },
      {
        "lineNumber": 54,
        "author": {
          "gitId": "sitinadiah25"
        },
        "content": "        switch (arr[0]) {"
      },
      {
        "lineNumber": 55,
        "author": {
          "gitId": "sitinadiah25"
        },
        "content": "        case (BYE_COMMAND):"
      },
      {
        "lineNumber": 56,
        "author": {
          "gitId": "sitinadiah25"
        },
        "content": "            try {"
      },
      {
        "lineNumber": 57,
        "author": {
          "gitId": "sitinadiah25"
        },
        "content": "                saveData(Tasks);"
      },
      {
        "lineNumber": 58,
        "author": {
          "gitId": "sitinadiah25"
        },
        "content": "                printExitMessage();"
      },
      {
        "lineNumber": 59,
        "author": {
          "gitId": "sitinadiah25"
        },
        "content": "            } catch (IOException e) {"
      },
      {
        "lineNumber": 60,
        "author": {
          "gitId": "sitinadiah25"
        },
        "content": "                System.out.println(\"File cannot be saved. Please try again.\");"
      },
      {
        "lineNumber": 61,
        "author": {
          "gitId": "sitinadiah25"
        },
        "content": "            }"
      },
      {
        "lineNumber": 62,
        "author": {
          "gitId": "sitinadiah25"
        },
        "content": "            break;"
      },
      {
        "lineNumber": 63,
        "author": {
          "gitId": "sitinadiah25"
        },
        "content": "        case (LIST_COMMAND):"
      },
      {
        "lineNumber": 64,
        "author": {
          "gitId": "sitinadiah25"
        },
        "content": "            printList(Tasks);"
      },
      {
        "lineNumber": 65,
        "author": {
          "gitId": "sitinadiah25"
        },
        "content": "            break;"
      },
      {
        "lineNumber": 66,
        "author": {
          "gitId": "sitinadiah25"
        },
        "content": "        case (DONE_COMMAND):"
      },
      {
        "lineNumber": 67,
        "author": {
          "gitId": "sitinadiah25"
        },
        "content": "            try {"
      },
      {
        "lineNumber": 68,
        "author": {
          "gitId": "sitinadiah25"
        },
        "content": "                int taskNum \u003d Integer.parseInt(arr[1]);"
      },
      {
        "lineNumber": 69,
        "author": {
          "gitId": "sitinadiah25"
        },
        "content": "                taskNum--;"
      },
      {
        "lineNumber": 70,
        "author": {
          "gitId": "sitinadiah25"
        },
        "content": "                Tasks.get(taskNum).setDone(true);"
      },
      {
        "lineNumber": 71,
        "author": {
          "gitId": "sitinadiah25"
        },
        "content": "                printDone(Tasks.get(taskNum));"
      },
      {
        "lineNumber": 72,
        "author": {
          "gitId": "sitinadiah25"
        },
        "content": "            } catch (ArrayIndexOutOfBoundsException e) {"
      },
      {
        "lineNumber": 73,
        "author": {
          "gitId": "sitinadiah25"
        },
        "content": "                System.out.println(\"Oops! Please include the task number.\");"
      },
      {
        "lineNumber": 74,
        "author": {
          "gitId": "sitinadiah25"
        },
        "content": "            } catch (NumberFormatException e) {"
      },
      {
        "lineNumber": 75,
        "author": {
          "gitId": "sitinadiah25"
        },
        "content": "                System.out.println(\"Oops! Please include the task number instead of \u0027\" + arr[1] + \"\u0027.\");"
      },
      {
        "lineNumber": 76,
        "author": {
          "gitId": "sitinadiah25"
        },
        "content": "            } catch (NullPointerException e) {"
      },
      {
        "lineNumber": 77,
        "author": {
          "gitId": "sitinadiah25"
        },
        "content": "                System.out.println(\"Sorry but that task does not exist! Please try again.\");"
      },
      {
        "lineNumber": 78,
        "author": {
          "gitId": "sitinadiah25"
        },
        "content": "            }"
      },
      {
        "lineNumber": 79,
        "author": {
          "gitId": "sitinadiah25"
        },
        "content": "            break;"
      },
      {
        "lineNumber": 80,
        "author": {
          "gitId": "sitinadiah25"
        },
        "content": "        case (TODO_COMMAND):"
      },
      {
        "lineNumber": 81,
        "author": {
          "gitId": "sitinadiah25"
        },
        "content": "            try {"
      },
      {
        "lineNumber": 82,
        "author": {
          "gitId": "sitinadiah25"
        },
        "content": "                Todo todo \u003d new Todo(arr[1]);"
      },
      {
        "lineNumber": 83,
        "author": {
          "gitId": "sitinadiah25"
        },
        "content": "                Tasks.add(todo);"
      },
      {
        "lineNumber": 84,
        "author": {
          "gitId": "sitinadiah25"
        },
        "content": "                printConfirm(Tasks.get(NUM_OF_TASK));"
      },
      {
        "lineNumber": 85,
        "author": {
          "gitId": "sitinadiah25"
        },
        "content": "            } catch (ArrayIndexOutOfBoundsException e) {"
      },
      {
        "lineNumber": 86,
        "author": {
          "gitId": "sitinadiah25"
        },
        "content": "                System.out.println(\"Oops! Todo description cannot be empty!\");"
      },
      {
        "lineNumber": 87,
        "author": {
          "gitId": "sitinadiah25"
        },
        "content": "            }"
      },
      {
        "lineNumber": 88,
        "author": {
          "gitId": "sitinadiah25"
        },
        "content": "            break;"
      },
      {
        "lineNumber": 89,
        "author": {
          "gitId": "sitinadiah25"
        },
        "content": "        case (DEADLINE_COMMAND):"
      },
      {
        "lineNumber": 90,
        "author": {
          "gitId": "sitinadiah25"
        },
        "content": "            try {"
      },
      {
        "lineNumber": 91,
        "author": {
          "gitId": "sitinadiah25"
        },
        "content": "                String arr2[] \u003d arr[1].split(\"/by \", 2);"
      },
      {
        "lineNumber": 92,
        "author": {
          "gitId": "sitinadiah25"
        },
        "content": "                Deadline deadline \u003d new Deadline(arr2[0], arr2[1]);"
      },
      {
        "lineNumber": 93,
        "author": {
          "gitId": "sitinadiah25"
        },
        "content": "                Tasks.add(deadline);"
      },
      {
        "lineNumber": 94,
        "author": {
          "gitId": "sitinadiah25"
        },
        "content": "                printConfirm(Tasks.get(NUM_OF_TASK));"
      },
      {
        "lineNumber": 95,
        "author": {
          "gitId": "sitinadiah25"
        },
        "content": "            } catch (ArrayIndexOutOfBoundsException e) {"
      },
      {
        "lineNumber": 96,
        "author": {
          "gitId": "sitinadiah25"
        },
        "content": "                System.out.println(\"Oops! Deadline description is incomplete!\");"
      },
      {
        "lineNumber": 97,
        "author": {
          "gitId": "sitinadiah25"
        },
        "content": "            }"
      },
      {
        "lineNumber": 98,
        "author": {
          "gitId": "sitinadiah25"
        },
        "content": "            break;"
      },
      {
        "lineNumber": 99,
        "author": {
          "gitId": "sitinadiah25"
        },
        "content": "        case (EVENT_COMMAND):"
      },
      {
        "lineNumber": 100,
        "author": {
          "gitId": "sitinadiah25"
        },
        "content": "            try {"
      },
      {
        "lineNumber": 101,
        "author": {
          "gitId": "sitinadiah25"
        },
        "content": "                String arr2[] \u003d arr[1].split(\"/at \", 2);"
      },
      {
        "lineNumber": 102,
        "author": {
          "gitId": "sitinadiah25"
        },
        "content": "                Event event \u003d new Event(arr2[0], arr2[1]);"
      },
      {
        "lineNumber": 103,
        "author": {
          "gitId": "sitinadiah25"
        },
        "content": "                Tasks.add(event);"
      },
      {
        "lineNumber": 104,
        "author": {
          "gitId": "sitinadiah25"
        },
        "content": "                printConfirm(Tasks.get(NUM_OF_TASK));"
      },
      {
        "lineNumber": 105,
        "author": {
          "gitId": "sitinadiah25"
        },
        "content": "            } catch (ArrayIndexOutOfBoundsException e) {"
      },
      {
        "lineNumber": 106,
        "author": {
          "gitId": "sitinadiah25"
        },
        "content": "                System.out.println(\"Oops! Event description is incomplete!\");"
      },
      {
        "lineNumber": 107,
        "author": {
          "gitId": "sitinadiah25"
        },
        "content": "            }"
      },
      {
        "lineNumber": 108,
        "author": {
          "gitId": "sitinadiah25"
        },
        "content": "            break;"
      },
      {
        "lineNumber": 109,
        "author": {
          "gitId": "sitinadiah25"
        },
        "content": "        case (DELETE_COMMAND):"
      },
      {
        "lineNumber": 110,
        "author": {
          "gitId": "sitinadiah25"
        },
        "content": "            try {"
      },
      {
        "lineNumber": 111,
        "author": {
          "gitId": "sitinadiah25"
        },
        "content": "                int taskNum \u003d Integer.parseInt(arr[1]) - 1;"
      },
      {
        "lineNumber": 112,
        "author": {
          "gitId": "sitinadiah25"
        },
        "content": "                printDelete(Tasks.get(taskNum));"
      },
      {
        "lineNumber": 113,
        "author": {
          "gitId": "sitinadiah25"
        },
        "content": "                Tasks.remove(taskNum);"
      },
      {
        "lineNumber": 114,
        "author": {
          "gitId": "sitinadiah25"
        },
        "content": "            } catch (ArrayIndexOutOfBoundsException e) {"
      },
      {
        "lineNumber": 115,
        "author": {
          "gitId": "sitinadiah25"
        },
        "content": "                System.out.println(\"Oops! Please include the task number!\");"
      },
      {
        "lineNumber": 116,
        "author": {
          "gitId": "sitinadiah25"
        },
        "content": "            } catch (NumberFormatException e) {"
      },
      {
        "lineNumber": 117,
        "author": {
          "gitId": "sitinadiah25"
        },
        "content": "                System.out.println(\"Oops! Please include the task number instead of \u0027\" + arr[1] + \"\u0027.\");"
      },
      {
        "lineNumber": 118,
        "author": {
          "gitId": "sitinadiah25"
        },
        "content": "            } catch (NullPointerException e) {"
      },
      {
        "lineNumber": 119,
        "author": {
          "gitId": "sitinadiah25"
        },
        "content": "                System.out.println(\"Sorry but that task does not exist! Please try again.\");"
      },
      {
        "lineNumber": 120,
        "author": {
          "gitId": "sitinadiah25"
        },
        "content": "            }"
      },
      {
        "lineNumber": 121,
        "author": {
          "gitId": "sitinadiah25"
        },
        "content": "            break;"
      },
      {
        "lineNumber": 122,
        "author": {
          "gitId": "sitinadiah25"
        },
        "content": "        default:"
      },
      {
        "lineNumber": 123,
        "author": {
          "gitId": "sitinadiah25"
        },
        "content": "            System.out.println(\"Oops! I\u0027m sorry but I don\u0027t know what that means :(\");"
      },
      {
        "lineNumber": 124,
        "author": {
          "gitId": "sitinadiah25"
        },
        "content": "            break;"
      },
      {
        "lineNumber": 125,
        "author": {
          "gitId": "sitinadiah25"
        },
        "content": "        }"
      },
      {
        "lineNumber": 126,
        "author": {
          "gitId": "sitinadiah25"
        },
        "content": "        System.out.println(LINE);"
      },
      {
        "lineNumber": 127,
        "author": {
          "gitId": "sitinadiah25"
        },
        "content": "    }"
      },
      {
        "lineNumber": 128,
        "author": {
          "gitId": "sitinadiah25"
        },
        "content": ""
      },
      {
        "lineNumber": 129,
        "author": {
          "gitId": "-"
        },
        "content": ""
      },
      {
        "lineNumber": 130,
        "author": {
          "gitId": "-"
        },
        "content": "    private static void saveData(ArrayList\u003cTask\u003e Tasks) throws IOException {"
      },
      {
        "lineNumber": 131,
        "author": {
          "gitId": "sitinadiah25"
        },
        "content": "        FileWriter fileWriter \u003d new FileWriter(\"data/duke.txt\", false);"
      },
      {
        "lineNumber": 132,
        "author": {
          "gitId": "-"
        },
        "content": "        for (Task task : Tasks) {"
      },
      {
        "lineNumber": 133,
        "author": {
          "gitId": "-"
        },
        "content": "            fileWriter.write(task.saveTask());"
      },
      {
        "lineNumber": 134,
        "author": {
          "gitId": "sitinadiah25"
        },
        "content": "            fileWriter.write(System.lineSeparator());"
      },
      {
        "lineNumber": 135,
        "author": {
          "gitId": "sitinadiah25"
        },
        "content": "        }"
      },
      {
        "lineNumber": 136,
        "author": {
          "gitId": "sitinadiah25"
        },
        "content": "        fileWriter.close();"
      },
      {
        "lineNumber": 137,
        "author": {
          "gitId": "sitinadiah25"
        },
        "content": "        System.out.println(\"Data saved successfully.\");"
      },
      {
        "lineNumber": 138,
        "author": {
          "gitId": "sitinadiah25"
        },
        "content": "    }"
      },
      {
        "lineNumber": 139,
        "author": {
          "gitId": "sitinadiah25"
        },
        "content": ""
      },
      {
        "lineNumber": 140,
        "author": {
          "gitId": "-"
        },
        "content": "    private static ArrayList\u003cTask\u003e openData() throws IOException {"
      },
      {
        "lineNumber": 141,
        "author": {
          "gitId": "-"
        },
        "content": "        ArrayList\u003cTask\u003e Tasks \u003d new ArrayList\u003cTask\u003e();"
      },
      {
        "lineNumber": 142,
        "author": {
          "gitId": "sitinadiah25"
        },
        "content": "        int pointer \u003d 0;"
      },
      {
        "lineNumber": 143,
        "author": {
          "gitId": "sitinadiah25"
        },
        "content": "        FileReader fileReader \u003d new FileReader(\"data/duke.txt\");"
      },
      {
        "lineNumber": 144,
        "author": {
          "gitId": "sitinadiah25"
        },
        "content": "        BufferedReader bufferedReader \u003d new BufferedReader(fileReader);"
      },
      {
        "lineNumber": 145,
        "author": {
          "gitId": "sitinadiah25"
        },
        "content": "        String line \u003d bufferedReader.readLine();"
      },
      {
        "lineNumber": 146,
        "author": {
          "gitId": "sitinadiah25"
        },
        "content": "        while (line !\u003d null) {"
      },
      {
        "lineNumber": 147,
        "author": {
          "gitId": "sitinadiah25"
        },
        "content": "            String arr[] \u003d line.split(\"[|]\", 4);"
      },
      {
        "lineNumber": 148,
        "author": {
          "gitId": "sitinadiah25"
        },
        "content": "            switch (arr[0]) {"
      },
      {
        "lineNumber": 149,
        "author": {
          "gitId": "sitinadiah25"
        },
        "content": "            case (\"T\"):"
      },
      {
        "lineNumber": 150,
        "author": {
          "gitId": "sitinadiah25"
        },
        "content": "                Todo todo \u003d new Todo(arr[2]);"
      },
      {
        "lineNumber": 151,
        "author": {
          "gitId": "sitinadiah25"
        },
        "content": "                if (arr[1].equals(\"1\")) {"
      },
      {
        "lineNumber": 152,
        "author": {
          "gitId": "sitinadiah25"
        },
        "content": "                    todo.setDone(true);"
      },
      {
        "lineNumber": 153,
        "author": {
          "gitId": "sitinadiah25"
        },
        "content": "                }"
      },
      {
        "lineNumber": 154,
        "author": {
          "gitId": "-"
        },
        "content": "                Tasks.add(todo);"
      },
      {
        "lineNumber": 155,
        "author": {
          "gitId": "sitinadiah25"
        },
        "content": "                break;"
      },
      {
        "lineNumber": 156,
        "author": {
          "gitId": "sitinadiah25"
        },
        "content": "            case (\"D\"):"
      },
      {
        "lineNumber": 157,
        "author": {
          "gitId": "sitinadiah25"
        },
        "content": "                Deadline deadline \u003d new Deadline(arr[2], arr[3]);"
      },
      {
        "lineNumber": 158,
        "author": {
          "gitId": "sitinadiah25"
        },
        "content": "                if (arr[1].equals(\"1\")) {"
      },
      {
        "lineNumber": 159,
        "author": {
          "gitId": "sitinadiah25"
        },
        "content": "                    deadline.setDone(true);"
      },
      {
        "lineNumber": 160,
        "author": {
          "gitId": "sitinadiah25"
        },
        "content": "                }"
      },
      {
        "lineNumber": 161,
        "author": {
          "gitId": "-"
        },
        "content": "                Tasks.add(deadline);"
      },
      {
        "lineNumber": 162,
        "author": {
          "gitId": "sitinadiah25"
        },
        "content": "                break;"
      },
      {
        "lineNumber": 163,
        "author": {
          "gitId": "sitinadiah25"
        },
        "content": "            case (\"E\"):"
      },
      {
        "lineNumber": 164,
        "author": {
          "gitId": "sitinadiah25"
        },
        "content": "                Event event \u003d new Event(arr[2], arr[3]);"
      },
      {
        "lineNumber": 165,
        "author": {
          "gitId": "sitinadiah25"
        },
        "content": "                if (arr[1].equals(\"1\")) {"
      },
      {
        "lineNumber": 166,
        "author": {
          "gitId": "sitinadiah25"
        },
        "content": "                    event.setDone(true);"
      },
      {
        "lineNumber": 167,
        "author": {
          "gitId": "sitinadiah25"
        },
        "content": "                }"
      },
      {
        "lineNumber": 168,
        "author": {
          "gitId": "-"
        },
        "content": "                Tasks.add(event);"
      },
      {
        "lineNumber": 169,
        "author": {
          "gitId": "sitinadiah25"
        },
        "content": "                break;"
      },
      {
        "lineNumber": 170,
        "author": {
          "gitId": "sitinadiah25"
        },
        "content": "            }"
      },
      {
        "lineNumber": 171,
        "author": {
          "gitId": "sitinadiah25"
        },
        "content": "            line \u003d bufferedReader.readLine();"
      },
      {
        "lineNumber": 172,
        "author": {
          "gitId": "sitinadiah25"
        },
        "content": "            pointer++;"
      },
      {
        "lineNumber": 173,
        "author": {
          "gitId": "sitinadiah25"
        },
        "content": "        }"
      },
      {
        "lineNumber": 174,
        "author": {
          "gitId": "sitinadiah25"
        },
        "content": "        NUM_OF_TASK \u003d pointer;"
      },
      {
        "lineNumber": 175,
        "author": {
          "gitId": "sitinadiah25"
        },
        "content": "        return Tasks;"
      },
      {
        "lineNumber": 176,
        "author": {
          "gitId": "sitinadiah25"
        },
        "content": "    }"
      },
      {
        "lineNumber": 177,
        "author": {
          "gitId": "-"
        },
        "content": ""
      },
      {
        "lineNumber": 178,
        "author": {
          "gitId": "sitinadiah25"
        },
        "content": "    private static void printDelete(Task task) {"
      },
      {
        "lineNumber": 179,
        "author": {
          "gitId": "sitinadiah25"
        },
        "content": "        System.out.println(\"Noted. I\u0027ve removed this task: \");"
      },
      {
        "lineNumber": 180,
        "author": {
          "gitId": "sitinadiah25"
        },
        "content": "        System.out.println(\"   \" + task);"
      },
      {
        "lineNumber": 181,
        "author": {
          "gitId": "sitinadiah25"
        },
        "content": "        NUM_OF_TASK--;"
      },
      {
        "lineNumber": 182,
        "author": {
          "gitId": "sitinadiah25"
        },
        "content": "        System.out.println(\"Now you have \" + NUM_OF_TASK + \" task(s) in the list.\");"
      },
      {
        "lineNumber": 183,
        "author": {
          "gitId": "sitinadiah25"
        },
        "content": "    }"
      },
      {
        "lineNumber": 184,
        "author": {
          "gitId": "sitinadiah25"
        },
        "content": ""
      },
      {
        "lineNumber": 185,
        "author": {
          "gitId": "sitinadiah25"
        },
        "content": "    private static void printDone(Task task) {"
      },
      {
        "lineNumber": 186,
        "author": {
          "gitId": "sitinadiah25"
        },
        "content": "        System.out.println(\"Nice! I\u0027ve marked this task as done: \");"
      },
      {
        "lineNumber": 187,
        "author": {
          "gitId": "sitinadiah25"
        },
        "content": "        System.out.println(\"   \" + task);"
      },
      {
        "lineNumber": 188,
        "author": {
          "gitId": "sitinadiah25"
        },
        "content": "    }"
      },
      {
        "lineNumber": 189,
        "author": {
          "gitId": "sitinadiah25"
        },
        "content": ""
      },
      {
        "lineNumber": 190,
        "author": {
          "gitId": "sitinadiah25"
        },
        "content": "    private static void printConfirm(Task task) {"
      },
      {
        "lineNumber": 191,
        "author": {
          "gitId": "sitinadiah25"
        },
        "content": "        System.out.println(\"Got it! I\u0027ve added this task:\");"
      },
      {
        "lineNumber": 192,
        "author": {
          "gitId": "sitinadiah25"
        },
        "content": "        System.out.println(\"   \" + task);"
      },
      {
        "lineNumber": 193,
        "author": {
          "gitId": "sitinadiah25"
        },
        "content": "        NUM_OF_TASK++;"
      },
      {
        "lineNumber": 194,
        "author": {
          "gitId": "sitinadiah25"
        },
        "content": "        System.out.println(\"Now you have \" + NUM_OF_TASK + \" task(s) in the list.\");"
      },
      {
        "lineNumber": 195,
        "author": {
          "gitId": "sitinadiah25"
        },
        "content": "    }"
      },
      {
        "lineNumber": 196,
        "author": {
          "gitId": "sitinadiah25"
        },
        "content": ""
      },
      {
        "lineNumber": 197,
        "author": {
          "gitId": "sitinadiah25"
        },
        "content": "    private static void printExitMessage() {"
      },
      {
        "lineNumber": 198,
        "author": {
          "gitId": "sitinadiah25"
        },
        "content": "        String outro \u003d \"Bye. Hope to see you again soon!\";"
      },
      {
        "lineNumber": 199,
        "author": {
          "gitId": "sitinadiah25"
        },
        "content": "        System.out.println(outro);"
      },
      {
        "lineNumber": 200,
        "author": {
          "gitId": "sitinadiah25"
        },
        "content": "        System.exit(0);"
      },
      {
        "lineNumber": 201,
        "author": {
          "gitId": "-"
        },
        "content": "    }"
      },
      {
        "lineNumber": 202,
        "author": {
          "gitId": "sitinadiah25"
        },
        "content": ""
      },
      {
        "lineNumber": 203,
        "author": {
          "gitId": "sitinadiah25"
        },
        "content": "    private static void printWelcomeMessage() {"
      },
      {
        "lineNumber": 204,
        "author": {
          "gitId": "sitinadiah25"
        },
        "content": "        String tos \u003d \"──────────▄▄▄▄▄▄▄▄▄▄▄──────────\\n\" +"
      },
      {
        "lineNumber": 205,
        "author": {
          "gitId": "sitinadiah25"
        },
        "content": "                \"─────▄▄▀▀▀▀──────────▀▀▄▄──────\\n\" +"
      },
      {
        "lineNumber": 206,
        "author": {
          "gitId": "sitinadiah25"
        },
        "content": "                \"───▄▀───────────────────▀▀▄────\\n\" +"
      },
      {
        "lineNumber": 207,
        "author": {
          "gitId": "sitinadiah25"
        },
        "content": "                \"──█────────────────────────█───\\n\" +"
      },
      {
        "lineNumber": 208,
        "author": {
          "gitId": "sitinadiah25"
        },
        "content": "                \"─█─────────────────────▄▀▀▀▀▀█▄\\n\" +"
      },
      {
        "lineNumber": 209,
        "author": {
          "gitId": "sitinadiah25"
        },
        "content": "                \"█▀────────────────────█────▄███\\n\" +"
      },
      {
        "lineNumber": 210,
        "author": {
          "gitId": "sitinadiah25"
        },
        "content": "                \"█─────────────────────█────▀███\\n\" +"
      },
      {
        "lineNumber": 211,
        "author": {
          "gitId": "sitinadiah25"
        },
        "content": "                \"█─────▄▀▀██▀▄─────────█───────█\\n\" +"
      },
      {
        "lineNumber": 212,
        "author": {
          "gitId": "sitinadiah25"
        },
        "content": "                \"█────█──████─█─────────▀▄▄▄▄▄█─\\n\" +"
      },
      {
        "lineNumber": 213,
        "author": {
          "gitId": "sitinadiah25"
        },
        "content": "                \"█────█──▀██▀─█───────────────█─\\n\" +"
      },
      {
        "lineNumber": 214,
        "author": {
          "gitId": "sitinadiah25"
        },
        "content": "                \"█────█───────█──────────────▄▀─\\n\" +"
      },
      {
        "lineNumber": 215,
        "author": {
          "gitId": "sitinadiah25"
        },
        "content": "                \"█────▀▄─────▄▀──▄▄▄▄▄▄▄▄▄───█──\\n\" +"
      },
      {
        "lineNumber": 216,
        "author": {
          "gitId": "sitinadiah25"
        },
        "content": "                \"█──────▀▀▀▀▀────█─█─█─█─█──▄▀──\\n\" +"
      },
      {
        "lineNumber": 217,
        "author": {
          "gitId": "sitinadiah25"
        },
        "content": "                \"─█──────────────▀▄█▄█▄█▀──▄▀───\\n\" +"
      },
      {
        "lineNumber": 218,
        "author": {
          "gitId": "sitinadiah25"
        },
        "content": "                \"──█──────────────────────▄▀────\\n\" +"
      },
      {
        "lineNumber": 219,
        "author": {
          "gitId": "sitinadiah25"
        },
        "content": "                \"───▀▀▀▄──────────▄▄▄▄▄▄▀▀──────\\n\" +"
      },
      {
        "lineNumber": 220,
        "author": {
          "gitId": "sitinadiah25"
        },
        "content": "                \"────▄▀─────────▀▀──▄▀──────────\\n\" +"
      },
      {
        "lineNumber": 221,
        "author": {
          "gitId": "sitinadiah25"
        },
        "content": "                \"──▄▀───────────────█───────────\\n\" +"
      },
      {
        "lineNumber": 222,
        "author": {
          "gitId": "sitinadiah25"
        },
        "content": "                \"─▄▀────────────────█──▄▀▀▀█▀▀▄─\\n\" +"
      },
      {
        "lineNumber": 223,
        "author": {
          "gitId": "sitinadiah25"
        },
        "content": "                \"─█────█──█▀▀▀▄─────█▀▀────█──█─\\n\" +"
      },
      {
        "lineNumber": 224,
        "author": {
          "gitId": "sitinadiah25"
        },
        "content": "                \"▄█────▀▀▀────█─────█────▀▀───█─\\n\" +"
      },
      {
        "lineNumber": 225,
        "author": {
          "gitId": "sitinadiah25"
        },
        "content": "                \"█▀▄──────────█─────█▄────────█─\\n\" +"
      },
      {
        "lineNumber": 226,
        "author": {
          "gitId": "sitinadiah25"
        },
        "content": "                \"█──▀▀▀▀▀█▄▄▄▄▀─────▀█▀▀▀▄▄▄▄▀──\\n\" +"
      },
      {
        "lineNumber": 227,
        "author": {
          "gitId": "sitinadiah25"
        },
        "content": "                \"█───────────────────▀▄─────────\\n\";"
      },
      {
        "lineNumber": 228,
        "author": {
          "gitId": "sitinadiah25"
        },
        "content": ""
      },
      {
        "lineNumber": 229,
        "author": {
          "gitId": "sitinadiah25"
        },
        "content": "        System.out.println(\"What is up my dudes!\\n\" + tos);"
      },
      {
        "lineNumber": 230,
        "author": {
          "gitId": "sitinadiah25"
        },
        "content": ""
      },
      {
        "lineNumber": 231,
        "author": {
          "gitId": "sitinadiah25"
        },
        "content": "        String intro \u003d \" It is I, Bob!\\n\" +"
      },
      {
        "lineNumber": 232,
        "author": {
          "gitId": "sitinadiah25"
        },
        "content": "                \" How may I spook you today?\";"
      },
      {
        "lineNumber": 233,
        "author": {
          "gitId": "sitinadiah25"
        },
        "content": ""
      },
      {
        "lineNumber": 234,
        "author": {
          "gitId": "sitinadiah25"
        },
        "content": "        System.out.println(LINE);"
      },
      {
        "lineNumber": 235,
        "author": {
          "gitId": "sitinadiah25"
        },
        "content": "        System.out.println(intro);"
      },
      {
        "lineNumber": 236,
        "author": {
          "gitId": "sitinadiah25"
        },
        "content": "        System.out.println(LINE);"
      },
      {
        "lineNumber": 237,
        "author": {
          "gitId": "sitinadiah25"
        },
        "content": "    }"
      },
      {
        "lineNumber": 238,
        "author": {
          "gitId": "sitinadiah25"
        },
        "content": ""
      },
      {
        "lineNumber": 239,
        "author": {
          "gitId": "sitinadiah25"
        },
        "content": "    public static void printList(ArrayList\u003cTask\u003e Task) {"
      },
      {
        "lineNumber": 240,
        "author": {
          "gitId": "sitinadiah25"
        },
        "content": "        System.out.println(\"Here are the tasks in your list: \\n\");"
      },
      {
        "lineNumber": 241,
        "author": {
          "gitId": "sitinadiah25"
        },
        "content": "        for (int i \u003d 0; i \u003c NUM_OF_TASK; i++) {"
      },
      {
        "lineNumber": 242,
        "author": {
          "gitId": "sitinadiah25"
        },
        "content": "            int num \u003d i + 1;"
      },
      {
        "lineNumber": 243,
        "author": {
          "gitId": "sitinadiah25"
        },
        "content": "            System.out.println(num + \". \" + Task.get(i));"
      },
      {
        "lineNumber": 244,
        "author": {
          "gitId": "sitinadiah25"
        },
        "content": "        }"
      },
      {
        "lineNumber": 245,
        "author": {
          "gitId": "-"
        },
        "content": "    }"
      },
      {
        "lineNumber": 246,
        "author": {
          "gitId": "-"
        },
        "content": "}"
      },
      {
        "lineNumber": 247,
        "author": {
          "gitId": "sitinadiah25"
        },
        "content": ""
      }
    ],
    "authorContributionMap": {
      "sitinadiah25": 231,
      "-": 16
    }
  },
  {
    "path": "src/main/java/task/Deadline.java",
    "fileType": "java",
    "lines": [
      {
        "lineNumber": 1,
        "author": {
          "gitId": "sitinadiah25"
        },
        "content": "package task;"
      },
      {
        "lineNumber": 2,
        "author": {
          "gitId": "sitinadiah25"
        },
        "content": ""
      },
      {
        "lineNumber": 3,
        "author": {
          "gitId": "sitinadiah25"
        },
        "content": "public class Deadline extends Task {"
      },
      {
        "lineNumber": 4,
        "author": {
          "gitId": "sitinadiah25"
        },
        "content": "    protected String by;"
      },
      {
        "lineNumber": 5,
        "author": {
          "gitId": "sitinadiah25"
        },
        "content": ""
      },
      {
        "lineNumber": 6,
        "author": {
          "gitId": "sitinadiah25"
        },
        "content": "    public Deadline(String description, String by) {"
      },
      {
        "lineNumber": 7,
        "author": {
          "gitId": "sitinadiah25"
        },
        "content": "        super(description);"
      },
      {
        "lineNumber": 8,
        "author": {
          "gitId": "sitinadiah25"
        },
        "content": "        this.by \u003d by;"
      },
      {
        "lineNumber": 9,
        "author": {
          "gitId": "sitinadiah25"
        },
        "content": "    }"
      },
      {
        "lineNumber": 10,
        "author": {
          "gitId": "sitinadiah25"
        },
        "content": ""
      },
      {
        "lineNumber": 11,
        "author": {
          "gitId": "sitinadiah25"
        },
        "content": "    public String getBy() {"
      },
      {
        "lineNumber": 12,
        "author": {
          "gitId": "sitinadiah25"
        },
        "content": "        return by;"
      },
      {
        "lineNumber": 13,
        "author": {
          "gitId": "sitinadiah25"
        },
        "content": "    }"
      },
      {
        "lineNumber": 14,
        "author": {
          "gitId": "sitinadiah25"
        },
        "content": ""
      },
      {
        "lineNumber": 15,
        "author": {
          "gitId": "sitinadiah25"
        },
        "content": "    public void setBy(String by) {"
      },
      {
        "lineNumber": 16,
        "author": {
          "gitId": "sitinadiah25"
        },
        "content": "        this.by \u003d by;"
      },
      {
        "lineNumber": 17,
        "author": {
          "gitId": "sitinadiah25"
        },
        "content": "    }"
      },
      {
        "lineNumber": 18,
        "author": {
          "gitId": "sitinadiah25"
        },
        "content": ""
      },
      {
        "lineNumber": 19,
        "author": {
          "gitId": "sitinadiah25"
        },
        "content": "    @Override"
      },
      {
        "lineNumber": 20,
        "author": {
          "gitId": "sitinadiah25"
        },
        "content": "    public String toString() {"
      },
      {
        "lineNumber": 21,
        "author": {
          "gitId": "sitinadiah25"
        },
        "content": "        return \"[D]\" + super.toString() + \"(by: \" + this.by + \")\";"
      },
      {
        "lineNumber": 22,
        "author": {
          "gitId": "sitinadiah25"
        },
        "content": "    }"
      },
      {
        "lineNumber": 23,
        "author": {
          "gitId": "sitinadiah25"
        },
        "content": ""
      },
      {
        "lineNumber": 24,
        "author": {
          "gitId": "sitinadiah25"
        },
        "content": "    @Override"
      },
      {
        "lineNumber": 25,
        "author": {
          "gitId": "sitinadiah25"
        },
        "content": "    public String saveTask() {"
      },
      {
        "lineNumber": 26,
        "author": {
          "gitId": "sitinadiah25"
        },
        "content": "        return \"D|\" + super.isDoneNum() + \"|\" + super.saveTask() + \"|\" + this.by;"
      },
      {
        "lineNumber": 27,
        "author": {
          "gitId": "sitinadiah25"
        },
        "content": "    }"
      },
      {
        "lineNumber": 28,
        "author": {
          "gitId": "sitinadiah25"
        },
        "content": "}"
      }
    ],
    "authorContributionMap": {
      "sitinadiah25": 28
    }
  },
  {
    "path": "src/main/java/task/Event.java",
    "fileType": "java",
    "lines": [
      {
        "lineNumber": 1,
        "author": {
          "gitId": "sitinadiah25"
        },
        "content": "package task;"
      },
      {
        "lineNumber": 2,
        "author": {
          "gitId": "sitinadiah25"
        },
        "content": ""
      },
      {
        "lineNumber": 3,
        "author": {
          "gitId": "sitinadiah25"
        },
        "content": "public class Event extends Task {"
      },
      {
        "lineNumber": 4,
        "author": {
          "gitId": "sitinadiah25"
        },
        "content": ""
      },
      {
        "lineNumber": 5,
        "author": {
          "gitId": "sitinadiah25"
        },
        "content": "    protected String time;"
      },
      {
        "lineNumber": 6,
        "author": {
          "gitId": "sitinadiah25"
        },
        "content": ""
      },
      {
        "lineNumber": 7,
        "author": {
          "gitId": "sitinadiah25"
        },
        "content": "    public Event(String description, String time) {"
      },
      {
        "lineNumber": 8,
        "author": {
          "gitId": "sitinadiah25"
        },
        "content": "        super(description);"
      },
      {
        "lineNumber": 9,
        "author": {
          "gitId": "sitinadiah25"
        },
        "content": "        this.time \u003d time;"
      },
      {
        "lineNumber": 10,
        "author": {
          "gitId": "sitinadiah25"
        },
        "content": "    }"
      },
      {
        "lineNumber": 11,
        "author": {
          "gitId": "sitinadiah25"
        },
        "content": ""
      },
      {
        "lineNumber": 12,
        "author": {
          "gitId": "sitinadiah25"
        },
        "content": "    public String getTime() {"
      },
      {
        "lineNumber": 13,
        "author": {
          "gitId": "sitinadiah25"
        },
        "content": "        return time;"
      },
      {
        "lineNumber": 14,
        "author": {
          "gitId": "sitinadiah25"
        },
        "content": "    }"
      },
      {
        "lineNumber": 15,
        "author": {
          "gitId": "sitinadiah25"
        },
        "content": ""
      },
      {
        "lineNumber": 16,
        "author": {
          "gitId": "sitinadiah25"
        },
        "content": "    public void setTime(String time) {"
      },
      {
        "lineNumber": 17,
        "author": {
          "gitId": "sitinadiah25"
        },
        "content": "        this.time \u003d time;"
      },
      {
        "lineNumber": 18,
        "author": {
          "gitId": "sitinadiah25"
        },
        "content": "    }"
      },
      {
        "lineNumber": 19,
        "author": {
          "gitId": "sitinadiah25"
        },
        "content": ""
      },
      {
        "lineNumber": 20,
        "author": {
          "gitId": "sitinadiah25"
        },
        "content": "    @Override"
      },
      {
        "lineNumber": 21,
        "author": {
          "gitId": "sitinadiah25"
        },
        "content": "    public String toString() {"
      },
      {
        "lineNumber": 22,
        "author": {
          "gitId": "sitinadiah25"
        },
        "content": "        return \"[E]\" + super.toString() + \"(at: \" + this.time + \")\";"
      },
      {
        "lineNumber": 23,
        "author": {
          "gitId": "sitinadiah25"
        },
        "content": "    }"
      },
      {
        "lineNumber": 24,
        "author": {
          "gitId": "sitinadiah25"
        },
        "content": ""
      },
      {
        "lineNumber": 25,
        "author": {
          "gitId": "sitinadiah25"
        },
        "content": "    @Override"
      },
      {
        "lineNumber": 26,
        "author": {
          "gitId": "sitinadiah25"
        },
        "content": "    public String saveTask() {"
      },
      {
        "lineNumber": 27,
        "author": {
          "gitId": "sitinadiah25"
        },
        "content": "        return \"E|\" + super.isDoneNum() + \"|\" + super.saveTask() + \"|\" + this.time;"
      },
      {
        "lineNumber": 28,
        "author": {
          "gitId": "sitinadiah25"
        },
        "content": "    }"
      },
      {
        "lineNumber": 29,
        "author": {
          "gitId": "sitinadiah25"
        },
        "content": "}"
      }
    ],
    "authorContributionMap": {
      "sitinadiah25": 29
    }
  },
  {
    "path": "src/main/java/task/Task.java",
    "fileType": "java",
    "lines": [
      {
        "lineNumber": 1,
        "author": {
          "gitId": "sitinadiah25"
        },
        "content": "package task;"
      },
      {
        "lineNumber": 2,
        "author": {
          "gitId": "sitinadiah25"
        },
        "content": ""
      },
      {
        "lineNumber": 3,
        "author": {
          "gitId": "sitinadiah25"
        },
        "content": "public class Task {"
      },
      {
        "lineNumber": 4,
        "author": {
          "gitId": "sitinadiah25"
        },
        "content": "    protected String description;"
      },
      {
        "lineNumber": 5,
        "author": {
          "gitId": "sitinadiah25"
        },
        "content": "    protected boolean isDone;"
      },
      {
        "lineNumber": 6,
        "author": {
          "gitId": "sitinadiah25"
        },
        "content": "    protected int num;"
      },
      {
        "lineNumber": 7,
        "author": {
          "gitId": "sitinadiah25"
        },
        "content": ""
      },
      {
        "lineNumber": 8,
        "author": {
          "gitId": "sitinadiah25"
        },
        "content": "    private static int curr \u003d 1;"
      },
      {
        "lineNumber": 9,
        "author": {
          "gitId": "sitinadiah25"
        },
        "content": ""
      },
      {
        "lineNumber": 10,
        "author": {
          "gitId": "sitinadiah25"
        },
        "content": "    public Task(String description) {"
      },
      {
        "lineNumber": 11,
        "author": {
          "gitId": "sitinadiah25"
        },
        "content": "        this.description \u003d description;"
      },
      {
        "lineNumber": 12,
        "author": {
          "gitId": "sitinadiah25"
        },
        "content": "        this.isDone \u003d false;"
      },
      {
        "lineNumber": 13,
        "author": {
          "gitId": "sitinadiah25"
        },
        "content": "        this.num \u003d curr;"
      },
      {
        "lineNumber": 14,
        "author": {
          "gitId": "sitinadiah25"
        },
        "content": "        curr++;"
      },
      {
        "lineNumber": 15,
        "author": {
          "gitId": "sitinadiah25"
        },
        "content": "    }"
      },
      {
        "lineNumber": 16,
        "author": {
          "gitId": "sitinadiah25"
        },
        "content": ""
      },
      {
        "lineNumber": 17,
        "author": {
          "gitId": "sitinadiah25"
        },
        "content": "    public String getStatusIcon() {"
      },
      {
        "lineNumber": 18,
        "author": {
          "gitId": "sitinadiah25"
        },
        "content": "        return (isDone ? \"\\u2713\" : \"\\u2718\"); //return tick or X symbols"
      },
      {
        "lineNumber": 19,
        "author": {
          "gitId": "sitinadiah25"
        },
        "content": "    }"
      },
      {
        "lineNumber": 20,
        "author": {
          "gitId": "sitinadiah25"
        },
        "content": ""
      },
      {
        "lineNumber": 21,
        "author": {
          "gitId": "sitinadiah25"
        },
        "content": "    public String getDescription() {"
      },
      {
        "lineNumber": 22,
        "author": {
          "gitId": "sitinadiah25"
        },
        "content": "        return description;"
      },
      {
        "lineNumber": 23,
        "author": {
          "gitId": "sitinadiah25"
        },
        "content": "    }"
      },
      {
        "lineNumber": 24,
        "author": {
          "gitId": "sitinadiah25"
        },
        "content": ""
      },
      {
        "lineNumber": 25,
        "author": {
          "gitId": "sitinadiah25"
        },
        "content": "    public void setDescription(String description) {"
      },
      {
        "lineNumber": 26,
        "author": {
          "gitId": "sitinadiah25"
        },
        "content": "        this.description \u003d description;"
      },
      {
        "lineNumber": 27,
        "author": {
          "gitId": "sitinadiah25"
        },
        "content": "    }"
      },
      {
        "lineNumber": 28,
        "author": {
          "gitId": "sitinadiah25"
        },
        "content": ""
      },
      {
        "lineNumber": 29,
        "author": {
          "gitId": "sitinadiah25"
        },
        "content": "    public boolean isDone() {"
      },
      {
        "lineNumber": 30,
        "author": {
          "gitId": "sitinadiah25"
        },
        "content": "        return isDone;"
      },
      {
        "lineNumber": 31,
        "author": {
          "gitId": "sitinadiah25"
        },
        "content": "    }"
      },
      {
        "lineNumber": 32,
        "author": {
          "gitId": "sitinadiah25"
        },
        "content": ""
      },
      {
        "lineNumber": 33,
        "author": {
          "gitId": "sitinadiah25"
        },
        "content": "    public int isDoneNum() {"
      },
      {
        "lineNumber": 34,
        "author": {
          "gitId": "sitinadiah25"
        },
        "content": "        if (isDone) {"
      },
      {
        "lineNumber": 35,
        "author": {
          "gitId": "sitinadiah25"
        },
        "content": "            return 1;"
      },
      {
        "lineNumber": 36,
        "author": {
          "gitId": "sitinadiah25"
        },
        "content": "        }"
      },
      {
        "lineNumber": 37,
        "author": {
          "gitId": "sitinadiah25"
        },
        "content": "        return 0;"
      },
      {
        "lineNumber": 38,
        "author": {
          "gitId": "sitinadiah25"
        },
        "content": "    }"
      },
      {
        "lineNumber": 39,
        "author": {
          "gitId": "sitinadiah25"
        },
        "content": ""
      },
      {
        "lineNumber": 40,
        "author": {
          "gitId": "sitinadiah25"
        },
        "content": "    public void setDone(boolean done) {"
      },
      {
        "lineNumber": 41,
        "author": {
          "gitId": "sitinadiah25"
        },
        "content": "        isDone \u003d done;"
      },
      {
        "lineNumber": 42,
        "author": {
          "gitId": "sitinadiah25"
        },
        "content": "    }"
      },
      {
        "lineNumber": 43,
        "author": {
          "gitId": "sitinadiah25"
        },
        "content": ""
      },
      {
        "lineNumber": 44,
        "author": {
          "gitId": "sitinadiah25"
        },
        "content": "    public int getNum() {"
      },
      {
        "lineNumber": 45,
        "author": {
          "gitId": "sitinadiah25"
        },
        "content": "        return num;"
      },
      {
        "lineNumber": 46,
        "author": {
          "gitId": "sitinadiah25"
        },
        "content": "    }"
      },
      {
        "lineNumber": 47,
        "author": {
          "gitId": "sitinadiah25"
        },
        "content": ""
      },
      {
        "lineNumber": 48,
        "author": {
          "gitId": "sitinadiah25"
        },
        "content": "    public void setNum(int num) {"
      },
      {
        "lineNumber": 49,
        "author": {
          "gitId": "sitinadiah25"
        },
        "content": "        this.num \u003d num;"
      },
      {
        "lineNumber": 50,
        "author": {
          "gitId": "sitinadiah25"
        },
        "content": "    }"
      },
      {
        "lineNumber": 51,
        "author": {
          "gitId": "sitinadiah25"
        },
        "content": ""
      },
      {
        "lineNumber": 52,
        "author": {
          "gitId": "sitinadiah25"
        },
        "content": "    public String toString() {"
      },
      {
        "lineNumber": 53,
        "author": {
          "gitId": "sitinadiah25"
        },
        "content": "        return \"[\" + this.getStatusIcon() + \"] \" + description;"
      },
      {
        "lineNumber": 54,
        "author": {
          "gitId": "sitinadiah25"
        },
        "content": "    }"
      },
      {
        "lineNumber": 55,
        "author": {
          "gitId": "sitinadiah25"
        },
        "content": ""
      },
      {
        "lineNumber": 56,
        "author": {
          "gitId": "sitinadiah25"
        },
        "content": "    public String saveTask() {"
      },
      {
        "lineNumber": 57,
        "author": {
          "gitId": "sitinadiah25"
        },
        "content": "        return description;"
      },
      {
        "lineNumber": 58,
        "author": {
          "gitId": "sitinadiah25"
        },
        "content": "    }"
      },
      {
        "lineNumber": 59,
        "author": {
          "gitId": "sitinadiah25"
        },
        "content": "}"
      }
    ],
    "authorContributionMap": {
      "sitinadiah25": 59
    }
  },
  {
    "path": "src/main/java/task/Todo.java",
    "fileType": "java",
    "lines": [
      {
        "lineNumber": 1,
        "author": {
          "gitId": "sitinadiah25"
        },
        "content": "package task;"
      },
      {
        "lineNumber": 2,
        "author": {
          "gitId": "sitinadiah25"
        },
        "content": ""
      },
      {
        "lineNumber": 3,
        "author": {
          "gitId": "sitinadiah25"
        },
        "content": "public class Todo extends Task{"
      },
      {
        "lineNumber": 4,
        "author": {
          "gitId": "sitinadiah25"
        },
        "content": ""
      },
      {
        "lineNumber": 5,
        "author": {
          "gitId": "sitinadiah25"
        },
        "content": "    public Todo(String description) {"
      },
      {
        "lineNumber": 6,
        "author": {
          "gitId": "sitinadiah25"
        },
        "content": "        super(description);"
      },
      {
        "lineNumber": 7,
        "author": {
          "gitId": "sitinadiah25"
        },
        "content": "    }"
      },
      {
        "lineNumber": 8,
        "author": {
          "gitId": "sitinadiah25"
        },
        "content": ""
      },
      {
        "lineNumber": 9,
        "author": {
          "gitId": "sitinadiah25"
        },
        "content": "    @Override"
      },
      {
        "lineNumber": 10,
        "author": {
          "gitId": "sitinadiah25"
        },
        "content": "    public String toString() {"
      },
      {
        "lineNumber": 11,
        "author": {
          "gitId": "sitinadiah25"
        },
        "content": "        return \"[T]\" + super.toString();"
      },
      {
        "lineNumber": 12,
        "author": {
          "gitId": "sitinadiah25"
        },
        "content": "    }"
      },
      {
        "lineNumber": 13,
        "author": {
          "gitId": "sitinadiah25"
        },
        "content": ""
      },
      {
        "lineNumber": 14,
        "author": {
          "gitId": "sitinadiah25"
        },
        "content": "    @Override"
      },
      {
        "lineNumber": 15,
        "author": {
          "gitId": "sitinadiah25"
        },
        "content": "    public String saveTask() {"
      },
      {
        "lineNumber": 16,
        "author": {
          "gitId": "sitinadiah25"
        },
        "content": "        return \"T|\" + super.isDoneNum() + \"|\" + super.saveTask();"
      },
      {
        "lineNumber": 17,
        "author": {
          "gitId": "sitinadiah25"
        },
        "content": "    }"
      },
      {
        "lineNumber": 18,
        "author": {
          "gitId": "sitinadiah25"
        },
        "content": "}"
      }
    ],
    "authorContributionMap": {
      "sitinadiah25": 18
    }
  },
  {
    "path": "text-ui-test/EXPECTED.txt",
    "fileType": "txt",
    "lines": [
      {
        "lineNumber": 1,
        "author": {
          "gitId": "sitinadiah25"
        },
        "content": "What is up my dudes!"
      },
      {
        "lineNumber": 2,
        "author": {
          "gitId": "sitinadiah25"
        },
        "content": "──────────▄▄▄▄▄▄▄▄▄▄▄──────────"
      },
      {
        "lineNumber": 3,
        "author": {
          "gitId": "sitinadiah25"
        },
        "content": "─────▄▄▀▀▀▀──────────▀▀▄▄──────"
      },
      {
        "lineNumber": 4,
        "author": {
          "gitId": "sitinadiah25"
        },
        "content": "───▄▀───────────────────▀▀▄────"
      },
      {
        "lineNumber": 5,
        "author": {
          "gitId": "sitinadiah25"
        },
        "content": "──█────────────────────────█───"
      },
      {
        "lineNumber": 6,
        "author": {
          "gitId": "sitinadiah25"
        },
        "content": "─█─────────────────────▄▀▀▀▀▀█▄"
      },
      {
        "lineNumber": 7,
        "author": {
          "gitId": "sitinadiah25"
        },
        "content": "█▀────────────────────█────▄███"
      },
      {
        "lineNumber": 8,
        "author": {
          "gitId": "sitinadiah25"
        },
        "content": "█─────────────────────█────▀███"
      },
      {
        "lineNumber": 9,
        "author": {
          "gitId": "sitinadiah25"
        },
        "content": "█─────▄▀▀██▀▄─────────█───────█"
      },
      {
        "lineNumber": 10,
        "author": {
          "gitId": "sitinadiah25"
        },
        "content": "█────█──████─█─────────▀▄▄▄▄▄█─"
      },
      {
        "lineNumber": 11,
        "author": {
          "gitId": "sitinadiah25"
        },
        "content": "█────█──▀██▀─█───────────────█─"
      },
      {
        "lineNumber": 12,
        "author": {
          "gitId": "sitinadiah25"
        },
        "content": "█────█───────█──────────────▄▀─"
      },
      {
        "lineNumber": 13,
        "author": {
          "gitId": "sitinadiah25"
        },
        "content": "█────▀▄─────▄▀──▄▄▄▄▄▄▄▄▄───█──"
      },
      {
        "lineNumber": 14,
        "author": {
          "gitId": "sitinadiah25"
        },
        "content": "█──────▀▀▀▀▀────█─█─█─█─█──▄▀──"
      },
      {
        "lineNumber": 15,
        "author": {
          "gitId": "sitinadiah25"
        },
        "content": "─█──────────────▀▄█▄█▄█▀──▄▀───"
      },
      {
        "lineNumber": 16,
        "author": {
          "gitId": "sitinadiah25"
        },
        "content": "──█──────────────────────▄▀────"
      },
      {
        "lineNumber": 17,
        "author": {
          "gitId": "sitinadiah25"
        },
        "content": "───▀▀▀▄──────────▄▄▄▄▄▄▀▀──────"
      },
      {
        "lineNumber": 18,
        "author": {
          "gitId": "sitinadiah25"
        },
        "content": "────▄▀─────────▀▀──▄▀──────────"
      },
      {
        "lineNumber": 19,
        "author": {
          "gitId": "sitinadiah25"
        },
        "content": "──▄▀───────────────█───────────"
      },
      {
        "lineNumber": 20,
        "author": {
          "gitId": "sitinadiah25"
        },
        "content": "─▄▀────────────────█──▄▀▀▀█▀▀▄─"
      },
      {
        "lineNumber": 21,
        "author": {
          "gitId": "sitinadiah25"
        },
        "content": "─█────█──█▀▀▀▄─────█▀▀────█──█─"
      },
      {
        "lineNumber": 22,
        "author": {
          "gitId": "sitinadiah25"
        },
        "content": "▄█────▀▀▀────█─────█────▀▀───█─"
      },
      {
        "lineNumber": 23,
        "author": {
          "gitId": "sitinadiah25"
        },
        "content": "█▀▄──────────█─────█▄────────█─"
      },
      {
        "lineNumber": 24,
        "author": {
          "gitId": "sitinadiah25"
        },
        "content": "█──▀▀▀▀▀█▄▄▄▄▀─────▀█▀▀▀▄▄▄▄▀──"
      },
      {
        "lineNumber": 25,
        "author": {
          "gitId": "sitinadiah25"
        },
        "content": "█───────────────────▀▄─────────"
      },
      {
        "lineNumber": 26,
        "author": {
          "gitId": "sitinadiah25"
        },
        "content": ""
      },
      {
        "lineNumber": 27,
        "author": {
          "gitId": "sitinadiah25"
        },
        "content": "____________________________________________________________"
      },
      {
        "lineNumber": 28,
        "author": {
          "gitId": "sitinadiah25"
        },
        "content": " It is I, Bob!"
      },
      {
        "lineNumber": 29,
        "author": {
          "gitId": "sitinadiah25"
        },
        "content": " How may I spook you today?"
      },
      {
        "lineNumber": 30,
        "author": {
          "gitId": "sitinadiah25"
        },
        "content": "____________________________________________________________"
      },
      {
        "lineNumber": 31,
        "author": {
          "gitId": "sitinadiah25"
        },
        "content": ""
      },
      {
        "lineNumber": 32,
        "author": {
          "gitId": "sitinadiah25"
        },
        "content": "____________________________________________________________"
      },
      {
        "lineNumber": 33,
        "author": {
          "gitId": "sitinadiah25"
        },
        "content": ""
      },
      {
        "lineNumber": 34,
        "author": {
          "gitId": "sitinadiah25"
        },
        "content": "Got it! I\u0027ve added this task:"
      },
      {
        "lineNumber": 35,
        "author": {
          "gitId": "sitinadiah25"
        },
        "content": "   [T][✘] call dentist"
      },
      {
        "lineNumber": 36,
        "author": {
          "gitId": "sitinadiah25"
        },
        "content": "Now you have 1 task(s) in the list."
      },
      {
        "lineNumber": 37,
        "author": {
          "gitId": "sitinadiah25"
        },
        "content": "____________________________________________________________"
      },
      {
        "lineNumber": 38,
        "author": {
          "gitId": "sitinadiah25"
        },
        "content": ""
      },
      {
        "lineNumber": 39,
        "author": {
          "gitId": "sitinadiah25"
        },
        "content": "____________________________________________________________"
      },
      {
        "lineNumber": 40,
        "author": {
          "gitId": "sitinadiah25"
        },
        "content": ""
      },
      {
        "lineNumber": 41,
        "author": {
          "gitId": "sitinadiah25"
        },
        "content": "Got it! I\u0027ve added this task:"
      },
      {
        "lineNumber": 42,
        "author": {
          "gitId": "sitinadiah25"
        },
        "content": "   [T][✘] make appointment at clinic"
      },
      {
        "lineNumber": 43,
        "author": {
          "gitId": "sitinadiah25"
        },
        "content": "Now you have 2 task(s) in the list."
      },
      {
        "lineNumber": 44,
        "author": {
          "gitId": "sitinadiah25"
        },
        "content": "____________________________________________________________"
      },
      {
        "lineNumber": 45,
        "author": {
          "gitId": "sitinadiah25"
        },
        "content": ""
      },
      {
        "lineNumber": 46,
        "author": {
          "gitId": "sitinadiah25"
        },
        "content": "____________________________________________________________"
      },
      {
        "lineNumber": 47,
        "author": {
          "gitId": "sitinadiah25"
        },
        "content": ""
      },
      {
        "lineNumber": 48,
        "author": {
          "gitId": "sitinadiah25"
        },
        "content": "Got it! I\u0027ve added this task:"
      },
      {
        "lineNumber": 49,
        "author": {
          "gitId": "sitinadiah25"
        },
        "content": "   [E][✘] team meeting (at: AS3 10 Feb 10am)"
      },
      {
        "lineNumber": 50,
        "author": {
          "gitId": "sitinadiah25"
        },
        "content": "Now you have 3 task(s) in the list."
      },
      {
        "lineNumber": 51,
        "author": {
          "gitId": "sitinadiah25"
        },
        "content": "____________________________________________________________"
      },
      {
        "lineNumber": 52,
        "author": {
          "gitId": "sitinadiah25"
        },
        "content": ""
      },
      {
        "lineNumber": 53,
        "author": {
          "gitId": "sitinadiah25"
        },
        "content": "____________________________________________________________"
      },
      {
        "lineNumber": 54,
        "author": {
          "gitId": "sitinadiah25"
        },
        "content": ""
      },
      {
        "lineNumber": 55,
        "author": {
          "gitId": "sitinadiah25"
        },
        "content": "Got it! I\u0027ve added this task:"
      },
      {
        "lineNumber": 56,
        "author": {
          "gitId": "sitinadiah25"
        },
        "content": "   [D][✘] OP1 research (by: 6 Feb)"
      },
      {
        "lineNumber": 57,
        "author": {
          "gitId": "sitinadiah25"
        },
        "content": "Now you have 4 task(s) in the list."
      },
      {
        "lineNumber": 58,
        "author": {
          "gitId": "sitinadiah25"
        },
        "content": "____________________________________________________________"
      },
      {
        "lineNumber": 59,
        "author": {
          "gitId": "sitinadiah25"
        },
        "content": ""
      },
      {
        "lineNumber": 60,
        "author": {
          "gitId": "sitinadiah25"
        },
        "content": "____________________________________________________________"
      },
      {
        "lineNumber": 61,
        "author": {
          "gitId": "sitinadiah25"
        },
        "content": ""
      },
      {
        "lineNumber": 62,
        "author": {
          "gitId": "sitinadiah25"
        },
        "content": "Got it! I\u0027ve added this task:"
      },
      {
        "lineNumber": 63,
        "author": {
          "gitId": "sitinadiah25"
        },
        "content": "   [E][✘] Project Link sales (at: 4 Feb 1pm)"
      },
      {
        "lineNumber": 64,
        "author": {
          "gitId": "sitinadiah25"
        },
        "content": "Now you have 5 task(s) in the list."
      },
      {
        "lineNumber": 65,
        "author": {
          "gitId": "sitinadiah25"
        },
        "content": "____________________________________________________________"
      },
      {
        "lineNumber": 66,
        "author": {
          "gitId": "sitinadiah25"
        },
        "content": ""
      },
      {
        "lineNumber": 67,
        "author": {
          "gitId": "sitinadiah25"
        },
        "content": "____________________________________________________________"
      },
      {
        "lineNumber": 68,
        "author": {
          "gitId": "sitinadiah25"
        },
        "content": ""
      },
      {
        "lineNumber": 69,
        "author": {
          "gitId": "sitinadiah25"
        },
        "content": "Here are the tasks in your list: "
      },
      {
        "lineNumber": 70,
        "author": {
          "gitId": "sitinadiah25"
        },
        "content": ""
      },
      {
        "lineNumber": 71,
        "author": {
          "gitId": "sitinadiah25"
        },
        "content": "1. [T][✘] call dentist"
      },
      {
        "lineNumber": 72,
        "author": {
          "gitId": "sitinadiah25"
        },
        "content": "2. [T][✘] make appointment at clinic"
      },
      {
        "lineNumber": 73,
        "author": {
          "gitId": "sitinadiah25"
        },
        "content": "3. [E][✘] team meeting (at: AS3 10 Feb 10am)"
      },
      {
        "lineNumber": 74,
        "author": {
          "gitId": "sitinadiah25"
        },
        "content": "4. [D][✘] OP1 research (by: 6 Feb)"
      },
      {
        "lineNumber": 75,
        "author": {
          "gitId": "sitinadiah25"
        },
        "content": "5. [E][✘] Project Link sales (at: 4 Feb 1pm)"
      },
      {
        "lineNumber": 76,
        "author": {
          "gitId": "sitinadiah25"
        },
        "content": "____________________________________________________________"
      },
      {
        "lineNumber": 77,
        "author": {
          "gitId": "sitinadiah25"
        },
        "content": ""
      },
      {
        "lineNumber": 78,
        "author": {
          "gitId": "sitinadiah25"
        },
        "content": "____________________________________________________________"
      },
      {
        "lineNumber": 79,
        "author": {
          "gitId": "sitinadiah25"
        },
        "content": ""
      },
      {
        "lineNumber": 80,
        "author": {
          "gitId": "sitinadiah25"
        },
        "content": "Nice! I\u0027ve marked this task as done: "
      },
      {
        "lineNumber": 81,
        "author": {
          "gitId": "sitinadiah25"
        },
        "content": "   [T][✓] make appointment at clinic"
      },
      {
        "lineNumber": 82,
        "author": {
          "gitId": "sitinadiah25"
        },
        "content": "____________________________________________________________"
      },
      {
        "lineNumber": 83,
        "author": {
          "gitId": "sitinadiah25"
        },
        "content": ""
      },
      {
        "lineNumber": 84,
        "author": {
          "gitId": "sitinadiah25"
        },
        "content": "____________________________________________________________"
      },
      {
        "lineNumber": 85,
        "author": {
          "gitId": "sitinadiah25"
        },
        "content": ""
      },
      {
        "lineNumber": 86,
        "author": {
          "gitId": "sitinadiah25"
        },
        "content": "Nice! I\u0027ve marked this task as done: "
      },
      {
        "lineNumber": 87,
        "author": {
          "gitId": "sitinadiah25"
        },
        "content": "   [D][✓] OP1 research (by: 6 Feb)"
      },
      {
        "lineNumber": 88,
        "author": {
          "gitId": "sitinadiah25"
        },
        "content": "____________________________________________________________"
      },
      {
        "lineNumber": 89,
        "author": {
          "gitId": "sitinadiah25"
        },
        "content": ""
      },
      {
        "lineNumber": 90,
        "author": {
          "gitId": "sitinadiah25"
        },
        "content": "____________________________________________________________"
      },
      {
        "lineNumber": 91,
        "author": {
          "gitId": "sitinadiah25"
        },
        "content": ""
      },
      {
        "lineNumber": 92,
        "author": {
          "gitId": "sitinadiah25"
        },
        "content": "Here are the tasks in your list: "
      },
      {
        "lineNumber": 93,
        "author": {
          "gitId": "sitinadiah25"
        },
        "content": ""
      },
      {
        "lineNumber": 94,
        "author": {
          "gitId": "sitinadiah25"
        },
        "content": "1. [T][✘] call dentist"
      },
      {
        "lineNumber": 95,
        "author": {
          "gitId": "sitinadiah25"
        },
        "content": "2. [T][✓] make appointment at clinic"
      },
      {
        "lineNumber": 96,
        "author": {
          "gitId": "sitinadiah25"
        },
        "content": "3. [E][✘] team meeting (at: AS3 10 Feb 10am)"
      },
      {
        "lineNumber": 97,
        "author": {
          "gitId": "sitinadiah25"
        },
        "content": "4. [D][✓] OP1 research (by: 6 Feb)"
      },
      {
        "lineNumber": 98,
        "author": {
          "gitId": "sitinadiah25"
        },
        "content": "5. [E][✘] Project Link sales (at: 4 Feb 1pm)"
      },
      {
        "lineNumber": 99,
        "author": {
          "gitId": "sitinadiah25"
        },
        "content": "____________________________________________________________"
      },
      {
        "lineNumber": 100,
        "author": {
          "gitId": "sitinadiah25"
        },
        "content": ""
      },
      {
        "lineNumber": 101,
        "author": {
          "gitId": "sitinadiah25"
        },
        "content": "____________________________________________________________"
      },
      {
        "lineNumber": 102,
        "author": {
          "gitId": "sitinadiah25"
        },
        "content": ""
      },
      {
        "lineNumber": 103,
        "author": {
          "gitId": "sitinadiah25"
        },
        "content": "Bye. Hope to see you again soon!"
      },
      {
        "lineNumber": 104,
        "author": {
          "gitId": "sitinadiah25"
        },
        "content": "____________________________________________________________"
      },
      {
        "lineNumber": 105,
        "author": {
          "gitId": "sitinadiah25"
        },
        "content": ""
      }
    ],
    "authorContributionMap": {
      "sitinadiah25": 105
    }
  },
  {
    "path": "text-ui-test/input.txt",
    "fileType": "txt",
    "lines": [
      {
        "lineNumber": 1,
        "author": {
          "gitId": "sitinadiah25"
        },
        "content": "todo call dentist"
      },
      {
        "lineNumber": 2,
        "author": {
          "gitId": "sitinadiah25"
        },
        "content": "todo make appointment at clinic"
      },
      {
        "lineNumber": 3,
        "author": {
          "gitId": "sitinadiah25"
        },
        "content": "event team meeting /at AS3 10 Feb 10am"
      },
      {
        "lineNumber": 4,
        "author": {
          "gitId": "sitinadiah25"
        },
        "content": "deadline OP1 research /by 6 Feb"
      },
      {
        "lineNumber": 5,
        "author": {
          "gitId": "sitinadiah25"
        },
        "content": "event Project Link sales /at 4 Feb 1pm"
      },
      {
        "lineNumber": 6,
        "author": {
          "gitId": "sitinadiah25"
        },
        "content": "list"
      },
      {
        "lineNumber": 7,
        "author": {
          "gitId": "sitinadiah25"
        },
        "content": "done 2"
      },
      {
        "lineNumber": 8,
        "author": {
          "gitId": "sitinadiah25"
        },
        "content": "done 4"
      },
      {
        "lineNumber": 9,
        "author": {
          "gitId": "sitinadiah25"
        },
        "content": "list"
      },
      {
        "lineNumber": 10,
        "author": {
          "gitId": "sitinadiah25"
        },
        "content": "bye"
      }
    ],
    "authorContributionMap": {
      "sitinadiah25": 10
    }
  },
  {
    "path": "text-ui-test/runtest.sh",
    "fileType": "sh",
    "lines": [
      {
        "lineNumber": 1,
        "author": {
          "gitId": "sitinadiah25"
        },
        "content": "#!/usr/bin/env bash"
      },
      {
        "lineNumber": 2,
        "author": {
          "gitId": "sitinadiah25"
        },
        "content": ""
      },
      {
        "lineNumber": 3,
        "author": {
          "gitId": "sitinadiah25"
        },
        "content": "# create bin directory if it doesn\u0027t exist"
      },
      {
        "lineNumber": 4,
        "author": {
          "gitId": "sitinadiah25"
        },
        "content": "if [ ! -d \"../bin\" ]"
      },
      {
        "lineNumber": 5,
        "author": {
          "gitId": "sitinadiah25"
        },
        "content": "then"
      },
      {
        "lineNumber": 6,
        "author": {
          "gitId": "sitinadiah25"
        },
        "content": "    mkdir ../bin"
      },
      {
        "lineNumber": 7,
        "author": {
          "gitId": "sitinadiah25"
        },
        "content": "fi"
      },
      {
        "lineNumber": 8,
        "author": {
          "gitId": "sitinadiah25"
        },
        "content": ""
      },
      {
        "lineNumber": 9,
        "author": {
          "gitId": "sitinadiah25"
        },
        "content": "# delete output from previous run"
      },
      {
        "lineNumber": 10,
        "author": {
          "gitId": "sitinadiah25"
        },
        "content": "if [ -e \"./ACTUAL.TXT\" ]"
      },
      {
        "lineNumber": 11,
        "author": {
          "gitId": "sitinadiah25"
        },
        "content": "then"
      },
      {
        "lineNumber": 12,
        "author": {
          "gitId": "sitinadiah25"
        },
        "content": "    rm ACTUAL.TXT"
      },
      {
        "lineNumber": 13,
        "author": {
          "gitId": "sitinadiah25"
        },
        "content": "fi"
      },
      {
        "lineNumber": 14,
        "author": {
          "gitId": "sitinadiah25"
        },
        "content": ""
      },
      {
        "lineNumber": 15,
        "author": {
          "gitId": "sitinadiah25"
        },
        "content": "# compile the code into the bin folder, terminates if error occurred"
      },
      {
        "lineNumber": 16,
        "author": {
          "gitId": "sitinadiah25"
        },
        "content": "if ! javac -cp ../src -Xlint:none -d ../bin ../src/main/java/*.java"
      },
      {
        "lineNumber": 17,
        "author": {
          "gitId": "sitinadiah25"
        },
        "content": "then"
      },
      {
        "lineNumber": 18,
        "author": {
          "gitId": "sitinadiah25"
        },
        "content": "    echo \"********** BUILD FAILURE **********\""
      },
      {
        "lineNumber": 19,
        "author": {
          "gitId": "sitinadiah25"
        },
        "content": "    exit 1"
      },
      {
        "lineNumber": 20,
        "author": {
          "gitId": "sitinadiah25"
        },
        "content": "fi"
      },
      {
        "lineNumber": 21,
        "author": {
          "gitId": "sitinadiah25"
        },
        "content": ""
      },
      {
        "lineNumber": 22,
        "author": {
          "gitId": "sitinadiah25"
        },
        "content": "# run the program, feed commands from input.txt file and redirect the output to the ACTUAL.TXT"
      },
      {
        "lineNumber": 23,
        "author": {
          "gitId": "sitinadiah25"
        },
        "content": "java -classpath ../bin Duke \u003c input.txt \u003e ACTUAL.TXT"
      },
      {
        "lineNumber": 24,
        "author": {
          "gitId": "sitinadiah25"
        },
        "content": ""
      },
      {
        "lineNumber": 25,
        "author": {
          "gitId": "sitinadiah25"
        },
        "content": "# compare the output to the expected output"
      },
      {
        "lineNumber": 26,
        "author": {
          "gitId": "sitinadiah25"
        },
        "content": "diff ACTUAL.TXT EXPECTED.TXT"
      },
      {
        "lineNumber": 27,
        "author": {
          "gitId": "sitinadiah25"
        },
        "content": "if [ $? -eq 0 ]"
      },
      {
        "lineNumber": 28,
        "author": {
          "gitId": "sitinadiah25"
        },
        "content": "then"
      },
      {
        "lineNumber": 29,
        "author": {
          "gitId": "sitinadiah25"
        },
        "content": "    echo \"Test result: PASSED\""
      },
      {
        "lineNumber": 30,
        "author": {
          "gitId": "sitinadiah25"
        },
        "content": "    exit 0"
      },
      {
        "lineNumber": 31,
        "author": {
          "gitId": "sitinadiah25"
        },
        "content": "else"
      },
      {
        "lineNumber": 32,
        "author": {
          "gitId": "sitinadiah25"
        },
        "content": "    echo \"Test result: FAILED\""
      },
      {
        "lineNumber": 33,
        "author": {
          "gitId": "sitinadiah25"
        },
        "content": "    exit 1"
      },
      {
        "lineNumber": 34,
        "author": {
          "gitId": "sitinadiah25"
        },
        "content": "fi"
      },
      {
        "lineNumber": 35,
        "author": {
          "gitId": "sitinadiah25"
        },
        "content": ""
      }
    ],
    "authorContributionMap": {
      "sitinadiah25": 35
    }
  }
]
