{
  "authorDailyContributionsMap": {
    "sitinadiah25": [
      {
        "insertions": 11,
        "deletions": 0,
        "date": "2020-01-21",
        "commitResults": [
          {
            "hash": "e7ddeafaa6ee615af0228c6d63109ff25f091fe8",
            "messageTitle": "Add greeting",
            "messageBody": "",
            "tags": [
              "Level-0"
            ],
            "insertions": 11,
            "deletions": 0
          }
        ]
      },
      {
        "insertions": 104,
        "deletions": 14,
        "date": "2020-01-27",
        "commitResults": [
          {
            "hash": "9b365087accdca448552f273df43d56b4aaf30a0",
            "messageTitle": "Add greeting",
            "messageBody": "",
            "tags": [
              "Level-1"
            ],
            "insertions": 18,
            "deletions": 1
          },
          {
            "hash": "7dbafe5e36ba8d47d8a861de112e4a80748e9339",
            "messageTitle": "Add List",
            "messageBody": "",
            "tags": [
              "Level-2"
            ],
            "insertions": 24,
            "deletions": 3
          },
          {
            "hash": "61e84298676d80642876d866a68831575da9d407",
            "messageTitle": "Add Mark as Done",
            "messageBody": "",
            "tags": [
              "Level-3"
            ],
            "insertions": 62,
            "deletions": 10
          }
        ]
      },
      {
        "insertions": 55,
        "deletions": 25,
        "date": "2020-01-31",
        "commitResults": [
          {
            "hash": "50eaba325a7701a0912023b8f3492d00dc8f4ef2",
            "messageTitle": "Refactor messages",
            "messageBody": "",
            "insertions": 55,
            "deletions": 25
          }
        ]
      }
    ]
  },
  "authorFinalContributionMap": {
    "sitinadiah25": 136
  },
  "authorFileTypeContributionMap": {
    "sitinadiah25": {
      "java": 136,
      "md": 0,
      "fxml": 0,
      "sh": 0,
      "bat": 0,
      "gradle": 0,
      "txt": 0
    }
  },
  "authorContributionVariance": {
    "sitinadiah25": 955.0526
  },
  "authorDisplayNameMap": {
    "sitinadiah25": "CS2113T-T12-2 SITI..AMLI"
  }
}
