{
  "authorDailyContributionsMap": {
    "sitinadiah25": [
      {
        "insertions": 11,
        "deletions": 0,
        "date": "2020-01-21",
        "commitResults": [
          {
            "hash": "e7ddeafaa6ee615af0228c6d63109ff25f091fe8",
            "messageTitle": "Add greeting",
            "messageBody": "",
            "tags": [
              "Level-0"
            ],
            "insertions": 11,
            "deletions": 0
          }
        ]
      },
      {
        "insertions": 104,
        "deletions": 14,
        "date": "2020-01-27",
        "commitResults": [
          {
            "hash": "9b365087accdca448552f273df43d56b4aaf30a0",
            "messageTitle": "Add greeting",
            "messageBody": "",
            "tags": [
              "Level-1"
            ],
            "insertions": 18,
            "deletions": 1
          },
          {
            "hash": "7dbafe5e36ba8d47d8a861de112e4a80748e9339",
            "messageTitle": "Add List",
            "messageBody": "",
            "tags": [
              "Level-2"
            ],
            "insertions": 24,
            "deletions": 3
          },
          {
            "hash": "61e84298676d80642876d866a68831575da9d407",
            "messageTitle": "Add Mark as Done",
            "messageBody": "",
            "tags": [
              "Level-3"
            ],
            "insertions": 62,
            "deletions": 10
          }
        ]
      },
      {
        "insertions": 178,
        "deletions": 64,
        "date": "2020-01-31",
        "commitResults": [
          {
            "hash": "50eaba325a7701a0912023b8f3492d00dc8f4ef2",
            "messageTitle": "Refactor messages",
            "messageBody": "",
            "insertions": 55,
            "deletions": 25
          },
          {
            "hash": "bde2274fba41e6892a28ec8bf79bbf62835fe2c0",
            "messageTitle": "Add Task subclasses",
            "messageBody": "Todo, Events, Deadlines\n",
            "tags": [
              "Level-4"
            ],
            "insertions": 123,
            "deletions": 39
          }
        ]
      },
      {
        "insertions": 189,
        "deletions": 32,
        "date": "2020-02-02",
        "commitResults": [
          {
            "hash": "ec8b25f02fa2f7481c3263392e4076cdeb6bce65",
            "messageTitle": "Add automated testing",
            "messageBody": "",
            "insertions": 0,
            "deletions": 1
          },
          {
            "hash": "76c925a9daf976df8ecbf513a2fc5b21ed63a3fb",
            "messageTitle": "Revert \"Add automated testing\"",
            "messageBody": "This reverts commit ec8b25f02fa2f7481c3263392e4076cdeb6bce65.\n",
            "insertions": 1,
            "deletions": 0
          },
          {
            "hash": "92bd1da18387b3624380d14ce46fa05f559ba28a",
            "messageTitle": "Add automated testing",
            "messageBody": "",
            "tags": [
              "A-TextUiTesting"
            ],
            "insertions": 150,
            "deletions": 0
          },
          {
            "hash": "c0b1feb6dfb847e1e972b2016894abb88d3a4ed4",
            "messageTitle": "Remove new scanner",
            "messageBody": "",
            "insertions": 0,
            "deletions": 1
          },
          {
            "hash": "19bfb8e33dc3a1379d4018328e00baa804b01fa6",
            "messageTitle": "Improve code quality #1",
            "messageBody": "",
            "tags": [
              "A-CodeQuality"
            ],
            "insertions": 38,
            "deletions": 30
          }
        ]
      },
      {
        "insertions": 32,
        "deletions": 25,
        "date": "2020-02-04",
        "commitResults": [
          {
            "hash": "2f66be2547d22bc9b55125b73935e1f6432c903c",
            "messageTitle": "Refactor command variables",
            "messageBody": "",
            "insertions": 32,
            "deletions": 25
          }
        ]
      },
      {
        "insertions": 45,
        "deletions": 29,
        "date": "2020-02-08",
        "commitResults": [
          {
            "hash": "d5666fa9a1e34f5233ffb9b2660f7eb987c89453",
            "messageTitle": "Add error handling",
            "messageBody": "",
            "insertions": 43,
            "deletions": 26
          },
          {
            "hash": "04d0c6e538053ac2cf80ed933a0f2f182ce50f0c",
            "messageTitle": "Fix minor bugs",
            "messageBody": "",
            "insertions": 2,
            "deletions": 3
          }
        ]
      },
      {
        "insertions": 16,
        "deletions": 10,
        "date": "2020-02-10",
        "commitResults": [
          {
            "hash": "3a90e6ceff2caadd9c5624a3fe0101d846751ee0",
            "messageTitle": "Add newline for comments",
            "messageBody": "",
            "insertions": 14,
            "deletions": 7
          },
          {
            "hash": "e785bea7d5c6b7bcdf4e83ed8b78328356c7cd63",
            "messageTitle": "Add static int variable",
            "messageBody": "",
            "insertions": 2,
            "deletions": 3
          }
        ]
      },
      {
        "insertions": 16,
        "deletions": 3,
        "date": "2020-02-12",
        "commitResults": [
          {
            "hash": "4ecd16bc3ed01afdad78f6ab80116034a48e8569",
            "messageTitle": "Add task package",
            "messageBody": "",
            "tags": [
              "A-Packages"
            ],
            "insertions": 16,
            "deletions": 3
          }
        ]
      },
      {
        "insertions": 41,
        "deletions": 23,
        "date": "2020-02-15",
        "commitResults": [
          {
            "hash": "7976315758ea61230a3e0dd56a953a4dea32a193",
            "messageTitle": "Add delete method",
            "messageBody": "",
            "tags": [
              "A-Collections"
            ],
            "insertions": 41,
            "deletions": 23
          }
        ]
      },
      {
        "insertions": 112,
        "deletions": 23,
        "date": "2020-02-16",
        "commitResults": [
          {
            "hash": "164648803f0f3b490c03f1cd5863628c8bcf85e0",
            "messageTitle": "Add save method",
            "messageBody": "",
            "insertions": 40,
            "deletions": 8
          },
          {
            "hash": "0955a30ffebcdeae70a43783263f34acd0b99199",
            "messageTitle": "Fix save data",
            "messageBody": "",
            "insertions": 45,
            "deletions": 6
          },
          {
            "hash": "381f0db21995d995574ca1899d27f44c3725542b",
            "messageTitle": "Add open saved data",
            "messageBody": "",
            "insertions": 24,
            "deletions": 8
          },
          {
            "hash": "805d35054e77989673f08a99cf2e57d6e7f483b5",
            "messageTitle": "Fix file append",
            "messageBody": "",
            "tags": [
              "A-Jar"
            ],
            "insertions": 3,
            "deletions": 1
          }
        ]
      },
      {
        "insertions": 7,
        "deletions": 10,
        "date": "2020-02-17",
        "commitResults": [
          {
            "hash": "2736fb66944d40325cbd20149fa50731d007c50b",
            "messageTitle": "Fix file object",
            "messageBody": "",
            "insertions": 7,
            "deletions": 10
          }
        ]
      },
      {
        "insertions": 173,
        "deletions": 0,
        "date": "2020-02-28",
        "commitResults": [
          {
            "hash": "9aec6d73ef4f5726d398be03a1a9b0ace4effa27",
            "messageTitle": "Add Ui class",
            "messageBody": "",
            "insertions": 89,
            "deletions": 0
          },
          {
            "hash": "f1bdc46e52957622ac2a48d028bd125c98c4d086",
            "messageTitle": "Add Parser class",
            "messageBody": "",
            "insertions": 26,
            "deletions": 0
          },
          {
            "hash": "246787cb40ff7ccf13ecce43d3e2f9ea79dfe3ae",
            "messageTitle": "Add Storage class",
            "messageBody": "",
            "insertions": 58,
            "deletions": 0
          }
        ]
      },
      {
        "insertions": 736,
        "deletions": 427,
        "date": "2020-02-29",
        "commitResults": [
          {
            "hash": "830107dd7a284fcf33ab5f8e3bfe2dd7f27d90b5",
            "messageTitle": "Add more OOP",
            "messageBody": "",
            "tags": [
              "A-MoreOOP"
            ],
            "insertions": 259,
            "deletions": 278
          },
          {
            "hash": "cd2a67da3aa292a7e1c38f677d5b3584254affef",
            "messageTitle": "Add find method",
            "messageBody": "",
            "insertions": 38,
            "deletions": 9
          },
          {
            "hash": "d669224f99d09b54e9266b35654ff44583c53335",
            "messageTitle": "Revert \"Add find method\"",
            "messageBody": "This reverts commit cd2a67da3aa292a7e1c38f677d5b3584254affef.\n",
            "insertions": 9,
            "deletions": 38
          },
          {
            "hash": "a887a50064b2d1ec3fbb441fb0516fda59122c92",
            "messageTitle": "Add find method",
            "messageBody": "",
            "tags": [
              "Level-9"
            ],
            "insertions": 30,
            "deletions": 0
          },
          {
            "hash": "fd6f233e8e72e45b7c605565fb1ac35ed8ddf33a",
            "messageTitle": "Add JavaDoc",
            "messageBody": "",
            "tags": [
              "A-JavaDoc"
            ],
            "insertions": 215,
            "deletions": 21
          },
          {
            "hash": "10b463480f4590cab6ce228d77913a4d70ce5bad",
            "messageTitle": "Update README.md",
            "messageBody": "",
            "insertions": 122,
            "deletions": 10
          },
          {
            "hash": "0aeb2055b5e9d4edc1cc772ebaf5253837a51ec1",
            "messageTitle": "Update README.md",
            "messageBody": "",
            "tags": [
              "A-UserGuide"
            ],
            "insertions": 3,
            "deletions": 3
          },
          {
            "hash": "adca7ed5ec47c85ec0c6eee1c06204dee420ef68",
            "messageTitle": "Update README.md",
            "messageBody": "",
            "insertions": 16,
            "deletions": 39
          },
          {
            "hash": "3d3001a13369213a06f21c2bc68e16ce6c6f89c7",
            "messageTitle": "Update README.md",
            "messageBody": "",
            "insertions": 11,
            "deletions": 11
          },
          {
            "hash": "d882c6f3a7bad6964502222120abaad2229383f1",
            "messageTitle": "Update README.md",
            "messageBody": "",
            "insertions": 1,
            "deletions": 13
          },
          {
            "hash": "08bec3c0ade47ae7500a11655143b16ed92a6eed",
            "messageTitle": "Update README.md",
            "messageBody": "",
            "tags": [
              "A-Release"
            ],
            "insertions": 1,
            "deletions": 0
          },
          {
            "hash": "a23257e94a029a195f90438416d110211ea12608",
            "messageTitle": "Update README.md",
            "messageBody": "",
            "insertions": 29,
            "deletions": 3
          },
          {
            "hash": "76037ed8fe393f8813260031224eb410d2383c1e",
            "messageTitle": "Update README.md",
            "messageBody": "",
            "insertions": 2,
            "deletions": 2
          }
        ]
      }
    ]
  },
  "authorFinalContributionMap": {
    "sitinadiah25": 1063
  },
  "authorFileTypeContributionMap": {
    "sitinadiah25": {
      "java": 761,
      "md": 146,
      "fxml": 0,
      "sh": 35,
      "bat": 0,
      "gradle": 0,
      "txt": 121
    }
  },
  "authorContributionVariance": {
    "sitinadiah25": 29670.553
  },
  "authorDisplayNameMap": {
    "sitinadiah25": "CS2113T-T12-2 SITI..AMLI"
  }
}
