{
  "authorDailyContributionsMap": {
    "sitinadiah25": [
      {
        "insertions": 11,
        "deletions": 0,
        "date": "2020-01-21",
        "commitResults": [
          {
            "hash": "e7ddeafaa6ee615af0228c6d63109ff25f091fe8",
            "messageTitle": "Add greeting",
            "messageBody": "",
            "tags": [
              "Level-0"
            ],
            "insertions": 11,
            "deletions": 0
          }
        ]
      },
      {
        "insertions": 104,
        "deletions": 14,
        "date": "2020-01-27",
        "commitResults": [
          {
            "hash": "9b365087accdca448552f273df43d56b4aaf30a0",
            "messageTitle": "Add greeting",
            "messageBody": "",
            "tags": [
              "Level-1"
            ],
            "insertions": 18,
            "deletions": 1
          },
          {
            "hash": "7dbafe5e36ba8d47d8a861de112e4a80748e9339",
            "messageTitle": "Add List",
            "messageBody": "",
            "tags": [
              "Level-2"
            ],
            "insertions": 24,
            "deletions": 3
          },
          {
            "hash": "61e84298676d80642876d866a68831575da9d407",
            "messageTitle": "Add Mark as Done",
            "messageBody": "",
            "tags": [
              "Level-3"
            ],
            "insertions": 62,
            "deletions": 10
          }
        ]
      },
      {
        "insertions": 178,
        "deletions": 64,
        "date": "2020-01-31",
        "commitResults": [
          {
            "hash": "50eaba325a7701a0912023b8f3492d00dc8f4ef2",
            "messageTitle": "Refactor messages",
            "messageBody": "",
            "insertions": 55,
            "deletions": 25
          },
          {
            "hash": "bde2274fba41e6892a28ec8bf79bbf62835fe2c0",
            "messageTitle": "Add Task subclasses",
            "messageBody": "Todo, Events, Deadlines\n",
            "tags": [
              "Level-4"
            ],
            "insertions": 123,
            "deletions": 39
          }
        ]
      },
      {
        "insertions": 189,
        "deletions": 32,
        "date": "2020-02-02",
        "commitResults": [
          {
            "hash": "ec8b25f02fa2f7481c3263392e4076cdeb6bce65",
            "messageTitle": "Add automated testing",
            "messageBody": "",
            "insertions": 0,
            "deletions": 1
          },
          {
            "hash": "76c925a9daf976df8ecbf513a2fc5b21ed63a3fb",
            "messageTitle": "Revert \"Add automated testing\"",
            "messageBody": "This reverts commit ec8b25f02fa2f7481c3263392e4076cdeb6bce65.\n",
            "insertions": 1,
            "deletions": 0
          },
          {
            "hash": "92bd1da18387b3624380d14ce46fa05f559ba28a",
            "messageTitle": "Add automated testing",
            "messageBody": "",
            "tags": [
              "A-TextUiTesting"
            ],
            "insertions": 150,
            "deletions": 0
          },
          {
            "hash": "c0b1feb6dfb847e1e972b2016894abb88d3a4ed4",
            "messageTitle": "Remove new scanner",
            "messageBody": "",
            "insertions": 0,
            "deletions": 1
          },
          {
            "hash": "19bfb8e33dc3a1379d4018328e00baa804b01fa6",
            "messageTitle": "Improve code quality #1",
            "messageBody": "",
            "tags": [
              "A-CodeQuality"
            ],
            "insertions": 38,
            "deletions": 30
          }
        ]
      },
      {
        "insertions": 32,
        "deletions": 25,
        "date": "2020-02-04",
        "commitResults": [
          {
            "hash": "2f66be2547d22bc9b55125b73935e1f6432c903c",
            "messageTitle": "Refactor command variables",
            "messageBody": "",
            "insertions": 32,
            "deletions": 25
          }
        ]
      }
    ]
  },
  "authorFinalContributionMap": {
    "sitinadiah25": 384
  },
  "authorFileTypeContributionMap": {
    "sitinadiah25": {
      "java": 234,
      "md": 0,
      "fxml": 0,
      "sh": 35,
      "bat": 0,
      "gradle": 0,
      "txt": 115
    }
  },
  "authorContributionVariance": {
    "sitinadiah25": 4625.474
  },
  "authorDisplayNameMap": {
    "sitinadiah25": "CS2113T-T12-2 SITI..AMLI"
  }
}
