[
  {
    "path": "build.gradle",
    "fileType": "gradle",
    "lines": [
      {
        "lineNumber": 1,
        "author": {
          "gitId": "-"
        },
        "content": "plugins {"
      },
      {
        "lineNumber": 2,
        "author": {
          "gitId": "-"
        },
        "content": "    id \u0027java\u0027"
      },
      {
        "lineNumber": 3,
        "author": {
          "gitId": "-"
        },
        "content": "    id \u0027application\u0027"
      },
      {
        "lineNumber": 4,
        "author": {
          "gitId": "-"
        },
        "content": "}"
      },
      {
        "lineNumber": 5,
        "author": {
          "gitId": "-"
        },
        "content": ""
      },
      {
        "lineNumber": 6,
        "author": {
          "gitId": "-"
        },
        "content": "group \u0027seedu.duke\u0027"
      },
      {
        "lineNumber": 7,
        "author": {
          "gitId": "-"
        },
        "content": "version \u00270.1.0\u0027"
      },
      {
        "lineNumber": 8,
        "author": {
          "gitId": "-"
        },
        "content": ""
      },
      {
        "lineNumber": 9,
        "author": {
          "gitId": "-"
        },
        "content": "repositories {"
      },
      {
        "lineNumber": 10,
        "author": {
          "gitId": "-"
        },
        "content": "    mavenCentral()"
      },
      {
        "lineNumber": 11,
        "author": {
          "gitId": "-"
        },
        "content": "}"
      },
      {
        "lineNumber": 12,
        "author": {
          "gitId": "-"
        },
        "content": ""
      },
      {
        "lineNumber": 13,
        "author": {
          "gitId": "-"
        },
        "content": "application {"
      },
      {
        "lineNumber": 14,
        "author": {
          "gitId": "-"
        },
        "content": "    // Change this to your main class."
      },
      {
        "lineNumber": 15,
        "author": {
          "gitId": "NizarMohd"
        },
        "content": "    mainClassName \u003d \"Duke\""
      },
      {
        "lineNumber": 16,
        "author": {
          "gitId": "-"
        },
        "content": "}"
      },
      {
        "lineNumber": 17,
        "author": {
          "gitId": "-"
        },
        "content": ""
      },
      {
        "lineNumber": 18,
        "author": {
          "gitId": "-"
        },
        "content": "run {"
      },
      {
        "lineNumber": 19,
        "author": {
          "gitId": "-"
        },
        "content": "    standardInput \u003d System.in"
      },
      {
        "lineNumber": 20,
        "author": {
          "gitId": "-"
        },
        "content": "}"
      }
    ],
    "authorContributionMap": {
      "NizarMohd": 1,
      "-": 19
    }
  },
  {
    "path": "data/duke.txt",
    "fileType": "txt",
    "lines": [
      {
        "lineNumber": 1,
        "author": {
          "gitId": "NizarMohd"
        },
        "content": "E- tomorrow-N-meeting"
      }
    ],
    "authorContributionMap": {
      "NizarMohd": 1
    }
  },
  {
    "path": "src/main/java/Deadline.java",
    "fileType": "java",
    "lines": [
      {
        "lineNumber": 1,
        "author": {
          "gitId": "NizarMohd"
        },
        "content": "public class Deadline extends Task{"
      },
      {
        "lineNumber": 2,
        "author": {
          "gitId": "NizarMohd"
        },
        "content": ""
      },
      {
        "lineNumber": 3,
        "author": {
          "gitId": "NizarMohd"
        },
        "content": "    protected String by\u003dnull;"
      },
      {
        "lineNumber": 4,
        "author": {
          "gitId": "NizarMohd"
        },
        "content": ""
      },
      {
        "lineNumber": 5,
        "author": {
          "gitId": "NizarMohd"
        },
        "content": "    public Deadline(String description){"
      },
      {
        "lineNumber": 6,
        "author": {
          "gitId": "NizarMohd"
        },
        "content": "        super(description);"
      },
      {
        "lineNumber": 7,
        "author": {
          "gitId": "NizarMohd"
        },
        "content": "    }"
      },
      {
        "lineNumber": 8,
        "author": {
          "gitId": "NizarMohd"
        },
        "content": "    public void setBy(String inBy){"
      },
      {
        "lineNumber": 9,
        "author": {
          "gitId": "NizarMohd"
        },
        "content": "        this.by\u003dinBy;"
      },
      {
        "lineNumber": 10,
        "author": {
          "gitId": "NizarMohd"
        },
        "content": "    }"
      },
      {
        "lineNumber": 11,
        "author": {
          "gitId": "NizarMohd"
        },
        "content": "    @Override"
      },
      {
        "lineNumber": 12,
        "author": {
          "gitId": "NizarMohd"
        },
        "content": "    public String toString(){"
      },
      {
        "lineNumber": 13,
        "author": {
          "gitId": "NizarMohd"
        },
        "content": "        return \"[D]\" + super.toString()  + \" (by:\" + this.by + \")\";"
      },
      {
        "lineNumber": 14,
        "author": {
          "gitId": "NizarMohd"
        },
        "content": "    }"
      },
      {
        "lineNumber": 15,
        "author": {
          "gitId": "NizarMohd"
        },
        "content": "    @Override"
      },
      {
        "lineNumber": 16,
        "author": {
          "gitId": "NizarMohd"
        },
        "content": "    public String toFile(){"
      },
      {
        "lineNumber": 17,
        "author": {
          "gitId": "NizarMohd"
        },
        "content": "        return \"D-\" + this.by + \"-\" + super.toFile();"
      },
      {
        "lineNumber": 18,
        "author": {
          "gitId": "NizarMohd"
        },
        "content": "    }"
      },
      {
        "lineNumber": 19,
        "author": {
          "gitId": "NizarMohd"
        },
        "content": "}"
      }
    ],
    "authorContributionMap": {
      "NizarMohd": 19
    }
  },
  {
    "path": "src/main/java/Duke.java",
    "fileType": "java",
    "lines": [
      {
        "lineNumber": 1,
        "author": {
          "gitId": "NizarMohd"
        },
        "content": "import java.io.File;"
      },
      {
        "lineNumber": 2,
        "author": {
          "gitId": "NizarMohd"
        },
        "content": "import java.io.FileNotFoundException;"
      },
      {
        "lineNumber": 3,
        "author": {
          "gitId": "NizarMohd"
        },
        "content": "import java.util.Arrays;"
      },
      {
        "lineNumber": 4,
        "author": {
          "gitId": "NizarMohd"
        },
        "content": "import java.util.Scanner;"
      },
      {
        "lineNumber": 5,
        "author": {
          "gitId": "NizarMohd"
        },
        "content": "import java.util.ArrayList;"
      },
      {
        "lineNumber": 6,
        "author": {
          "gitId": "NizarMohd"
        },
        "content": "import java.io.PrintWriter;"
      },
      {
        "lineNumber": 7,
        "author": {
          "gitId": "NizarMohd"
        },
        "content": "import java.util.logging.ConsoleHandler;"
      },
      {
        "lineNumber": 8,
        "author": {
          "gitId": "NizarMohd"
        },
        "content": ""
      },
      {
        "lineNumber": 9,
        "author": {
          "gitId": "NizarMohd"
        },
        "content": "import static java.lang.Integer.parseInt;"
      },
      {
        "lineNumber": 10,
        "author": {
          "gitId": "NizarMohd"
        },
        "content": ""
      },
      {
        "lineNumber": 11,
        "author": {
          "gitId": "-"
        },
        "content": "public class Duke {"
      },
      {
        "lineNumber": 12,
        "author": {
          "gitId": "NizarMohd"
        },
        "content": "    public static final String LINE \u003d \"\\t__________________________________________________________\";"
      },
      {
        "lineNumber": 13,
        "author": {
          "gitId": "NizarMohd"
        },
        "content": "    public static final String[] COMMAND\u003d {\"todo\", \"deadline\", \"event\", \"done\", \"bye\", \"list\", \"help\"};"
      },
      {
        "lineNumber": 14,
        "author": {
          "gitId": "NizarMohd"
        },
        "content": "    public static final String WRONG_INPUT\u003d\"\\t ☹ OOPS!!! I\u0027m sorry, but I don\u0027t know what that means :(\\n\" +"
      },
      {
        "lineNumber": 15,
        "author": {
          "gitId": "NizarMohd"
        },
        "content": "            \"\\t Input command is wrong. Enter \\\"help\\\" for list of accepted\\n\\t commands\";"
      },
      {
        "lineNumber": 16,
        "author": {
          "gitId": "NizarMohd"
        },
        "content": "    public static final String OUT_OF_BOUND_INDEX \u003d \"\\t Task number provided is not valid. Press \\\"list\\\" to see\\n\" +"
      },
      {
        "lineNumber": 17,
        "author": {
          "gitId": "NizarMohd"
        },
        "content": "            \"\\t available list of task numbers\";"
      },
      {
        "lineNumber": 18,
        "author": {
          "gitId": "NizarMohd"
        },
        "content": "    public static final String LIST_EMPTY\u003d \"\\t Oops! No task has been assigned yet! Please enter a task\\n\\t before\" +"
      },
      {
        "lineNumber": 19,
        "author": {
          "gitId": "NizarMohd"
        },
        "content": "            \" listing\";"
      },
      {
        "lineNumber": 20,
        "author": {
          "gitId": "NizarMohd"
        },
        "content": "    public static final String NO_TASK_NUMBER \u003d \"\\t Please enter a task number!\";"
      },
      {
        "lineNumber": 21,
        "author": {
          "gitId": "NizarMohd"
        },
        "content": "    public static final String MULTIPLE_WHITE_SPACES\u003d \"\\\\s+\";"
      },
      {
        "lineNumber": 22,
        "author": {
          "gitId": "NizarMohd"
        },
        "content": ""
      },
      {
        "lineNumber": 23,
        "author": {
          "gitId": "NizarMohd"
        },
        "content": "    public static void printError(String message){"
      },
      {
        "lineNumber": 24,
        "author": {
          "gitId": "NizarMohd"
        },
        "content": "        System.err.println(LINE + System.lineSeparator() + message + System.lineSeparator() + LINE);"
      },
      {
        "lineNumber": 25,
        "author": {
          "gitId": "NizarMohd"
        },
        "content": "    }"
      },
      {
        "lineNumber": 26,
        "author": {
          "gitId": "NizarMohd"
        },
        "content": ""
      },
      {
        "lineNumber": 27,
        "author": {
          "gitId": "NizarMohd"
        },
        "content": "    public static String[] getCommand(String inCommand) {"
      },
      {
        "lineNumber": 28,
        "author": {
          "gitId": "NizarMohd"
        },
        "content": "        inCommand \u003d inCommand.trim();"
      },
      {
        "lineNumber": 29,
        "author": {
          "gitId": "NizarMohd"
        },
        "content": "        String[] temp \u003d inCommand.split(MULTIPLE_WHITE_SPACES);"
      },
      {
        "lineNumber": 30,
        "author": {
          "gitId": "NizarMohd"
        },
        "content": "        return temp;"
      },
      {
        "lineNumber": 31,
        "author": {
          "gitId": "NizarMohd"
        },
        "content": "    }"
      },
      {
        "lineNumber": 32,
        "author": {
          "gitId": "NizarMohd"
        },
        "content": ""
      },
      {
        "lineNumber": 33,
        "author": {
          "gitId": "NizarMohd"
        },
        "content": "    public static void listCommands() {"
      },
      {
        "lineNumber": 34,
        "author": {
          "gitId": "NizarMohd"
        },
        "content": "        System.out.println(LINE);"
      },
      {
        "lineNumber": 35,
        "author": {
          "gitId": "NizarMohd"
        },
        "content": "        System.out.println(\"\\t \"+ Arrays.toString(COMMAND));"
      },
      {
        "lineNumber": 36,
        "author": {
          "gitId": "NizarMohd"
        },
        "content": "        System.out.println(LINE);"
      },
      {
        "lineNumber": 37,
        "author": {
          "gitId": "NizarMohd"
        },
        "content": "    }"
      },
      {
        "lineNumber": 38,
        "author": {
          "gitId": "NizarMohd"
        },
        "content": ""
      },
      {
        "lineNumber": 39,
        "author": {
          "gitId": "NizarMohd"
        },
        "content": "    public static void executeBye() {"
      },
      {
        "lineNumber": 40,
        "author": {
          "gitId": "NizarMohd"
        },
        "content": "        System.out.println(LINE);"
      },
      {
        "lineNumber": 41,
        "author": {
          "gitId": "NizarMohd"
        },
        "content": "        System.out.println(\"\\t Bye.Hope to see you again soon!\");"
      },
      {
        "lineNumber": 42,
        "author": {
          "gitId": "NizarMohd"
        },
        "content": "        System.out.println(LINE);"
      },
      {
        "lineNumber": 43,
        "author": {
          "gitId": "NizarMohd"
        },
        "content": "    }"
      },
      {
        "lineNumber": 44,
        "author": {
          "gitId": "NizarMohd"
        },
        "content": ""
      },
      {
        "lineNumber": 45,
        "author": {
          "gitId": "NizarMohd"
        },
        "content": "    public static void executeList(ArrayList\u003cTask\u003el1) throws IllegalStateException{"
      },
      {
        "lineNumber": 46,
        "author": {
          "gitId": "NizarMohd"
        },
        "content": "        if(l1.isEmpty()) {"
      },
      {
        "lineNumber": 47,
        "author": {
          "gitId": "NizarMohd"
        },
        "content": "            throw new IllegalStateException(LIST_EMPTY);"
      },
      {
        "lineNumber": 48,
        "author": {
          "gitId": "NizarMohd"
        },
        "content": "        }"
      },
      {
        "lineNumber": 49,
        "author": {
          "gitId": "NizarMohd"
        },
        "content": "        int i \u003d 0;"
      },
      {
        "lineNumber": 50,
        "author": {
          "gitId": "NizarMohd"
        },
        "content": "        System.out.println(LINE);"
      },
      {
        "lineNumber": 51,
        "author": {
          "gitId": "NizarMohd"
        },
        "content": "        System.out.print(\"\\t Here are the tasks in your list:\\n\");"
      },
      {
        "lineNumber": 52,
        "author": {
          "gitId": "NizarMohd"
        },
        "content": "        for (i \u003d 0; i \u003c l1.size(); i++) {"
      },
      {
        "lineNumber": 53,
        "author": {
          "gitId": "NizarMohd"
        },
        "content": "            int count \u003d i + 1;"
      },
      {
        "lineNumber": 54,
        "author": {
          "gitId": "NizarMohd"
        },
        "content": "            Task temp \u003d l1.get(i);"
      },
      {
        "lineNumber": 55,
        "author": {
          "gitId": "NizarMohd"
        },
        "content": "            System.out.println(\"\\t \" + count + \".\" + temp.toString());"
      },
      {
        "lineNumber": 56,
        "author": {
          "gitId": "NizarMohd"
        },
        "content": "        }"
      },
      {
        "lineNumber": 57,
        "author": {
          "gitId": "NizarMohd"
        },
        "content": "        System.out.println(LINE);"
      },
      {
        "lineNumber": 58,
        "author": {
          "gitId": "NizarMohd"
        },
        "content": "    }"
      },
      {
        "lineNumber": 59,
        "author": {
          "gitId": "NizarMohd"
        },
        "content": ""
      },
      {
        "lineNumber": 60,
        "author": {
          "gitId": "NizarMohd"
        },
        "content": "    public static void executeDone(String userIn, ArrayList\u003cTask\u003e l1) throws ArrayIndexOutOfBoundsException,"
      },
      {
        "lineNumber": 61,
        "author": {
          "gitId": "NizarMohd"
        },
        "content": "            IllegalDukeException{"
      },
      {
        "lineNumber": 62,
        "author": {
          "gitId": "NizarMohd"
        },
        "content": "        String[] temp \u003d getCommand(userIn);"
      },
      {
        "lineNumber": 63,
        "author": {
          "gitId": "NizarMohd"
        },
        "content": "        if(temp.length\u003e1) {"
      },
      {
        "lineNumber": 64,
        "author": {
          "gitId": "NizarMohd"
        },
        "content": "            int number \u003d parseInt(temp[1]) - 1;"
      },
      {
        "lineNumber": 65,
        "author": {
          "gitId": "NizarMohd"
        },
        "content": "            if(number\u003e\u003dl1.size() || number\u003c0) {"
      },
      {
        "lineNumber": 66,
        "author": {
          "gitId": "NizarMohd"
        },
        "content": "                throw new ArrayIndexOutOfBoundsException(OUT_OF_BOUND_INDEX);"
      },
      {
        "lineNumber": 67,
        "author": {
          "gitId": "NizarMohd"
        },
        "content": "            }"
      },
      {
        "lineNumber": 68,
        "author": {
          "gitId": "NizarMohd"
        },
        "content": "            Task tempTask \u003d l1.get(number);"
      },
      {
        "lineNumber": 69,
        "author": {
          "gitId": "NizarMohd"
        },
        "content": "            tempTask.done();"
      },
      {
        "lineNumber": 70,
        "author": {
          "gitId": "NizarMohd"
        },
        "content": "            System.out.println(LINE);"
      },
      {
        "lineNumber": 71,
        "author": {
          "gitId": "NizarMohd"
        },
        "content": "            System.out.println(\"\\t Nice! I\u0027ve marked this task as done:\");"
      },
      {
        "lineNumber": 72,
        "author": {
          "gitId": "NizarMohd"
        },
        "content": "            System.out.println(\"\\t   \"+tempTask.toString());"
      },
      {
        "lineNumber": 73,
        "author": {
          "gitId": "NizarMohd"
        },
        "content": "            System.out.println(LINE);"
      },
      {
        "lineNumber": 74,
        "author": {
          "gitId": "NizarMohd"
        },
        "content": "        } else {"
      },
      {
        "lineNumber": 75,
        "author": {
          "gitId": "NizarMohd"
        },
        "content": "            throw new IllegalDukeException(NO_TASK_NUMBER);"
      },
      {
        "lineNumber": 76,
        "author": {
          "gitId": "NizarMohd"
        },
        "content": "        }"
      },
      {
        "lineNumber": 77,
        "author": {
          "gitId": "NizarMohd"
        },
        "content": "    }"
      },
      {
        "lineNumber": 78,
        "author": {
          "gitId": "NizarMohd"
        },
        "content": ""
      },
      {
        "lineNumber": 79,
        "author": {
          "gitId": "NizarMohd"
        },
        "content": "    public static String[] getTaskInfo(String userIn) throws IllegalDukeException {"
      },
      {
        "lineNumber": 80,
        "author": {
          "gitId": "NizarMohd"
        },
        "content": "        String[] temp \u003d getCommand(userIn);"
      },
      {
        "lineNumber": 81,
        "author": {
          "gitId": "NizarMohd"
        },
        "content": "        if(temp.length\u003d\u003d1){"
      },
      {
        "lineNumber": 82,
        "author": {
          "gitId": "NizarMohd"
        },
        "content": "            throw new IllegalDukeException(\"\\t ☹ OOPS!!! The description of a \" + temp[0] + \" cannot be empty.\");"
      },
      {
        "lineNumber": 83,
        "author": {
          "gitId": "NizarMohd"
        },
        "content": "        }"
      },
      {
        "lineNumber": 84,
        "author": {
          "gitId": "NizarMohd"
        },
        "content": "        String action \u003d \"\";"
      },
      {
        "lineNumber": 85,
        "author": {
          "gitId": "NizarMohd"
        },
        "content": "        String timing \u003d \"\";"
      },
      {
        "lineNumber": 86,
        "author": {
          "gitId": "NizarMohd"
        },
        "content": "        boolean flip \u003d false;"
      },
      {
        "lineNumber": 87,
        "author": {
          "gitId": "NizarMohd"
        },
        "content": "        for (int i \u003d 1; i \u003c (temp.length); i++) {"
      },
      {
        "lineNumber": 88,
        "author": {
          "gitId": "NizarMohd"
        },
        "content": "            if (temp[i].charAt(0) \u003d\u003d \u0027/\u0027) {"
      },
      {
        "lineNumber": 89,
        "author": {
          "gitId": "NizarMohd"
        },
        "content": "                flip \u003d true;"
      },
      {
        "lineNumber": 90,
        "author": {
          "gitId": "NizarMohd"
        },
        "content": "            }"
      },
      {
        "lineNumber": 91,
        "author": {
          "gitId": "NizarMohd"
        },
        "content": "            if (flip) {"
      },
      {
        "lineNumber": 92,
        "author": {
          "gitId": "NizarMohd"
        },
        "content": "                timing +\u003d temp[i] + \" \";"
      },
      {
        "lineNumber": 93,
        "author": {
          "gitId": "NizarMohd"
        },
        "content": "            } else {"
      },
      {
        "lineNumber": 94,
        "author": {
          "gitId": "NizarMohd"
        },
        "content": "                action +\u003d temp[i] + \" \";"
      },
      {
        "lineNumber": 95,
        "author": {
          "gitId": "NizarMohd"
        },
        "content": "            }"
      },
      {
        "lineNumber": 96,
        "author": {
          "gitId": "NizarMohd"
        },
        "content": "        }"
      },
      {
        "lineNumber": 97,
        "author": {
          "gitId": "NizarMohd"
        },
        "content": "        action \u003d action.trim();"
      },
      {
        "lineNumber": 98,
        "author": {
          "gitId": "NizarMohd"
        },
        "content": "        timing \u003d timing.trim();"
      },
      {
        "lineNumber": 99,
        "author": {
          "gitId": "NizarMohd"
        },
        "content": "        timing\u003dtiming.replace(\u0027/\u0027,\u0027 \u0027);"
      },
      {
        "lineNumber": 100,
        "author": {
          "gitId": "NizarMohd"
        },
        "content": "        String[] temp2 \u003d new String[2];"
      },
      {
        "lineNumber": 101,
        "author": {
          "gitId": "NizarMohd"
        },
        "content": "        temp2[0] \u003d action;"
      },
      {
        "lineNumber": 102,
        "author": {
          "gitId": "NizarMohd"
        },
        "content": "        temp2[1] \u003d timing;"
      },
      {
        "lineNumber": 103,
        "author": {
          "gitId": "NizarMohd"
        },
        "content": "        return temp2;"
      },
      {
        "lineNumber": 104,
        "author": {
          "gitId": "NizarMohd"
        },
        "content": "    }"
      },
      {
        "lineNumber": 105,
        "author": {
          "gitId": "NizarMohd"
        },
        "content": ""
      },
      {
        "lineNumber": 106,
        "author": {
          "gitId": "NizarMohd"
        },
        "content": "    public static void addTask(ArrayList\u003cTask\u003el1, Task task){"
      },
      {
        "lineNumber": 107,
        "author": {
          "gitId": "NizarMohd"
        },
        "content": "        System.out.println(LINE);"
      },
      {
        "lineNumber": 108,
        "author": {
          "gitId": "NizarMohd"
        },
        "content": "        System.out.println(\"\\t Got it. I\u0027ve added this task:\");"
      },
      {
        "lineNumber": 109,
        "author": {
          "gitId": "NizarMohd"
        },
        "content": "        System.out.println(\"\\t   \"+task.toString());"
      },
      {
        "lineNumber": 110,
        "author": {
          "gitId": "NizarMohd"
        },
        "content": "        System.out.println(\"\\t Now you have \" + l1.size()+ \" tasks in the list.\");"
      },
      {
        "lineNumber": 111,
        "author": {
          "gitId": "NizarMohd"
        },
        "content": "        System.out.println(LINE);"
      },
      {
        "lineNumber": 112,
        "author": {
          "gitId": "NizarMohd"
        },
        "content": "    }"
      },
      {
        "lineNumber": 113,
        "author": {
          "gitId": "NizarMohd"
        },
        "content": ""
      },
      {
        "lineNumber": 114,
        "author": {
          "gitId": "NizarMohd"
        },
        "content": "    public static void addTodo(ArrayList\u003cTask\u003e l1, String[] taskInfo){"
      },
      {
        "lineNumber": 115,
        "author": {
          "gitId": "NizarMohd"
        },
        "content": "        Todo todo \u003d new Todo(taskInfo[0]);"
      },
      {
        "lineNumber": 116,
        "author": {
          "gitId": "NizarMohd"
        },
        "content": "        l1.add(todo);"
      },
      {
        "lineNumber": 117,
        "author": {
          "gitId": "NizarMohd"
        },
        "content": "        addTask(l1, todo);"
      },
      {
        "lineNumber": 118,
        "author": {
          "gitId": "NizarMohd"
        },
        "content": "    }"
      },
      {
        "lineNumber": 119,
        "author": {
          "gitId": "NizarMohd"
        },
        "content": ""
      },
      {
        "lineNumber": 120,
        "author": {
          "gitId": "NizarMohd"
        },
        "content": "    public static void addDeadline(ArrayList\u003cTask\u003e l1, String[] taskInfo){"
      },
      {
        "lineNumber": 121,
        "author": {
          "gitId": "NizarMohd"
        },
        "content": "        Deadline deadline\u003d new Deadline(taskInfo[0]);"
      },
      {
        "lineNumber": 122,
        "author": {
          "gitId": "NizarMohd"
        },
        "content": "        deadline.setBy(taskInfo[1]);"
      },
      {
        "lineNumber": 123,
        "author": {
          "gitId": "NizarMohd"
        },
        "content": "        l1.add(deadline);"
      },
      {
        "lineNumber": 124,
        "author": {
          "gitId": "NizarMohd"
        },
        "content": "        addTask(l1, deadline);"
      },
      {
        "lineNumber": 125,
        "author": {
          "gitId": "NizarMohd"
        },
        "content": "    }"
      },
      {
        "lineNumber": 126,
        "author": {
          "gitId": "NizarMohd"
        },
        "content": ""
      },
      {
        "lineNumber": 127,
        "author": {
          "gitId": "NizarMohd"
        },
        "content": "    public static void addEvent(ArrayList\u003cTask\u003e l1, String[] taskInfo){"
      },
      {
        "lineNumber": 128,
        "author": {
          "gitId": "NizarMohd"
        },
        "content": "        Event event \u003d new Event(taskInfo[0]);"
      },
      {
        "lineNumber": 129,
        "author": {
          "gitId": "NizarMohd"
        },
        "content": "        event.setAt(taskInfo[1]);"
      },
      {
        "lineNumber": 130,
        "author": {
          "gitId": "NizarMohd"
        },
        "content": "        l1.add(event);"
      },
      {
        "lineNumber": 131,
        "author": {
          "gitId": "NizarMohd"
        },
        "content": "        addTask(l1, event);"
      },
      {
        "lineNumber": 132,
        "author": {
          "gitId": "NizarMohd"
        },
        "content": "    }"
      },
      {
        "lineNumber": 133,
        "author": {
          "gitId": "NizarMohd"
        },
        "content": ""
      },
      {
        "lineNumber": 134,
        "author": {
          "gitId": "NizarMohd"
        },
        "content": "    public static void removeTask(ArrayList\u003cTask\u003e l1, String inCommand) throws IllegalDukeException,"
      },
      {
        "lineNumber": 135,
        "author": {
          "gitId": "NizarMohd"
        },
        "content": "            ArrayIndexOutOfBoundsException{"
      },
      {
        "lineNumber": 136,
        "author": {
          "gitId": "NizarMohd"
        },
        "content": "        String[] temp \u003d getCommand(inCommand);"
      },
      {
        "lineNumber": 137,
        "author": {
          "gitId": "NizarMohd"
        },
        "content": "        if(temp.length\u003d\u003d1){"
      },
      {
        "lineNumber": 138,
        "author": {
          "gitId": "NizarMohd"
        },
        "content": "            throw new IllegalDukeException(NO_TASK_NUMBER);"
      },
      {
        "lineNumber": 139,
        "author": {
          "gitId": "NizarMohd"
        },
        "content": "        }"
      },
      {
        "lineNumber": 140,
        "author": {
          "gitId": "NizarMohd"
        },
        "content": "        int index\u003dparseInt(temp[1]) -1;"
      },
      {
        "lineNumber": 141,
        "author": {
          "gitId": "NizarMohd"
        },
        "content": "        if(index\u003c0 || index\u003e\u003dl1.size()){"
      },
      {
        "lineNumber": 142,
        "author": {
          "gitId": "NizarMohd"
        },
        "content": "            throw new ArrayIndexOutOfBoundsException(OUT_OF_BOUND_INDEX);"
      },
      {
        "lineNumber": 143,
        "author": {
          "gitId": "NizarMohd"
        },
        "content": "        }"
      },
      {
        "lineNumber": 144,
        "author": {
          "gitId": "NizarMohd"
        },
        "content": "        Task task\u003dl1.get(index);"
      },
      {
        "lineNumber": 145,
        "author": {
          "gitId": "NizarMohd"
        },
        "content": "        l1.remove(index);"
      },
      {
        "lineNumber": 146,
        "author": {
          "gitId": "NizarMohd"
        },
        "content": "        System.out.println(LINE);"
      },
      {
        "lineNumber": 147,
        "author": {
          "gitId": "NizarMohd"
        },
        "content": "        System.out.println(\"\\t Noted. I\u0027ve removed this task: \");"
      },
      {
        "lineNumber": 148,
        "author": {
          "gitId": "NizarMohd"
        },
        "content": "        System.out.println(\"\\t   \" + task.toString());"
      },
      {
        "lineNumber": 149,
        "author": {
          "gitId": "NizarMohd"
        },
        "content": "        System.out.println(\"\\t Now you have \" + l1.size() + \" tasks in the list.\");"
      },
      {
        "lineNumber": 150,
        "author": {
          "gitId": "NizarMohd"
        },
        "content": "        System.out.println(LINE);"
      },
      {
        "lineNumber": 151,
        "author": {
          "gitId": "NizarMohd"
        },
        "content": "    }"
      },
      {
        "lineNumber": 152,
        "author": {
          "gitId": "NizarMohd"
        },
        "content": "    public static int validateCommand(String inCommand, ArrayList\u003cTask\u003e l1) throws IllegalDukeException {"
      },
      {
        "lineNumber": 153,
        "author": {
          "gitId": "NizarMohd"
        },
        "content": "        String[] userCommand \u003d getCommand(inCommand);"
      },
      {
        "lineNumber": 154,
        "author": {
          "gitId": "NizarMohd"
        },
        "content": "        String[] taskInfo \u003d new String[2];"
      },
      {
        "lineNumber": 155,
        "author": {
          "gitId": "NizarMohd"
        },
        "content": "        int status;"
      },
      {
        "lineNumber": 156,
        "author": {
          "gitId": "NizarMohd"
        },
        "content": "        switch (userCommand[0]) {"
      },
      {
        "lineNumber": 157,
        "author": {
          "gitId": "NizarMohd"
        },
        "content": "            case \"bye\":"
      },
      {
        "lineNumber": 158,
        "author": {
          "gitId": "NizarMohd"
        },
        "content": "                status \u003d 1;"
      },
      {
        "lineNumber": 159,
        "author": {
          "gitId": "NizarMohd"
        },
        "content": "                executeBye();"
      },
      {
        "lineNumber": 160,
        "author": {
          "gitId": "NizarMohd"
        },
        "content": "                break;"
      },
      {
        "lineNumber": 161,
        "author": {
          "gitId": "NizarMohd"
        },
        "content": "            case \"list\":"
      },
      {
        "lineNumber": 162,
        "author": {
          "gitId": "NizarMohd"
        },
        "content": "                status \u003d 2;"
      },
      {
        "lineNumber": 163,
        "author": {
          "gitId": "NizarMohd"
        },
        "content": "                executeList(l1);"
      },
      {
        "lineNumber": 164,
        "author": {
          "gitId": "NizarMohd"
        },
        "content": "                break;"
      },
      {
        "lineNumber": 165,
        "author": {
          "gitId": "NizarMohd"
        },
        "content": "            case \"done\":"
      },
      {
        "lineNumber": 166,
        "author": {
          "gitId": "NizarMohd"
        },
        "content": "                status \u003d 3;"
      },
      {
        "lineNumber": 167,
        "author": {
          "gitId": "NizarMohd"
        },
        "content": "                executeDone(inCommand, l1);"
      },
      {
        "lineNumber": 168,
        "author": {
          "gitId": "NizarMohd"
        },
        "content": "                break;"
      },
      {
        "lineNumber": 169,
        "author": {
          "gitId": "NizarMohd"
        },
        "content": "            case \"todo\":"
      },
      {
        "lineNumber": 170,
        "author": {
          "gitId": "NizarMohd"
        },
        "content": "                status \u003d 4;"
      },
      {
        "lineNumber": 171,
        "author": {
          "gitId": "NizarMohd"
        },
        "content": "                taskInfo \u003d getTaskInfo(inCommand);"
      },
      {
        "lineNumber": 172,
        "author": {
          "gitId": "NizarMohd"
        },
        "content": "                addTodo(l1, taskInfo);"
      },
      {
        "lineNumber": 173,
        "author": {
          "gitId": "NizarMohd"
        },
        "content": "                break;"
      },
      {
        "lineNumber": 174,
        "author": {
          "gitId": "NizarMohd"
        },
        "content": "            case \"deadline\":"
      },
      {
        "lineNumber": 175,
        "author": {
          "gitId": "NizarMohd"
        },
        "content": "                status \u003d 5;"
      },
      {
        "lineNumber": 176,
        "author": {
          "gitId": "NizarMohd"
        },
        "content": "                taskInfo \u003d getTaskInfo(inCommand);"
      },
      {
        "lineNumber": 177,
        "author": {
          "gitId": "NizarMohd"
        },
        "content": "                Deadline deadline \u003d new Deadline(taskInfo[0]);"
      },
      {
        "lineNumber": 178,
        "author": {
          "gitId": "NizarMohd"
        },
        "content": "                addDeadline(l1, taskInfo);"
      },
      {
        "lineNumber": 179,
        "author": {
          "gitId": "NizarMohd"
        },
        "content": "                break;"
      },
      {
        "lineNumber": 180,
        "author": {
          "gitId": "NizarMohd"
        },
        "content": "            case \"event\":"
      },
      {
        "lineNumber": 181,
        "author": {
          "gitId": "NizarMohd"
        },
        "content": "                status \u003d 6;"
      },
      {
        "lineNumber": 182,
        "author": {
          "gitId": "NizarMohd"
        },
        "content": "                taskInfo \u003d getTaskInfo(inCommand);"
      },
      {
        "lineNumber": 183,
        "author": {
          "gitId": "NizarMohd"
        },
        "content": "                addEvent(l1, taskInfo);"
      },
      {
        "lineNumber": 184,
        "author": {
          "gitId": "NizarMohd"
        },
        "content": "                break;"
      },
      {
        "lineNumber": 185,
        "author": {
          "gitId": "NizarMohd"
        },
        "content": "            case \"help\":"
      },
      {
        "lineNumber": 186,
        "author": {
          "gitId": "NizarMohd"
        },
        "content": "                status \u003d 7;"
      },
      {
        "lineNumber": 187,
        "author": {
          "gitId": "NizarMohd"
        },
        "content": "                listCommands();"
      },
      {
        "lineNumber": 188,
        "author": {
          "gitId": "NizarMohd"
        },
        "content": "                break;"
      },
      {
        "lineNumber": 189,
        "author": {
          "gitId": "NizarMohd"
        },
        "content": "            case \"delete\":"
      },
      {
        "lineNumber": 190,
        "author": {
          "gitId": "NizarMohd"
        },
        "content": "                status \u003d 8;"
      },
      {
        "lineNumber": 191,
        "author": {
          "gitId": "NizarMohd"
        },
        "content": "                removeTask(l1, inCommand);"
      },
      {
        "lineNumber": 192,
        "author": {
          "gitId": "NizarMohd"
        },
        "content": "                break;"
      },
      {
        "lineNumber": 193,
        "author": {
          "gitId": "NizarMohd"
        },
        "content": "            default:"
      },
      {
        "lineNumber": 194,
        "author": {
          "gitId": "NizarMohd"
        },
        "content": "                status \u003d -1;"
      },
      {
        "lineNumber": 195,
        "author": {
          "gitId": "NizarMohd"
        },
        "content": "                throw new IllegalDukeException(WRONG_INPUT);"
      },
      {
        "lineNumber": 196,
        "author": {
          "gitId": "NizarMohd"
        },
        "content": "        }"
      },
      {
        "lineNumber": 197,
        "author": {
          "gitId": "NizarMohd"
        },
        "content": "        return status;"
      },
      {
        "lineNumber": 198,
        "author": {
          "gitId": "NizarMohd"
        },
        "content": "    }"
      },
      {
        "lineNumber": 199,
        "author": {
          "gitId": "NizarMohd"
        },
        "content": "    public static void saveFile(ArrayList\u003cTask\u003e l1) throws FileNotFoundException {"
      },
      {
        "lineNumber": 200,
        "author": {
          "gitId": "NizarMohd"
        },
        "content": "        PrintWriter outText\u003d new PrintWriter(\"C:\\\\Users\\\\User\\\\Desktop\\\\cloned duke\\\\new\\\\data\\\\duke.txt\");"
      },
      {
        "lineNumber": 201,
        "author": {
          "gitId": "NizarMohd"
        },
        "content": "        for(int i\u003d0; i\u003c l1.size(); i++){"
      },
      {
        "lineNumber": 202,
        "author": {
          "gitId": "NizarMohd"
        },
        "content": "            outText.println(l1.get(i).toFile());"
      },
      {
        "lineNumber": 203,
        "author": {
          "gitId": "NizarMohd"
        },
        "content": "        }"
      },
      {
        "lineNumber": 204,
        "author": {
          "gitId": "NizarMohd"
        },
        "content": "        outText.close();"
      },
      {
        "lineNumber": 205,
        "author": {
          "gitId": "NizarMohd"
        },
        "content": "    }"
      },
      {
        "lineNumber": 206,
        "author": {
          "gitId": "NizarMohd"
        },
        "content": "    public static void initList(String[] temp, ArrayList\u003cTask\u003e l1){"
      },
      {
        "lineNumber": 207,
        "author": {
          "gitId": "NizarMohd"
        },
        "content": "        switch(temp[0]){"
      },
      {
        "lineNumber": 208,
        "author": {
          "gitId": "NizarMohd"
        },
        "content": "            case \"T\" :"
      },
      {
        "lineNumber": 209,
        "author": {
          "gitId": "NizarMohd"
        },
        "content": "                Todo todo \u003d new Todo(temp[2]);"
      },
      {
        "lineNumber": 210,
        "author": {
          "gitId": "NizarMohd"
        },
        "content": "                if(temp[1]\u003d\u003d\"Y\"){"
      },
      {
        "lineNumber": 211,
        "author": {
          "gitId": "NizarMohd"
        },
        "content": "                    todo.done();"
      },
      {
        "lineNumber": 212,
        "author": {
          "gitId": "NizarMohd"
        },
        "content": "                }"
      },
      {
        "lineNumber": 213,
        "author": {
          "gitId": "NizarMohd"
        },
        "content": "                l1.add(todo);"
      },
      {
        "lineNumber": 214,
        "author": {
          "gitId": "NizarMohd"
        },
        "content": "                break;"
      },
      {
        "lineNumber": 215,
        "author": {
          "gitId": "NizarMohd"
        },
        "content": "            case \"D\" :"
      },
      {
        "lineNumber": 216,
        "author": {
          "gitId": "NizarMohd"
        },
        "content": "                Deadline deadline \u003d new Deadline(temp[3]);"
      },
      {
        "lineNumber": 217,
        "author": {
          "gitId": "NizarMohd"
        },
        "content": "                deadline.setBy(temp[1]);"
      },
      {
        "lineNumber": 218,
        "author": {
          "gitId": "NizarMohd"
        },
        "content": "                if(temp[2]\u003d\u003d\"Y\"){"
      },
      {
        "lineNumber": 219,
        "author": {
          "gitId": "NizarMohd"
        },
        "content": "                    deadline.done();"
      },
      {
        "lineNumber": 220,
        "author": {
          "gitId": "NizarMohd"
        },
        "content": "                }"
      },
      {
        "lineNumber": 221,
        "author": {
          "gitId": "NizarMohd"
        },
        "content": "                l1.add(deadline);"
      },
      {
        "lineNumber": 222,
        "author": {
          "gitId": "NizarMohd"
        },
        "content": "                break;"
      },
      {
        "lineNumber": 223,
        "author": {
          "gitId": "NizarMohd"
        },
        "content": "            case \"E\" :"
      },
      {
        "lineNumber": 224,
        "author": {
          "gitId": "NizarMohd"
        },
        "content": "                Event event \u003d new Event(temp[3]);"
      },
      {
        "lineNumber": 225,
        "author": {
          "gitId": "NizarMohd"
        },
        "content": "                event.setAt(temp[1]);"
      },
      {
        "lineNumber": 226,
        "author": {
          "gitId": "NizarMohd"
        },
        "content": "                if(temp[2]\u003d\u003d\"Y\"){"
      },
      {
        "lineNumber": 227,
        "author": {
          "gitId": "NizarMohd"
        },
        "content": "                    event.done();"
      },
      {
        "lineNumber": 228,
        "author": {
          "gitId": "NizarMohd"
        },
        "content": "                }"
      },
      {
        "lineNumber": 229,
        "author": {
          "gitId": "NizarMohd"
        },
        "content": "                l1.add(event);"
      },
      {
        "lineNumber": 230,
        "author": {
          "gitId": "NizarMohd"
        },
        "content": "                break;"
      },
      {
        "lineNumber": 231,
        "author": {
          "gitId": "NizarMohd"
        },
        "content": "            default:"
      },
      {
        "lineNumber": 232,
        "author": {
          "gitId": "NizarMohd"
        },
        "content": "                break;"
      },
      {
        "lineNumber": 233,
        "author": {
          "gitId": "NizarMohd"
        },
        "content": "        }"
      },
      {
        "lineNumber": 234,
        "author": {
          "gitId": "NizarMohd"
        },
        "content": "    }"
      },
      {
        "lineNumber": 235,
        "author": {
          "gitId": "NizarMohd"
        },
        "content": "    public  static void loadFile(ArrayList\u003cTask\u003e l1) throws FileNotFoundException{"
      },
      {
        "lineNumber": 236,
        "author": {
          "gitId": "NizarMohd"
        },
        "content": "        Scanner in \u003d new Scanner(new File(\"C:\\\\Users\\\\User\\\\Desktop\\\\cloned duke\\\\new\\\\data\\\\duke.txt\"));"
      },
      {
        "lineNumber": 237,
        "author": {
          "gitId": "NizarMohd"
        },
        "content": "            while (in.hasNextLine()) {"
      },
      {
        "lineNumber": 238,
        "author": {
          "gitId": "NizarMohd"
        },
        "content": "                String[] temp \u003d in.nextLine().split(\"-\");"
      },
      {
        "lineNumber": 239,
        "author": {
          "gitId": "NizarMohd"
        },
        "content": "                initList(temp, l1);"
      },
      {
        "lineNumber": 240,
        "author": {
          "gitId": "NizarMohd"
        },
        "content": "            }"
      },
      {
        "lineNumber": 241,
        "author": {
          "gitId": "NizarMohd"
        },
        "content": "            in.close();"
      },
      {
        "lineNumber": 242,
        "author": {
          "gitId": "NizarMohd"
        },
        "content": "    }"
      },
      {
        "lineNumber": 243,
        "author": {
          "gitId": "NizarMohd"
        },
        "content": ""
      },
      {
        "lineNumber": 244,
        "author": {
          "gitId": "NizarMohd"
        },
        "content": "    public static void printWelcomeMessage() {"
      },
      {
        "lineNumber": 245,
        "author": {
          "gitId": "NizarMohd"
        },
        "content": "        String banner \u003d \"\\t~~~~~~~~~~~~~~~~~~~~~~~~~~~~~~~~~~~~~~~~~~~~~~~~~~~~~~~~~\\n\""
      },
      {
        "lineNumber": 246,
        "author": {
          "gitId": "NizarMohd"
        },
        "content": "                + \"\\t~~~~~~~~~~~~~~~~~~~~~~~~~~~~~~~~~~~~~~~~~~~~~~~~~~~~~~~~~\\n\""
      },
      {
        "lineNumber": 247,
        "author": {
          "gitId": "NizarMohd"
        },
        "content": "                + \"\\t~~~~~~~~~~~~~~~~~~~~~~~~~~~~~~~~~~~~~~~~~~~~~~~~~~~~~~~~~\\n\""
      },
      {
        "lineNumber": 248,
        "author": {
          "gitId": "NizarMohd"
        },
        "content": "                + \"\\t~~~~~~~~~~~~~~~~~~~~~~~~~~~~~~~~~~~~~~~~~~~~~~~~~~~~~~~~~\\n\""
      },
      {
        "lineNumber": 249,
        "author": {
          "gitId": "NizarMohd"
        },
        "content": "                + \"\\t~~~~~~~~~~~~~~~~~~~~~~~~~~~~~~~~~~~~~~~~~~~~~~~~~~~~~~~~~\\n\";"
      },
      {
        "lineNumber": 250,
        "author": {
          "gitId": "NizarMohd"
        },
        "content": "        String logo \u003d \"\\t~~~~~N N N N  N N N~~~I I I~~~N N N N  N N N~~~I I I~~~~~\\n\""
      },
      {
        "lineNumber": 251,
        "author": {
          "gitId": "NizarMohd"
        },
        "content": "                + \"\\t~~~~~N      N N   N~~~I   I~~~N      N N   N~~~I   I~~~~~\\n\""
      },
      {
        "lineNumber": 252,
        "author": {
          "gitId": "NizarMohd"
        },
        "content": "                + \"\\t~~~~~N   N   NN   N~~~I   I~~~N   N   NN   N~~~I   I~~~~~\\n\""
      },
      {
        "lineNumber": 253,
        "author": {
          "gitId": "NizarMohd"
        },
        "content": "                + \"\\t~~~~~N   NN   N   N~~~I   I~~~N   NN   N   N~~~I   I~~~~~\\n\""
      },
      {
        "lineNumber": 254,
        "author": {
          "gitId": "NizarMohd"
        },
        "content": "                + \"\\t~~~~~N   N N      N~~~I   I~~~N   N N      N~~~I   I~~~~~\\n\""
      },
      {
        "lineNumber": 255,
        "author": {
          "gitId": "NizarMohd"
        },
        "content": "                +\"\\t~~~~~N N N  N N N N~~~I I I~~~N N N  N N N N~~~I I I~~~~~\\n\";"
      },
      {
        "lineNumber": 256,
        "author": {
          "gitId": "NizarMohd"
        },
        "content": "        System.out.println(LINE);"
      },
      {
        "lineNumber": 257,
        "author": {
          "gitId": "NizarMohd"
        },
        "content": "        System.out.println(\"\\t\" + \"Hello from\\n\" + banner + logo + banner);"
      },
      {
        "lineNumber": 258,
        "author": {
          "gitId": "NizarMohd"
        },
        "content": "        System.out.println(\"\\t\" + \"What can I do for you?\");"
      },
      {
        "lineNumber": 259,
        "author": {
          "gitId": "NizarMohd"
        },
        "content": "        System.out.println(LINE);"
      },
      {
        "lineNumber": 260,
        "author": {
          "gitId": "NizarMohd"
        },
        "content": "    }"
      },
      {
        "lineNumber": 261,
        "author": {
          "gitId": "NizarMohd"
        },
        "content": "    public static void main(String[] args) throws FileNotFoundException {"
      },
      {
        "lineNumber": 262,
        "author": {
          "gitId": "NizarMohd"
        },
        "content": "        Scanner in \u003d new Scanner(System.in);"
      },
      {
        "lineNumber": 263,
        "author": {
          "gitId": "NizarMohd"
        },
        "content": "        ArrayList\u003cTask\u003e l1 \u003d new ArrayList\u003cTask\u003e();"
      },
      {
        "lineNumber": 264,
        "author": {
          "gitId": "NizarMohd"
        },
        "content": "        int status \u003d 0;"
      },
      {
        "lineNumber": 265,
        "author": {
          "gitId": "NizarMohd"
        },
        "content": "        loadFile(l1);"
      },
      {
        "lineNumber": 266,
        "author": {
          "gitId": "NizarMohd"
        },
        "content": "        printWelcomeMessage();"
      },
      {
        "lineNumber": 267,
        "author": {
          "gitId": "NizarMohd"
        },
        "content": "            while (status !\u003d 1) {"
      },
      {
        "lineNumber": 268,
        "author": {
          "gitId": "NizarMohd"
        },
        "content": "                try {"
      },
      {
        "lineNumber": 269,
        "author": {
          "gitId": "NizarMohd"
        },
        "content": "                    String userIn \u003d in.nextLine();"
      },
      {
        "lineNumber": 270,
        "author": {
          "gitId": "NizarMohd"
        },
        "content": "                    status \u003d validateCommand(userIn, l1);"
      },
      {
        "lineNumber": 271,
        "author": {
          "gitId": "NizarMohd"
        },
        "content": "                    saveFile(l1);"
      },
      {
        "lineNumber": 272,
        "author": {
          "gitId": "NizarMohd"
        },
        "content": "                } catch (IllegalDukeException | ArrayIndexOutOfBoundsException | IllegalStateException |"
      },
      {
        "lineNumber": 273,
        "author": {
          "gitId": "NizarMohd"
        },
        "content": "                        FileNotFoundException e ) {"
      },
      {
        "lineNumber": 274,
        "author": {
          "gitId": "NizarMohd"
        },
        "content": "                    printError(e.getMessage());"
      },
      {
        "lineNumber": 275,
        "author": {
          "gitId": "NizarMohd"
        },
        "content": "                }"
      },
      {
        "lineNumber": 276,
        "author": {
          "gitId": "NizarMohd"
        },
        "content": "            }"
      },
      {
        "lineNumber": 277,
        "author": {
          "gitId": "NizarMohd"
        },
        "content": "        in.close();"
      },
      {
        "lineNumber": 278,
        "author": {
          "gitId": "-"
        },
        "content": "    }"
      },
      {
        "lineNumber": 279,
        "author": {
          "gitId": "-"
        },
        "content": "}"
      }
    ],
    "authorContributionMap": {
      "NizarMohd": 276,
      "-": 3
    }
  },
  {
    "path": "src/main/java/Event.java",
    "fileType": "java",
    "lines": [
      {
        "lineNumber": 1,
        "author": {
          "gitId": "NizarMohd"
        },
        "content": "public class Event extends Task {"
      },
      {
        "lineNumber": 2,
        "author": {
          "gitId": "NizarMohd"
        },
        "content": "    protected String at\u003dnull;"
      },
      {
        "lineNumber": 3,
        "author": {
          "gitId": "NizarMohd"
        },
        "content": ""
      },
      {
        "lineNumber": 4,
        "author": {
          "gitId": "NizarMohd"
        },
        "content": "    public Event(String action){"
      },
      {
        "lineNumber": 5,
        "author": {
          "gitId": "NizarMohd"
        },
        "content": "        super(action);"
      },
      {
        "lineNumber": 6,
        "author": {
          "gitId": "NizarMohd"
        },
        "content": "    }"
      },
      {
        "lineNumber": 7,
        "author": {
          "gitId": "NizarMohd"
        },
        "content": "    public void setAt(String at){"
      },
      {
        "lineNumber": 8,
        "author": {
          "gitId": "NizarMohd"
        },
        "content": "        this.at\u003dat;"
      },
      {
        "lineNumber": 9,
        "author": {
          "gitId": "NizarMohd"
        },
        "content": "    }"
      },
      {
        "lineNumber": 10,
        "author": {
          "gitId": "NizarMohd"
        },
        "content": ""
      },
      {
        "lineNumber": 11,
        "author": {
          "gitId": "NizarMohd"
        },
        "content": "    @Override"
      },
      {
        "lineNumber": 12,
        "author": {
          "gitId": "NizarMohd"
        },
        "content": "    public String toString(){"
      },
      {
        "lineNumber": 13,
        "author": {
          "gitId": "NizarMohd"
        },
        "content": "        return \"[E]\" + super.toString()  + \" (at:\" + this.at + \")\";"
      },
      {
        "lineNumber": 14,
        "author": {
          "gitId": "NizarMohd"
        },
        "content": "    }"
      },
      {
        "lineNumber": 15,
        "author": {
          "gitId": "NizarMohd"
        },
        "content": "    @Override"
      },
      {
        "lineNumber": 16,
        "author": {
          "gitId": "NizarMohd"
        },
        "content": "    public String toFile(){"
      },
      {
        "lineNumber": 17,
        "author": {
          "gitId": "NizarMohd"
        },
        "content": "        return \"E-\" + this.at + \"-\" + super.toFile();"
      },
      {
        "lineNumber": 18,
        "author": {
          "gitId": "NizarMohd"
        },
        "content": "    }"
      },
      {
        "lineNumber": 19,
        "author": {
          "gitId": "NizarMohd"
        },
        "content": "}"
      }
    ],
    "authorContributionMap": {
      "NizarMohd": 19
    }
  },
  {
    "path": "src/main/java/IllegalDukeException.java",
    "fileType": "java",
    "lines": [
      {
        "lineNumber": 1,
        "author": {
          "gitId": "NizarMohd"
        },
        "content": "public class IllegalDukeException extends Exception{"
      },
      {
        "lineNumber": 2,
        "author": {
          "gitId": "NizarMohd"
        },
        "content": "    public IllegalDukeException(String message){"
      },
      {
        "lineNumber": 3,
        "author": {
          "gitId": "NizarMohd"
        },
        "content": "    super(message);"
      },
      {
        "lineNumber": 4,
        "author": {
          "gitId": "NizarMohd"
        },
        "content": "    }"
      },
      {
        "lineNumber": 5,
        "author": {
          "gitId": "NizarMohd"
        },
        "content": "}"
      }
    ],
    "authorContributionMap": {
      "NizarMohd": 5
    }
  },
  {
    "path": "src/main/java/Task.java",
    "fileType": "java",
    "lines": [
      {
        "lineNumber": 1,
        "author": {
          "gitId": "NizarMohd"
        },
        "content": ""
      },
      {
        "lineNumber": 2,
        "author": {
          "gitId": "NizarMohd"
        },
        "content": "public class Task {"
      },
      {
        "lineNumber": 3,
        "author": {
          "gitId": "NizarMohd"
        },
        "content": "    protected String action;"
      },
      {
        "lineNumber": 4,
        "author": {
          "gitId": "NizarMohd"
        },
        "content": "    protected boolean isDone;"
      },
      {
        "lineNumber": 5,
        "author": {
          "gitId": "NizarMohd"
        },
        "content": ""
      },
      {
        "lineNumber": 6,
        "author": {
          "gitId": "NizarMohd"
        },
        "content": "    public Task(String action){"
      },
      {
        "lineNumber": 7,
        "author": {
          "gitId": "NizarMohd"
        },
        "content": "        this.action\u003daction;"
      },
      {
        "lineNumber": 8,
        "author": {
          "gitId": "NizarMohd"
        },
        "content": "        this.isDone\u003dfalse;"
      },
      {
        "lineNumber": 9,
        "author": {
          "gitId": "NizarMohd"
        },
        "content": "    }"
      },
      {
        "lineNumber": 10,
        "author": {
          "gitId": "NizarMohd"
        },
        "content": "    public String getStatus(){"
      },
      {
        "lineNumber": 11,
        "author": {
          "gitId": "NizarMohd"
        },
        "content": "        String temp\u003dthis.isDone ? \"\\u2713\" : \"\\u2718\";"
      },
      {
        "lineNumber": 12,
        "author": {
          "gitId": "NizarMohd"
        },
        "content": "        return \"[\" + temp + \"]\";"
      },
      {
        "lineNumber": 13,
        "author": {
          "gitId": "NizarMohd"
        },
        "content": "    }"
      },
      {
        "lineNumber": 14,
        "author": {
          "gitId": "NizarMohd"
        },
        "content": "    public void done(){"
      },
      {
        "lineNumber": 15,
        "author": {
          "gitId": "NizarMohd"
        },
        "content": "        this.isDone\u003dtrue;"
      },
      {
        "lineNumber": 16,
        "author": {
          "gitId": "NizarMohd"
        },
        "content": "    }"
      },
      {
        "lineNumber": 17,
        "author": {
          "gitId": "NizarMohd"
        },
        "content": "    public String toString(){"
      },
      {
        "lineNumber": 18,
        "author": {
          "gitId": "NizarMohd"
        },
        "content": "        return getStatus()+ \" \" + this.action;"
      },
      {
        "lineNumber": 19,
        "author": {
          "gitId": "NizarMohd"
        },
        "content": "    }"
      },
      {
        "lineNumber": 20,
        "author": {
          "gitId": "NizarMohd"
        },
        "content": ""
      },
      {
        "lineNumber": 21,
        "author": {
          "gitId": "NizarMohd"
        },
        "content": "    public String toFile(){"
      },
      {
        "lineNumber": 22,
        "author": {
          "gitId": "NizarMohd"
        },
        "content": "        String done \u003d this.isDone ? \"Y\" : \"N\" ;"
      },
      {
        "lineNumber": 23,
        "author": {
          "gitId": "NizarMohd"
        },
        "content": ""
      },
      {
        "lineNumber": 24,
        "author": {
          "gitId": "NizarMohd"
        },
        "content": "        return done + \"-\" + action;"
      },
      {
        "lineNumber": 25,
        "author": {
          "gitId": "NizarMohd"
        },
        "content": "    }"
      },
      {
        "lineNumber": 26,
        "author": {
          "gitId": "NizarMohd"
        },
        "content": ""
      },
      {
        "lineNumber": 27,
        "author": {
          "gitId": "NizarMohd"
        },
        "content": ""
      },
      {
        "lineNumber": 28,
        "author": {
          "gitId": "NizarMohd"
        },
        "content": "}"
      }
    ],
    "authorContributionMap": {
      "NizarMohd": 28
    }
  },
  {
    "path": "src/main/java/Todo.java",
    "fileType": "java",
    "lines": [
      {
        "lineNumber": 1,
        "author": {
          "gitId": "NizarMohd"
        },
        "content": "public class Todo extends Task{"
      },
      {
        "lineNumber": 2,
        "author": {
          "gitId": "NizarMohd"
        },
        "content": "    public Todo(String action) {"
      },
      {
        "lineNumber": 3,
        "author": {
          "gitId": "NizarMohd"
        },
        "content": "        super(action);"
      },
      {
        "lineNumber": 4,
        "author": {
          "gitId": "NizarMohd"
        },
        "content": "    }"
      },
      {
        "lineNumber": 5,
        "author": {
          "gitId": "NizarMohd"
        },
        "content": "    @Override"
      },
      {
        "lineNumber": 6,
        "author": {
          "gitId": "NizarMohd"
        },
        "content": "    public String toString(){"
      },
      {
        "lineNumber": 7,
        "author": {
          "gitId": "NizarMohd"
        },
        "content": "        return \"[T]\" + super.toString();"
      },
      {
        "lineNumber": 8,
        "author": {
          "gitId": "NizarMohd"
        },
        "content": "    }"
      },
      {
        "lineNumber": 9,
        "author": {
          "gitId": "NizarMohd"
        },
        "content": "    @Override"
      },
      {
        "lineNumber": 10,
        "author": {
          "gitId": "NizarMohd"
        },
        "content": "    public String toFile(){"
      },
      {
        "lineNumber": 11,
        "author": {
          "gitId": "NizarMohd"
        },
        "content": "        return \"T-\" + super.toFile();"
      },
      {
        "lineNumber": 12,
        "author": {
          "gitId": "NizarMohd"
        },
        "content": "    }"
      },
      {
        "lineNumber": 13,
        "author": {
          "gitId": "NizarMohd"
        },
        "content": ""
      },
      {
        "lineNumber": 14,
        "author": {
          "gitId": "NizarMohd"
        },
        "content": "}"
      }
    ],
    "authorContributionMap": {
      "NizarMohd": 14
    }
  },
  {
    "path": "test/input.txt",
    "fileType": "txt",
    "lines": [
      {
        "lineNumber": 1,
        "author": {
          "gitId": "NizarMohd"
        },
        "content": "todo"
      },
      {
        "lineNumber": 2,
        "author": {
          "gitId": "NizarMohd"
        },
        "content": "blah"
      },
      {
        "lineNumber": 3,
        "author": {
          "gitId": "NizarMohd"
        },
        "content": "help"
      },
      {
        "lineNumber": 4,
        "author": {
          "gitId": "NizarMohd"
        },
        "content": "list"
      },
      {
        "lineNumber": 5,
        "author": {
          "gitId": "NizarMohd"
        },
        "content": "done"
      },
      {
        "lineNumber": 6,
        "author": {
          "gitId": "NizarMohd"
        },
        "content": "event"
      },
      {
        "lineNumber": 7,
        "author": {
          "gitId": "NizarMohd"
        },
        "content": "event meeting at /2pm today"
      },
      {
        "lineNumber": 8,
        "author": {
          "gitId": "NizarMohd"
        },
        "content": "deadline finish homework /2pm tomoroow"
      },
      {
        "lineNumber": 9,
        "author": {
          "gitId": "NizarMohd"
        },
        "content": "todo                 read books"
      },
      {
        "lineNumber": 10,
        "author": {
          "gitId": "NizarMohd"
        },
        "content": "list"
      },
      {
        "lineNumber": 11,
        "author": {
          "gitId": "NizarMohd"
        },
        "content": "done 3"
      },
      {
        "lineNumber": 12,
        "author": {
          "gitId": "NizarMohd"
        },
        "content": "done 4"
      },
      {
        "lineNumber": 13,
        "author": {
          "gitId": "NizarMohd"
        },
        "content": "list"
      },
      {
        "lineNumber": 14,
        "author": {
          "gitId": "NizarMohd"
        },
        "content": "bye"
      }
    ],
    "authorContributionMap": {
      "NizarMohd": 14
    }
  },
  {
    "path": "test/runtest.bat",
    "fileType": "bat",
    "lines": [
      {
        "lineNumber": 1,
        "author": {
          "gitId": "NizarMohd"
        },
        "content": "`runtest.bat`:"
      },
      {
        "lineNumber": 2,
        "author": {
          "gitId": "NizarMohd"
        },
        "content": ""
      },
      {
        "lineNumber": 3,
        "author": {
          "gitId": "NizarMohd"
        },
        "content": "   @ECHO OFF"
      },
      {
        "lineNumber": 4,
        "author": {
          "gitId": "NizarMohd"
        },
        "content": ""
      },
      {
        "lineNumber": 5,
        "author": {
          "gitId": "NizarMohd"
        },
        "content": "   REM create bin directory if it doesn\u0027t exist"
      },
      {
        "lineNumber": 6,
        "author": {
          "gitId": "NizarMohd"
        },
        "content": "   if not exist ..\\bin mkdir ..\\bin"
      },
      {
        "lineNumber": 7,
        "author": {
          "gitId": "NizarMohd"
        },
        "content": ""
      },
      {
        "lineNumber": 8,
        "author": {
          "gitId": "NizarMohd"
        },
        "content": "   REM delete output from previous run"
      },
      {
        "lineNumber": 9,
        "author": {
          "gitId": "NizarMohd"
        },
        "content": "   del ACTUAL.TXT"
      },
      {
        "lineNumber": 10,
        "author": {
          "gitId": "NizarMohd"
        },
        "content": ""
      },
      {
        "lineNumber": 11,
        "author": {
          "gitId": "NizarMohd"
        },
        "content": "   REM compile the code into the bin folder"
      },
      {
        "lineNumber": 12,
        "author": {
          "gitId": "NizarMohd"
        },
        "content": "   javac  -cp ..\\src -Xlint:none -d ..\\bin ..\\src\\main\\java\\*.java"
      },
      {
        "lineNumber": 13,
        "author": {
          "gitId": "NizarMohd"
        },
        "content": "   IF ERRORLEVEL 1 ("
      },
      {
        "lineNumber": 14,
        "author": {
          "gitId": "NizarMohd"
        },
        "content": "       echo ********** BUILD FAILURE **********"
      },
      {
        "lineNumber": 15,
        "author": {
          "gitId": "NizarMohd"
        },
        "content": "       exit /b 1"
      },
      {
        "lineNumber": 16,
        "author": {
          "gitId": "NizarMohd"
        },
        "content": "   )"
      },
      {
        "lineNumber": 17,
        "author": {
          "gitId": "NizarMohd"
        },
        "content": "   REM no error here, errorlevel \u003d\u003d 0"
      },
      {
        "lineNumber": 18,
        "author": {
          "gitId": "NizarMohd"
        },
        "content": ""
      },
      {
        "lineNumber": 19,
        "author": {
          "gitId": "NizarMohd"
        },
        "content": "   REM run the program, feed commands from input.txt file and redirect the output to the ACTUAL.TXT"
      },
      {
        "lineNumber": 20,
        "author": {
          "gitId": "NizarMohd"
        },
        "content": "   java -Dfile.encoding\u003dUTF8 -classpath ..\\bin Duke \u003c input.txt \u003e ACTUAL.TXT"
      },
      {
        "lineNumber": 21,
        "author": {
          "gitId": "NizarMohd"
        },
        "content": ""
      },
      {
        "lineNumber": 22,
        "author": {
          "gitId": "NizarMohd"
        },
        "content": "   REM compare the output to the expected output"
      },
      {
        "lineNumber": 23,
        "author": {
          "gitId": "NizarMohd"
        },
        "content": "   FC ACTUAL.TXT EXPECTED.TXT"
      }
    ],
    "authorContributionMap": {
      "NizarMohd": 23
    }
  }
]
