[
  {
    "path": "src/main/java/Duke.java",
    "fileType": "java",
    "lines": [
      {
        "lineNumber": 1,
        "author": {
          "gitId": "NizarMohd"
        },
        "content": "import java.util.Scanner;"
      },
      {
        "lineNumber": 2,
        "author": {
          "gitId": "NizarMohd"
        },
        "content": "import java.util.List;"
      },
      {
        "lineNumber": 3,
        "author": {
          "gitId": "NizarMohd"
        },
        "content": "import java.util.ArrayList;"
      },
      {
        "lineNumber": 4,
        "author": {
          "gitId": "NizarMohd"
        },
        "content": ""
      },
      {
        "lineNumber": 5,
        "author": {
          "gitId": "-"
        },
        "content": "public class Duke {"
      },
      {
        "lineNumber": 6,
        "author": {
          "gitId": "-"
        },
        "content": "    public static void main(String[] args) {"
      },
      {
        "lineNumber": 7,
        "author": {
          "gitId": "NizarMohd"
        },
        "content": "        Scanner in \u003d new Scanner(System.in);"
      },
      {
        "lineNumber": 8,
        "author": {
          "gitId": "NizarMohd"
        },
        "content": "        List\u003cTask\u003e l1\u003d new ArrayList\u003cTask\u003e();"
      },
      {
        "lineNumber": 9,
        "author": {
          "gitId": "NizarMohd"
        },
        "content": "        String line \u003d \"\\t__________________________________________________________\";"
      },
      {
        "lineNumber": 10,
        "author": {
          "gitId": "NizarMohd"
        },
        "content": "        String banner\u003d\"\\t~~~~~~~~~~~~~~~~~~~~~~~~~~~~~~~~~~~~~~~~~~~~~~~~~~~~~~~~~~\\n\""
      },
      {
        "lineNumber": 11,
        "author": {
          "gitId": "NizarMohd"
        },
        "content": "                +\"\\t~~~~~~~~~~~~~~~~~~~~~~~~~~~~~~~~~~~~~~~~~~~~~~~~~~~~~~~~~~\\n\""
      },
      {
        "lineNumber": 12,
        "author": {
          "gitId": "NizarMohd"
        },
        "content": "                +\"\\t~~~~~~~~~~~~~~~~~~~~~~~~~~~~~~~~~~~~~~~~~~~~~~~~~~~~~~~~~~\\n\""
      },
      {
        "lineNumber": 13,
        "author": {
          "gitId": "NizarMohd"
        },
        "content": "                +\"\\t~~~~~~~~~~~~~~~~~~~~~~~~~~~~~~~~~~~~~~~~~~~~~~~~~~~~~~~~~~\\n\""
      },
      {
        "lineNumber": 14,
        "author": {
          "gitId": "NizarMohd"
        },
        "content": "                +\"\\t~~~~~~~~~~~~~~~~~~~~~~~~~~~~~~~~~~~~~~~~~~~~~~~~~~~~~~~~~~\\n\";"
      },
      {
        "lineNumber": 15,
        "author": {
          "gitId": "NizarMohd"
        },
        "content": "        String logo \u003d \"\\t~~~~~~~~~~~~~~~~~~ ____        _        ~~~~~~~~~~~~~~~~~~\\n\""
      },
      {
        "lineNumber": 16,
        "author": {
          "gitId": "NizarMohd"
        },
        "content": "                + \"\\t~~~~~~~~~~~~~~~~~~|  _ \\\\ _   _| | _____ ~~~~~~~~~~~~~~~~~~\\n\""
      },
      {
        "lineNumber": 17,
        "author": {
          "gitId": "NizarMohd"
        },
        "content": "                + \"\\t~~~~~~~~~~~~~~~~~~| | | | | | | |/ / _ \\\\~~~~~~~~~~~~~~~~~~\\n\""
      },
      {
        "lineNumber": 18,
        "author": {
          "gitId": "NizarMohd"
        },
        "content": "                + \"\\t~~~~~~~~~~~~~~~~~~| |_| | |_| |   \u003c  __/~~~~~~~~~~~~~~~~~~\\n\""
      },
      {
        "lineNumber": 19,
        "author": {
          "gitId": "NizarMohd"
        },
        "content": "                + \"\\t~~~~~~~~~~~~~~~~~~|____/ \\\\__,_|_|\\\\_\\\\___|~~~~~~~~~~~~~~~~~~\\n\";"
      },
      {
        "lineNumber": 20,
        "author": {
          "gitId": "NizarMohd"
        },
        "content": "        System.out.println(line);"
      },
      {
        "lineNumber": 21,
        "author": {
          "gitId": "NizarMohd"
        },
        "content": "        System.out.println(\"\\t\" +\"Hello from\\n\" + banner + logo + banner);"
      },
      {
        "lineNumber": 22,
        "author": {
          "gitId": "NizarMohd"
        },
        "content": "        System.out.println(\"\\t\" +\"What can I do for you?\");"
      },
      {
        "lineNumber": 23,
        "author": {
          "gitId": "NizarMohd"
        },
        "content": ""
      },
      {
        "lineNumber": 24,
        "author": {
          "gitId": "NizarMohd"
        },
        "content": "        System.out.println(line);"
      },
      {
        "lineNumber": 25,
        "author": {
          "gitId": "NizarMohd"
        },
        "content": "        try {"
      },
      {
        "lineNumber": 26,
        "author": {
          "gitId": "NizarMohd"
        },
        "content": "            while(in.hasNext()){"
      },
      {
        "lineNumber": 27,
        "author": {
          "gitId": "NizarMohd"
        },
        "content": "                String userIn \u003d in.nextLine();"
      },
      {
        "lineNumber": 28,
        "author": {
          "gitId": "NizarMohd"
        },
        "content": "                if (userIn.equals(\"bye\")) {"
      },
      {
        "lineNumber": 29,
        "author": {
          "gitId": "NizarMohd"
        },
        "content": "                    System.out.println(line);"
      },
      {
        "lineNumber": 30,
        "author": {
          "gitId": "NizarMohd"
        },
        "content": "                    System.out.println(\"\\tBye.Hope to see you again soon!\");"
      },
      {
        "lineNumber": 31,
        "author": {
          "gitId": "NizarMohd"
        },
        "content": "                    System.out.println(line);"
      },
      {
        "lineNumber": 32,
        "author": {
          "gitId": "NizarMohd"
        },
        "content": "                    break;"
      },
      {
        "lineNumber": 33,
        "author": {
          "gitId": "NizarMohd"
        },
        "content": "                } else if(userIn.equals(\"list\")) {"
      },
      {
        "lineNumber": 34,
        "author": {
          "gitId": "NizarMohd"
        },
        "content": "                    int i\u003d0;"
      },
      {
        "lineNumber": 35,
        "author": {
          "gitId": "NizarMohd"
        },
        "content": "                    System.out.println(line);"
      },
      {
        "lineNumber": 36,
        "author": {
          "gitId": "NizarMohd"
        },
        "content": "                    System.out.print(\"\\tHere are the tasks in your list:\\n\");"
      },
      {
        "lineNumber": 37,
        "author": {
          "gitId": "NizarMohd"
        },
        "content": "                    for(i\u003d0; i\u003c l1.size(); i++){"
      },
      {
        "lineNumber": 38,
        "author": {
          "gitId": "NizarMohd"
        },
        "content": "                        int count \u003di+1;"
      },
      {
        "lineNumber": 39,
        "author": {
          "gitId": "NizarMohd"
        },
        "content": "                        Task temp\u003dl1.get(i);"
      },
      {
        "lineNumber": 40,
        "author": {
          "gitId": "NizarMohd"
        },
        "content": "                        System.out.println(\"\\t\" +count+\". \" +\"[\" +temp.getStatus()+ \"]\"+ \" \" + temp.action);"
      },
      {
        "lineNumber": 41,
        "author": {
          "gitId": "NizarMohd"
        },
        "content": "                    }"
      },
      {
        "lineNumber": 42,
        "author": {
          "gitId": "NizarMohd"
        },
        "content": "                    System.out.println(line);"
      },
      {
        "lineNumber": 43,
        "author": {
          "gitId": "NizarMohd"
        },
        "content": "                }else if(userIn.contains(\"done \")) {"
      },
      {
        "lineNumber": 44,
        "author": {
          "gitId": "NizarMohd"
        },
        "content": "                    String[] temp\u003duserIn.split(\" \");"
      },
      {
        "lineNumber": 45,
        "author": {
          "gitId": "NizarMohd"
        },
        "content": "                    int number\u003d Integer.parseInt(temp[1])-1;"
      },
      {
        "lineNumber": 46,
        "author": {
          "gitId": "NizarMohd"
        },
        "content": "                    Task tempTask\u003dl1.get(number);"
      },
      {
        "lineNumber": 47,
        "author": {
          "gitId": "NizarMohd"
        },
        "content": "                    tempTask.done();"
      },
      {
        "lineNumber": 48,
        "author": {
          "gitId": "NizarMohd"
        },
        "content": "                    System.out.println(line);"
      },
      {
        "lineNumber": 49,
        "author": {
          "gitId": "NizarMohd"
        },
        "content": "                    System.out.println(\"\\tNice! I\u0027ve marked this task as done:\");"
      },
      {
        "lineNumber": 50,
        "author": {
          "gitId": "NizarMohd"
        },
        "content": "                    System.out.println(\"\\t [\"+tempTask.getStatus()+\"] \"+ tempTask.action);"
      },
      {
        "lineNumber": 51,
        "author": {
          "gitId": "NizarMohd"
        },
        "content": "                    System.out.println(line);"
      },
      {
        "lineNumber": 52,
        "author": {
          "gitId": "NizarMohd"
        },
        "content": "                }else{"
      },
      {
        "lineNumber": 53,
        "author": {
          "gitId": "NizarMohd"
        },
        "content": "                    Task task \u003d new Task(userIn);"
      },
      {
        "lineNumber": 54,
        "author": {
          "gitId": "NizarMohd"
        },
        "content": "                    System.out.println(line);"
      },
      {
        "lineNumber": 55,
        "author": {
          "gitId": "NizarMohd"
        },
        "content": "                    l1.add(task);"
      },
      {
        "lineNumber": 56,
        "author": {
          "gitId": "NizarMohd"
        },
        "content": "                    System.out.println(\"\\t\" +\"added: \" + userIn);"
      },
      {
        "lineNumber": 57,
        "author": {
          "gitId": "NizarMohd"
        },
        "content": "                    System.out.println(line);"
      },
      {
        "lineNumber": 58,
        "author": {
          "gitId": "NizarMohd"
        },
        "content": "                }"
      },
      {
        "lineNumber": 59,
        "author": {
          "gitId": "NizarMohd"
        },
        "content": "            }"
      },
      {
        "lineNumber": 60,
        "author": {
          "gitId": "NizarMohd"
        },
        "content": "        }"
      },
      {
        "lineNumber": 61,
        "author": {
          "gitId": "NizarMohd"
        },
        "content": "        finally{"
      },
      {
        "lineNumber": 62,
        "author": {
          "gitId": "NizarMohd"
        },
        "content": "            in.close();"
      },
      {
        "lineNumber": 63,
        "author": {
          "gitId": "NizarMohd"
        },
        "content": "        }"
      },
      {
        "lineNumber": 64,
        "author": {
          "gitId": "-"
        },
        "content": "    }"
      },
      {
        "lineNumber": 65,
        "author": {
          "gitId": "-"
        },
        "content": "}"
      }
    ],
    "authorContributionMap": {
      "NizarMohd": 61,
      "-": 4
    }
  },
  {
    "path": "src/main/java/Task.java",
    "fileType": "java",
    "lines": [
      {
        "lineNumber": 1,
        "author": {
          "gitId": "NizarMohd"
        },
        "content": "public class Task {"
      },
      {
        "lineNumber": 2,
        "author": {
          "gitId": "NizarMohd"
        },
        "content": "    protected String action;"
      },
      {
        "lineNumber": 3,
        "author": {
          "gitId": "NizarMohd"
        },
        "content": "    protected boolean isDone;"
      },
      {
        "lineNumber": 4,
        "author": {
          "gitId": "NizarMohd"
        },
        "content": ""
      },
      {
        "lineNumber": 5,
        "author": {
          "gitId": "NizarMohd"
        },
        "content": "    public Task(String action){"
      },
      {
        "lineNumber": 6,
        "author": {
          "gitId": "NizarMohd"
        },
        "content": "        this.action\u003daction;"
      },
      {
        "lineNumber": 7,
        "author": {
          "gitId": "NizarMohd"
        },
        "content": "        this.isDone\u003dfalse;"
      },
      {
        "lineNumber": 8,
        "author": {
          "gitId": "NizarMohd"
        },
        "content": "    }"
      },
      {
        "lineNumber": 9,
        "author": {
          "gitId": "NizarMohd"
        },
        "content": "    public String getStatus(){"
      },
      {
        "lineNumber": 10,
        "author": {
          "gitId": "NizarMohd"
        },
        "content": "        String temp\u003dthis.isDone ? \"\\u2713\" : \"\\u2718\";"
      },
      {
        "lineNumber": 11,
        "author": {
          "gitId": "NizarMohd"
        },
        "content": "        return temp;"
      },
      {
        "lineNumber": 12,
        "author": {
          "gitId": "NizarMohd"
        },
        "content": "    }"
      },
      {
        "lineNumber": 13,
        "author": {
          "gitId": "NizarMohd"
        },
        "content": "    public void done(){"
      },
      {
        "lineNumber": 14,
        "author": {
          "gitId": "NizarMohd"
        },
        "content": "        this.isDone\u003dtrue;"
      },
      {
        "lineNumber": 15,
        "author": {
          "gitId": "NizarMohd"
        },
        "content": "    }"
      },
      {
        "lineNumber": 16,
        "author": {
          "gitId": "NizarMohd"
        },
        "content": "}"
      }
    ],
    "authorContributionMap": {
      "NizarMohd": 16
    }
  }
]
