[
  {
    "path": "src/main/java/Duke.java",
    "fileType": "java",
    "lines": [
      {
        "lineNumber": 1,
        "author": {
          "gitId": "NizarMohd"
        },
        "content": "import java.util.Arrays;"
      },
      {
        "lineNumber": 2,
        "author": {
          "gitId": "NizarMohd"
        },
        "content": "import java.util.Scanner;"
      },
      {
        "lineNumber": 3,
        "author": {
          "gitId": "NizarMohd"
        },
        "content": "import java.util.ArrayList;"
      },
      {
        "lineNumber": 4,
        "author": {
          "gitId": "NizarMohd"
        },
        "content": ""
      },
      {
        "lineNumber": 5,
        "author": {
          "gitId": "-"
        },
        "content": "public class Duke {"
      },
      {
        "lineNumber": 6,
        "author": {
          "gitId": "NizarMohd"
        },
        "content": "    public static final String LINE \u003d \"\\t__________________________________________________________\";"
      },
      {
        "lineNumber": 7,
        "author": {
          "gitId": "NizarMohd"
        },
        "content": "    public static final String[] COMMAND\u003d {\"todo\", \"deadline\", \"event\", \"done\", \"bye\", \"help\"};"
      },
      {
        "lineNumber": 8,
        "author": {
          "gitId": "NizarMohd"
        },
        "content": ""
      },
      {
        "lineNumber": 9,
        "author": {
          "gitId": "NizarMohd"
        },
        "content": "    public static String[] getCommand(String inCommand) {"
      },
      {
        "lineNumber": 10,
        "author": {
          "gitId": "NizarMohd"
        },
        "content": "        inCommand \u003d inCommand.trim();"
      },
      {
        "lineNumber": 11,
        "author": {
          "gitId": "NizarMohd"
        },
        "content": "        String[] temp \u003d inCommand.split(\" \");"
      },
      {
        "lineNumber": 12,
        "author": {
          "gitId": "NizarMohd"
        },
        "content": "        return temp;"
      },
      {
        "lineNumber": 13,
        "author": {
          "gitId": "NizarMohd"
        },
        "content": "    }"
      },
      {
        "lineNumber": 14,
        "author": {
          "gitId": "NizarMohd"
        },
        "content": ""
      },
      {
        "lineNumber": 15,
        "author": {
          "gitId": "NizarMohd"
        },
        "content": "    public static void throwException() {"
      },
      {
        "lineNumber": 16,
        "author": {
          "gitId": "NizarMohd"
        },
        "content": "        System.out.println(LINE);"
      },
      {
        "lineNumber": 17,
        "author": {
          "gitId": "NizarMohd"
        },
        "content": "        System.out.println(\"\\t Input command is wrong. Enter \\\"help\\\" for list of accepted\");"
      },
      {
        "lineNumber": 18,
        "author": {
          "gitId": "NizarMohd"
        },
        "content": "        System.out.println(\"\\t commands\");"
      },
      {
        "lineNumber": 19,
        "author": {
          "gitId": "NizarMohd"
        },
        "content": "        System.out.println(LINE);"
      },
      {
        "lineNumber": 20,
        "author": {
          "gitId": "NizarMohd"
        },
        "content": "    }"
      },
      {
        "lineNumber": 21,
        "author": {
          "gitId": "NizarMohd"
        },
        "content": ""
      },
      {
        "lineNumber": 22,
        "author": {
          "gitId": "NizarMohd"
        },
        "content": "    public static void listCommands() {"
      },
      {
        "lineNumber": 23,
        "author": {
          "gitId": "NizarMohd"
        },
        "content": "        System.out.println(LINE);"
      },
      {
        "lineNumber": 24,
        "author": {
          "gitId": "NizarMohd"
        },
        "content": "        System.out.println(\"\\t \"+ Arrays.toString(COMMAND));"
      },
      {
        "lineNumber": 25,
        "author": {
          "gitId": "NizarMohd"
        },
        "content": "        System.out.println(LINE);"
      },
      {
        "lineNumber": 26,
        "author": {
          "gitId": "NizarMohd"
        },
        "content": "    }"
      },
      {
        "lineNumber": 27,
        "author": {
          "gitId": "NizarMohd"
        },
        "content": ""
      },
      {
        "lineNumber": 28,
        "author": {
          "gitId": "NizarMohd"
        },
        "content": "    public static void executeBye() {"
      },
      {
        "lineNumber": 29,
        "author": {
          "gitId": "NizarMohd"
        },
        "content": "        System.out.println(LINE);"
      },
      {
        "lineNumber": 30,
        "author": {
          "gitId": "NizarMohd"
        },
        "content": "        System.out.println(\"\\t Bye.Hope to see you again soon!\");"
      },
      {
        "lineNumber": 31,
        "author": {
          "gitId": "NizarMohd"
        },
        "content": "        System.out.println(LINE);"
      },
      {
        "lineNumber": 32,
        "author": {
          "gitId": "NizarMohd"
        },
        "content": "    }"
      },
      {
        "lineNumber": 33,
        "author": {
          "gitId": "NizarMohd"
        },
        "content": ""
      },
      {
        "lineNumber": 34,
        "author": {
          "gitId": "NizarMohd"
        },
        "content": "    public static void executeList(ArrayList\u003cTask\u003el1) {"
      },
      {
        "lineNumber": 35,
        "author": {
          "gitId": "NizarMohd"
        },
        "content": "        if(l1.isEmpty()) {"
      },
      {
        "lineNumber": 36,
        "author": {
          "gitId": "NizarMohd"
        },
        "content": "            System.out.println(LINE);"
      },
      {
        "lineNumber": 37,
        "author": {
          "gitId": "NizarMohd"
        },
        "content": "            System.out.println(\"\\t Oops! No task has been assigned yet! Please enter a task\");"
      },
      {
        "lineNumber": 38,
        "author": {
          "gitId": "NizarMohd"
        },
        "content": "            System.out.println(\"\\t before listing\");"
      },
      {
        "lineNumber": 39,
        "author": {
          "gitId": "NizarMohd"
        },
        "content": "            System.out.println(LINE);"
      },
      {
        "lineNumber": 40,
        "author": {
          "gitId": "NizarMohd"
        },
        "content": "            return;"
      },
      {
        "lineNumber": 41,
        "author": {
          "gitId": "NizarMohd"
        },
        "content": "        }"
      },
      {
        "lineNumber": 42,
        "author": {
          "gitId": "NizarMohd"
        },
        "content": "        int i \u003d 0;"
      },
      {
        "lineNumber": 43,
        "author": {
          "gitId": "NizarMohd"
        },
        "content": "        System.out.println(LINE);"
      },
      {
        "lineNumber": 44,
        "author": {
          "gitId": "NizarMohd"
        },
        "content": "        System.out.print(\"\\t Here are the tasks in your list:\\n\");"
      },
      {
        "lineNumber": 45,
        "author": {
          "gitId": "NizarMohd"
        },
        "content": "        for (i \u003d 0; i \u003c l1.size(); i++) {"
      },
      {
        "lineNumber": 46,
        "author": {
          "gitId": "NizarMohd"
        },
        "content": "            int count \u003d i + 1;"
      },
      {
        "lineNumber": 47,
        "author": {
          "gitId": "NizarMohd"
        },
        "content": "            Task temp \u003d l1.get(i);"
      },
      {
        "lineNumber": 48,
        "author": {
          "gitId": "NizarMohd"
        },
        "content": "            System.out.println(\"\\t \" + count +\".\"+ temp.getTaskDescription().trim());"
      },
      {
        "lineNumber": 49,
        "author": {
          "gitId": "NizarMohd"
        },
        "content": "        }"
      },
      {
        "lineNumber": 50,
        "author": {
          "gitId": "NizarMohd"
        },
        "content": "        System.out.println(LINE);"
      },
      {
        "lineNumber": 51,
        "author": {
          "gitId": "NizarMohd"
        },
        "content": "    }"
      },
      {
        "lineNumber": 52,
        "author": {
          "gitId": "NizarMohd"
        },
        "content": ""
      },
      {
        "lineNumber": 53,
        "author": {
          "gitId": "NizarMohd"
        },
        "content": "    public static void executeDone(String userIn, ArrayList\u003cTask\u003e l1) {"
      },
      {
        "lineNumber": 54,
        "author": {
          "gitId": "NizarMohd"
        },
        "content": "        String[] temp \u003d getCommand(userIn);"
      },
      {
        "lineNumber": 55,
        "author": {
          "gitId": "NizarMohd"
        },
        "content": "        if(temp.length\u003e1) {"
      },
      {
        "lineNumber": 56,
        "author": {
          "gitId": "NizarMohd"
        },
        "content": "            int number \u003d Integer.parseInt(temp[1]) - 1;"
      },
      {
        "lineNumber": 57,
        "author": {
          "gitId": "NizarMohd"
        },
        "content": "            if(number\u003e\u003dl1.size() || number\u003c\u003d0) {"
      },
      {
        "lineNumber": 58,
        "author": {
          "gitId": "NizarMohd"
        },
        "content": "                System.out.println(LINE);"
      },
      {
        "lineNumber": 59,
        "author": {
          "gitId": "NizarMohd"
        },
        "content": "                System.out.println(\"\\t Task number provided is not valid. Press \\\"list\\\"to see\");"
      },
      {
        "lineNumber": 60,
        "author": {
          "gitId": "NizarMohd"
        },
        "content": "                System.out.println(\"\\t the list of available task numbers\");"
      },
      {
        "lineNumber": 61,
        "author": {
          "gitId": "NizarMohd"
        },
        "content": "                System.out.println(LINE);"
      },
      {
        "lineNumber": 62,
        "author": {
          "gitId": "NizarMohd"
        },
        "content": "                return;"
      },
      {
        "lineNumber": 63,
        "author": {
          "gitId": "NizarMohd"
        },
        "content": "            }"
      },
      {
        "lineNumber": 64,
        "author": {
          "gitId": "NizarMohd"
        },
        "content": "            Task tempTask \u003d l1.get(number);"
      },
      {
        "lineNumber": 65,
        "author": {
          "gitId": "NizarMohd"
        },
        "content": "            tempTask.done();"
      },
      {
        "lineNumber": 66,
        "author": {
          "gitId": "NizarMohd"
        },
        "content": "            System.out.println(LINE);"
      },
      {
        "lineNumber": 67,
        "author": {
          "gitId": "NizarMohd"
        },
        "content": "            System.out.println(\"\\t Nice! I\u0027ve marked this task as done:\");"
      },
      {
        "lineNumber": 68,
        "author": {
          "gitId": "NizarMohd"
        },
        "content": "            System.out.println(\"\\t   \"+tempTask.getTaskDescription());"
      },
      {
        "lineNumber": 69,
        "author": {
          "gitId": "NizarMohd"
        },
        "content": "            System.out.println(LINE);"
      },
      {
        "lineNumber": 70,
        "author": {
          "gitId": "NizarMohd"
        },
        "content": "        }else{"
      },
      {
        "lineNumber": 71,
        "author": {
          "gitId": "NizarMohd"
        },
        "content": "            System.out.println(LINE);"
      },
      {
        "lineNumber": 72,
        "author": {
          "gitId": "NizarMohd"
        },
        "content": "            System.out.println(\"\\t Please enter the task number to be mark as done!\");"
      },
      {
        "lineNumber": 73,
        "author": {
          "gitId": "NizarMohd"
        },
        "content": "            System.out.println(LINE);"
      },
      {
        "lineNumber": 74,
        "author": {
          "gitId": "NizarMohd"
        },
        "content": "        }"
      },
      {
        "lineNumber": 75,
        "author": {
          "gitId": "NizarMohd"
        },
        "content": "    }"
      },
      {
        "lineNumber": 76,
        "author": {
          "gitId": "NizarMohd"
        },
        "content": ""
      },
      {
        "lineNumber": 77,
        "author": {
          "gitId": "NizarMohd"
        },
        "content": "    public static void updateTask(ArrayList\u003cTask\u003e l1, String userIn, String timing) {"
      },
      {
        "lineNumber": 78,
        "author": {
          "gitId": "NizarMohd"
        },
        "content": "        String[] temp\u003dgetCommand(userIn);"
      },
      {
        "lineNumber": 79,
        "author": {
          "gitId": "NizarMohd"
        },
        "content": "        String action\u003d\"\";"
      },
      {
        "lineNumber": 80,
        "author": {
          "gitId": "NizarMohd"
        },
        "content": "        boolean flip\u003dfalse;"
      },
      {
        "lineNumber": 81,
        "author": {
          "gitId": "NizarMohd"
        },
        "content": "        for(int i\u003d1; i\u003c(temp.length); i++) {"
      },
      {
        "lineNumber": 82,
        "author": {
          "gitId": "NizarMohd"
        },
        "content": "            if (temp[i].charAt(0) \u003d\u003d \u0027/\u0027) {"
      },
      {
        "lineNumber": 83,
        "author": {
          "gitId": "NizarMohd"
        },
        "content": "                flip\u003dtrue;"
      },
      {
        "lineNumber": 84,
        "author": {
          "gitId": "NizarMohd"
        },
        "content": "            }"
      },
      {
        "lineNumber": 85,
        "author": {
          "gitId": "NizarMohd"
        },
        "content": "            if(flip){"
      },
      {
        "lineNumber": 86,
        "author": {
          "gitId": "NizarMohd"
        },
        "content": "                timing +\u003d temp[i] + \" \";"
      },
      {
        "lineNumber": 87,
        "author": {
          "gitId": "NizarMohd"
        },
        "content": "            }else{"
      },
      {
        "lineNumber": 88,
        "author": {
          "gitId": "NizarMohd"
        },
        "content": "                action +\u003d temp[i] + \" \";"
      },
      {
        "lineNumber": 89,
        "author": {
          "gitId": "NizarMohd"
        },
        "content": "            }"
      },
      {
        "lineNumber": 90,
        "author": {
          "gitId": "NizarMohd"
        },
        "content": "        }"
      },
      {
        "lineNumber": 91,
        "author": {
          "gitId": "NizarMohd"
        },
        "content": "        action\u003daction.trim();"
      },
      {
        "lineNumber": 92,
        "author": {
          "gitId": "NizarMohd"
        },
        "content": "        timing\u003dtiming.trim();"
      },
      {
        "lineNumber": 93,
        "author": {
          "gitId": "NizarMohd"
        },
        "content": "        timing\u003dtiming.replace(\u0027/\u0027,\u0027 \u0027);"
      },
      {
        "lineNumber": 94,
        "author": {
          "gitId": "NizarMohd"
        },
        "content": "        if(!timing.equals(\"\")){"
      },
      {
        "lineNumber": 95,
        "author": {
          "gitId": "NizarMohd"
        },
        "content": "            timing+\u003d\")\";"
      },
      {
        "lineNumber": 96,
        "author": {
          "gitId": "NizarMohd"
        },
        "content": "        }"
      },
      {
        "lineNumber": 97,
        "author": {
          "gitId": "NizarMohd"
        },
        "content": "        Task task \u003d new Task(action, temp[0], timing);"
      },
      {
        "lineNumber": 98,
        "author": {
          "gitId": "NizarMohd"
        },
        "content": "        System.out.println(LINE);"
      },
      {
        "lineNumber": 99,
        "author": {
          "gitId": "NizarMohd"
        },
        "content": "        l1.add(task);"
      },
      {
        "lineNumber": 100,
        "author": {
          "gitId": "NizarMohd"
        },
        "content": "        System.out.println(\"\\t Got it. I\u0027ve added this task:\");"
      },
      {
        "lineNumber": 101,
        "author": {
          "gitId": "NizarMohd"
        },
        "content": "        System.out.println(\"\\t   \"+task.getTaskDescription());"
      },
      {
        "lineNumber": 102,
        "author": {
          "gitId": "NizarMohd"
        },
        "content": "        System.out.println(\"\\t Now you have \" + l1.size()+ \" tasks in the list.\");"
      },
      {
        "lineNumber": 103,
        "author": {
          "gitId": "NizarMohd"
        },
        "content": "        System.out.println(LINE);"
      },
      {
        "lineNumber": 104,
        "author": {
          "gitId": "NizarMohd"
        },
        "content": "    }"
      },
      {
        "lineNumber": 105,
        "author": {
          "gitId": "NizarMohd"
        },
        "content": ""
      },
      {
        "lineNumber": 106,
        "author": {
          "gitId": "NizarMohd"
        },
        "content": "    public static int validateCommand(String inCommand, ArrayList\u003cTask\u003e l1) {"
      },
      {
        "lineNumber": 107,
        "author": {
          "gitId": "NizarMohd"
        },
        "content": "        String[] userCommand \u003d getCommand(inCommand);"
      },
      {
        "lineNumber": 108,
        "author": {
          "gitId": "NizarMohd"
        },
        "content": "        int status;"
      },
      {
        "lineNumber": 109,
        "author": {
          "gitId": "NizarMohd"
        },
        "content": "        String timing\u003d\"\";"
      },
      {
        "lineNumber": 110,
        "author": {
          "gitId": "NizarMohd"
        },
        "content": "        switch (userCommand[0]) {"
      },
      {
        "lineNumber": 111,
        "author": {
          "gitId": "NizarMohd"
        },
        "content": "            case \"bye\":"
      },
      {
        "lineNumber": 112,
        "author": {
          "gitId": "NizarMohd"
        },
        "content": "                status \u003d 1;"
      },
      {
        "lineNumber": 113,
        "author": {
          "gitId": "NizarMohd"
        },
        "content": "                executeBye();"
      },
      {
        "lineNumber": 114,
        "author": {
          "gitId": "NizarMohd"
        },
        "content": "                break;"
      },
      {
        "lineNumber": 115,
        "author": {
          "gitId": "NizarMohd"
        },
        "content": "            case \"list\":"
      },
      {
        "lineNumber": 116,
        "author": {
          "gitId": "NizarMohd"
        },
        "content": "                status \u003d 2;"
      },
      {
        "lineNumber": 117,
        "author": {
          "gitId": "NizarMohd"
        },
        "content": "                executeList(l1);"
      },
      {
        "lineNumber": 118,
        "author": {
          "gitId": "NizarMohd"
        },
        "content": "                break;"
      },
      {
        "lineNumber": 119,
        "author": {
          "gitId": "NizarMohd"
        },
        "content": "            case \"done\":"
      },
      {
        "lineNumber": 120,
        "author": {
          "gitId": "NizarMohd"
        },
        "content": "                status \u003d 3;"
      },
      {
        "lineNumber": 121,
        "author": {
          "gitId": "NizarMohd"
        },
        "content": "                executeDone(inCommand,l1);"
      },
      {
        "lineNumber": 122,
        "author": {
          "gitId": "NizarMohd"
        },
        "content": "                break;"
      },
      {
        "lineNumber": 123,
        "author": {
          "gitId": "NizarMohd"
        },
        "content": "            case \"todo\":"
      },
      {
        "lineNumber": 124,
        "author": {
          "gitId": "NizarMohd"
        },
        "content": "                status \u003d 4;"
      },
      {
        "lineNumber": 125,
        "author": {
          "gitId": "NizarMohd"
        },
        "content": "                updateTask(l1, inCommand, timing);"
      },
      {
        "lineNumber": 126,
        "author": {
          "gitId": "NizarMohd"
        },
        "content": "                break;"
      },
      {
        "lineNumber": 127,
        "author": {
          "gitId": "NizarMohd"
        },
        "content": "            case \"deadline\":"
      },
      {
        "lineNumber": 128,
        "author": {
          "gitId": "NizarMohd"
        },
        "content": "                status \u003d 5;"
      },
      {
        "lineNumber": 129,
        "author": {
          "gitId": "NizarMohd"
        },
        "content": "                timing\u003d\"(by:\";"
      },
      {
        "lineNumber": 130,
        "author": {
          "gitId": "NizarMohd"
        },
        "content": "                updateTask(l1, inCommand, timing);"
      },
      {
        "lineNumber": 131,
        "author": {
          "gitId": "NizarMohd"
        },
        "content": "                break;"
      },
      {
        "lineNumber": 132,
        "author": {
          "gitId": "NizarMohd"
        },
        "content": "            case \"event\":"
      },
      {
        "lineNumber": 133,
        "author": {
          "gitId": "NizarMohd"
        },
        "content": "                status\u003d6;"
      },
      {
        "lineNumber": 134,
        "author": {
          "gitId": "NizarMohd"
        },
        "content": "                timing\u003d\"(at:\";"
      },
      {
        "lineNumber": 135,
        "author": {
          "gitId": "NizarMohd"
        },
        "content": "                updateTask(l1, inCommand, timing);"
      },
      {
        "lineNumber": 136,
        "author": {
          "gitId": "NizarMohd"
        },
        "content": "                break;"
      },
      {
        "lineNumber": 137,
        "author": {
          "gitId": "NizarMohd"
        },
        "content": "            case \"help\":"
      },
      {
        "lineNumber": 138,
        "author": {
          "gitId": "NizarMohd"
        },
        "content": "                status\u003d7;"
      },
      {
        "lineNumber": 139,
        "author": {
          "gitId": "NizarMohd"
        },
        "content": "                listCommands();"
      },
      {
        "lineNumber": 140,
        "author": {
          "gitId": "NizarMohd"
        },
        "content": "                break;"
      },
      {
        "lineNumber": 141,
        "author": {
          "gitId": "NizarMohd"
        },
        "content": "            default:"
      },
      {
        "lineNumber": 142,
        "author": {
          "gitId": "NizarMohd"
        },
        "content": "                status \u003d -1;"
      },
      {
        "lineNumber": 143,
        "author": {
          "gitId": "NizarMohd"
        },
        "content": "        }"
      },
      {
        "lineNumber": 144,
        "author": {
          "gitId": "NizarMohd"
        },
        "content": "        return status;"
      },
      {
        "lineNumber": 145,
        "author": {
          "gitId": "NizarMohd"
        },
        "content": "    }"
      },
      {
        "lineNumber": 146,
        "author": {
          "gitId": "NizarMohd"
        },
        "content": ""
      },
      {
        "lineNumber": 147,
        "author": {
          "gitId": "NizarMohd"
        },
        "content": "    public static void printWelcomeMessage() {"
      },
      {
        "lineNumber": 148,
        "author": {
          "gitId": "NizarMohd"
        },
        "content": "        String banner \u003d \"\\t~~~~~~~~~~~~~~~~~~~~~~~~~~~~~~~~~~~~~~~~~~~~~~~~~~~~~~~~~\\n\""
      },
      {
        "lineNumber": 149,
        "author": {
          "gitId": "NizarMohd"
        },
        "content": "                + \"\\t~~~~~~~~~~~~~~~~~~~~~~~~~~~~~~~~~~~~~~~~~~~~~~~~~~~~~~~~~\\n\""
      },
      {
        "lineNumber": 150,
        "author": {
          "gitId": "NizarMohd"
        },
        "content": "                + \"\\t~~~~~~~~~~~~~~~~~~~~~~~~~~~~~~~~~~~~~~~~~~~~~~~~~~~~~~~~~\\n\""
      },
      {
        "lineNumber": 151,
        "author": {
          "gitId": "NizarMohd"
        },
        "content": "                + \"\\t~~~~~~~~~~~~~~~~~~~~~~~~~~~~~~~~~~~~~~~~~~~~~~~~~~~~~~~~~\\n\""
      },
      {
        "lineNumber": 152,
        "author": {
          "gitId": "NizarMohd"
        },
        "content": "                + \"\\t~~~~~~~~~~~~~~~~~~~~~~~~~~~~~~~~~~~~~~~~~~~~~~~~~~~~~~~~~\\n\";"
      },
      {
        "lineNumber": 153,
        "author": {
          "gitId": "NizarMohd"
        },
        "content": "        String logo \u003d \"\\t~~~~~N N N N  N N N~~~I I I~~~N N N N  N N N~~~I I I~~~~~\\n\""
      },
      {
        "lineNumber": 154,
        "author": {
          "gitId": "NizarMohd"
        },
        "content": "                + \"\\t~~~~~N      N N   N~~~I   I~~~N      N N   N~~~I   I~~~~~\\n\""
      },
      {
        "lineNumber": 155,
        "author": {
          "gitId": "NizarMohd"
        },
        "content": "                + \"\\t~~~~~N   N   NN   N~~~I   I~~~N   N   NN   N~~~I   I~~~~~\\n\""
      },
      {
        "lineNumber": 156,
        "author": {
          "gitId": "NizarMohd"
        },
        "content": "                + \"\\t~~~~~N   NN   N   N~~~I   I~~~N   NN   N   N~~~I   I~~~~~\\n\""
      },
      {
        "lineNumber": 157,
        "author": {
          "gitId": "NizarMohd"
        },
        "content": "                + \"\\t~~~~~N   N N      N~~~I   I~~~N   N N      N~~~I   I~~~~~\\n\""
      },
      {
        "lineNumber": 158,
        "author": {
          "gitId": "NizarMohd"
        },
        "content": "                +\"\\t~~~~~N N N  N N N N~~~I I I~~~N N N  N N N N~~~I I I~~~~~\\n\";"
      },
      {
        "lineNumber": 159,
        "author": {
          "gitId": "NizarMohd"
        },
        "content": "        System.out.println(LINE);"
      },
      {
        "lineNumber": 160,
        "author": {
          "gitId": "NizarMohd"
        },
        "content": "        System.out.println(\"\\t\" + \"Hello from\\n\" + banner + logo + banner);"
      },
      {
        "lineNumber": 161,
        "author": {
          "gitId": "NizarMohd"
        },
        "content": "        System.out.println(\"\\t\" + \"What can I do for you?\");"
      },
      {
        "lineNumber": 162,
        "author": {
          "gitId": "NizarMohd"
        },
        "content": "        System.out.println(LINE);"
      },
      {
        "lineNumber": 163,
        "author": {
          "gitId": "NizarMohd"
        },
        "content": "    }"
      },
      {
        "lineNumber": 164,
        "author": {
          "gitId": "NizarMohd"
        },
        "content": ""
      },
      {
        "lineNumber": 165,
        "author": {
          "gitId": "-"
        },
        "content": "    public static void main(String[] args) {"
      },
      {
        "lineNumber": 166,
        "author": {
          "gitId": "NizarMohd"
        },
        "content": "        Scanner in \u003d new Scanner(System.in);"
      },
      {
        "lineNumber": 167,
        "author": {
          "gitId": "NizarMohd"
        },
        "content": "        ArrayList\u003cTask\u003e l1 \u003d new ArrayList\u003cTask\u003e();"
      },
      {
        "lineNumber": 168,
        "author": {
          "gitId": "NizarMohd"
        },
        "content": "        int status \u003d 0;"
      },
      {
        "lineNumber": 169,
        "author": {
          "gitId": "NizarMohd"
        },
        "content": "        printWelcomeMessage();"
      },
      {
        "lineNumber": 170,
        "author": {
          "gitId": "NizarMohd"
        },
        "content": "        while (status !\u003d 1) {"
      },
      {
        "lineNumber": 171,
        "author": {
          "gitId": "NizarMohd"
        },
        "content": "            String userIn \u003d in.nextLine();"
      },
      {
        "lineNumber": 172,
        "author": {
          "gitId": "NizarMohd"
        },
        "content": "            status \u003d validateCommand(userIn, l1);"
      },
      {
        "lineNumber": 173,
        "author": {
          "gitId": "NizarMohd"
        },
        "content": "            if(status\u003d\u003d-1) {"
      },
      {
        "lineNumber": 174,
        "author": {
          "gitId": "NizarMohd"
        },
        "content": "                throwException();"
      },
      {
        "lineNumber": 175,
        "author": {
          "gitId": "NizarMohd"
        },
        "content": "            }"
      },
      {
        "lineNumber": 176,
        "author": {
          "gitId": "NizarMohd"
        },
        "content": "        }"
      },
      {
        "lineNumber": 177,
        "author": {
          "gitId": "-"
        },
        "content": "    }"
      },
      {
        "lineNumber": 178,
        "author": {
          "gitId": "-"
        },
        "content": "}"
      }
    ],
    "authorContributionMap": {
      "NizarMohd": 174,
      "-": 4
    }
  },
  {
    "path": "src/main/java/Task.java",
    "fileType": "java",
    "lines": [
      {
        "lineNumber": 1,
        "author": {
          "gitId": "NizarMohd"
        },
        "content": "public class Task {"
      },
      {
        "lineNumber": 2,
        "author": {
          "gitId": "NizarMohd"
        },
        "content": "    protected String action;"
      },
      {
        "lineNumber": 3,
        "author": {
          "gitId": "NizarMohd"
        },
        "content": "    protected String type;"
      },
      {
        "lineNumber": 4,
        "author": {
          "gitId": "NizarMohd"
        },
        "content": "    protected String timing;"
      },
      {
        "lineNumber": 5,
        "author": {
          "gitId": "NizarMohd"
        },
        "content": "    protected boolean isDone;"
      },
      {
        "lineNumber": 6,
        "author": {
          "gitId": "NizarMohd"
        },
        "content": ""
      },
      {
        "lineNumber": 7,
        "author": {
          "gitId": "NizarMohd"
        },
        "content": "    public Task(String action, String type, String timing){"
      },
      {
        "lineNumber": 8,
        "author": {
          "gitId": "NizarMohd"
        },
        "content": "        this.action\u003daction;"
      },
      {
        "lineNumber": 9,
        "author": {
          "gitId": "NizarMohd"
        },
        "content": "        this.type\u003dtype;"
      },
      {
        "lineNumber": 10,
        "author": {
          "gitId": "NizarMohd"
        },
        "content": "        this.timing\u003dtiming;"
      },
      {
        "lineNumber": 11,
        "author": {
          "gitId": "NizarMohd"
        },
        "content": "        this.isDone\u003dfalse;"
      },
      {
        "lineNumber": 12,
        "author": {
          "gitId": "NizarMohd"
        },
        "content": "    }"
      },
      {
        "lineNumber": 13,
        "author": {
          "gitId": "NizarMohd"
        },
        "content": "    public String getStatus(){"
      },
      {
        "lineNumber": 14,
        "author": {
          "gitId": "NizarMohd"
        },
        "content": "        String temp\u003dthis.isDone ? \"\\u2713\" : \"\\u2718\";"
      },
      {
        "lineNumber": 15,
        "author": {
          "gitId": "NizarMohd"
        },
        "content": "        return temp;"
      },
      {
        "lineNumber": 16,
        "author": {
          "gitId": "NizarMohd"
        },
        "content": "    }"
      },
      {
        "lineNumber": 17,
        "author": {
          "gitId": "NizarMohd"
        },
        "content": "    public char getType(){"
      },
      {
        "lineNumber": 18,
        "author": {
          "gitId": "NizarMohd"
        },
        "content": "        char temp\u003dthis.type.charAt(0);"
      },
      {
        "lineNumber": 19,
        "author": {
          "gitId": "NizarMohd"
        },
        "content": "        temp\u003d(char)((int)(temp)-32);"
      },
      {
        "lineNumber": 20,
        "author": {
          "gitId": "NizarMohd"
        },
        "content": "        return temp;"
      },
      {
        "lineNumber": 21,
        "author": {
          "gitId": "NizarMohd"
        },
        "content": "    }"
      },
      {
        "lineNumber": 22,
        "author": {
          "gitId": "NizarMohd"
        },
        "content": "    public String getTaskDescription(){"
      },
      {
        "lineNumber": 23,
        "author": {
          "gitId": "NizarMohd"
        },
        "content": "        return (\"[\" + this.getType()+ \"][\" + this.getStatus()+ \"] \"+ this.action+\" \" + this.timing);"
      },
      {
        "lineNumber": 24,
        "author": {
          "gitId": "NizarMohd"
        },
        "content": "    }"
      },
      {
        "lineNumber": 25,
        "author": {
          "gitId": "NizarMohd"
        },
        "content": ""
      },
      {
        "lineNumber": 26,
        "author": {
          "gitId": "NizarMohd"
        },
        "content": "    public void done(){"
      },
      {
        "lineNumber": 27,
        "author": {
          "gitId": "NizarMohd"
        },
        "content": "        this.isDone\u003dtrue;"
      },
      {
        "lineNumber": 28,
        "author": {
          "gitId": "NizarMohd"
        },
        "content": "    }"
      },
      {
        "lineNumber": 29,
        "author": {
          "gitId": "NizarMohd"
        },
        "content": "}"
      }
    ],
    "authorContributionMap": {
      "NizarMohd": 29
    }
  }
]
