{
  "authorDailyContributionsMap": {
    "NizarMohd": [
      {
        "insertions": 36,
        "deletions": 6,
        "date": "2020-01-20",
        "commitResults": [
          {
            "hash": "128aaab168d058f467f6ab9d069d9d57564efe37",
            "messageTitle": "Duke with Level 1 increment",
            "messageBody": "",
            "insertions": 36,
            "deletions": 6
          }
        ]
      },
      {
        "insertions": 29,
        "deletions": 16,
        "date": "2020-01-22",
        "commitResults": [
          {
            "hash": "cc5cee13c01047b830199bd53159dd0a0295555f",
            "messageTitle": "Level 2 increment",
            "messageBody": "",
            "tags": [
              "Level-2,A-TextUiTesting"
            ],
            "insertions": 29,
            "deletions": 16
          }
        ]
      },
      {
        "insertions": 31,
        "deletions": 4,
        "date": "2020-01-26",
        "commitResults": [
          {
            "hash": "eda01720769f2b8c7531a0b93ee4f518630110ed",
            "messageTitle": "Level 3 Increment",
            "messageBody": "",
            "insertions": 31,
            "deletions": 4
          }
        ]
      },
      {
        "insertions": 21,
        "deletions": 5,
        "date": "2020-01-28",
        "commitResults": [
          {
            "hash": "0f45a03948bbbe05793005c4c9f708dbcc6bbe92",
            "messageTitle": "add Level 3 increment",
            "messageBody": "",
            "insertions": 21,
            "deletions": 5
          }
        ]
      },
      {
        "insertions": 14,
        "deletions": 18,
        "date": "2020-01-29",
        "commitResults": [
          {
            "hash": "29d5b84a45fb0c0385890aa1810fa86cfb13efb2",
            "messageTitle": "update Level 3",
            "messageBody": "",
            "tags": [
              "level-3"
            ],
            "insertions": 14,
            "deletions": 18
          }
        ]
      },
      {
        "insertions": 183,
        "deletions": 63,
        "date": "2020-02-01",
        "commitResults": [
          {
            "hash": "35c2d6de85e9eec7f4005c6c5c3d35384d179172",
            "messageTitle": "add level 4",
            "messageBody": "",
            "tags": [
              "Level-4"
            ],
            "insertions": 172,
            "deletions": 53
          },
          {
            "hash": "59647348e22cf39b7ddd57847efe359dc6f97370",
            "messageTitle": "Change Welcome Message",
            "messageBody": "",
            "tags": [
              "Level-4.2"
            ],
            "insertions": 11,
            "deletions": 10
          }
        ]
      },
      {
        "insertions": 17,
        "deletions": 11,
        "date": "2020-02-02",
        "commitResults": [
          {
            "hash": "de1dfd09fde17c954d6f0a57ed05c590a0721c3c",
            "messageTitle": "update level 4.3",
            "messageBody": "",
            "insertions": 17,
            "deletions": 11
          }
        ]
      },
      {
        "insertions": 209,
        "deletions": 110,
        "date": "2020-02-09",
        "commitResults": [
          {
            "hash": "3292df6d182ef95581db7ee57f6dbf67a27c4dd4",
            "messageTitle": "Implement Code Quality based on review",
            "messageBody": "",
            "tags": [
              "A-CodeQuality"
            ],
            "insertions": 197,
            "deletions": 105
          },
          {
            "hash": "74e3068a049144890aa8b564ddfd0b9ac5078535",
            "messageTitle": "add Level-5 increment",
            "messageBody": "",
            "insertions": 1,
            "deletions": 1
          },
          {
            "hash": "e427bf9cd76a5db101727d2b2095d60c0fe7cdd1",
            "messageTitle": "Implement Consistency within methods",
            "messageBody": "",
            "insertions": 6,
            "deletions": 0
          },
          {
            "hash": "ecbf1171c57defa85712434ca03d25ff156f8b10",
            "messageTitle": "add exception handling",
            "messageBody": "",
            "tags": [
              "Level-5",
              "A-Exceptions",
              "A-CodingStandard"
            ],
            "insertions": 5,
            "deletions": 4
          }
        ]
      },
      {
        "insertions": 41,
        "deletions": 40,
        "date": "2020-02-12",
        "commitResults": [
          {
            "hash": "7c431c55d91cad22b0ffe7279573fc57bba08c84",
            "messageTitle": "Automated Testing",
            "messageBody": "",
            "insertions": 14,
            "deletions": 0
          },
          {
            "hash": "ff0e2d83d42eee68c81e59acd00419f1c4d3b52f",
            "messageTitle": "Adjust Code",
            "messageBody": "",
            "tags": [
              "Level-5.2"
            ],
            "insertions": 4,
            "deletions": 6
          },
          {
            "hash": "7452101185bca0637f8d6fef6bdc7af74cf1e8d6",
            "messageTitle": "add runtest",
            "messageBody": "",
            "insertions": 23,
            "deletions": 0
          },
          {
            "hash": "82287e7088c6325158c137d7baded6c908d73f56",
            "messageTitle": "update Duke",
            "messageBody": "",
            "insertions": 0,
            "deletions": 34
          }
        ]
      }
    ]
  },
  "authorFinalContributionMap": {
    "NizarMohd": 303
  },
  "authorFileTypeContributionMap": {
    "NizarMohd": {
      "java": 266,
      "md": 0,
      "fxml": 0,
      "sh": 0,
      "bat": 23,
      "gradle": 0,
      "txt": 14
    }
  },
  "authorContributionVariance": {
    "NizarMohd": 4929.3438
  },
  "authorDisplayNameMap": {
    "NizarMohd": "CS2113T-T12-3 MOHA..ED H"
  }
}
