{
  "authorDailyContributionsMap": {
    "NizarMohd": [
      {
        "insertions": 36,
        "deletions": 6,
        "date": "2020-01-20",
        "commitResults": [
          {
            "hash": "128aaab168d058f467f6ab9d069d9d57564efe37",
            "messageTitle": "Duke with Level 1 increment",
            "messageBody": "",
            "insertions": 36,
            "deletions": 6
          }
        ]
      },
      {
        "insertions": 29,
        "deletions": 16,
        "date": "2020-01-22",
        "commitResults": [
          {
            "hash": "cc5cee13c01047b830199bd53159dd0a0295555f",
            "messageTitle": "Level 2 increment",
            "messageBody": "",
            "tags": [
              "Level-2,A-TextUiTesting"
            ],
            "insertions": 29,
            "deletions": 16
          }
        ]
      },
      {
        "insertions": 31,
        "deletions": 4,
        "date": "2020-01-26",
        "commitResults": [
          {
            "hash": "eda01720769f2b8c7531a0b93ee4f518630110ed",
            "messageTitle": "Level 3 Increment",
            "messageBody": "",
            "insertions": 31,
            "deletions": 4
          }
        ]
      },
      {
        "insertions": 21,
        "deletions": 5,
        "date": "2020-01-28",
        "commitResults": [
          {
            "hash": "0f45a03948bbbe05793005c4c9f708dbcc6bbe92",
            "messageTitle": "add Level 3 increment",
            "messageBody": "",
            "insertions": 21,
            "deletions": 5
          }
        ]
      },
      {
        "insertions": 14,
        "deletions": 18,
        "date": "2020-01-29",
        "commitResults": [
          {
            "hash": "29d5b84a45fb0c0385890aa1810fa86cfb13efb2",
            "messageTitle": "update Level 3",
            "messageBody": "",
            "tags": [
              "level-3"
            ],
            "insertions": 14,
            "deletions": 18
          }
        ]
      },
      {
        "insertions": 183,
        "deletions": 63,
        "date": "2020-02-01",
        "commitResults": [
          {
            "hash": "35c2d6de85e9eec7f4005c6c5c3d35384d179172",
            "messageTitle": "add level 4",
            "messageBody": "",
            "tags": [
              "Level-4"
            ],
            "insertions": 172,
            "deletions": 53
          },
          {
            "hash": "59647348e22cf39b7ddd57847efe359dc6f97370",
            "messageTitle": "Change Welcome Message",
            "messageBody": "",
            "tags": [
              "Level-4.2"
            ],
            "insertions": 11,
            "deletions": 10
          }
        ]
      },
      {
        "insertions": 17,
        "deletions": 11,
        "date": "2020-02-02",
        "commitResults": [
          {
            "hash": "de1dfd09fde17c954d6f0a57ed05c590a0721c3c",
            "messageTitle": "update level 4.3",
            "messageBody": "",
            "insertions": 17,
            "deletions": 11
          }
        ]
      },
      {
        "insertions": 209,
        "deletions": 110,
        "date": "2020-02-09",
        "commitResults": [
          {
            "hash": "3292df6d182ef95581db7ee57f6dbf67a27c4dd4",
            "messageTitle": "Implement Code Quality based on review",
            "messageBody": "",
            "tags": [
              "A-CodeQuality"
            ],
            "insertions": 197,
            "deletions": 105
          },
          {
            "hash": "74e3068a049144890aa8b564ddfd0b9ac5078535",
            "messageTitle": "add Level-5 increment",
            "messageBody": "",
            "insertions": 1,
            "deletions": 1
          },
          {
            "hash": "e427bf9cd76a5db101727d2b2095d60c0fe7cdd1",
            "messageTitle": "Implement Consistency within methods",
            "messageBody": "",
            "insertions": 6,
            "deletions": 0
          },
          {
            "hash": "ecbf1171c57defa85712434ca03d25ff156f8b10",
            "messageTitle": "add exception handling",
            "messageBody": "",
            "tags": [
              "Level-5",
              "A-Exceptions",
              "A-CodingStandard"
            ],
            "insertions": 5,
            "deletions": 4
          }
        ]
      },
      {
        "insertions": 186,
        "deletions": 90,
        "date": "2020-02-12",
        "commitResults": [
          {
            "hash": "7c431c55d91cad22b0ffe7279573fc57bba08c84",
            "messageTitle": "Automated Testing",
            "messageBody": "",
            "insertions": 14,
            "deletions": 0
          },
          {
            "hash": "ff0e2d83d42eee68c81e59acd00419f1c4d3b52f",
            "messageTitle": "Adjust Code",
            "messageBody": "",
            "tags": [
              "Level-5.2"
            ],
            "insertions": 4,
            "deletions": 6
          },
          {
            "hash": "7452101185bca0637f8d6fef6bdc7af74cf1e8d6",
            "messageTitle": "add runtest",
            "messageBody": "",
            "insertions": 23,
            "deletions": 0
          },
          {
            "hash": "82287e7088c6325158c137d7baded6c908d73f56",
            "messageTitle": "update Duke",
            "messageBody": "",
            "insertions": 0,
            "deletions": 34
          },
          {
            "hash": "b03fa569647f20ca8ae6170381b60d1f62146146",
            "messageTitle": "Add Level 6",
            "messageBody": "",
            "tags": [
              "Level-6"
            ],
            "insertions": 22,
            "deletions": 2
          },
          {
            "hash": "af586cffb6eef976b5460eb00fa19a96c5051341",
            "messageTitle": "Add Saving and Loading of File",
            "messageBody": "",
            "insertions": 123,
            "deletions": 48
          }
        ]
      },
      {
        "insertions": 1,
        "deletions": 1,
        "date": "2020-02-14",
        "commitResults": [
          {
            "hash": "b23e5c4529026c4b5739de647d8850f9902502f2",
            "messageTitle": "update gradle",
            "messageBody": "",
            "insertions": 1,
            "deletions": 1
          }
        ]
      },
      {
        "insertions": 1013,
        "deletions": 430,
        "date": "2020-02-21",
        "commitResults": [
          {
            "hash": "0ec39557de471a776ce771e0cbbd8cd106f0f1d9",
            "messageTitle": "add more OOP",
            "messageBody": "",
            "insertions": 261,
            "deletions": 296
          },
          {
            "hash": "0c1186a8c143a49753f35e461c396a45fd6817ca",
            "messageTitle": "add more OOP",
            "messageBody": "",
            "tags": [
              "A-MoreOOP"
            ],
            "insertions": 353,
            "deletions": 39
          },
          {
            "hash": "5026b1c4c2f9c5ecaf2a7938fcdccac5c21661f2",
            "messageTitle": "add find",
            "messageBody": "",
            "insertions": 4,
            "deletions": 0
          },
          {
            "hash": "260965f62c3dc0854708591c0d47e68c6622fa99",
            "messageTitle": "add changes to command",
            "messageBody": "",
            "tags": [
              "Level-9"
            ],
            "insertions": 67,
            "deletions": 37
          },
          {
            "hash": "202da0720bcc8edbc69f7e31b72ec1c7fc2d071d",
            "messageTitle": "Add JavaDoc Comments",
            "messageBody": "",
            "insertions": 182,
            "deletions": 23
          },
          {
            "hash": "bec8547d3e88597da39a29f86b73ce1b759e3500",
            "messageTitle": "Test User Guide",
            "messageBody": "",
            "insertions": 14,
            "deletions": 1
          },
          {
            "hash": "b001eeb105b73b81ac47c22af31a5b0c1d3a0f59",
            "messageTitle": "enhance exception handling and allow delete/done all",
            "messageBody": "",
            "insertions": 79,
            "deletions": 26
          },
          {
            "hash": "3e86976ee68dfc829c7e1962cb99eed76c5dd923",
            "messageTitle": "Add more Java Doc comments",
            "messageBody": "",
            "insertions": 52,
            "deletions": 7
          },
          {
            "hash": "06b87c31342dc2a054707487abf392897e902cbe",
            "messageTitle": "no message",
            "messageBody": "",
            "insertions": 1,
            "deletions": 1
          }
        ]
      },
      {
        "insertions": 61,
        "deletions": 19,
        "date": "2020-02-23",
        "commitResults": [
          {
            "hash": "703f82ebb83bbe1d7c3ab424b1b30c6e9107e02f",
            "messageTitle": "add changes to master",
            "messageBody": "",
            "insertions": 31,
            "deletions": 12
          },
          {
            "hash": "d32c89e4a306123d36de2ae5c877f725bdfe736d",
            "messageTitle": "rectify java doc comments",
            "messageBody": "",
            "insertions": 30,
            "deletions": 7
          }
        ]
      },
      {
        "insertions": 149,
        "deletions": 96,
        "date": "2020-02-25",
        "commitResults": [
          {
            "hash": "b0afdd73fbec19e7a4e3c458b4fec99384a12066",
            "messageTitle": "Modify Packages to Coding Standard",
            "messageBody": "",
            "tags": [
              "A-Packages"
            ],
            "insertions": 68,
            "deletions": 90
          },
          {
            "hash": "6a8292f641c6d02b177fbe357f0cccfe35f38464",
            "messageTitle": "Add Details on User Guide",
            "messageBody": "Not the final version",
            "insertions": 81,
            "deletions": 6
          }
        ]
      },
      {
        "insertions": 290,
        "deletions": 65,
        "date": "2020-02-26",
        "commitResults": [
          {
            "hash": "da74f538b68a94b9030fc64e69072c0691932580",
            "messageTitle": "update exception handling on missing data file",
            "messageBody": "",
            "insertions": 69,
            "deletions": 11
          },
          {
            "hash": "6a08742005ac27b7f2a18abf4b61ca6b777e3d96",
            "messageTitle": "User Guide for Nini V1.0",
            "messageBody": "",
            "insertions": 204,
            "deletions": 54
          },
          {
            "hash": "6e4121d231b1cb1c6edd4f671773d118ebc8febd",
            "messageTitle": "Update User Guide Draft",
            "messageBody": "NOT THE FINAL ONE",
            "tags": [
              "A-Jar-Test"
            ],
            "insertions": 17,
            "deletions": 0
          }
        ]
      },
      {
        "insertions": 234,
        "deletions": 116,
        "date": "2020-02-27",
        "commitResults": [
          {
            "hash": "446d768dc078a3900dda9793c5c6e91f4752dc48",
            "messageTitle": "User Guide for Nini V1.0",
            "messageBody": "",
            "insertions": 21,
            "deletions": 20
          },
          {
            "hash": "817705d18467b9f633d70122743a9901e44a76cc",
            "messageTitle": "Update User Guide",
            "messageBody": "",
            "insertions": 9,
            "deletions": 0
          },
          {
            "hash": "c1420865ae8c5cc2fbd2e0121df8ce364ad7712d",
            "messageTitle": "Update User Guide",
            "messageBody": "",
            "insertions": 3,
            "deletions": 3
          },
          {
            "hash": "19c826f07ab4463166d48962b815a96555a808c3",
            "messageTitle": "Update User Guide",
            "messageBody": "",
            "insertions": 1,
            "deletions": 1
          },
          {
            "hash": "c3a122d4c87e6440a3fe7bb93913190f2b215627",
            "messageTitle": "Update User Guide",
            "messageBody": "",
            "insertions": 5,
            "deletions": 5
          },
          {
            "hash": "73dedfef43e4d6172e759550023bb8ed942f1bed",
            "messageTitle": "Update User Guide",
            "messageBody": "",
            "insertions": 1,
            "deletions": 1
          },
          {
            "hash": "8c4b2e9f901653f18b9251de7ed98131f520e828",
            "messageTitle": "Update User Guide",
            "messageBody": "",
            "insertions": 4,
            "deletions": 0
          },
          {
            "hash": "d21924cea7cd954a27deeef774897f2dfd920d0e",
            "messageTitle": "Update Duke and User Guide",
            "messageBody": "",
            "insertions": 190,
            "deletions": 86
          }
        ]
      },
      {
        "insertions": 308,
        "deletions": 221,
        "date": "2020-02-28",
        "commitResults": [
          {
            "hash": "6b8eef4d685348da1842b8aa068ce4e8d253e28a",
            "messageTitle": "Instate Nini V2.0 (support ASCII only)",
            "messageBody": "",
            "insertions": 56,
            "deletions": 58
          },
          {
            "hash": "d1f3f8ec4eeaf645bb2fae4a07b93f6d6b3e11ea",
            "messageTitle": "Add exception handling on delimiter usage",
            "messageBody": "",
            "insertions": 7,
            "deletions": 2
          },
          {
            "hash": "b6e38bfc80dcecb709d07db6374027a0b621dea6",
            "messageTitle": "Add Javadoc for all methods and constructors",
            "messageBody": "",
            "tags": [
              "A-JavaDoc"
            ],
            "insertions": 224,
            "deletions": 139
          },
          {
            "hash": "6423861dc4e39ef6d6b0ee8bb7e8eeb5b48254fb",
            "messageTitle": "Update USer Guide",
            "messageBody": "",
            "insertions": 1,
            "deletions": 1
          },
          {
            "hash": "a9c5ab0e876c932868af4f82eca48683ebd399b2",
            "messageTitle": "Update User Guide based on new Nini",
            "messageBody": "",
            "insertions": 16,
            "deletions": 21
          },
          {
            "hash": "5da58e1a5ed500956c331d5b54d72eaaa1a558d6",
            "messageTitle": "Update User Guide",
            "messageBody": "",
            "insertions": 4,
            "deletions": 0
          }
        ]
      },
      {
        "insertions": 109,
        "deletions": 94,
        "date": "2020-02-29",
        "commitResults": [
          {
            "hash": "9ebec9b4e16a250778353a371e65b349ddfdf59f",
            "messageTitle": "ensure output is within standard length",
            "messageBody": "",
            "insertions": 91,
            "deletions": 41
          },
          {
            "hash": "41a689dc87bd79525e08121cb3655ea7888797c3",
            "messageTitle": "Add minor change",
            "messageBody": "",
            "insertions": 2,
            "deletions": 2
          },
          {
            "hash": "b19386d97971a718677f901e88841e74798fad01",
            "messageTitle": "Remove WrongCommand class",
            "messageBody": "",
            "insertions": 6,
            "deletions": 41
          },
          {
            "hash": "e66e5c413c31224917b1b6efb38ba3e8778a1fc2",
            "messageTitle": "add minor change",
            "messageBody": "",
            "insertions": 2,
            "deletions": 2
          },
          {
            "hash": "d7097dff4e08ae06c34d6b64fdda682a0cceeb89",
            "messageTitle": "add minor change",
            "messageBody": "",
            "insertions": 2,
            "deletions": 2
          },
          {
            "hash": "cc41b1508e8dba02c2ab2b4dcf24f6b1e4add3c6",
            "messageTitle": "add minor changes",
            "messageBody": "",
            "insertions": 6,
            "deletions": 6
          }
        ]
      }
    ]
  },
  "authorFinalContributionMap": {
    "NizarMohd": 1522
  },
  "authorFileTypeContributionMap": {
    "NizarMohd": {
      "java": 1226,
      "md": 265,
      "fxml": 0,
      "sh": 0,
      "bat": 17,
      "gradle": 14,
      "txt": 0
    }
  },
  "authorContributionVariance": {
    "NizarMohd": 53892.47
  },
  "authorDisplayNameMap": {
    "NizarMohd": "CS2113T-T12-3 MOHA..ED H"
  }
}
