[
  {
    "path": "src/main/java/Deadline.java",
    "fileType": "java",
    "lines": [
      {
        "lineNumber": 1,
        "author": {
          "gitId": "lowjiayee"
        },
        "content": "public class Deadline extends Task {"
      },
      {
        "lineNumber": 2,
        "author": {
          "gitId": "lowjiayee"
        },
        "content": "    protected String by;"
      },
      {
        "lineNumber": 3,
        "author": {
          "gitId": "lowjiayee"
        },
        "content": ""
      },
      {
        "lineNumber": 4,
        "author": {
          "gitId": "lowjiayee"
        },
        "content": "    public Deadline(String description, String by) {"
      },
      {
        "lineNumber": 5,
        "author": {
          "gitId": "lowjiayee"
        },
        "content": "        super(description);"
      },
      {
        "lineNumber": 6,
        "author": {
          "gitId": "lowjiayee"
        },
        "content": "        setType(\u0027D\u0027);"
      },
      {
        "lineNumber": 7,
        "author": {
          "gitId": "lowjiayee"
        },
        "content": "        setBy(by);"
      },
      {
        "lineNumber": 8,
        "author": {
          "gitId": "lowjiayee"
        },
        "content": "    }"
      },
      {
        "lineNumber": 9,
        "author": {
          "gitId": "lowjiayee"
        },
        "content": ""
      },
      {
        "lineNumber": 10,
        "author": {
          "gitId": "lowjiayee"
        },
        "content": "    public String getBy() {"
      },
      {
        "lineNumber": 11,
        "author": {
          "gitId": "lowjiayee"
        },
        "content": "        return by;"
      },
      {
        "lineNumber": 12,
        "author": {
          "gitId": "lowjiayee"
        },
        "content": "    }"
      },
      {
        "lineNumber": 13,
        "author": {
          "gitId": "lowjiayee"
        },
        "content": ""
      },
      {
        "lineNumber": 14,
        "author": {
          "gitId": "lowjiayee"
        },
        "content": "    public void setBy(String by) {"
      },
      {
        "lineNumber": 15,
        "author": {
          "gitId": "lowjiayee"
        },
        "content": "        this.by \u003d by;"
      },
      {
        "lineNumber": 16,
        "author": {
          "gitId": "lowjiayee"
        },
        "content": "    }"
      },
      {
        "lineNumber": 17,
        "author": {
          "gitId": "lowjiayee"
        },
        "content": ""
      },
      {
        "lineNumber": 18,
        "author": {
          "gitId": "lowjiayee"
        },
        "content": "    @Override"
      },
      {
        "lineNumber": 19,
        "author": {
          "gitId": "lowjiayee"
        },
        "content": "    public String toString() {"
      },
      {
        "lineNumber": 20,
        "author": {
          "gitId": "lowjiayee"
        },
        "content": "        return super.toString() + \" (by: \" + getBy() + \")\";"
      },
      {
        "lineNumber": 21,
        "author": {
          "gitId": "lowjiayee"
        },
        "content": "    }"
      },
      {
        "lineNumber": 22,
        "author": {
          "gitId": "lowjiayee"
        },
        "content": "}"
      }
    ],
    "authorContributionMap": {
      "lowjiayee": 22
    }
  },
  {
    "path": "src/main/java/Duke.java",
    "fileType": "java",
    "lines": [
      {
        "lineNumber": 1,
        "author": {
          "gitId": "-"
        },
        "content": "import java.io.IOException;"
      },
      {
        "lineNumber": 2,
        "author": {
          "gitId": "lowjiayee"
        },
        "content": ""
      },
      {
        "lineNumber": 3,
        "author": {
          "gitId": "-"
        },
        "content": "public class Duke {"
      },
      {
        "lineNumber": 4,
        "author": {
          "gitId": "lowjiayee"
        },
        "content": "    private Parser io;"
      },
      {
        "lineNumber": 5,
        "author": {
          "gitId": "lowjiayee"
        },
        "content": "    private Storage storage;"
      },
      {
        "lineNumber": 6,
        "author": {
          "gitId": "lowjiayee"
        },
        "content": "    private TaskList tasks;"
      },
      {
        "lineNumber": 7,
        "author": {
          "gitId": "lowjiayee"
        },
        "content": "    private Ui ui;"
      },
      {
        "lineNumber": 8,
        "author": {
          "gitId": "lowjiayee"
        },
        "content": ""
      },
      {
        "lineNumber": 9,
        "author": {
          "gitId": "lowjiayee"
        },
        "content": "    public Duke(String filepath) {"
      },
      {
        "lineNumber": 10,
        "author": {
          "gitId": "-"
        },
        "content": "        System.out.println(\"Initialising...\");"
      },
      {
        "lineNumber": 11,
        "author": {
          "gitId": "lowjiayee"
        },
        "content": ""
      },
      {
        "lineNumber": 12,
        "author": {
          "gitId": "lowjiayee"
        },
        "content": "        io \u003d new Parser();"
      },
      {
        "lineNumber": 13,
        "author": {
          "gitId": "lowjiayee"
        },
        "content": "        tasks \u003d new TaskList();"
      },
      {
        "lineNumber": 14,
        "author": {
          "gitId": "lowjiayee"
        },
        "content": "        storage \u003d new Storage(\"./data/duke.txt\", tasks);"
      },
      {
        "lineNumber": 15,
        "author": {
          "gitId": "lowjiayee"
        },
        "content": "        ui \u003d new Ui();"
      },
      {
        "lineNumber": 16,
        "author": {
          "gitId": "lowjiayee"
        },
        "content": "    }"
      },
      {
        "lineNumber": 17,
        "author": {
          "gitId": "lowjiayee"
        },
        "content": ""
      },
      {
        "lineNumber": 18,
        "author": {
          "gitId": "lowjiayee"
        },
        "content": "    public void run() {"
      },
      {
        "lineNumber": 19,
        "author": {
          "gitId": "lowjiayee"
        },
        "content": "        String[] command \u003d new String[2];"
      },
      {
        "lineNumber": 20,
        "author": {
          "gitId": "lowjiayee"
        },
        "content": "        String taskType;"
      },
      {
        "lineNumber": 21,
        "author": {
          "gitId": "lowjiayee"
        },
        "content": "        String taskDescription;"
      },
      {
        "lineNumber": 22,
        "author": {
          "gitId": "lowjiayee"
        },
        "content": "        String[] taskDescriptionArgs;"
      },
      {
        "lineNumber": 23,
        "author": {
          "gitId": "lowjiayee"
        },
        "content": "        String taskDescriptionBy;"
      },
      {
        "lineNumber": 24,
        "author": {
          "gitId": "lowjiayee"
        },
        "content": "        String taskDescriptionAt;"
      },
      {
        "lineNumber": 25,
        "author": {
          "gitId": "lowjiayee"
        },
        "content": "        int indexOfTasks;"
      },
      {
        "lineNumber": 26,
        "author": {
          "gitId": "lowjiayee"
        },
        "content": ""
      },
      {
        "lineNumber": 27,
        "author": {
          "gitId": "lowjiayee"
        },
        "content": "        ui.showWelcome(\"Duke\");"
      },
      {
        "lineNumber": 28,
        "author": {
          "gitId": "-"
        },
        "content": ""
      },
      {
        "lineNumber": 29,
        "author": {
          "gitId": "lowjiayee"
        },
        "content": "        do {"
      },
      {
        "lineNumber": 30,
        "author": {
          "gitId": "lowjiayee"
        },
        "content": "            command \u003d io.readUserInput();"
      },
      {
        "lineNumber": 31,
        "author": {
          "gitId": "lowjiayee"
        },
        "content": "            taskType \u003d command[0];"
      },
      {
        "lineNumber": 32,
        "author": {
          "gitId": "lowjiayee"
        },
        "content": "            taskDescription \u003d command[1];"
      },
      {
        "lineNumber": 33,
        "author": {
          "gitId": "lowjiayee"
        },
        "content": "            ui.showLine();"
      },
      {
        "lineNumber": 34,
        "author": {
          "gitId": "lowjiayee"
        },
        "content": ""
      },
      {
        "lineNumber": 35,
        "author": {
          "gitId": "lowjiayee"
        },
        "content": "            try {"
      },
      {
        "lineNumber": 36,
        "author": {
          "gitId": "lowjiayee"
        },
        "content": "                switch (taskType) {"
      },
      {
        "lineNumber": 37,
        "author": {
          "gitId": "lowjiayee"
        },
        "content": "                case \"bye\":"
      },
      {
        "lineNumber": 38,
        "author": {
          "gitId": "lowjiayee"
        },
        "content": "                    // close the interpreter"
      },
      {
        "lineNumber": 39,
        "author": {
          "gitId": "lowjiayee"
        },
        "content": "                    System.out.println(\"\\tBye. Hope to see you again soon!\");"
      },
      {
        "lineNumber": 40,
        "author": {
          "gitId": "lowjiayee"
        },
        "content": "                    storage.store();"
      },
      {
        "lineNumber": 41,
        "author": {
          "gitId": "lowjiayee"
        },
        "content": "                    break;"
      },
      {
        "lineNumber": 42,
        "author": {
          "gitId": "lowjiayee"
        },
        "content": "                case \"list\":"
      },
      {
        "lineNumber": 43,
        "author": {
          "gitId": "lowjiayee"
        },
        "content": "                    tasks.list();"
      },
      {
        "lineNumber": 44,
        "author": {
          "gitId": "lowjiayee"
        },
        "content": "                    break;"
      },
      {
        "lineNumber": 45,
        "author": {
          "gitId": "lowjiayee"
        },
        "content": "                case \"todo\":"
      },
      {
        "lineNumber": 46,
        "author": {
          "gitId": "lowjiayee"
        },
        "content": "                    if (taskDescription \u003d\u003d null || taskDescription.isEmpty() || taskDescription.isBlank()) {"
      },
      {
        "lineNumber": 47,
        "author": {
          "gitId": "lowjiayee"
        },
        "content": "                        throw new NoDescriptionException();"
      },
      {
        "lineNumber": 48,
        "author": {
          "gitId": "lowjiayee"
        },
        "content": "                    }"
      },
      {
        "lineNumber": 49,
        "author": {
          "gitId": "lowjiayee"
        },
        "content": "                    tasks.add(new ToDo(taskDescription));"
      },
      {
        "lineNumber": 50,
        "author": {
          "gitId": "lowjiayee"
        },
        "content": "                    break;"
      },
      {
        "lineNumber": 51,
        "author": {
          "gitId": "lowjiayee"
        },
        "content": "                case \"deadline\":"
      },
      {
        "lineNumber": 52,
        "author": {
          "gitId": "lowjiayee"
        },
        "content": "                    if (taskDescription \u003d\u003d null || taskDescription.isEmpty() || taskDescription.isBlank()) {"
      },
      {
        "lineNumber": 53,
        "author": {
          "gitId": "lowjiayee"
        },
        "content": "                        throw new NoDescriptionException();"
      },
      {
        "lineNumber": 54,
        "author": {
          "gitId": "lowjiayee"
        },
        "content": "                    }"
      },
      {
        "lineNumber": 55,
        "author": {
          "gitId": "lowjiayee"
        },
        "content": "                    taskDescriptionArgs \u003d processArgs(taskDescription);"
      },
      {
        "lineNumber": 56,
        "author": {
          "gitId": "lowjiayee"
        },
        "content": "                    taskDescription \u003d taskDescriptionArgs[0];"
      },
      {
        "lineNumber": 57,
        "author": {
          "gitId": "lowjiayee"
        },
        "content": "                    taskDescriptionBy \u003d taskDescriptionArgs[1];"
      },
      {
        "lineNumber": 58,
        "author": {
          "gitId": "lowjiayee"
        },
        "content": "                    tasks.add(new Deadline(taskDescription, taskDescriptionBy));"
      },
      {
        "lineNumber": 59,
        "author": {
          "gitId": "lowjiayee"
        },
        "content": "                    break;"
      },
      {
        "lineNumber": 60,
        "author": {
          "gitId": "lowjiayee"
        },
        "content": "                case \"event\":"
      },
      {
        "lineNumber": 61,
        "author": {
          "gitId": "lowjiayee"
        },
        "content": "                    if (taskDescription \u003d\u003d null || taskDescription.isEmpty() || taskDescription.isBlank()) {"
      },
      {
        "lineNumber": 62,
        "author": {
          "gitId": "lowjiayee"
        },
        "content": "                        throw new NoDescriptionException();"
      },
      {
        "lineNumber": 63,
        "author": {
          "gitId": "lowjiayee"
        },
        "content": "                    }"
      },
      {
        "lineNumber": 64,
        "author": {
          "gitId": "lowjiayee"
        },
        "content": "                    taskDescriptionArgs \u003d processArgs(taskDescription);"
      },
      {
        "lineNumber": 65,
        "author": {
          "gitId": "lowjiayee"
        },
        "content": "                    taskDescription \u003d taskDescriptionArgs[0];"
      },
      {
        "lineNumber": 66,
        "author": {
          "gitId": "lowjiayee"
        },
        "content": "                    taskDescriptionAt \u003d taskDescriptionArgs[1];"
      },
      {
        "lineNumber": 67,
        "author": {
          "gitId": "lowjiayee"
        },
        "content": "                    tasks.add(new Event(taskDescription, taskDescriptionAt));"
      },
      {
        "lineNumber": 68,
        "author": {
          "gitId": "lowjiayee"
        },
        "content": "                    break;"
      },
      {
        "lineNumber": 69,
        "author": {
          "gitId": "lowjiayee"
        },
        "content": "                case \"done\":"
      },
      {
        "lineNumber": 70,
        "author": {
          "gitId": "lowjiayee"
        },
        "content": "                    // mark a task as done"
      },
      {
        "lineNumber": 71,
        "author": {
          "gitId": "lowjiayee"
        },
        "content": "                    indexOfTasks \u003d Integer.parseInt(command[1]) - 1;"
      },
      {
        "lineNumber": 72,
        "author": {
          "gitId": "lowjiayee"
        },
        "content": "                    tasks.setDoneByIndex(indexOfTasks);"
      },
      {
        "lineNumber": 73,
        "author": {
          "gitId": "lowjiayee"
        },
        "content": "                    System.out.println(\"\\tNice! I\u0027ve marked this task as done:\");"
      },
      {
        "lineNumber": 74,
        "author": {
          "gitId": "lowjiayee"
        },
        "content": "                    System.out.println(\"\\t\" + tasks.getByIndex(indexOfTasks));"
      },
      {
        "lineNumber": 75,
        "author": {
          "gitId": "lowjiayee"
        },
        "content": "                    break;"
      },
      {
        "lineNumber": 76,
        "author": {
          "gitId": "lowjiayee"
        },
        "content": "                case \"delete\":"
      },
      {
        "lineNumber": 77,
        "author": {
          "gitId": "lowjiayee"
        },
        "content": "                    indexOfTasks \u003d Integer.parseInt(command[1]) - 1;"
      },
      {
        "lineNumber": 78,
        "author": {
          "gitId": "lowjiayee"
        },
        "content": "                    Task removedTask \u003d tasks.getByIndex(indexOfTasks);"
      },
      {
        "lineNumber": 79,
        "author": {
          "gitId": "lowjiayee"
        },
        "content": "                    tasks.removeByIndex(indexOfTasks);"
      },
      {
        "lineNumber": 80,
        "author": {
          "gitId": "lowjiayee"
        },
        "content": "                    System.out.println(\"\\tNoted. I\u0027ve removed this task:\");"
      },
      {
        "lineNumber": 81,
        "author": {
          "gitId": "lowjiayee"
        },
        "content": "                    System.out.println(\"\\t  \" + removedTask);"
      },
      {
        "lineNumber": 82,
        "author": {
          "gitId": "lowjiayee"
        },
        "content": "                    tasks.printSize();"
      },
      {
        "lineNumber": 83,
        "author": {
          "gitId": "lowjiayee"
        },
        "content": "                    break;"
      },
      {
        "lineNumber": 84,
        "author": {
          "gitId": "lowjiayee"
        },
        "content": "                default:"
      },
      {
        "lineNumber": 85,
        "author": {
          "gitId": "lowjiayee"
        },
        "content": "                    throw new IllegalArgumentException();"
      },
      {
        "lineNumber": 86,
        "author": {
          "gitId": "lowjiayee"
        },
        "content": "                }"
      },
      {
        "lineNumber": 87,
        "author": {
          "gitId": "lowjiayee"
        },
        "content": "            } catch (NoDescriptionException m) {"
      },
      {
        "lineNumber": 88,
        "author": {
          "gitId": "lowjiayee"
        },
        "content": "                System.out.println(\"\\t \\u2639 OOPS!!! The description of a \" + taskType + \" cannot be empty.\");"
      },
      {
        "lineNumber": 89,
        "author": {
          "gitId": "lowjiayee"
        },
        "content": "            } catch (IllegalArgumentException m) {"
      },
      {
        "lineNumber": 90,
        "author": {
          "gitId": "lowjiayee"
        },
        "content": "                System.out.println(\"\\t \\u2639 OOPS!!! I\u0027m sorry, but I don\u0027t know what that means :-(\");"
      },
      {
        "lineNumber": 91,
        "author": {
          "gitId": "lowjiayee"
        },
        "content": "            } catch (IndexOutOfBoundsException m) {"
      },
      {
        "lineNumber": 92,
        "author": {
          "gitId": "lowjiayee"
        },
        "content": "                System.out.println(\"\\t \\u2639 OOPS!!! \" + m);"
      },
      {
        "lineNumber": 93,
        "author": {
          "gitId": "-"
        },
        "content": "            } catch (IOException m) {"
      },
      {
        "lineNumber": 94,
        "author": {
          "gitId": "-"
        },
        "content": "                System.out.println(m);"
      },
      {
        "lineNumber": 95,
        "author": {
          "gitId": "lowjiayee"
        },
        "content": "            }"
      },
      {
        "lineNumber": 96,
        "author": {
          "gitId": "lowjiayee"
        },
        "content": "            ui.showLine();"
      },
      {
        "lineNumber": 97,
        "author": {
          "gitId": "lowjiayee"
        },
        "content": "        } while (!taskType.equals(\"bye\"));"
      },
      {
        "lineNumber": 98,
        "author": {
          "gitId": "-"
        },
        "content": ""
      },
      {
        "lineNumber": 99,
        "author": {
          "gitId": "-"
        },
        "content": "        try {"
      },
      {
        "lineNumber": 100,
        "author": {
          "gitId": "lowjiayee"
        },
        "content": "            storage.close();"
      },
      {
        "lineNumber": 101,
        "author": {
          "gitId": "-"
        },
        "content": "        } catch (IOException e) {"
      },
      {
        "lineNumber": 102,
        "author": {
          "gitId": "-"
        },
        "content": "            System.out.println(e);"
      },
      {
        "lineNumber": 103,
        "author": {
          "gitId": "-"
        },
        "content": "        }"
      },
      {
        "lineNumber": 104,
        "author": {
          "gitId": "lowjiayee"
        },
        "content": "    }"
      },
      {
        "lineNumber": 105,
        "author": {
          "gitId": "lowjiayee"
        },
        "content": ""
      },
      {
        "lineNumber": 106,
        "author": {
          "gitId": "lowjiayee"
        },
        "content": "    private String[] processArgs(String s) {"
      },
      {
        "lineNumber": 107,
        "author": {
          "gitId": "lowjiayee"
        },
        "content": "        String[] tokens \u003d new String[2];"
      },
      {
        "lineNumber": 108,
        "author": {
          "gitId": "lowjiayee"
        },
        "content": "        if (s.indexOf(\u0027/\u0027) \u003d\u003d -1) {"
      },
      {
        "lineNumber": 109,
        "author": {
          "gitId": "lowjiayee"
        },
        "content": "            tokens[0] \u003d s.trim();"
      },
      {
        "lineNumber": 110,
        "author": {
          "gitId": "lowjiayee"
        },
        "content": "            tokens[1] \u003d \"\";"
      },
      {
        "lineNumber": 111,
        "author": {
          "gitId": "lowjiayee"
        },
        "content": "        } else {"
      },
      {
        "lineNumber": 112,
        "author": {
          "gitId": "lowjiayee"
        },
        "content": "            tokens \u003d s.split(\"/\");"
      },
      {
        "lineNumber": 113,
        "author": {
          "gitId": "lowjiayee"
        },
        "content": "            tokens[0] \u003d tokens[0].trim();"
      },
      {
        "lineNumber": 114,
        "author": {
          "gitId": "lowjiayee"
        },
        "content": "            int indexAfterSpace \u003d tokens[1].indexOf(\u0027 \u0027) + 1;"
      },
      {
        "lineNumber": 115,
        "author": {
          "gitId": "lowjiayee"
        },
        "content": "            if (indexAfterSpace \u003d\u003d 0) {"
      },
      {
        "lineNumber": 116,
        "author": {
          "gitId": "lowjiayee"
        },
        "content": "                // if nothing after /??"
      },
      {
        "lineNumber": 117,
        "author": {
          "gitId": "lowjiayee"
        },
        "content": "                tokens[1] \u003d \"\";"
      },
      {
        "lineNumber": 118,
        "author": {
          "gitId": "lowjiayee"
        },
        "content": "            } else {"
      },
      {
        "lineNumber": 119,
        "author": {
          "gitId": "lowjiayee"
        },
        "content": "                tokens[1] \u003d tokens[1].substring(indexAfterSpace);"
      },
      {
        "lineNumber": 120,
        "author": {
          "gitId": "lowjiayee"
        },
        "content": "            }"
      },
      {
        "lineNumber": 121,
        "author": {
          "gitId": "lowjiayee"
        },
        "content": "        }"
      },
      {
        "lineNumber": 122,
        "author": {
          "gitId": "lowjiayee"
        },
        "content": "        return tokens;"
      },
      {
        "lineNumber": 123,
        "author": {
          "gitId": "lowjiayee"
        },
        "content": "    }"
      },
      {
        "lineNumber": 124,
        "author": {
          "gitId": "lowjiayee"
        },
        "content": ""
      },
      {
        "lineNumber": 125,
        "author": {
          "gitId": "-"
        },
        "content": "    public static void main(String[] args) {"
      },
      {
        "lineNumber": 126,
        "author": {
          "gitId": "lowjiayee"
        },
        "content": "        new Duke(\"./data/duke.txt\").run();"
      },
      {
        "lineNumber": 127,
        "author": {
          "gitId": "-"
        },
        "content": "    }"
      },
      {
        "lineNumber": 128,
        "author": {
          "gitId": "-"
        },
        "content": "}"
      }
    ],
    "authorContributionMap": {
      "lowjiayee": 114,
      "-": 14
    }
  },
  {
    "path": "src/main/java/Event.java",
    "fileType": "java",
    "lines": [
      {
        "lineNumber": 1,
        "author": {
          "gitId": "lowjiayee"
        },
        "content": "public class Event extends Task {"
      },
      {
        "lineNumber": 2,
        "author": {
          "gitId": "lowjiayee"
        },
        "content": "    protected String at;"
      },
      {
        "lineNumber": 3,
        "author": {
          "gitId": "lowjiayee"
        },
        "content": ""
      },
      {
        "lineNumber": 4,
        "author": {
          "gitId": "lowjiayee"
        },
        "content": "    public Event(String description, String at) {"
      },
      {
        "lineNumber": 5,
        "author": {
          "gitId": "lowjiayee"
        },
        "content": "        super(description);"
      },
      {
        "lineNumber": 6,
        "author": {
          "gitId": "lowjiayee"
        },
        "content": "        setType(\u0027E\u0027);"
      },
      {
        "lineNumber": 7,
        "author": {
          "gitId": "lowjiayee"
        },
        "content": "        setAt(at);"
      },
      {
        "lineNumber": 8,
        "author": {
          "gitId": "lowjiayee"
        },
        "content": "    }"
      },
      {
        "lineNumber": 9,
        "author": {
          "gitId": "lowjiayee"
        },
        "content": ""
      },
      {
        "lineNumber": 10,
        "author": {
          "gitId": "lowjiayee"
        },
        "content": "    public String getAt() {"
      },
      {
        "lineNumber": 11,
        "author": {
          "gitId": "lowjiayee"
        },
        "content": "        return at;"
      },
      {
        "lineNumber": 12,
        "author": {
          "gitId": "lowjiayee"
        },
        "content": "    }"
      },
      {
        "lineNumber": 13,
        "author": {
          "gitId": "lowjiayee"
        },
        "content": ""
      },
      {
        "lineNumber": 14,
        "author": {
          "gitId": "lowjiayee"
        },
        "content": "    public void setAt(String at) {"
      },
      {
        "lineNumber": 15,
        "author": {
          "gitId": "lowjiayee"
        },
        "content": "        this.at \u003d at;"
      },
      {
        "lineNumber": 16,
        "author": {
          "gitId": "lowjiayee"
        },
        "content": "    }"
      },
      {
        "lineNumber": 17,
        "author": {
          "gitId": "lowjiayee"
        },
        "content": ""
      },
      {
        "lineNumber": 18,
        "author": {
          "gitId": "lowjiayee"
        },
        "content": "    @Override"
      },
      {
        "lineNumber": 19,
        "author": {
          "gitId": "lowjiayee"
        },
        "content": "    public String toString() {"
      },
      {
        "lineNumber": 20,
        "author": {
          "gitId": "lowjiayee"
        },
        "content": "        return super.toString() + \" (at: \" + getAt() + \")\";"
      },
      {
        "lineNumber": 21,
        "author": {
          "gitId": "lowjiayee"
        },
        "content": "    }"
      },
      {
        "lineNumber": 22,
        "author": {
          "gitId": "lowjiayee"
        },
        "content": "}"
      }
    ],
    "authorContributionMap": {
      "lowjiayee": 22
    }
  },
  {
    "path": "src/main/java/FileIO.java",
    "fileType": "java",
    "lines": [
      {
        "lineNumber": 1,
        "author": {
          "gitId": "-"
        },
        "content": "import java.io.File;"
      },
      {
        "lineNumber": 2,
        "author": {
          "gitId": "-"
        },
        "content": "import java.io.FileReader;"
      },
      {
        "lineNumber": 3,
        "author": {
          "gitId": "-"
        },
        "content": "import java.io.FileWriter;"
      },
      {
        "lineNumber": 4,
        "author": {
          "gitId": "-"
        },
        "content": "import java.io.IOException;"
      },
      {
        "lineNumber": 5,
        "author": {
          "gitId": "-"
        },
        "content": "import java.util.Scanner;"
      },
      {
        "lineNumber": 6,
        "author": {
          "gitId": "-"
        },
        "content": ""
      },
      {
        "lineNumber": 7,
        "author": {
          "gitId": "-"
        },
        "content": "public class FileIO {"
      },
      {
        "lineNumber": 8,
        "author": {
          "gitId": "-"
        },
        "content": "    private FileReader fileToReadFrom;"
      },
      {
        "lineNumber": 9,
        "author": {
          "gitId": "-"
        },
        "content": "    private FileWriter fileToWriteTo;"
      },
      {
        "lineNumber": 10,
        "author": {
          "gitId": "-"
        },
        "content": ""
      },
      {
        "lineNumber": 11,
        "author": {
          "gitId": "lowjiayee"
        },
        "content": "    public FileIO (String directory, TaskList tasks) {"
      },
      {
        "lineNumber": 12,
        "author": {
          "gitId": "lowjiayee"
        },
        "content": "        File f \u003d new File(directory);"
      },
      {
        "lineNumber": 13,
        "author": {
          "gitId": "lowjiayee"
        },
        "content": "        ensurePathExist(f);"
      },
      {
        "lineNumber": 14,
        "author": {
          "gitId": "lowjiayee"
        },
        "content": ""
      },
      {
        "lineNumber": 15,
        "author": {
          "gitId": "-"
        },
        "content": "        try {"
      },
      {
        "lineNumber": 16,
        "author": {
          "gitId": "-"
        },
        "content": "            this.fileToReadFrom \u003d new FileReader(f);"
      },
      {
        "lineNumber": 17,
        "author": {
          "gitId": "lowjiayee"
        },
        "content": "            this.readAll(tasks);"
      },
      {
        "lineNumber": 18,
        "author": {
          "gitId": "-"
        },
        "content": "            this.fileToWriteTo \u003d new FileWriter(f);"
      },
      {
        "lineNumber": 19,
        "author": {
          "gitId": "-"
        },
        "content": "        } catch (IOException e) {"
      },
      {
        "lineNumber": 20,
        "author": {
          "gitId": "-"
        },
        "content": "            System.out.println(e);"
      },
      {
        "lineNumber": 21,
        "author": {
          "gitId": "-"
        },
        "content": "        }"
      },
      {
        "lineNumber": 22,
        "author": {
          "gitId": "-"
        },
        "content": "    }"
      },
      {
        "lineNumber": 23,
        "author": {
          "gitId": "-"
        },
        "content": ""
      },
      {
        "lineNumber": 24,
        "author": {
          "gitId": "lowjiayee"
        },
        "content": "    private void ensurePathExist(File f) {"
      },
      {
        "lineNumber": 25,
        "author": {
          "gitId": "lowjiayee"
        },
        "content": "        if (!f.exists()) {"
      },
      {
        "lineNumber": 26,
        "author": {
          "gitId": "lowjiayee"
        },
        "content": "            System.out.println(\"Storage file not found.\");"
      },
      {
        "lineNumber": 27,
        "author": {
          "gitId": "lowjiayee"
        },
        "content": "            try {"
      },
      {
        "lineNumber": 28,
        "author": {
          "gitId": "lowjiayee"
        },
        "content": "                new File(f.getParent()).mkdir();    // mkdir"
      },
      {
        "lineNumber": 29,
        "author": {
          "gitId": "lowjiayee"
        },
        "content": "                f.createNewFile();"
      },
      {
        "lineNumber": 30,
        "author": {
          "gitId": "lowjiayee"
        },
        "content": "                System.out.println(\"A storage file is created.\");"
      },
      {
        "lineNumber": 31,
        "author": {
          "gitId": "lowjiayee"
        },
        "content": "            } catch (IOException m) {"
      },
      {
        "lineNumber": 32,
        "author": {
          "gitId": "lowjiayee"
        },
        "content": "                System.out.println(\"... but storage file already exists??\");"
      },
      {
        "lineNumber": 33,
        "author": {
          "gitId": "lowjiayee"
        },
        "content": "            }"
      },
      {
        "lineNumber": 34,
        "author": {
          "gitId": "lowjiayee"
        },
        "content": "        }"
      },
      {
        "lineNumber": 35,
        "author": {
          "gitId": "lowjiayee"
        },
        "content": "    }"
      },
      {
        "lineNumber": 36,
        "author": {
          "gitId": "lowjiayee"
        },
        "content": ""
      },
      {
        "lineNumber": 37,
        "author": {
          "gitId": "-"
        },
        "content": "    /**"
      },
      {
        "lineNumber": 38,
        "author": {
          "gitId": "lowjiayee"
        },
        "content": "     * Read information from current file to tasks."
      },
      {
        "lineNumber": 39,
        "author": {
          "gitId": "lowjiayee"
        },
        "content": "     * @param tasks The object to write the information to"
      },
      {
        "lineNumber": 40,
        "author": {
          "gitId": "-"
        },
        "content": "     */"
      },
      {
        "lineNumber": 41,
        "author": {
          "gitId": "lowjiayee"
        },
        "content": "    public void readAll(TaskList tasks) {"
      },
      {
        "lineNumber": 42,
        "author": {
          "gitId": "-"
        },
        "content": "        String rawCommand;"
      },
      {
        "lineNumber": 43,
        "author": {
          "gitId": "-"
        },
        "content": "        String[] breakdown;"
      },
      {
        "lineNumber": 44,
        "author": {
          "gitId": "-"
        },
        "content": "        Task task;"
      },
      {
        "lineNumber": 45,
        "author": {
          "gitId": "-"
        },
        "content": ""
      },
      {
        "lineNumber": 46,
        "author": {
          "gitId": "-"
        },
        "content": "        Scanner s \u003d new Scanner(fileToReadFrom);"
      },
      {
        "lineNumber": 47,
        "author": {
          "gitId": "-"
        },
        "content": "        // load content to tasks"
      },
      {
        "lineNumber": 48,
        "author": {
          "gitId": "-"
        },
        "content": "        while(s.hasNext()) {"
      },
      {
        "lineNumber": 49,
        "author": {
          "gitId": "-"
        },
        "content": "            rawCommand \u003d s.nextLine();"
      },
      {
        "lineNumber": 50,
        "author": {
          "gitId": "-"
        },
        "content": "            breakdown \u003d rawCommand.split(\",\");"
      },
      {
        "lineNumber": 51,
        "author": {
          "gitId": "-"
        },
        "content": "            task \u003d parseCommand(breakdown);"
      },
      {
        "lineNumber": 52,
        "author": {
          "gitId": "-"
        },
        "content": "            tasks.add(task);"
      },
      {
        "lineNumber": 53,
        "author": {
          "gitId": "-"
        },
        "content": "        }"
      },
      {
        "lineNumber": 54,
        "author": {
          "gitId": "lowjiayee"
        },
        "content": ""
      },
      {
        "lineNumber": 55,
        "author": {
          "gitId": "lowjiayee"
        },
        "content": "        s.close();"
      },
      {
        "lineNumber": 56,
        "author": {
          "gitId": "-"
        },
        "content": "    }"
      },
      {
        "lineNumber": 57,
        "author": {
          "gitId": "-"
        },
        "content": ""
      },
      {
        "lineNumber": 58,
        "author": {
          "gitId": "-"
        },
        "content": "    /**"
      },
      {
        "lineNumber": 59,
        "author": {
          "gitId": "-"
        },
        "content": "     * Transform input to one of the Task objects."
      },
      {
        "lineNumber": 60,
        "author": {
          "gitId": "lowjiayee"
        },
        "content": "     * @param breakdown An array of command arguments from storage file"
      },
      {
        "lineNumber": 61,
        "author": {
          "gitId": "lowjiayee"
        },
        "content": "     * @return The task to be created"
      },
      {
        "lineNumber": 62,
        "author": {
          "gitId": "-"
        },
        "content": "     */"
      },
      {
        "lineNumber": 63,
        "author": {
          "gitId": "-"
        },
        "content": "    private Task parseCommand(String[] breakdown) {"
      },
      {
        "lineNumber": 64,
        "author": {
          "gitId": "-"
        },
        "content": "        String taskType \u003d breakdown[0];"
      },
      {
        "lineNumber": 65,
        "author": {
          "gitId": "-"
        },
        "content": "        boolean taskIsDone \u003d Boolean.parseBoolean(breakdown[1]);"
      },
      {
        "lineNumber": 66,
        "author": {
          "gitId": "-"
        },
        "content": "        String taskDescription \u003d breakdown[2];"
      },
      {
        "lineNumber": 67,
        "author": {
          "gitId": "-"
        },
        "content": "        String taskDescriptionArg \u003d \"\";"
      },
      {
        "lineNumber": 68,
        "author": {
          "gitId": "-"
        },
        "content": "        if (breakdown.length \u003e 4) {"
      },
      {
        "lineNumber": 69,
        "author": {
          "gitId": "-"
        },
        "content": "            taskDescriptionArg \u003d breakdown[4];"
      },
      {
        "lineNumber": 70,
        "author": {
          "gitId": "-"
        },
        "content": "        }"
      },
      {
        "lineNumber": 71,
        "author": {
          "gitId": "-"
        },
        "content": "        Task task \u003d null;"
      },
      {
        "lineNumber": 72,
        "author": {
          "gitId": "-"
        },
        "content": ""
      },
      {
        "lineNumber": 73,
        "author": {
          "gitId": "-"
        },
        "content": "        switch (taskType) {"
      },
      {
        "lineNumber": 74,
        "author": {
          "gitId": "-"
        },
        "content": "        case \"T\":   // todo"
      },
      {
        "lineNumber": 75,
        "author": {
          "gitId": "-"
        },
        "content": "            task \u003d new ToDo(taskDescription);"
      },
      {
        "lineNumber": 76,
        "author": {
          "gitId": "-"
        },
        "content": "            task.setDone(taskIsDone);"
      },
      {
        "lineNumber": 77,
        "author": {
          "gitId": "-"
        },
        "content": "            break;"
      },
      {
        "lineNumber": 78,
        "author": {
          "gitId": "-"
        },
        "content": "        case \"D\":   // deadline"
      },
      {
        "lineNumber": 79,
        "author": {
          "gitId": "-"
        },
        "content": "            task \u003d new Deadline(taskDescription, taskDescriptionArg);"
      },
      {
        "lineNumber": 80,
        "author": {
          "gitId": "-"
        },
        "content": "            task.setDone(taskIsDone);"
      },
      {
        "lineNumber": 81,
        "author": {
          "gitId": "-"
        },
        "content": "            break;"
      },
      {
        "lineNumber": 82,
        "author": {
          "gitId": "-"
        },
        "content": "        case \"E\":   // event"
      },
      {
        "lineNumber": 83,
        "author": {
          "gitId": "-"
        },
        "content": "            task \u003d new Event(taskDescription, taskDescriptionArg);"
      },
      {
        "lineNumber": 84,
        "author": {
          "gitId": "-"
        },
        "content": "            task.setDone(taskIsDone);"
      },
      {
        "lineNumber": 85,
        "author": {
          "gitId": "-"
        },
        "content": "            break;"
      },
      {
        "lineNumber": 86,
        "author": {
          "gitId": "-"
        },
        "content": "        }"
      },
      {
        "lineNumber": 87,
        "author": {
          "gitId": "-"
        },
        "content": ""
      },
      {
        "lineNumber": 88,
        "author": {
          "gitId": "-"
        },
        "content": "        return task;"
      },
      {
        "lineNumber": 89,
        "author": {
          "gitId": "-"
        },
        "content": "    }"
      },
      {
        "lineNumber": 90,
        "author": {
          "gitId": "-"
        },
        "content": ""
      },
      {
        "lineNumber": 91,
        "author": {
          "gitId": "-"
        },
        "content": "    /**"
      },
      {
        "lineNumber": 92,
        "author": {
          "gitId": "lowjiayee"
        },
        "content": "     * Write from tasks to current file."
      },
      {
        "lineNumber": 93,
        "author": {
          "gitId": "-"
        },
        "content": "     * Note: Will replace existing content in current file."
      },
      {
        "lineNumber": 94,
        "author": {
          "gitId": "lowjiayee"
        },
        "content": "     * @param tasks The object to write information from"
      },
      {
        "lineNumber": 95,
        "author": {
          "gitId": "-"
        },
        "content": "     */"
      },
      {
        "lineNumber": 96,
        "author": {
          "gitId": "lowjiayee"
        },
        "content": "    public void writeAll(TaskList tasks) throws IOException {"
      },
      {
        "lineNumber": 97,
        "author": {
          "gitId": "-"
        },
        "content": "        Task currTask;"
      },
      {
        "lineNumber": 98,
        "author": {
          "gitId": "-"
        },
        "content": "        String taskInString \u003d \"\";"
      },
      {
        "lineNumber": 99,
        "author": {
          "gitId": "-"
        },
        "content": ""
      },
      {
        "lineNumber": 100,
        "author": {
          "gitId": "-"
        },
        "content": "        // Create string to be stored into current file"
      },
      {
        "lineNumber": 101,
        "author": {
          "gitId": "-"
        },
        "content": "        for (int i \u003d 0; i \u003c tasks.size(); ++i) {"
      },
      {
        "lineNumber": 102,
        "author": {
          "gitId": "-"
        },
        "content": "            currTask \u003d tasks.getByIndex(i);"
      },
      {
        "lineNumber": 103,
        "author": {
          "gitId": "-"
        },
        "content": "            taskInString +\u003d String.format(\"%c,%b,%s\","
      },
      {
        "lineNumber": 104,
        "author": {
          "gitId": "-"
        },
        "content": "                    currTask.getType(),"
      },
      {
        "lineNumber": 105,
        "author": {
          "gitId": "-"
        },
        "content": "                    currTask.getDoneInBoolean(),"
      },
      {
        "lineNumber": 106,
        "author": {
          "gitId": "-"
        },
        "content": "                    currTask.getDescription());"
      },
      {
        "lineNumber": 107,
        "author": {
          "gitId": "-"
        },
        "content": ""
      },
      {
        "lineNumber": 108,
        "author": {
          "gitId": "-"
        },
        "content": "            // now write additional info (for Deadline and Event objects)"
      },
      {
        "lineNumber": 109,
        "author": {
          "gitId": "-"
        },
        "content": "            if (currTask.getType() \u003d\u003d \u0027D\u0027) {"
      },
      {
        "lineNumber": 110,
        "author": {
          "gitId": "-"
        },
        "content": "                Deadline currDeadline \u003d (Deadline)currTask;"
      },
      {
        "lineNumber": 111,
        "author": {
          "gitId": "-"
        },
        "content": "                taskInString +\u003d (\",by,\" + currDeadline.getBy());"
      },
      {
        "lineNumber": 112,
        "author": {
          "gitId": "-"
        },
        "content": "            } else if (currTask.getType() \u003d\u003d \u0027E\u0027) {"
      },
      {
        "lineNumber": 113,
        "author": {
          "gitId": "-"
        },
        "content": "                Event currEvent \u003d (Event) currTask;"
      },
      {
        "lineNumber": 114,
        "author": {
          "gitId": "-"
        },
        "content": "                taskInString +\u003d (\",at,\" + currEvent.getAt());"
      },
      {
        "lineNumber": 115,
        "author": {
          "gitId": "-"
        },
        "content": "            }"
      },
      {
        "lineNumber": 116,
        "author": {
          "gitId": "-"
        },
        "content": ""
      },
      {
        "lineNumber": 117,
        "author": {
          "gitId": "-"
        },
        "content": "            // mark end of Task"
      },
      {
        "lineNumber": 118,
        "author": {
          "gitId": "-"
        },
        "content": "            taskInString +\u003d System.lineSeparator();"
      },
      {
        "lineNumber": 119,
        "author": {
          "gitId": "-"
        },
        "content": "        }"
      },
      {
        "lineNumber": 120,
        "author": {
          "gitId": "-"
        },
        "content": ""
      },
      {
        "lineNumber": 121,
        "author": {
          "gitId": "-"
        },
        "content": "        // now add everything to file (from the start)"
      },
      {
        "lineNumber": 122,
        "author": {
          "gitId": "-"
        },
        "content": "        fileToWriteTo.write(taskInString);"
      },
      {
        "lineNumber": 123,
        "author": {
          "gitId": "-"
        },
        "content": "    }"
      },
      {
        "lineNumber": 124,
        "author": {
          "gitId": "-"
        },
        "content": ""
      },
      {
        "lineNumber": 125,
        "author": {
          "gitId": "-"
        },
        "content": "    public void close() throws IOException {"
      },
      {
        "lineNumber": 126,
        "author": {
          "gitId": "-"
        },
        "content": "        this.fileToReadFrom.close();"
      },
      {
        "lineNumber": 127,
        "author": {
          "gitId": "-"
        },
        "content": "        this.fileToWriteTo.close();"
      },
      {
        "lineNumber": 128,
        "author": {
          "gitId": "-"
        },
        "content": "    }"
      },
      {
        "lineNumber": 129,
        "author": {
          "gitId": "-"
        },
        "content": "}"
      }
    ],
    "authorContributionMap": {
      "lowjiayee": 28,
      "-": 101
    }
  },
  {
    "path": "src/main/java/NoDescriptionException.java",
    "fileType": "java",
    "lines": [
      {
        "lineNumber": 1,
        "author": {
          "gitId": "lowjiayee"
        },
        "content": "public class NoDescriptionException extends Exception {"
      },
      {
        "lineNumber": 2,
        "author": {
          "gitId": "lowjiayee"
        },
        "content": "    public NoDescriptionException() {}"
      },
      {
        "lineNumber": 3,
        "author": {
          "gitId": "lowjiayee"
        },
        "content": "    public NoDescriptionException(String m) {"
      },
      {
        "lineNumber": 4,
        "author": {
          "gitId": "lowjiayee"
        },
        "content": "        super(m);"
      },
      {
        "lineNumber": 5,
        "author": {
          "gitId": "lowjiayee"
        },
        "content": "    }"
      },
      {
        "lineNumber": 6,
        "author": {
          "gitId": "lowjiayee"
        },
        "content": "}"
      }
    ],
    "authorContributionMap": {
      "lowjiayee": 6
    }
  },
  {
    "path": "src/main/java/Parser.java",
    "fileType": "java",
    "lines": [
      {
        "lineNumber": 1,
        "author": {
          "gitId": "lowjiayee"
        },
        "content": "import java.util.Scanner;"
      },
      {
        "lineNumber": 2,
        "author": {
          "gitId": "lowjiayee"
        },
        "content": ""
      },
      {
        "lineNumber": 3,
        "author": {
          "gitId": "lowjiayee"
        },
        "content": "public class Parser {"
      },
      {
        "lineNumber": 4,
        "author": {
          "gitId": "lowjiayee"
        },
        "content": "    private Scanner reader;"
      },
      {
        "lineNumber": 5,
        "author": {
          "gitId": "lowjiayee"
        },
        "content": ""
      },
      {
        "lineNumber": 6,
        "author": {
          "gitId": "lowjiayee"
        },
        "content": "    public Parser () {"
      },
      {
        "lineNumber": 7,
        "author": {
          "gitId": "lowjiayee"
        },
        "content": "        this.reader \u003d new Scanner(System.in);"
      },
      {
        "lineNumber": 8,
        "author": {
          "gitId": "lowjiayee"
        },
        "content": "    }"
      },
      {
        "lineNumber": 9,
        "author": {
          "gitId": "lowjiayee"
        },
        "content": ""
      },
      {
        "lineNumber": 10,
        "author": {
          "gitId": "lowjiayee"
        },
        "content": "    public String[] readUserInput() {"
      },
      {
        "lineNumber": 11,
        "author": {
          "gitId": "lowjiayee"
        },
        "content": "        String input \u003d reader.nextLine();"
      },
      {
        "lineNumber": 12,
        "author": {
          "gitId": "lowjiayee"
        },
        "content": "        return inputProcessing(input);"
      },
      {
        "lineNumber": 13,
        "author": {
          "gitId": "lowjiayee"
        },
        "content": "    }"
      },
      {
        "lineNumber": 14,
        "author": {
          "gitId": "lowjiayee"
        },
        "content": ""
      },
      {
        "lineNumber": 15,
        "author": {
          "gitId": "lowjiayee"
        },
        "content": "    /**"
      },
      {
        "lineNumber": 16,
        "author": {
          "gitId": "lowjiayee"
        },
        "content": "     * Split first word from the rest of String."
      },
      {
        "lineNumber": 17,
        "author": {
          "gitId": "lowjiayee"
        },
        "content": "     * @param input: one-line string"
      },
      {
        "lineNumber": 18,
        "author": {
          "gitId": "lowjiayee"
        },
        "content": "     * @return array of 2 String, [0]: first word, [1]: subsequent words."
      },
      {
        "lineNumber": 19,
        "author": {
          "gitId": "lowjiayee"
        },
        "content": "     */"
      },
      {
        "lineNumber": 20,
        "author": {
          "gitId": "lowjiayee"
        },
        "content": "    private String[] inputProcessing(String input) {"
      },
      {
        "lineNumber": 21,
        "author": {
          "gitId": "lowjiayee"
        },
        "content": "        String[] output \u003d new String[2];"
      },
      {
        "lineNumber": 22,
        "author": {
          "gitId": "lowjiayee"
        },
        "content": ""
      },
      {
        "lineNumber": 23,
        "author": {
          "gitId": "lowjiayee"
        },
        "content": "        input \u003d input.trim();   // strip leading \u0026 trailing spaces"
      },
      {
        "lineNumber": 24,
        "author": {
          "gitId": "lowjiayee"
        },
        "content": "        int startIndexOfDescription \u003d input.indexOf(\u0027 \u0027);"
      },
      {
        "lineNumber": 25,
        "author": {
          "gitId": "lowjiayee"
        },
        "content": ""
      },
      {
        "lineNumber": 26,
        "author": {
          "gitId": "lowjiayee"
        },
        "content": "        if (startIndexOfDescription \u003d\u003d -1) {"
      },
      {
        "lineNumber": 27,
        "author": {
          "gitId": "lowjiayee"
        },
        "content": "            // only has 1 word"
      },
      {
        "lineNumber": 28,
        "author": {
          "gitId": "lowjiayee"
        },
        "content": "            output[0] \u003d input.toLowerCase();"
      },
      {
        "lineNumber": 29,
        "author": {
          "gitId": "lowjiayee"
        },
        "content": "        } else {"
      },
      {
        "lineNumber": 30,
        "author": {
          "gitId": "lowjiayee"
        },
        "content": "            // has 2 words"
      },
      {
        "lineNumber": 31,
        "author": {
          "gitId": "lowjiayee"
        },
        "content": "            String cmdType \u003d input.substring(0, startIndexOfDescription).toLowerCase();"
      },
      {
        "lineNumber": 32,
        "author": {
          "gitId": "lowjiayee"
        },
        "content": "            String cmdDescription \u003d input.substring(startIndexOfDescription + 1);"
      },
      {
        "lineNumber": 33,
        "author": {
          "gitId": "lowjiayee"
        },
        "content": "            output[0] \u003d cmdType;"
      },
      {
        "lineNumber": 34,
        "author": {
          "gitId": "lowjiayee"
        },
        "content": "            output[1] \u003d cmdDescription;"
      },
      {
        "lineNumber": 35,
        "author": {
          "gitId": "lowjiayee"
        },
        "content": "        }"
      },
      {
        "lineNumber": 36,
        "author": {
          "gitId": "lowjiayee"
        },
        "content": ""
      },
      {
        "lineNumber": 37,
        "author": {
          "gitId": "lowjiayee"
        },
        "content": "        return output;"
      },
      {
        "lineNumber": 38,
        "author": {
          "gitId": "lowjiayee"
        },
        "content": "    }"
      },
      {
        "lineNumber": 39,
        "author": {
          "gitId": "lowjiayee"
        },
        "content": "}"
      }
    ],
    "authorContributionMap": {
      "lowjiayee": 39
    }
  },
  {
    "path": "src/main/java/Storage.java",
    "fileType": "java",
    "lines": [
      {
        "lineNumber": 1,
        "author": {
          "gitId": "lowjiayee"
        },
        "content": "import java.io.IOException;"
      },
      {
        "lineNumber": 2,
        "author": {
          "gitId": "lowjiayee"
        },
        "content": ""
      },
      {
        "lineNumber": 3,
        "author": {
          "gitId": "lowjiayee"
        },
        "content": "public class Storage {"
      },
      {
        "lineNumber": 4,
        "author": {
          "gitId": "lowjiayee"
        },
        "content": "    private String filepath;"
      },
      {
        "lineNumber": 5,
        "author": {
          "gitId": "lowjiayee"
        },
        "content": "    private FileIO file;"
      },
      {
        "lineNumber": 6,
        "author": {
          "gitId": "lowjiayee"
        },
        "content": "    private TaskList tasks;"
      },
      {
        "lineNumber": 7,
        "author": {
          "gitId": "lowjiayee"
        },
        "content": ""
      },
      {
        "lineNumber": 8,
        "author": {
          "gitId": "lowjiayee"
        },
        "content": "    public Storage(String filepath, TaskList tasks) {"
      },
      {
        "lineNumber": 9,
        "author": {
          "gitId": "lowjiayee"
        },
        "content": "        this.filepath \u003d filepath;"
      },
      {
        "lineNumber": 10,
        "author": {
          "gitId": "lowjiayee"
        },
        "content": "        this.file \u003d new FileIO(\"./data/duke.txt\", tasks);"
      },
      {
        "lineNumber": 11,
        "author": {
          "gitId": "lowjiayee"
        },
        "content": "        this.tasks \u003d tasks;"
      },
      {
        "lineNumber": 12,
        "author": {
          "gitId": "lowjiayee"
        },
        "content": "    }"
      },
      {
        "lineNumber": 13,
        "author": {
          "gitId": "lowjiayee"
        },
        "content": ""
      },
      {
        "lineNumber": 14,
        "author": {
          "gitId": "lowjiayee"
        },
        "content": "    /**"
      },
      {
        "lineNumber": 15,
        "author": {
          "gitId": "lowjiayee"
        },
        "content": "     * Load all content to tasks"
      },
      {
        "lineNumber": 16,
        "author": {
          "gitId": "lowjiayee"
        },
        "content": "     */"
      },
      {
        "lineNumber": 17,
        "author": {
          "gitId": "lowjiayee"
        },
        "content": "    public void load() {"
      },
      {
        "lineNumber": 18,
        "author": {
          "gitId": "lowjiayee"
        },
        "content": "        file.readAll(tasks);"
      },
      {
        "lineNumber": 19,
        "author": {
          "gitId": "lowjiayee"
        },
        "content": "    }"
      },
      {
        "lineNumber": 20,
        "author": {
          "gitId": "lowjiayee"
        },
        "content": ""
      },
      {
        "lineNumber": 21,
        "author": {
          "gitId": "lowjiayee"
        },
        "content": "    /**"
      },
      {
        "lineNumber": 22,
        "author": {
          "gitId": "lowjiayee"
        },
        "content": "     * Store all content from tasks"
      },
      {
        "lineNumber": 23,
        "author": {
          "gitId": "lowjiayee"
        },
        "content": "     */"
      },
      {
        "lineNumber": 24,
        "author": {
          "gitId": "lowjiayee"
        },
        "content": "    public void store() throws IOException {"
      },
      {
        "lineNumber": 25,
        "author": {
          "gitId": "lowjiayee"
        },
        "content": "        file.writeAll(tasks);"
      },
      {
        "lineNumber": 26,
        "author": {
          "gitId": "lowjiayee"
        },
        "content": "    }"
      },
      {
        "lineNumber": 27,
        "author": {
          "gitId": "lowjiayee"
        },
        "content": ""
      },
      {
        "lineNumber": 28,
        "author": {
          "gitId": "lowjiayee"
        },
        "content": "    public void close() throws IOException {"
      },
      {
        "lineNumber": 29,
        "author": {
          "gitId": "lowjiayee"
        },
        "content": "        file.close();"
      },
      {
        "lineNumber": 30,
        "author": {
          "gitId": "lowjiayee"
        },
        "content": "    }"
      },
      {
        "lineNumber": 31,
        "author": {
          "gitId": "lowjiayee"
        },
        "content": "}"
      }
    ],
    "authorContributionMap": {
      "lowjiayee": 31
    }
  },
  {
    "path": "src/main/java/Task.java",
    "fileType": "java",
    "lines": [
      {
        "lineNumber": 1,
        "author": {
          "gitId": "lowjiayee"
        },
        "content": "public class Task {"
      },
      {
        "lineNumber": 2,
        "author": {
          "gitId": "lowjiayee"
        },
        "content": "    protected char type;"
      },
      {
        "lineNumber": 3,
        "author": {
          "gitId": "lowjiayee"
        },
        "content": "    protected String description;"
      },
      {
        "lineNumber": 4,
        "author": {
          "gitId": "lowjiayee"
        },
        "content": "    protected boolean isDone;"
      },
      {
        "lineNumber": 5,
        "author": {
          "gitId": "lowjiayee"
        },
        "content": ""
      },
      {
        "lineNumber": 6,
        "author": {
          "gitId": "lowjiayee"
        },
        "content": "    public Task(String s) {"
      },
      {
        "lineNumber": 7,
        "author": {
          "gitId": "lowjiayee"
        },
        "content": "        setDescription(s);"
      },
      {
        "lineNumber": 8,
        "author": {
          "gitId": "lowjiayee"
        },
        "content": "        setDone(false);"
      },
      {
        "lineNumber": 9,
        "author": {
          "gitId": "lowjiayee"
        },
        "content": "        setType(\u0027-\u0027);   // default type"
      },
      {
        "lineNumber": 10,
        "author": {
          "gitId": "lowjiayee"
        },
        "content": "    }"
      },
      {
        "lineNumber": 11,
        "author": {
          "gitId": "lowjiayee"
        },
        "content": ""
      },
      {
        "lineNumber": 12,
        "author": {
          "gitId": "lowjiayee"
        },
        "content": "    public char getType() {"
      },
      {
        "lineNumber": 13,
        "author": {
          "gitId": "lowjiayee"
        },
        "content": "        return type;"
      },
      {
        "lineNumber": 14,
        "author": {
          "gitId": "lowjiayee"
        },
        "content": "    }"
      },
      {
        "lineNumber": 15,
        "author": {
          "gitId": "lowjiayee"
        },
        "content": ""
      },
      {
        "lineNumber": 16,
        "author": {
          "gitId": "lowjiayee"
        },
        "content": "    protected void setType(char type) {"
      },
      {
        "lineNumber": 17,
        "author": {
          "gitId": "lowjiayee"
        },
        "content": "        this.type \u003d type;"
      },
      {
        "lineNumber": 18,
        "author": {
          "gitId": "lowjiayee"
        },
        "content": "    }"
      },
      {
        "lineNumber": 19,
        "author": {
          "gitId": "lowjiayee"
        },
        "content": ""
      },
      {
        "lineNumber": 20,
        "author": {
          "gitId": "lowjiayee"
        },
        "content": "    public String getDescription() {"
      },
      {
        "lineNumber": 21,
        "author": {
          "gitId": "lowjiayee"
        },
        "content": "        return description;"
      },
      {
        "lineNumber": 22,
        "author": {
          "gitId": "lowjiayee"
        },
        "content": "    }"
      },
      {
        "lineNumber": 23,
        "author": {
          "gitId": "lowjiayee"
        },
        "content": ""
      },
      {
        "lineNumber": 24,
        "author": {
          "gitId": "lowjiayee"
        },
        "content": "    protected void setDescription(String s) {"
      },
      {
        "lineNumber": 25,
        "author": {
          "gitId": "lowjiayee"
        },
        "content": "        description \u003d s;"
      },
      {
        "lineNumber": 26,
        "author": {
          "gitId": "lowjiayee"
        },
        "content": "    }"
      },
      {
        "lineNumber": 27,
        "author": {
          "gitId": "lowjiayee"
        },
        "content": ""
      },
      {
        "lineNumber": 28,
        "author": {
          "gitId": "lowjiayee"
        },
        "content": "    public char getDone() {"
      },
      {
        "lineNumber": 29,
        "author": {
          "gitId": "lowjiayee"
        },
        "content": "        // return tick if done, cross if not done"
      },
      {
        "lineNumber": 30,
        "author": {
          "gitId": "lowjiayee"
        },
        "content": "        return isDone ? \u0027\\u2713\u0027 : \u0027\\u2717\u0027;"
      },
      {
        "lineNumber": 31,
        "author": {
          "gitId": "lowjiayee"
        },
        "content": "    }"
      },
      {
        "lineNumber": 32,
        "author": {
          "gitId": "lowjiayee"
        },
        "content": ""
      },
      {
        "lineNumber": 33,
        "author": {
          "gitId": "-"
        },
        "content": "    public boolean getDoneInBoolean() {"
      },
      {
        "lineNumber": 34,
        "author": {
          "gitId": "-"
        },
        "content": "        return isDone;"
      },
      {
        "lineNumber": 35,
        "author": {
          "gitId": "-"
        },
        "content": "    }"
      },
      {
        "lineNumber": 36,
        "author": {
          "gitId": "-"
        },
        "content": ""
      },
      {
        "lineNumber": 37,
        "author": {
          "gitId": "lowjiayee"
        },
        "content": "    public void setDone(boolean status) {"
      },
      {
        "lineNumber": 38,
        "author": {
          "gitId": "lowjiayee"
        },
        "content": "        isDone \u003d status;"
      },
      {
        "lineNumber": 39,
        "author": {
          "gitId": "lowjiayee"
        },
        "content": "    }"
      },
      {
        "lineNumber": 40,
        "author": {
          "gitId": "lowjiayee"
        },
        "content": ""
      },
      {
        "lineNumber": 41,
        "author": {
          "gitId": "lowjiayee"
        },
        "content": "    @Override"
      },
      {
        "lineNumber": 42,
        "author": {
          "gitId": "lowjiayee"
        },
        "content": "    public String toString() {"
      },
      {
        "lineNumber": 43,
        "author": {
          "gitId": "lowjiayee"
        },
        "content": "        String output \u003d \"[\" + getType() + \"]\" +"
      },
      {
        "lineNumber": 44,
        "author": {
          "gitId": "lowjiayee"
        },
        "content": "            \"[\" + getDone() + \"] \" +"
      },
      {
        "lineNumber": 45,
        "author": {
          "gitId": "lowjiayee"
        },
        "content": "            getDescription();"
      },
      {
        "lineNumber": 46,
        "author": {
          "gitId": "lowjiayee"
        },
        "content": "        return output;"
      },
      {
        "lineNumber": 47,
        "author": {
          "gitId": "lowjiayee"
        },
        "content": "    }"
      },
      {
        "lineNumber": 48,
        "author": {
          "gitId": "lowjiayee"
        },
        "content": "}"
      }
    ],
    "authorContributionMap": {
      "lowjiayee": 44,
      "-": 4
    }
  },
  {
    "path": "src/main/java/TaskList.java",
    "fileType": "java",
    "lines": [
      {
        "lineNumber": 1,
        "author": {
          "gitId": "lowjiayee"
        },
        "content": "import java.util.List;"
      },
      {
        "lineNumber": 2,
        "author": {
          "gitId": "lowjiayee"
        },
        "content": "import java.util.ArrayList;"
      },
      {
        "lineNumber": 3,
        "author": {
          "gitId": "lowjiayee"
        },
        "content": ""
      },
      {
        "lineNumber": 4,
        "author": {
          "gitId": "lowjiayee"
        },
        "content": "public class TaskList {"
      },
      {
        "lineNumber": 5,
        "author": {
          "gitId": "lowjiayee"
        },
        "content": "    private List\u003cTask\u003e tasks;"
      },
      {
        "lineNumber": 6,
        "author": {
          "gitId": "lowjiayee"
        },
        "content": ""
      },
      {
        "lineNumber": 7,
        "author": {
          "gitId": "lowjiayee"
        },
        "content": "    public TaskList() {"
      },
      {
        "lineNumber": 8,
        "author": {
          "gitId": "lowjiayee"
        },
        "content": "        this.tasks \u003d new ArrayList\u003cTask\u003e();"
      },
      {
        "lineNumber": 9,
        "author": {
          "gitId": "lowjiayee"
        },
        "content": "    }"
      },
      {
        "lineNumber": 10,
        "author": {
          "gitId": "lowjiayee"
        },
        "content": ""
      },
      {
        "lineNumber": 11,
        "author": {
          "gitId": "lowjiayee"
        },
        "content": "    public void add(Task task) {"
      },
      {
        "lineNumber": 12,
        "author": {
          "gitId": "lowjiayee"
        },
        "content": "        tasks.add(task);"
      },
      {
        "lineNumber": 13,
        "author": {
          "gitId": "lowjiayee"
        },
        "content": "        System.out.println(\"\\tGot it. I\u0027ve added this task:\");"
      },
      {
        "lineNumber": 14,
        "author": {
          "gitId": "lowjiayee"
        },
        "content": "        System.out.println(\"\\t  \" + task);"
      },
      {
        "lineNumber": 15,
        "author": {
          "gitId": "lowjiayee"
        },
        "content": "        this.printSize();"
      },
      {
        "lineNumber": 16,
        "author": {
          "gitId": "lowjiayee"
        },
        "content": "    }"
      },
      {
        "lineNumber": 17,
        "author": {
          "gitId": "lowjiayee"
        },
        "content": ""
      },
      {
        "lineNumber": 18,
        "author": {
          "gitId": "lowjiayee"
        },
        "content": "    public Task getByIndex(int index) {"
      },
      {
        "lineNumber": 19,
        "author": {
          "gitId": "lowjiayee"
        },
        "content": "        return tasks.get(index);"
      },
      {
        "lineNumber": 20,
        "author": {
          "gitId": "lowjiayee"
        },
        "content": "    }"
      },
      {
        "lineNumber": 21,
        "author": {
          "gitId": "lowjiayee"
        },
        "content": ""
      },
      {
        "lineNumber": 22,
        "author": {
          "gitId": "lowjiayee"
        },
        "content": "    public void removeByTask(Task task) {"
      },
      {
        "lineNumber": 23,
        "author": {
          "gitId": "lowjiayee"
        },
        "content": "        tasks.remove(task);"
      },
      {
        "lineNumber": 24,
        "author": {
          "gitId": "lowjiayee"
        },
        "content": "    }"
      },
      {
        "lineNumber": 25,
        "author": {
          "gitId": "lowjiayee"
        },
        "content": ""
      },
      {
        "lineNumber": 26,
        "author": {
          "gitId": "lowjiayee"
        },
        "content": "    public void removeByIndex(int index) {"
      },
      {
        "lineNumber": 27,
        "author": {
          "gitId": "lowjiayee"
        },
        "content": "        tasks.remove(index);"
      },
      {
        "lineNumber": 28,
        "author": {
          "gitId": "lowjiayee"
        },
        "content": "    }"
      },
      {
        "lineNumber": 29,
        "author": {
          "gitId": "lowjiayee"
        },
        "content": ""
      },
      {
        "lineNumber": 30,
        "author": {
          "gitId": "lowjiayee"
        },
        "content": "    public void setDoneByIndex(int index) {"
      },
      {
        "lineNumber": 31,
        "author": {
          "gitId": "lowjiayee"
        },
        "content": "        tasks.get(index).setDone(true);"
      },
      {
        "lineNumber": 32,
        "author": {
          "gitId": "lowjiayee"
        },
        "content": "    }"
      },
      {
        "lineNumber": 33,
        "author": {
          "gitId": "lowjiayee"
        },
        "content": ""
      },
      {
        "lineNumber": 34,
        "author": {
          "gitId": "lowjiayee"
        },
        "content": "    public void list() {"
      },
      {
        "lineNumber": 35,
        "author": {
          "gitId": "lowjiayee"
        },
        "content": "        System.out.println(\"\\tHere are the tasks in your list:\");"
      },
      {
        "lineNumber": 36,
        "author": {
          "gitId": "lowjiayee"
        },
        "content": "        for (int i \u003d 0; i \u003c this.size(); ++i) {"
      },
      {
        "lineNumber": 37,
        "author": {
          "gitId": "lowjiayee"
        },
        "content": "            System.out.printf(\"\\t%d.%s\", i+1, this.getByIndex(i));"
      },
      {
        "lineNumber": 38,
        "author": {
          "gitId": "lowjiayee"
        },
        "content": "            System.out.println();"
      },
      {
        "lineNumber": 39,
        "author": {
          "gitId": "lowjiayee"
        },
        "content": "        }"
      },
      {
        "lineNumber": 40,
        "author": {
          "gitId": "lowjiayee"
        },
        "content": "    }"
      },
      {
        "lineNumber": 41,
        "author": {
          "gitId": "lowjiayee"
        },
        "content": ""
      },
      {
        "lineNumber": 42,
        "author": {
          "gitId": "lowjiayee"
        },
        "content": "    public int size() {"
      },
      {
        "lineNumber": 43,
        "author": {
          "gitId": "lowjiayee"
        },
        "content": "        return tasks.size();"
      },
      {
        "lineNumber": 44,
        "author": {
          "gitId": "lowjiayee"
        },
        "content": "    }"
      },
      {
        "lineNumber": 45,
        "author": {
          "gitId": "lowjiayee"
        },
        "content": ""
      },
      {
        "lineNumber": 46,
        "author": {
          "gitId": "lowjiayee"
        },
        "content": "    public void printSize() {"
      },
      {
        "lineNumber": 47,
        "author": {
          "gitId": "lowjiayee"
        },
        "content": "        System.out.printf(\"\\tNow you have %d tasks in the list.%s\","
      },
      {
        "lineNumber": 48,
        "author": {
          "gitId": "lowjiayee"
        },
        "content": "                this.size(), System.lineSeparator());"
      },
      {
        "lineNumber": 49,
        "author": {
          "gitId": "lowjiayee"
        },
        "content": "    }"
      },
      {
        "lineNumber": 50,
        "author": {
          "gitId": "lowjiayee"
        },
        "content": "}"
      }
    ],
    "authorContributionMap": {
      "lowjiayee": 50
    }
  },
  {
    "path": "src/main/java/ToDo.java",
    "fileType": "java",
    "lines": [
      {
        "lineNumber": 1,
        "author": {
          "gitId": "lowjiayee"
        },
        "content": "public class ToDo extends Task {"
      },
      {
        "lineNumber": 2,
        "author": {
          "gitId": "lowjiayee"
        },
        "content": "    public ToDo(String s) {"
      },
      {
        "lineNumber": 3,
        "author": {
          "gitId": "lowjiayee"
        },
        "content": "        super(s);"
      },
      {
        "lineNumber": 4,
        "author": {
          "gitId": "lowjiayee"
        },
        "content": "        setType(\u0027T\u0027);"
      },
      {
        "lineNumber": 5,
        "author": {
          "gitId": "lowjiayee"
        },
        "content": "    }"
      },
      {
        "lineNumber": 6,
        "author": {
          "gitId": "lowjiayee"
        },
        "content": "}"
      }
    ],
    "authorContributionMap": {
      "lowjiayee": 6
    }
  },
  {
    "path": "src/main/java/Ui.java",
    "fileType": "java",
    "lines": [
      {
        "lineNumber": 1,
        "author": {
          "gitId": "lowjiayee"
        },
        "content": "public class Ui {"
      },
      {
        "lineNumber": 2,
        "author": {
          "gitId": "lowjiayee"
        },
        "content": "    public Ui() {"
      },
      {
        "lineNumber": 3,
        "author": {
          "gitId": "lowjiayee"
        },
        "content": ""
      },
      {
        "lineNumber": 4,
        "author": {
          "gitId": "lowjiayee"
        },
        "content": "    }"
      },
      {
        "lineNumber": 5,
        "author": {
          "gitId": "lowjiayee"
        },
        "content": ""
      },
      {
        "lineNumber": 6,
        "author": {
          "gitId": "lowjiayee"
        },
        "content": "    public void showLine() {"
      },
      {
        "lineNumber": 7,
        "author": {
          "gitId": "lowjiayee"
        },
        "content": "        System.out.println(\"\\t____________________________________________________________\");"
      },
      {
        "lineNumber": 8,
        "author": {
          "gitId": "lowjiayee"
        },
        "content": "    }"
      },
      {
        "lineNumber": 9,
        "author": {
          "gitId": "lowjiayee"
        },
        "content": ""
      },
      {
        "lineNumber": 10,
        "author": {
          "gitId": "lowjiayee"
        },
        "content": "    public void showWelcome(String name) {"
      },
      {
        "lineNumber": 11,
        "author": {
          "gitId": "lowjiayee"
        },
        "content": "        showLine();"
      },
      {
        "lineNumber": 12,
        "author": {
          "gitId": "lowjiayee"
        },
        "content": "        String logo \u003d \" ____        _\\n\""
      },
      {
        "lineNumber": 13,
        "author": {
          "gitId": "lowjiayee"
        },
        "content": "                + \"|  _ \\\\ _   _| | _____\\n\""
      },
      {
        "lineNumber": 14,
        "author": {
          "gitId": "lowjiayee"
        },
        "content": "                + \"| | | | | | | |/ / _ \\\\\\n\""
      },
      {
        "lineNumber": 15,
        "author": {
          "gitId": "lowjiayee"
        },
        "content": "                + \"| |_| | |_| |   \u003c  __/\\n\""
      },
      {
        "lineNumber": 16,
        "author": {
          "gitId": "lowjiayee"
        },
        "content": "                + \"|____/ \\\\__,_|_|\\\\_\\\\___|\\n\";"
      },
      {
        "lineNumber": 17,
        "author": {
          "gitId": "lowjiayee"
        },
        "content": "        System.out.println(\"\\tHello from\\n\" + logo);"
      },
      {
        "lineNumber": 18,
        "author": {
          "gitId": "lowjiayee"
        },
        "content": ""
      },
      {
        "lineNumber": 19,
        "author": {
          "gitId": "lowjiayee"
        },
        "content": "        showLine();"
      },
      {
        "lineNumber": 20,
        "author": {
          "gitId": "lowjiayee"
        },
        "content": "        System.out.println(\"\\tHello! I\u0027m \" + name);"
      },
      {
        "lineNumber": 21,
        "author": {
          "gitId": "lowjiayee"
        },
        "content": "        System.out.println(\"\\tWhat can I do for you?\");"
      },
      {
        "lineNumber": 22,
        "author": {
          "gitId": "lowjiayee"
        },
        "content": "        showLine();"
      },
      {
        "lineNumber": 23,
        "author": {
          "gitId": "lowjiayee"
        },
        "content": "    }"
      },
      {
        "lineNumber": 24,
        "author": {
          "gitId": "lowjiayee"
        },
        "content": "}"
      }
    ],
    "authorContributionMap": {
      "lowjiayee": 24
    }
  },
  {
    "path": "text-ui-test/input.txt",
    "fileType": "txt",
    "lines": [
      {
        "lineNumber": 1,
        "author": {
          "gitId": "lowjiayee"
        },
        "content": "list"
      },
      {
        "lineNumber": 2,
        "author": {
          "gitId": "lowjiayee"
        },
        "content": "todo"
      },
      {
        "lineNumber": 3,
        "author": {
          "gitId": "lowjiayee"
        },
        "content": "deadline"
      },
      {
        "lineNumber": 4,
        "author": {
          "gitId": "lowjiayee"
        },
        "content": "event"
      },
      {
        "lineNumber": 5,
        "author": {
          "gitId": "lowjiayee"
        },
        "content": "todo borrow book"
      },
      {
        "lineNumber": 6,
        "author": {
          "gitId": "lowjiayee"
        },
        "content": "  list  "
      },
      {
        "lineNumber": 7,
        "author": {
          "gitId": "lowjiayee"
        },
        "content": "deadline return book /by Sunday"
      },
      {
        "lineNumber": 8,
        "author": {
          "gitId": "lowjiayee"
        },
        "content": "event project meeting /at Mon 2-4pm"
      },
      {
        "lineNumber": 9,
        "author": {
          "gitId": "lowjiayee"
        },
        "content": "deadline do homework /by no idea :P"
      },
      {
        "lineNumber": 10,
        "author": {
          "gitId": "lowjiayee"
        },
        "content": "list"
      },
      {
        "lineNumber": 11,
        "author": {
          "gitId": "lowjiayee"
        },
        "content": "done 4"
      },
      {
        "lineNumber": 12,
        "author": {
          "gitId": "lowjiayee"
        },
        "content": "done 2"
      },
      {
        "lineNumber": 13,
        "author": {
          "gitId": "lowjiayee"
        },
        "content": "list"
      },
      {
        "lineNumber": 14,
        "author": {
          "gitId": "lowjiayee"
        },
        "content": "bye"
      }
    ],
    "authorContributionMap": {
      "lowjiayee": 14
    }
  },
  {
    "path": "text-ui-test/runtest.sh",
    "fileType": "sh",
    "lines": [
      {
        "lineNumber": 1,
        "author": {
          "gitId": "lowjiayee"
        },
        "content": "#!/usr/bin/env bash"
      },
      {
        "lineNumber": 2,
        "author": {
          "gitId": "lowjiayee"
        },
        "content": ""
      },
      {
        "lineNumber": 3,
        "author": {
          "gitId": "lowjiayee"
        },
        "content": "# create bin directory if it doesn\u0027t exist"
      },
      {
        "lineNumber": 4,
        "author": {
          "gitId": "lowjiayee"
        },
        "content": "if [ ! -d \"../bin\" ]"
      },
      {
        "lineNumber": 5,
        "author": {
          "gitId": "lowjiayee"
        },
        "content": "then"
      },
      {
        "lineNumber": 6,
        "author": {
          "gitId": "lowjiayee"
        },
        "content": "    mkdir ../bin"
      },
      {
        "lineNumber": 7,
        "author": {
          "gitId": "lowjiayee"
        },
        "content": "fi"
      },
      {
        "lineNumber": 8,
        "author": {
          "gitId": "lowjiayee"
        },
        "content": ""
      },
      {
        "lineNumber": 9,
        "author": {
          "gitId": "lowjiayee"
        },
        "content": "# delete output from previous run"
      },
      {
        "lineNumber": 10,
        "author": {
          "gitId": "lowjiayee"
        },
        "content": "if [ -e \"./ACTUAL.TXT\" ]"
      },
      {
        "lineNumber": 11,
        "author": {
          "gitId": "lowjiayee"
        },
        "content": "then"
      },
      {
        "lineNumber": 12,
        "author": {
          "gitId": "lowjiayee"
        },
        "content": "    rm ACTUAL.TXT"
      },
      {
        "lineNumber": 13,
        "author": {
          "gitId": "lowjiayee"
        },
        "content": "fi"
      },
      {
        "lineNumber": 14,
        "author": {
          "gitId": "lowjiayee"
        },
        "content": ""
      },
      {
        "lineNumber": 15,
        "author": {
          "gitId": "lowjiayee"
        },
        "content": "# compile the code into the bin folder, terminates if error occurred"
      },
      {
        "lineNumber": 16,
        "author": {
          "gitId": "lowjiayee"
        },
        "content": "if ! javac -cp ../src -Xlint:none -d ../bin ../src/main/java/*.java"
      },
      {
        "lineNumber": 17,
        "author": {
          "gitId": "lowjiayee"
        },
        "content": "then"
      },
      {
        "lineNumber": 18,
        "author": {
          "gitId": "lowjiayee"
        },
        "content": "    echo \"********** BUILD FAILURE **********\""
      },
      {
        "lineNumber": 19,
        "author": {
          "gitId": "lowjiayee"
        },
        "content": "    exit 1"
      },
      {
        "lineNumber": 20,
        "author": {
          "gitId": "lowjiayee"
        },
        "content": "fi"
      },
      {
        "lineNumber": 21,
        "author": {
          "gitId": "lowjiayee"
        },
        "content": ""
      },
      {
        "lineNumber": 22,
        "author": {
          "gitId": "lowjiayee"
        },
        "content": "# run the program, feed commands from input.txt file and redirect the output to the ACTUAL.TXT"
      },
      {
        "lineNumber": 23,
        "author": {
          "gitId": "lowjiayee"
        },
        "content": "java -Dfile.encoding\u003dUTF8 -classpath ../bin Duke \u003c input.txt \u003e ACTUAL.TXT"
      },
      {
        "lineNumber": 24,
        "author": {
          "gitId": "lowjiayee"
        },
        "content": ""
      },
      {
        "lineNumber": 25,
        "author": {
          "gitId": "lowjiayee"
        },
        "content": "# compare the output to the expected output"
      },
      {
        "lineNumber": 26,
        "author": {
          "gitId": "lowjiayee"
        },
        "content": "diff ACTUAL.TXT EXPECTED.TXT"
      },
      {
        "lineNumber": 27,
        "author": {
          "gitId": "lowjiayee"
        },
        "content": "if [ $? -eq 0 ]"
      },
      {
        "lineNumber": 28,
        "author": {
          "gitId": "lowjiayee"
        },
        "content": "then"
      },
      {
        "lineNumber": 29,
        "author": {
          "gitId": "lowjiayee"
        },
        "content": "    echo \"Test result: PASSED\""
      },
      {
        "lineNumber": 30,
        "author": {
          "gitId": "lowjiayee"
        },
        "content": "    exit 0"
      },
      {
        "lineNumber": 31,
        "author": {
          "gitId": "lowjiayee"
        },
        "content": "else"
      },
      {
        "lineNumber": 32,
        "author": {
          "gitId": "lowjiayee"
        },
        "content": "    echo \"Test result: FAILED\""
      },
      {
        "lineNumber": 33,
        "author": {
          "gitId": "lowjiayee"
        },
        "content": "    exit 1"
      },
      {
        "lineNumber": 34,
        "author": {
          "gitId": "lowjiayee"
        },
        "content": "fi"
      }
    ],
    "authorContributionMap": {
      "lowjiayee": 34
    }
  }
]
