{
  "authorDailyContributionsMap": {
    "lowjiayee": [
      {
        "insertions": 49,
        "deletions": 1,
        "date": "2020-01-17",
        "commitResults": [
          {
            "hash": "063175c70894b8cc77fa8945980db6c652b9ac7d",
            "messageTitle": "add Level-1",
            "messageBody": "",
            "tags": [
              "Level-1"
            ],
            "insertions": 49,
            "deletions": 1
          }
        ]
      },
      {
        "insertions": 33,
        "deletions": 6,
        "date": "2020-01-24",
        "commitResults": [
          {
            "hash": "391ff15fe251a5f1e3e9c8f7b9d814a662dc31aa",
            "messageTitle": "Add, List",
            "messageBody": "",
            "tags": [
              "Level-2"
            ],
            "insertions": 31,
            "deletions": 6
          },
          {
            "hash": "b5f26443aa7c5bbaaf7f97846ca2d9a3bf7bb4f5",
            "messageTitle": "Add Task class",
            "messageBody": "",
            "insertions": 2,
            "deletions": 0
          }
        ]
      },
      {
        "insertions": 46,
        "deletions": 5,
        "date": "2020-01-25",
        "commitResults": [
          {
            "hash": "aea45259a8f57c89c1bdaaabdeb33010ffed452c",
            "messageTitle": "Mark as done",
            "messageBody": "",
            "tags": [
              "Level-3",
              "A-CodingStandard"
            ],
            "insertions": 46,
            "deletions": 5
          }
        ]
      },
      {
        "insertions": 1,
        "deletions": 5,
        "date": "2020-01-30",
        "commitResults": [
          {
            "hash": "2724ffa1d0c510356aaae8af100e1d43c3608f66",
            "messageTitle": "Change formatting in Task.java",
            "messageBody": "",
            "insertions": 1,
            "deletions": 5
          }
        ]
      },
      {
        "insertions": 184,
        "deletions": 30,
        "date": "2020-01-31",
        "commitResults": [
          {
            "hash": "928c5c40b7c14f0834fc253297cf498d534c98e9",
            "messageTitle": "Add ToDo",
            "messageBody": "",
            "insertions": 73,
            "deletions": 22
          },
          {
            "hash": "138c891343b198adddde186778289c849c0ac4b6",
            "messageTitle": "Add basic functionalities for Deadline, Event",
            "messageBody": "",
            "insertions": 16,
            "deletions": 0
          },
          {
            "hash": "346d8346487f1206897c7c7c9111b79d72c1ef25",
            "messageTitle": "Implement full functionality of Deadline, Event",
            "messageBody": "",
            "tags": [
              "Level-4",
              "A-Inheritance"
            ],
            "insertions": 49,
            "deletions": 6
          },
          {
            "hash": "2e04213c1a4e1f1a1fa09775649a688361110068",
            "messageTitle": "Add Text UI Testing",
            "messageBody": "",
            "tags": [
              "A-TextUiTesting"
            ],
            "insertions": 46,
            "deletions": 2
          }
        ]
      },
      {
        "insertions": 19,
        "deletions": 12,
        "date": "2020-02-04",
        "commitResults": [
          {
            "hash": "30b1d837b27e0d9fe9d4f53744a9fd03b42e575b",
            "messageTitle": "Refactor welcome message",
            "messageBody": "",
            "insertions": 12,
            "deletions": 12
          },
          {
            "hash": "8121775938da0dc750d9851cb442632d44bb9a3c",
            "messageTitle": "Add basic input processing",
            "messageBody": "",
            "insertions": 7,
            "deletions": 0
          }
        ]
      },
      {
        "insertions": 47,
        "deletions": 22,
        "date": "2020-02-06",
        "commitResults": [
          {
            "hash": "e5a5a57bdf49e9b5d0643d0b256a24b14f1267d4",
            "messageTitle": "Change to switch-case logic",
            "messageBody": "",
            "insertions": 47,
            "deletions": 22
          }
        ]
      },
      {
        "insertions": 79,
        "deletions": 67,
        "date": "2020-02-09",
        "commitResults": [
          {
            "hash": "d03535f8f1f65abcba195e0c87a1f04e6639afe6",
            "messageTitle": "Change tick\u0026cross to unicode",
            "messageBody": "",
            "insertions": 3,
            "deletions": 2
          },
          {
            "hash": "7bc85a488a1bbc98bb5d943b3e7692466c3360bd",
            "messageTitle": "Add class TaskList",
            "messageBody": "",
            "tags": [
              "A-CodeQuality"
            ],
            "insertions": 76,
            "deletions": 65
          }
        ]
      },
      {
        "insertions": 56,
        "deletions": 33,
        "date": "2020-02-10",
        "commitResults": [
          {
            "hash": "6b1045a283876b1e82d32b9f0b6d725bd6e7dde3",
            "messageTitle": "Handle no argument exception",
            "messageBody": "",
            "insertions": 53,
            "deletions": 33
          },
          {
            "hash": "00948a76ba5ea6564ed0430c5f9a6e6030b0cc6c",
            "messageTitle": "Modify text-ui-test",
            "messageBody": "",
            "insertions": 3,
            "deletions": 0
          }
        ]
      },
      {
        "insertions": 23,
        "deletions": 6,
        "date": "2020-02-13",
        "commitResults": [
          {
            "hash": "a9e413f5e87e7100468193a3113552a925086925",
            "messageTitle": "Add delete functionality",
            "messageBody": "",
            "insertions": 10,
            "deletions": 1
          },
          {
            "hash": "f1245e0554ff2fd2bfe84d0896f57dbab106af92",
            "messageTitle": "Handle index out-of-bound check",
            "messageBody": "",
            "tags": [
              "Level-6"
            ],
            "insertions": 13,
            "deletions": 5
          }
        ]
      },
      {
        "insertions": 108,
        "deletions": 188,
        "date": "2020-02-19",
        "commitResults": [
          {
            "hash": "435aedcb8edc9069f749ce5d03336bbd9e1ac375",
            "messageTitle": "Delete gradle and DukeTest",
            "messageBody": "",
            "insertions": 0,
            "deletions": 124
          },
          {
            "hash": "c9e8ac151c193acd38366944cd0fc32be5bd89b3",
            "messageTitle": "Change sad face to unicode",
            "messageBody": "",
            "insertions": 3,
            "deletions": 3
          },
          {
            "hash": "bb4fcb48e786ac6acc9ecd9991eccab20ef14c15",
            "messageTitle": "Add Parser class",
            "messageBody": "",
            "insertions": 42,
            "deletions": 32
          },
          {
            "hash": "ebb07109eed144fb5a81b14c39254ae324284c60",
            "messageTitle": "Refactor FileIO",
            "messageBody": "",
            "insertions": 20,
            "deletions": 16
          },
          {
            "hash": "5b1910fc647c63b29998c746f3c3a1867a3c6af3",
            "messageTitle": "Add Storage class",
            "messageBody": "",
            "insertions": 43,
            "deletions": 13
          }
        ]
      },
      {
        "insertions": 46,
        "deletions": 29,
        "date": "2020-02-20",
        "commitResults": [
          {
            "hash": "a098655853347459d1b8ddcf89eda3115b800480",
            "messageTitle": "Add Ui class",
            "messageBody": "",
            "insertions": 28,
            "deletions": 22
          },
          {
            "hash": "72395c2e21a565b84f4f2c6f5a451b444e53aee5",
            "messageTitle": "Refactor Duke.java",
            "messageBody": "",
            "tags": [
              "A-MoreOOP"
            ],
            "insertions": 18,
            "deletions": 7
          }
        ]
      },
      {
        "insertions": 8,
        "deletions": 2,
        "date": "2020-02-21",
        "commitResults": [
          {
            "hash": "67ed92525f1a55ddecde6bc891c1662d63a9fadc",
            "messageTitle": "Bugfix",
            "messageBody": "",
            "tags": [
              "v0.1",
              "A-Jar"
            ],
            "insertions": 8,
            "deletions": 2
          }
        ]
      },
      {
        "insertions": 124,
        "deletions": 6,
        "date": "2020-02-23",
        "commitResults": [
          {
            "hash": "a9c9ac31c65bfa5bd54932dc98f82b8dab43de05",
            "messageTitle": "Implement find",
            "messageBody": "",
            "insertions": 21,
            "deletions": 2
          },
          {
            "hash": "532a4d7976a95ae90794db891d54bb7c66ac11e7",
            "messageTitle": "Bugfix",
            "messageBody": "",
            "tags": [
              "Level-9"
            ],
            "insertions": 1,
            "deletions": 1
          },
          {
            "hash": "44183a80aa13a5a3b715e79ed28aafd2c1b84b62",
            "messageTitle": "Add JavaDoc",
            "messageBody": "",
            "tags": [
              "A-JavaDoc"
            ],
            "insertions": 102,
            "deletions": 3
          }
        ]
      },
      {
        "insertions": 5,
        "deletions": 0,
        "date": "2020-02-24",
        "commitResults": [
          {
            "hash": "137465f35fc33e58aedf5abae03334b009f21151",
            "messageTitle": "Add description for find method",
            "messageBody": "",
            "insertions": 5,
            "deletions": 0
          }
        ]
      },
      {
        "insertions": 456,
        "deletions": 131,
        "date": "2020-02-25",
        "commitResults": [
          {
            "hash": "2eb5b98f676318e9a61be59143f07693fd915221",
            "messageTitle": "Add user guide",
            "messageBody": "",
            "tags": [
              "A-UserGuide"
            ],
            "insertions": 142,
            "deletions": 10
          },
          {
            "hash": "707bc009795947e7842e60d7f18e2b2e3bd40a1a",
            "messageTitle": "Add feedback for redundant commands",
            "messageBody": "",
            "insertions": 14,
            "deletions": 3
          },
          {
            "hash": "9a568903d6303f7e93348fc9413417b4743b7ab8",
            "messageTitle": "Update documentation",
            "messageBody": "",
            "insertions": 36,
            "deletions": 34
          },
          {
            "hash": "df871634940cb2ee81b1bbdb2657052aebdf7ce1",
            "messageTitle": "Inform user about empty list",
            "messageBody": "",
            "insertions": 7,
            "deletions": 1
          },
          {
            "hash": "4ebf3c3efcda76c83662c9d43e125d1e452806a4",
            "messageTitle": "Refactor UI messages to Class Ui",
            "messageBody": "",
            "insertions": 88,
            "deletions": 44
          },
          {
            "hash": "9f63c1b2583f67bc8d68b9549bade821755bc329",
            "messageTitle": "Refactor out storage close method",
            "messageBody": "",
            "insertions": 15,
            "deletions": 8
          },
          {
            "hash": "2bbbf0b210c1bc5faee521d9cf35a8f623221d33",
            "messageTitle": "Refactor main",
            "messageBody": "",
            "insertions": 15,
            "deletions": 13
          },
          {
            "hash": "caed2631ac35515045b6f7e5dc9668781fc29b9c",
            "messageTitle": "Fix hasNotSaidBye()",
            "messageBody": "",
            "insertions": 2,
            "deletions": 2
          },
          {
            "hash": "e9e11cecbc6e47f401b708d9e73874742a5d106e",
            "messageTitle": "Add JavaDoc",
            "messageBody": "",
            "insertions": 106,
            "deletions": 3
          },
          {
            "hash": "491116000b526dbe756999cf10e70020384c666a",
            "messageTitle": "Resolve merge conflict",
            "messageBody": "",
            "insertions": 0,
            "deletions": 13
          },
          {
            "hash": "b96d23369c1255967d476536f645a33a0e1109ba",
            "messageTitle": "Add JavaDoc for Ui.java",
            "messageBody": "",
            "insertions": 31,
            "deletions": 0
          }
        ]
      },
      {
        "insertions": 1,
        "deletions": 1,
        "date": "2020-02-28",
        "commitResults": [
          {
            "hash": "6a8f1968da65a77c88fc8ba10d3f7da92513055b",
            "messageTitle": "Bugfix",
            "messageBody": "",
            "tags": [
              "v0.2"
            ],
            "insertions": 1,
            "deletions": 1
          }
        ]
      }
    ]
  },
  "authorFinalContributionMap": {
    "lowjiayee": 805
  },
  "authorFileTypeContributionMap": {
    "lowjiayee": {
      "java": 608,
      "md": 143,
      "fxml": 0,
      "sh": 37,
      "bat": 0,
      "gradle": 0,
      "txt": 17
    }
  },
  "authorContributionVariance": {
    "lowjiayee": 10040.801
  },
  "authorDisplayNameMap": {
    "lowjiayee": "CS2113T-T12-4 LOW .. YEE"
  }
}
