{
  "authorDailyContributionsMap": {
    "lowjiayee": [
      {
        "insertions": 49,
        "deletions": 1,
        "date": "2020-01-17",
        "commitResults": [
          {
            "hash": "063175c70894b8cc77fa8945980db6c652b9ac7d",
            "messageTitle": "add Level-1",
            "messageBody": "",
            "tags": [
              "Level-1"
            ],
            "insertions": 49,
            "deletions": 1
          }
        ]
      },
      {
        "insertions": 33,
        "deletions": 6,
        "date": "2020-01-24",
        "commitResults": [
          {
            "hash": "391ff15fe251a5f1e3e9c8f7b9d814a662dc31aa",
            "messageTitle": "Add, List",
            "messageBody": "",
            "tags": [
              "Level-2"
            ],
            "insertions": 31,
            "deletions": 6
          },
          {
            "hash": "b5f26443aa7c5bbaaf7f97846ca2d9a3bf7bb4f5",
            "messageTitle": "Add Task class",
            "messageBody": "",
            "insertions": 2,
            "deletions": 0
          }
        ]
      },
      {
        "insertions": 46,
        "deletions": 5,
        "date": "2020-01-25",
        "commitResults": [
          {
            "hash": "aea45259a8f57c89c1bdaaabdeb33010ffed452c",
            "messageTitle": "Mark as done",
            "messageBody": "",
            "tags": [
              "Level-3",
              "A-CodingStandard"
            ],
            "insertions": 46,
            "deletions": 5
          }
        ]
      },
      {
        "insertions": 1,
        "deletions": 5,
        "date": "2020-01-30",
        "commitResults": [
          {
            "hash": "2724ffa1d0c510356aaae8af100e1d43c3608f66",
            "messageTitle": "Change formatting in Task.java",
            "messageBody": "",
            "insertions": 1,
            "deletions": 5
          }
        ]
      },
      {
        "insertions": 184,
        "deletions": 30,
        "date": "2020-01-31",
        "commitResults": [
          {
            "hash": "928c5c40b7c14f0834fc253297cf498d534c98e9",
            "messageTitle": "Add ToDo",
            "messageBody": "",
            "insertions": 73,
            "deletions": 22
          },
          {
            "hash": "138c891343b198adddde186778289c849c0ac4b6",
            "messageTitle": "Add basic functionalities for Deadline, Event",
            "messageBody": "",
            "insertions": 16,
            "deletions": 0
          },
          {
            "hash": "346d8346487f1206897c7c7c9111b79d72c1ef25",
            "messageTitle": "Implement full functionality of Deadline, Event",
            "messageBody": "",
            "tags": [
              "Level-4",
              "A-Inheritance"
            ],
            "insertions": 49,
            "deletions": 6
          },
          {
            "hash": "2e04213c1a4e1f1a1fa09775649a688361110068",
            "messageTitle": "Add Text UI Testing",
            "messageBody": "",
            "tags": [
              "A-TextUiTesting"
            ],
            "insertions": 46,
            "deletions": 2
          }
        ]
      },
      {
        "insertions": 19,
        "deletions": 12,
        "date": "2020-02-04",
        "commitResults": [
          {
            "hash": "30b1d837b27e0d9fe9d4f53744a9fd03b42e575b",
            "messageTitle": "Refactor welcome message",
            "messageBody": "",
            "insertions": 12,
            "deletions": 12
          },
          {
            "hash": "8121775938da0dc750d9851cb442632d44bb9a3c",
            "messageTitle": "Add basic input processing",
            "messageBody": "",
            "insertions": 7,
            "deletions": 0
          }
        ]
      },
      {
        "insertions": 47,
        "deletions": 22,
        "date": "2020-02-06",
        "commitResults": [
          {
            "hash": "e5a5a57bdf49e9b5d0643d0b256a24b14f1267d4",
            "messageTitle": "Change to switch-case logic",
            "messageBody": "",
            "insertions": 47,
            "deletions": 22
          }
        ]
      },
      {
        "insertions": 79,
        "deletions": 67,
        "date": "2020-02-09",
        "commitResults": [
          {
            "hash": "d03535f8f1f65abcba195e0c87a1f04e6639afe6",
            "messageTitle": "Change tick\u0026cross to unicode",
            "messageBody": "",
            "insertions": 3,
            "deletions": 2
          },
          {
            "hash": "7bc85a488a1bbc98bb5d943b3e7692466c3360bd",
            "messageTitle": "Add class TaskList",
            "messageBody": "",
            "tags": [
              "A-CodeQuality"
            ],
            "insertions": 76,
            "deletions": 65
          }
        ]
      },
      {
        "insertions": 56,
        "deletions": 33,
        "date": "2020-02-10",
        "commitResults": [
          {
            "hash": "6b1045a283876b1e82d32b9f0b6d725bd6e7dde3",
            "messageTitle": "Handle no argument exception",
            "messageBody": "",
            "insertions": 53,
            "deletions": 33
          },
          {
            "hash": "00948a76ba5ea6564ed0430c5f9a6e6030b0cc6c",
            "messageTitle": "Modify text-ui-test",
            "messageBody": "",
            "insertions": 3,
            "deletions": 0
          }
        ]
      },
      {
        "insertions": 23,
        "deletions": 6,
        "date": "2020-02-13",
        "commitResults": [
          {
            "hash": "a9e413f5e87e7100468193a3113552a925086925",
            "messageTitle": "Add delete functionality",
            "messageBody": "",
            "insertions": 10,
            "deletions": 1
          },
          {
            "hash": "f1245e0554ff2fd2bfe84d0896f57dbab106af92",
            "messageTitle": "Handle index out-of-bound check",
            "messageBody": "",
            "tags": [
              "Level-6"
            ],
            "insertions": 13,
            "deletions": 5
          }
        ]
      },
      {
        "insertions": 108,
        "deletions": 188,
        "date": "2020-02-19",
        "commitResults": [
          {
            "hash": "435aedcb8edc9069f749ce5d03336bbd9e1ac375",
            "messageTitle": "Delete gradle and DukeTest",
            "messageBody": "",
            "insertions": 0,
            "deletions": 124
          },
          {
            "hash": "c9e8ac151c193acd38366944cd0fc32be5bd89b3",
            "messageTitle": "Change sad face to unicode",
            "messageBody": "",
            "insertions": 3,
            "deletions": 3
          },
          {
            "hash": "bb4fcb48e786ac6acc9ecd9991eccab20ef14c15",
            "messageTitle": "Add Parser class",
            "messageBody": "",
            "insertions": 42,
            "deletions": 32
          },
          {
            "hash": "ebb07109eed144fb5a81b14c39254ae324284c60",
            "messageTitle": "Refactor FileIO",
            "messageBody": "",
            "insertions": 20,
            "deletions": 16
          },
          {
            "hash": "5b1910fc647c63b29998c746f3c3a1867a3c6af3",
            "messageTitle": "Add Storage class",
            "messageBody": "",
            "insertions": 43,
            "deletions": 13
          }
        ]
      },
      {
        "insertions": 46,
        "deletions": 29,
        "date": "2020-02-20",
        "commitResults": [
          {
            "hash": "a098655853347459d1b8ddcf89eda3115b800480",
            "messageTitle": "Add Ui class",
            "messageBody": "",
            "insertions": 28,
            "deletions": 22
          },
          {
            "hash": "72395c2e21a565b84f4f2c6f5a451b444e53aee5",
            "messageTitle": "Refactor Duke.java",
            "messageBody": "",
            "tags": [
              "A-MoreOOP"
            ],
            "insertions": 18,
            "deletions": 7
          }
        ]
      }
    ]
  },
  "authorFinalContributionMap": {
    "lowjiayee": 428
  },
  "authorFileTypeContributionMap": {
    "lowjiayee": {
      "java": 380,
      "md": 0,
      "fxml": 0,
      "sh": 34,
      "bat": 0,
      "gradle": 0,
      "txt": 14
    }
  },
  "authorContributionVariance": {
    "lowjiayee": 3865.4043
  },
  "authorDisplayNameMap": {
    "lowjiayee": "CS2113T-T12-4 LOW .. YEE"
  }
}
