{
  "authorDailyContributionsMap": {
    "alexlim510": [
      {
        "insertions": 40,
        "deletions": 13,
        "date": "2020-01-28",
        "commitResults": [
          {
            "hash": "7252f7c4a2039d2bf800e788e221cdb8ed8b6942",
            "messageTitle": "Rename Duke to Morty",
            "messageBody": "",
            "tags": [
              "Level-0"
            ],
            "insertions": 1,
            "deletions": 5
          },
          {
            "hash": "4d98a05cbb5ecf619fb3c08d5b1a4c7d196c42b7",
            "messageTitle": "Level-0",
            "messageBody": "",
            "insertions": 4,
            "deletions": 2
          },
          {
            "hash": "409817aa2c7060b8bf0e3924f4586e756fdaab5a",
            "messageTitle": "Level-1",
            "messageBody": "",
            "tags": [
              "Level-1"
            ],
            "insertions": 13,
            "deletions": 3
          },
          {
            "hash": "5e0fb3ee9187bc8da5de43e281919700a3a0bc9e",
            "messageTitle": "Level-2",
            "messageBody": "",
            "tags": [
              "Level-2"
            ],
            "insertions": 22,
            "deletions": 3
          }
        ]
      }
    ]
  },
  "authorFinalContributionMap": {
    "alexlim510": 33
  },
  "authorFileTypeContributionMap": {
    "alexlim510": {
      "java": 33,
      "md": 0,
      "fxml": 0,
      "sh": 0,
      "bat": 0,
      "gradle": 0,
      "txt": 0
    }
  },
  "authorContributionVariance": {
    "alexlim510": 164.58984
  },
  "authorDisplayNameMap": {
    "alexlim510": "CS2113-T15-2 ALEX.. XUN"
  }
}
