{
  "authorDailyContributionsMap": {
    "alexlim510": [
      {
        "insertions": 40,
        "deletions": 13,
        "date": "2020-01-28",
        "commitResults": [
          {
            "hash": "7252f7c4a2039d2bf800e788e221cdb8ed8b6942",
            "messageTitle": "Rename Duke to Morty",
            "messageBody": "",
            "tags": [
              "Level-0"
            ],
            "insertions": 1,
            "deletions": 5
          },
          {
            "hash": "4d98a05cbb5ecf619fb3c08d5b1a4c7d196c42b7",
            "messageTitle": "Level-0",
            "messageBody": "",
            "insertions": 4,
            "deletions": 2
          },
          {
            "hash": "409817aa2c7060b8bf0e3924f4586e756fdaab5a",
            "messageTitle": "Level-1",
            "messageBody": "",
            "tags": [
              "Level-1"
            ],
            "insertions": 13,
            "deletions": 3
          },
          {
            "hash": "5e0fb3ee9187bc8da5de43e281919700a3a0bc9e",
            "messageTitle": "Level-2",
            "messageBody": "",
            "tags": [
              "Level-2"
            ],
            "insertions": 22,
            "deletions": 3
          }
        ]
      },
      {
        "insertions": 174,
        "deletions": 39,
        "date": "2020-02-02",
        "commitResults": [
          {
            "hash": "b49af873cbf965c86660bf10ee5495194336bf43",
            "messageTitle": "add Increment:Level-3",
            "messageBody": "",
            "insertions": 4,
            "deletions": 0
          },
          {
            "hash": "58ea8f8aaeeb226674ce5805790144bfe0a28343",
            "messageTitle": "Add increment: Level 3",
            "messageBody": "",
            "tags": [
              "Level-3"
            ],
            "insertions": 35,
            "deletions": 14
          },
          {
            "hash": "0706908e0dfb529fc35bd451499c9ca7dae1f6c2",
            "messageTitle": "Add Increment: A-CodingStandard",
            "messageBody": "",
            "tags": [
              "A-CodingStandard"
            ],
            "insertions": 9,
            "deletions": 4
          },
          {
            "hash": "ea89c0a36cc488f2c2bf5b69ded4f7903989ea62",
            "messageTitle": "Add Increment: Level-4",
            "messageBody": "",
            "tags": [
              "Level-4"
            ],
            "insertions": 89,
            "deletions": 1
          },
          {
            "hash": "d39e42e1b8749cd0bddb5bd8dc7bb4bcd5e1bba3",
            "messageTitle": "Add Increment: A-CodeQuality",
            "messageBody": "",
            "tags": [
              "A-CodeQuality"
            ],
            "insertions": 37,
            "deletions": 20
          }
        ]
      },
      {
        "insertions": 121,
        "deletions": 69,
        "date": "2020-02-10",
        "commitResults": [
          {
            "hash": "87c55e68a60aef03355b3da266fec5f35341db74",
            "messageTitle": "Add Increment: Level5",
            "messageBody": "",
            "insertions": 114,
            "deletions": 65
          },
          {
            "hash": "1079512fe86b7c79380e95c4f41aadc33c8b8d2b",
            "messageTitle": "Add increment: Level-5",
            "messageBody": "",
            "insertions": 5,
            "deletions": 3
          },
          {
            "hash": "498935a6d4ce30c100c5a441c2a9690bcd13499b",
            "messageTitle": "Add increment: Level-5",
            "messageBody": "",
            "insertions": 2,
            "deletions": 1
          }
        ]
      }
    ]
  },
  "authorFinalContributionMap": {
    "alexlim510": 219
  },
  "authorFileTypeContributionMap": {
    "alexlim510": {
      "java": 219,
      "md": 0,
      "fxml": 0,
      "sh": 0,
      "bat": 0,
      "gradle": 0,
      "txt": 0
    }
  },
  "authorContributionVariance": {
    "alexlim510": 2658.89
  },
  "authorDisplayNameMap": {
    "alexlim510": "CS2113-T15-2 ALEX.. XUN"
  }
}
