{
  "repoSenseVersion": "33e24b8d00",
  "reportGeneratedTime": "Sat Mar 7 17:29:44 2020 UTC+08:00",
  "repos": [
    {
      "location": {
        "location": "https://github.com/wangqinNick/duke.git",
        "repoName": "duke",
        "organization": "wangqinNick"
      },
      "branch": "master",
      "displayName": "wangqinNick/duke[master]",
      "outputFolderName": "wangqinNick_duke_master"
    },
    {
      "location": {
        "location": "https://github.com/nigellenl/duke.git",
        "repoName": "duke",
        "organization": "nigellenl"
      },
      "branch": "master",
      "displayName": "nigellenl/duke[master]",
      "outputFolderName": "nigellenl_duke_master"
    },
    {
      "location": {
        "location": "https://github.com/JeremiasLiew/duke.git",
        "repoName": "duke",
        "organization": "JeremiasLiew"
      },
      "branch": "master",
      "displayName": "JeremiasLiew/duke[master]",
      "outputFolderName": "JeremiasLiew_duke_master"
    },
    {
      "location": {
        "location": "https://github.com/terrytay/duke.git",
        "repoName": "duke",
        "organization": "terrytay"
      },
      "branch": "master",
      "displayName": "terrytay/duke[master]",
      "outputFolderName": "terrytay_duke_master"
    },
    {
      "location": {
        "location": "https://github.com/JosephLimWeiJie/duke.git",
        "repoName": "duke",
        "organization": "JosephLimWeiJie"
      },
      "branch": "master",
      "displayName": "JosephLimWeiJie/duke[master]",
      "outputFolderName": "JosephLimWeiJie_duke_master"
    },
    {
      "location": {
        "location": "https://github.com/A11riseforme/duke.git",
        "repoName": "duke",
        "organization": "A11riseforme"
      },
      "branch": "master",
      "displayName": "A11riseforme/duke[master]",
      "outputFolderName": "A11riseforme_duke_master"
    },
    {
      "location": {
        "location": "https://github.com/alaukiknpant/duke.git",
        "repoName": "duke",
        "organization": "alaukiknpant"
      },
      "branch": "master",
      "displayName": "alaukiknpant/duke[master]",
      "outputFolderName": "alaukiknpant_duke_master"
    },
    {
      "location": {
        "location": "https://github.com/g-lilian/duke.git",
        "repoName": "duke",
        "organization": "g-lilian"
      },
      "branch": "master",
      "displayName": "g-lilian/duke[master]",
      "outputFolderName": "g-lilian_duke_master"
    },
    {
      "location": {
        "location": "https://github.com/HAOYUN49/duke.git",
        "repoName": "duke",
        "organization": "HAOYUN49"
      },
      "branch": "master",
      "displayName": "HAOYUN49/duke[master]",
      "outputFolderName": "HAOYUN49_duke_master"
    },
    {
      "location": {
        "location": "https://github.com/brandoncjh/duke.git",
        "repoName": "duke",
        "organization": "brandoncjh"
      },
      "branch": "master",
      "displayName": "brandoncjh/duke[master]",
      "outputFolderName": "brandoncjh_duke_master"
    },
    {
      "location": {
        "location": "https://github.com/kokjoon97/duke.git",
        "repoName": "duke",
        "organization": "kokjoon97"
      },
      "branch": "master",
      "displayName": "kokjoon97/duke[master]",
      "outputFolderName": "kokjoon97_duke_master"
    },
    {
      "location": {
        "location": "https://github.com/lowjiayee/duke.git",
        "repoName": "duke",
        "organization": "lowjiayee"
      },
      "branch": "master",
      "displayName": "lowjiayee/duke[master]",
      "outputFolderName": "lowjiayee_duke_master"
    },
    {
      "location": {
        "location": "https://github.com/joelczk/duke.git",
        "repoName": "duke",
        "organization": "joelczk"
      },
      "branch": "master",
      "displayName": "joelczk/duke[master]",
      "outputFolderName": "joelczk_duke_master"
    },
    {
      "location": {
        "location": "https://github.com/MeLoveCarbs/duke.git",
        "repoName": "duke",
        "organization": "MeLoveCarbs"
      },
      "branch": "master",
      "displayName": "MeLoveCarbs/duke[master]",
      "outputFolderName": "MeLoveCarbs_duke_master"
    },
    {
      "location": {
        "location": "https://github.com/jichngan/duke.git",
        "repoName": "duke",
        "organization": "jichngan"
      },
      "branch": "master",
      "displayName": "jichngan/duke[master]",
      "outputFolderName": "jichngan_duke_master"
    },
    {
      "location": {
        "location": "https://github.com/lwxymere/duke.git",
        "repoName": "duke",
        "organization": "lwxymere"
      },
      "branch": "master",
      "displayName": "lwxymere/duke[master]",
      "outputFolderName": "lwxymere_duke_master"
    },
    {
      "location": {
        "location": "https://github.com/E0309556/duke.git",
        "repoName": "duke",
        "organization": "E0309556"
      },
      "branch": "master",
      "displayName": "E0309556/duke[master]",
      "outputFolderName": "E0309556_duke_master"
    },
    {
      "location": {
        "location": "https://github.com/Keith-JK/duke.git",
        "repoName": "duke",
        "organization": "Keith-JK"
      },
      "branch": "master",
      "displayName": "Keith-JK/duke[master]",
      "outputFolderName": "Keith-JK_duke_master"
    },
    {
      "location": {
        "location": "https://github.com/JLoh579/duke.git",
        "repoName": "duke",
        "organization": "JLoh579"
      },
      "branch": "master",
      "displayName": "JLoh579/duke[master]",
      "outputFolderName": "JLoh579_duke_master"
    },
    {
      "location": {
        "location": "https://github.com/siuhian/duke.git",
        "repoName": "duke",
        "organization": "siuhian"
      },
      "branch": "master",
      "displayName": "siuhian/duke[master]",
      "outputFolderName": "siuhian_duke_master"
    },
    {
      "location": {
        "location": "https://github.com/benchan911/duke.git",
        "repoName": "duke",
        "organization": "benchan911"
      },
      "branch": "master",
      "displayName": "benchan911/duke[master]",
      "outputFolderName": "benchan911_duke_master"
    },
    {
      "location": {
        "location": "https://github.com/lamyuewei/duke.git",
        "repoName": "duke",
        "organization": "lamyuewei"
      },
      "branch": "master",
      "displayName": "lamyuewei/duke[master]",
      "outputFolderName": "lamyuewei_duke_master"
    },
    {
      "location": {
        "location": "https://github.com/NizarMohd/duke.git",
        "repoName": "duke",
        "organization": "NizarMohd"
      },
      "branch": "master",
      "displayName": "NizarMohd/duke[master]",
      "outputFolderName": "NizarMohd_duke_master"
    },
    {
      "location": {
        "location": "https://github.com/iceclementi/duke.git",
        "repoName": "duke",
        "organization": "iceclementi"
      },
      "branch": "master",
      "displayName": "iceclementi/duke[master]",
      "outputFolderName": "iceclementi_duke_master"
    },
    {
      "location": {
        "location": "https://github.com/matthewc97/duke.git",
        "repoName": "duke",
        "organization": "matthewc97"
      },
      "branch": "master",
      "displayName": "matthewc97/duke[master]",
      "outputFolderName": "matthewc97_duke_master"
    },
    {
      "location": {
        "location": "https://github.com/JensonWee/duke.git",
        "repoName": "duke",
        "organization": "JensonWee"
      },
      "branch": "master",
      "displayName": "JensonWee/duke[master]",
      "outputFolderName": "JensonWee_duke_master"
    },
    {
      "location": {
        "location": "https://github.com/NyanWunPaing/duke.git",
        "repoName": "duke",
        "organization": "NyanWunPaing"
      },
      "branch": "master",
      "displayName": "NyanWunPaing/duke[master]",
      "outputFolderName": "NyanWunPaing_duke_master"
    },
    {
      "location": {
        "location": "https://github.com/jinfayap/duke.git",
        "repoName": "duke",
        "organization": "jinfayap"
      },
      "branch": "master",
      "displayName": "jinfayap/duke[master]",
      "outputFolderName": "jinfayap_duke_master"
    },
    {
      "location": {
        "location": "https://github.com/JustinnT/duke.git",
        "repoName": "duke",
        "organization": "JustinnT"
      },
      "branch": "master",
      "displayName": "JustinnT/duke[master]",
      "outputFolderName": "JustinnT_duke_master"
    },
    {
      "location": {
        "location": "https://github.com/GanapathySanathBalaji/duke.git",
        "repoName": "duke",
        "organization": "GanapathySanathBalaji"
      },
      "branch": "master",
      "displayName": "GanapathySanathBalaji/duke[master]",
      "outputFolderName": "GanapathySanathBalaji_duke_master"
    },
    {
      "location": {
        "location": "https://github.com/thanhduc2000/duke.git",
        "repoName": "duke",
        "organization": "thanhduc2000"
      },
      "branch": "master",
      "displayName": "thanhduc2000/duke[master]",
      "outputFolderName": "thanhduc2000_duke_master"
    },
    {
      "location": {
        "location": "https://github.com/cheongisabella/duke.git",
        "repoName": "duke",
        "organization": "cheongisabella"
      },
      "branch": "master",
      "displayName": "cheongisabella/duke[master]",
      "outputFolderName": "cheongisabella_duke_master"
    },
    {
      "location": {
        "location": "https://github.com/lowxizhi/duke.git",
        "repoName": "duke",
        "organization": "lowxizhi"
      },
      "branch": "master",
      "displayName": "lowxizhi/duke[master]",
      "outputFolderName": "lowxizhi_duke_master"
    },
    {
      "location": {
        "location": "https://github.com/sitinadiah25/duke.git",
        "repoName": "duke",
        "organization": "sitinadiah25"
      },
      "branch": "master",
      "displayName": "sitinadiah25/duke[master]",
      "outputFolderName": "sitinadiah25_duke_master"
    },
    {
      "location": {
        "location": "https://github.com/trishaangelica/duke.git",
        "repoName": "duke",
        "organization": "trishaangelica"
      },
      "branch": "master",
      "displayName": "trishaangelica/duke[master]",
      "outputFolderName": "trishaangelica_duke_master"
    },
    {
      "location": {
        "location": "https://github.com/Janicetyy/duke.git",
        "repoName": "duke",
        "organization": "Janicetyy"
      },
      "branch": "master",
      "displayName": "Janicetyy/duke[master]",
      "outputFolderName": "Janicetyy_duke_master"
    },
    {
      "location": {
        "location": "https://github.com/itskesin/duke.git",
        "repoName": "duke",
        "organization": "itskesin"
      },
      "branch": "master",
      "displayName": "itskesin/duke[master]",
      "outputFolderName": "itskesin_duke_master"
    },
    {
      "location": {
        "location": "https://github.com/ananda-lye/duke.git",
        "repoName": "duke",
        "organization": "ananda-lye"
      },
      "branch": "master",
      "displayName": "ananda-lye/duke[master]",
      "outputFolderName": "ananda-lye_duke_master"
    },
    {
      "location": {
        "location": "https://github.com/jiajuinphoon/duke.git",
        "repoName": "duke",
        "organization": "jiajuinphoon"
      },
      "branch": "master",
      "displayName": "jiajuinphoon/duke[master]",
      "outputFolderName": "jiajuinphoon_duke_master"
    },
    {
      "location": {
        "location": "https://github.com/alwayshuizhen/duke.git",
        "repoName": "duke",
        "organization": "alwayshuizhen"
      },
      "branch": "master",
      "displayName": "alwayshuizhen/duke[master]",
      "outputFolderName": "alwayshuizhen_duke_master"
    },
    {
      "location": {
        "location": "https://github.com/yantingsanity/duke.git",
        "repoName": "duke",
        "organization": "yantingsanity"
      },
      "branch": "master",
      "displayName": "yantingsanity/duke[master]",
      "outputFolderName": "yantingsanity_duke_master"
    },
    {
      "location": {
        "location": "https://github.com/Yukilite/duke.git",
        "repoName": "duke",
        "organization": "Yukilite"
      },
      "branch": "master",
      "displayName": "Yukilite/duke[master]",
      "outputFolderName": "Yukilite_duke_master"
    },
    {
      "location": {
        "location": "https://github.com/kcubey/duke.git",
        "repoName": "duke",
        "organization": "kcubey"
      },
      "branch": "master",
      "displayName": "kcubey/duke[master]",
      "outputFolderName": "kcubey_duke_master"
    },
    {
      "location": {
        "location": "https://github.com/anqi-nus/duke.git",
        "repoName": "duke",
        "organization": "anqi-nus"
      },
      "branch": "master",
      "displayName": "anqi-nus/duke[master]",
      "outputFolderName": "anqi-nus_duke_master"
    },
    {
      "location": {
        "location": "https://github.com/harithadiv/duke.git",
        "repoName": "duke",
        "organization": "harithadiv"
      },
      "branch": "master",
      "displayName": "harithadiv/duke[master]",
      "outputFolderName": "harithadiv_duke_master"
    },
    {
      "location": {
        "location": "https://github.com/zi-hui/duke.git",
        "repoName": "duke",
        "organization": "zi-hui"
      },
      "branch": "master",
      "displayName": "zi-hui/duke[master]",
      "outputFolderName": "zi-hui_duke_master"
    },
    {
      "location": {
        "location": "https://github.com/btricec/duke.git",
        "repoName": "duke",
        "organization": "btricec"
      },
      "branch": "master",
      "displayName": "btricec/duke[master]",
      "outputFolderName": "btricec_duke_master"
    },
    {
      "location": {
        "location": "https://github.com/synCKun/duke.git",
        "repoName": "duke",
        "organization": "synCKun"
      },
      "branch": "master",
      "displayName": "synCKun/duke[master]",
      "outputFolderName": "synCKun_duke_master"
    },
    {
      "location": {
        "location": "https://github.com/chengTzeNing/duke.git",
        "repoName": "duke",
        "organization": "chengTzeNing"
      },
      "branch": "master",
      "displayName": "chengTzeNing/duke[master]",
      "outputFolderName": "chengTzeNing_duke_master"
    },
    {
      "location": {
        "location": "https://github.com/dejunnn/duke.git",
        "repoName": "duke",
        "organization": "dejunnn"
      },
      "branch": "master",
      "displayName": "dejunnn/duke[master]",
      "outputFolderName": "dejunnn_duke_master"
    },
    {
      "location": {
        "location": "https://github.com/Shannonwje/duke.git",
        "repoName": "duke",
        "organization": "Shannonwje"
      },
      "branch": "master",
      "displayName": "Shannonwje/duke[master]",
      "outputFolderName": "Shannonwje_duke_master"
    },
    {
      "location": {
        "location": "https://github.com/bennychanya/duke.git",
        "repoName": "duke",
        "organization": "bennychanya"
      },
      "branch": "master",
      "displayName": "bennychanya/duke[master]",
      "outputFolderName": "bennychanya_duke_master"
    },
    {
      "location": {
        "location": "https://github.com/DeetoMok/duke.git",
        "repoName": "duke",
        "organization": "DeetoMok"
      },
      "branch": "master",
      "displayName": "DeetoMok/duke[master]",
      "outputFolderName": "DeetoMok_duke_master"
    },
    {
      "location": {
        "location": "https://github.com/hongquan448/duke.git",
        "repoName": "duke",
        "organization": "hongquan448"
      },
      "branch": "master",
      "displayName": "hongquan448/duke[master]",
      "outputFolderName": "hongquan448_duke_master"
    },
    {
      "location": {
        "location": "https://github.com/yuxianglim/duke.git",
        "repoName": "duke",
        "organization": "yuxianglim"
      },
      "branch": "master",
      "displayName": "yuxianglim/duke[master]",
      "outputFolderName": "yuxianglim_duke_master"
    },
    {
      "location": {
        "location": "https://github.com/andy-aw-why/duke.git",
        "repoName": "duke",
        "organization": "andy-aw-why"
      },
      "branch": "master",
      "displayName": "andy-aw-why/duke[master]",
      "outputFolderName": "andy-aw-why_duke_master"
    },
    {
      "location": {
        "location": "https://github.com/Bencotti/duke.git",
        "repoName": "duke",
        "organization": "Bencotti"
      },
      "branch": "master",
      "displayName": "Bencotti/duke[master]",
      "outputFolderName": "Bencotti_duke_master"
    },
    {
      "location": {
        "location": "https://github.com/rdimaio/duke.git",
        "repoName": "duke",
        "organization": "rdimaio"
      },
      "branch": "master",
      "displayName": "rdimaio/duke[master]",
      "outputFolderName": "rdimaio_duke_master"
    },
    {
      "location": {
        "location": "https://github.com/sliu107/duke.git",
        "repoName": "duke",
        "organization": "sliu107"
      },
      "branch": "master",
      "displayName": "sliu107/duke[master]",
      "outputFolderName": "sliu107_duke_master"
    },
    {
      "location": {
        "location": "https://github.com/nguan1/duke.git",
        "repoName": "duke",
        "organization": "nguan1"
      },
      "branch": "master",
      "displayName": "nguan1/duke[master]",
      "outputFolderName": "nguan1_duke_master"
    },
    {
      "location": {
        "location": "https://github.com/rsanchez-macias/duke.git",
        "repoName": "duke",
        "organization": "rsanchez-macias"
      },
      "branch": "master",
      "displayName": "rsanchez-macias/duke[master]",
      "outputFolderName": "rsanchez-macias_duke_master"
    },
    {
      "location": {
        "location": "https://github.com/Jeremy733/duke.git",
        "repoName": "duke",
        "organization": "Jeremy733"
      },
      "branch": "master",
      "displayName": "Jeremy733/duke[master]",
      "outputFolderName": "Jeremy733_duke_master"
    },
    {
      "location": {
        "location": "https://github.com/RenzoTsai/duke.git",
        "repoName": "duke",
        "organization": "RenzoTsai"
      },
      "branch": "master",
      "displayName": "RenzoTsai/duke[master]",
      "outputFolderName": "RenzoTsai_duke_master"
    },
    {
      "location": {
        "location": "https://github.com/katelo731/duke.git",
        "repoName": "duke",
        "organization": "katelo731"
      },
      "branch": "master",
      "displayName": "katelo731/duke[master]",
      "outputFolderName": "katelo731_duke_master"
    },
    {
      "location": {
        "location": "https://github.com/SibingWu/duke.git",
        "repoName": "duke",
        "organization": "SibingWu"
      },
      "branch": "master",
      "displayName": "SibingWu/duke[master]",
      "outputFolderName": "SibingWu_duke_master"
    },
    {
      "location": {
        "location": "https://github.com/gmuthu17/duke.git",
        "repoName": "duke",
        "organization": "gmuthu17"
      },
      "branch": "master",
      "displayName": "gmuthu17/duke[master]",
      "outputFolderName": "gmuthu17_duke_master"
    },
    {
      "location": {
        "location": "https://github.com/DDzuikeai/duke.git",
        "repoName": "duke",
        "organization": "DDzuikeai"
      },
      "branch": "master",
      "displayName": "DDzuikeai/duke[master]",
      "outputFolderName": "DDzuikeai_duke_master"
    },
    {
      "location": {
        "location": "https://github.com/JTWang2000/duke.git",
        "repoName": "duke",
        "organization": "JTWang2000"
      },
      "branch": "master",
      "displayName": "JTWang2000/duke[master]",
      "outputFolderName": "JTWang2000_duke_master"
    },
    {
      "location": {
        "location": "https://github.com/melylopez99/duke.git",
        "repoName": "duke",
        "organization": "melylopez99"
      },
      "branch": "master",
      "displayName": "melylopez99/duke[master]",
      "outputFolderName": "melylopez99_duke_master"
    },
    {
      "location": {
        "location": "https://github.com/Zhilin-Huang/duke.git",
        "repoName": "duke",
        "organization": "Zhilin-Huang"
      },
      "branch": "master",
      "displayName": "Zhilin-Huang/duke[master]",
      "outputFolderName": "Zhilin-Huang_duke_master"
    },
    {
      "location": {
        "location": "https://github.com/alexlim510/duke.git",
        "repoName": "duke",
        "organization": "alexlim510"
      },
      "branch": "master",
      "displayName": "alexlim510/duke[master]",
      "outputFolderName": "alexlim510_duke_master"
    },
    {
      "location": {
        "location": "https://github.com/quinnyyy/duke.git",
        "repoName": "duke",
        "organization": "quinnyyy"
      },
      "branch": "master",
      "displayName": "quinnyyy/duke[master]",
      "outputFolderName": "quinnyyy_duke_master"
    }
  ],
  "errorList": [],
  "sinceDate": "2020-01-13",
  "untilDate": "2020-03-07",
  "isSinceDateProvided": true,
  "isUntilDateProvided": false
}
