{
  "authorDailyContributionsMap": {
    "JensonWee": [
      {
        "insertions": 107,
        "deletions": 28,
        "date": "2020-01-22",
        "commitResults": [
          {
            "hash": "c895b10f3fc642ec3e644c132a8bfdb2ac529c37",
            "messageTitle": "Level 0. Greet",
            "messageBody": "",
            "tags": [
              "Level-0"
            ],
            "insertions": 14,
            "deletions": 6
          },
          {
            "hash": "1c436630de4c4c912d74d70868b5b0dc07e9ecb2",
            "messageTitle": "Level-1: Greet, Echo, Exit",
            "messageBody": "",
            "tags": [
              "Level-1"
            ],
            "insertions": 27,
            "deletions": 9
          },
          {
            "hash": "0c86d868c44a5de5dd85211b26d53a0b6f44d0bd",
            "messageTitle": "Level 2. Add, List",
            "messageBody": "",
            "tags": [
              "Level-2"
            ],
            "insertions": 25,
            "deletions": 3
          },
          {
            "hash": "4047647c1bdd02ba0dc15c9048b94b669a6c26d5",
            "messageTitle": "Level 3. Mark as Done",
            "messageBody": "",
            "tags": [
              "Level-3"
            ],
            "insertions": 41,
            "deletions": 10
          }
        ]
      },
      {
        "insertions": 6,
        "deletions": 6,
        "date": "2020-01-31",
        "commitResults": [
          {
            "hash": "eadceb8e654af3fb82f8ca440276437fbebec0d0",
            "messageTitle": "A-CodingStandard: Follow the Coding Standard",
            "messageBody": "",
            "tags": [
              "A-CodingStandard"
            ],
            "insertions": 6,
            "deletions": 6
          }
        ]
      },
      {
        "insertions": 114,
        "deletions": 39,
        "date": "2020-02-01",
        "commitResults": [
          {
            "hash": "f98d13736c05b4a5a70c29a699617ba2033ff539",
            "messageTitle": "Level 4. ToDos, Events, Deadlines",
            "messageBody": "",
            "tags": [
              "Level-4"
            ],
            "insertions": 114,
            "deletions": 38
          },
          {
            "hash": "07e4392895835110b1327b3e7320ddd8ee8986ed",
            "messageTitle": "A-CodeQuality: Improve Code Quality",
            "messageBody": "",
            "tags": [
              "A-CodeQuality"
            ],
            "insertions": 0,
            "deletions": 1
          }
        ]
      },
      {
        "insertions": 148,
        "deletions": 37,
        "date": "2020-02-10",
        "commitResults": [
          {
            "hash": "a9ec6d3dd057c4114b38893b5594dd094a4ffec1",
            "messageTitle": "Level 5. Handle Errors",
            "messageBody": "",
            "insertions": 138,
            "deletions": 23
          },
          {
            "hash": "02f4d28d6a796b4b8ff9dc77e10ec0ed84cd9c27",
            "messageTitle": "A-Packages",
            "messageBody": "",
            "tags": [
              "A-Packages"
            ],
            "insertions": 9,
            "deletions": 12
          },
          {
            "hash": "9002ff65504b57df551d37984eebb1ba875cf6ba",
            "messageTitle": "branch-Level-5",
            "messageBody": "",
            "insertions": 0,
            "deletions": 1
          },
          {
            "hash": "4a60153ba81370e61b56d55ef9201aeccf079f2e",
            "messageTitle": "Revert \"branch-Level-5\"",
            "messageBody": "This reverts commit 9002ff65504b57df551d37984eebb1ba875cf6ba.\n",
            "insertions": 1,
            "deletions": 0
          },
          {
            "hash": "6a80f65ff61e220317c63bc1a527b56ba94b6aff",
            "messageTitle": "branch-Level-5",
            "messageBody": "",
            "tags": [
              "Level-5"
            ],
            "insertions": 0,
            "deletions": 1
          }
        ]
      },
      {
        "insertions": 168,
        "deletions": 24,
        "date": "2020-02-15",
        "commitResults": [
          {
            "hash": "f6a21467734aa5b238690b8fef8cfd912cf9b638",
            "messageTitle": "Level-6",
            "messageBody": "",
            "tags": [
              "Level-6"
            ],
            "insertions": 49,
            "deletions": 13
          },
          {
            "hash": "a19fd3b9e5ac7fe760096ac2ec4cc162c9da3128",
            "messageTitle": "Level-7",
            "messageBody": "",
            "insertions": 100,
            "deletions": 3
          },
          {
            "hash": "e36f5da4243198ea593b2503ae97f2d8fd0b3b92",
            "messageTitle": "Update",
            "messageBody": "",
            "insertions": 1,
            "deletions": 2
          },
          {
            "hash": "99b103cd68004e80e8e6e3679a47b18f9ec25731",
            "messageTitle": "Update to duke.txt",
            "messageBody": "",
            "insertions": 1,
            "deletions": 1
          },
          {
            "hash": "745a1a5c278958b8fb5e2086e8726378f417fba4",
            "messageTitle": "Update function name",
            "messageBody": "",
            "insertions": 3,
            "deletions": 3
          },
          {
            "hash": "dc8c4c93b27e537e22f275942c330f0966862274",
            "messageTitle": "A-JAR",
            "messageBody": "",
            "tags": [
              "v0.1",
              "A-Jar"
            ],
            "insertions": 14,
            "deletions": 2
          }
        ]
      },
      {
        "insertions": 549,
        "deletions": 274,
        "date": "2020-02-26",
        "commitResults": [
          {
            "hash": "61055bf5f3f841d41e2301713ce36d7f6552847a",
            "messageTitle": "A-MoreOOP",
            "messageBody": "",
            "tags": [
              "A-MoreOOP"
            ],
            "insertions": 433,
            "deletions": 256
          },
          {
            "hash": "56d403759c6ccc2c9e9b00ddce420d9d3c14e901",
            "messageTitle": "Level-9",
            "messageBody": "",
            "tags": [
              "Level-9"
            ],
            "insertions": 38,
            "deletions": 8
          },
          {
            "hash": "7dd0b514774549b15300c93ac803552b4e5f9e4f",
            "messageTitle": "A-JavaDoc",
            "messageBody": "",
            "insertions": 74,
            "deletions": 7
          },
          {
            "hash": "708d9f8b757d81d270304e781ddb9d36f13fb603",
            "messageTitle": "Update on JavaDoc",
            "messageBody": "",
            "insertions": 4,
            "deletions": 3
          }
        ]
      }
    ]
  },
  "authorFinalContributionMap": {
    "JensonWee": 695
  },
  "authorFileTypeContributionMap": {
    "JensonWee": {
      "java": 678,
      "md": 0,
      "fxml": 0,
      "sh": 0,
      "bat": 0,
      "gradle": 14,
      "txt": 3
    }
  },
  "authorContributionVariance": {
    "JensonWee": 16448.8
  },
  "authorDisplayNameMap": {
    "JensonWee": "CS2113T-M16-2 WEE ..XING"
  }
}
