{
  "authorDailyContributionsMap": {
    "JensonWee": [
      {
        "insertions": 107,
        "deletions": 28,
        "date": "2020-01-22",
        "commitResults": [
          {
            "hash": "c895b10f3fc642ec3e644c132a8bfdb2ac529c37",
            "messageTitle": "Level 0. Greet",
            "messageBody": "",
            "tags": [
              "Level-0"
            ],
            "insertions": 14,
            "deletions": 6
          },
          {
            "hash": "1c436630de4c4c912d74d70868b5b0dc07e9ecb2",
            "messageTitle": "Level-1: Greet, Echo, Exit",
            "messageBody": "",
            "tags": [
              "Level-1"
            ],
            "insertions": 27,
            "deletions": 9
          },
          {
            "hash": "0c86d868c44a5de5dd85211b26d53a0b6f44d0bd",
            "messageTitle": "Level 2. Add, List",
            "messageBody": "",
            "tags": [
              "Level-2"
            ],
            "insertions": 25,
            "deletions": 3
          },
          {
            "hash": "4047647c1bdd02ba0dc15c9048b94b669a6c26d5",
            "messageTitle": "Level 3. Mark as Done",
            "messageBody": "",
            "tags": [
              "Level-3"
            ],
            "insertions": 41,
            "deletions": 10
          }
        ]
      },
      {
        "insertions": 6,
        "deletions": 6,
        "date": "2020-01-31",
        "commitResults": [
          {
            "hash": "eadceb8e654af3fb82f8ca440276437fbebec0d0",
            "messageTitle": "A-CodingStandard: Follow the Coding Standard",
            "messageBody": "",
            "tags": [
              "A-CodingStandard"
            ],
            "insertions": 6,
            "deletions": 6
          }
        ]
      },
      {
        "insertions": 114,
        "deletions": 39,
        "date": "2020-02-01",
        "commitResults": [
          {
            "hash": "f98d13736c05b4a5a70c29a699617ba2033ff539",
            "messageTitle": "Level 4. ToDos, Events, Deadlines",
            "messageBody": "",
            "tags": [
              "Level-4"
            ],
            "insertions": 114,
            "deletions": 38
          },
          {
            "hash": "07e4392895835110b1327b3e7320ddd8ee8986ed",
            "messageTitle": "A-CodeQuality: Improve Code Quality",
            "messageBody": "",
            "insertions": 0,
            "deletions": 1
          }
        ]
      }
    ]
  },
  "authorFinalContributionMap": {
    "JensonWee": 160
  },
  "authorFileTypeContributionMap": {
    "JensonWee": {
      "java": 160,
      "md": 0,
      "fxml": 0,
      "sh": 0,
      "bat": 0,
      "gradle": 0,
      "txt": 0
    }
  },
  "authorContributionVariance": {
    "JensonWee": 1863.9
  },
  "authorDisplayNameMap": {
    "JensonWee": "CS2113T-M16-2 WEE ..XING"
  }
}
