{
  "authorDailyContributionsMap": {
    "joelczk": [
      {
        "insertions": 35,
        "deletions": 0,
        "date": "2020-01-17",
        "commitResults": [
          {
            "hash": "d230d3cb1b5168e87239f9dc982a521a9cbbec9b",
            "messageTitle": "Added Greet,Echo and Exit",
            "messageBody": "",
            "tags": [
              "Level-1"
            ],
            "insertions": 35,
            "deletions": 0
          }
        ]
      },
      {
        "insertions": 64,
        "deletions": 22,
        "date": "2020-01-21",
        "commitResults": [
          {
            "hash": "5b54e9e45fb618bc02396f69ada1eeb321b991fb",
            "messageTitle": "Implemented Level 2 Features",
            "messageBody": "",
            "insertions": 63,
            "deletions": 21
          },
          {
            "hash": "4ff07a517057ba5756b5c2b493f8a1e95d8214cf",
            "messageTitle": "Changed ArrayList to non-static type",
            "messageBody": "",
            "tags": [
              "Level-2"
            ],
            "insertions": 1,
            "deletions": 1
          }
        ]
      },
      {
        "insertions": 91,
        "deletions": 21,
        "date": "2020-01-23",
        "commitResults": [
          {
            "hash": "f931edc9af7901ac4c193fb2d7cbac575b5e6eb3",
            "messageTitle": "Implemented Level-3",
            "messageBody": "",
            "insertions": 91,
            "deletions": 21
          }
        ]
      },
      {
        "insertions": 2,
        "deletions": 2,
        "date": "2020-01-26",
        "commitResults": [
          {
            "hash": "cb3b55d736e162892f90d8fbcd0a3c89c5d434b3",
            "messageTitle": "Edited Level-3",
            "messageBody": "",
            "tags": [
              "Level-3"
            ],
            "insertions": 2,
            "deletions": 2
          }
        ]
      },
      {
        "insertions": 240,
        "deletions": 60,
        "date": "2020-01-30",
        "commitResults": [
          {
            "hash": "dbddab51a28425c6e396afa15959fd2c1a43f455",
            "messageTitle": "Implement Level-4 features. Refactor input processing and UI.",
            "messageBody": "",
            "tags": [
              "Level-4"
            ],
            "insertions": 240,
            "deletions": 60
          }
        ]
      }
    ]
  },
  "authorFinalContributionMap": {
    "joelczk": 326
  },
  "authorFileTypeContributionMap": {
    "joelczk": {
      "java": 326,
      "md": 0,
      "fxml": 0,
      "sh": 0,
      "bat": 0,
      "gradle": 0,
      "txt": 0
    }
  },
  "authorContributionVariance": {
    "joelczk": 5286.694
  },
  "authorDisplayNameMap": {
    "joelczk": "JOEL.. KAI"
  }
}
