{
  "authorDailyContributionsMap": {
    "joelczk": [
      {
        "insertions": 35,
        "deletions": 0,
        "date": "2020-01-17",
        "commitResults": [
          {
            "hash": "d230d3cb1b5168e87239f9dc982a521a9cbbec9b",
            "messageTitle": "Added Greet,Echo and Exit",
            "messageBody": "",
            "tags": [
              "Level-1"
            ],
            "insertions": 35,
            "deletions": 0
          }
        ]
      },
      {
        "insertions": 64,
        "deletions": 22,
        "date": "2020-01-21",
        "commitResults": [
          {
            "hash": "5b54e9e45fb618bc02396f69ada1eeb321b991fb",
            "messageTitle": "Implemented Level 2 Features",
            "messageBody": "",
            "insertions": 63,
            "deletions": 21
          },
          {
            "hash": "4ff07a517057ba5756b5c2b493f8a1e95d8214cf",
            "messageTitle": "Changed ArrayList to non-static type",
            "messageBody": "",
            "tags": [
              "Level-2"
            ],
            "insertions": 1,
            "deletions": 1
          }
        ]
      },
      {
        "insertions": 91,
        "deletions": 21,
        "date": "2020-01-23",
        "commitResults": [
          {
            "hash": "f931edc9af7901ac4c193fb2d7cbac575b5e6eb3",
            "messageTitle": "Implemented Level-3",
            "messageBody": "",
            "insertions": 91,
            "deletions": 21
          }
        ]
      },
      {
        "insertions": 2,
        "deletions": 2,
        "date": "2020-01-26",
        "commitResults": [
          {
            "hash": "cb3b55d736e162892f90d8fbcd0a3c89c5d434b3",
            "messageTitle": "Edited Level-3",
            "messageBody": "",
            "tags": [
              "Level-3",
              "A-CodingStandard",
              "A-Classes"
            ],
            "insertions": 2,
            "deletions": 2
          }
        ]
      },
      {
        "insertions": 355,
        "deletions": 60,
        "date": "2020-01-30",
        "commitResults": [
          {
            "hash": "dbddab51a28425c6e396afa15959fd2c1a43f455",
            "messageTitle": "Implement Level-4 features. Refactor input processing and UI.",
            "messageBody": "",
            "insertions": 240,
            "deletions": 60
          },
          {
            "hash": "b44c89805794db65afb4dcda3599e72d76f029e0",
            "messageTitle": "Added text-ui-test.",
            "messageBody": "",
            "tags": [
              "A-TextUiTesting",
              "A-Inheritance",
              "A-CodeQuality"
            ],
            "insertions": 115,
            "deletions": 0
          }
        ]
      },
      {
        "insertions": 36,
        "deletions": 97,
        "date": "2020-02-01",
        "commitResults": [
          {
            "hash": "725e3da4d38a09a24421bbb44bcb6477c21c293c",
            "messageTitle": "Updated level-4",
            "messageBody": "",
            "insertions": 33,
            "deletions": 94
          },
          {
            "hash": "faf22b83ad5ffd2d8907429737483d15d3db9986",
            "messageTitle": "Update Duke.java",
            "messageBody": "",
            "insertions": 3,
            "deletions": 3
          }
        ]
      },
      {
        "insertions": 1,
        "deletions": 2,
        "date": "2020-02-03",
        "commitResults": [
          {
            "hash": "6e52bcb6673a560a808a7f44af01303f67dd5a45",
            "messageTitle": "Update Duke.java",
            "messageBody": "",
            "tags": [
              "Level-4"
            ],
            "insertions": 1,
            "deletions": 2
          }
        ]
      },
      {
        "insertions": 407,
        "deletions": 283,
        "date": "2020-02-06",
        "commitResults": [
          {
            "hash": "f2dfd2705c5b9ef486115d14b6525a19f4db5d45",
            "messageTitle": "Implemented level-5 features",
            "messageBody": "",
            "insertions": 177,
            "deletions": 53
          },
          {
            "hash": "565c147e0a0cba0bd9bdf66568bb37bc669b32f2",
            "messageTitle": "Revert \"Implemented level-5 features\"",
            "messageBody": "This reverts commit f2dfd2705c5b9ef486115d14b6525a19f4db5d45.\n",
            "insertions": 53,
            "deletions": 177
          },
          {
            "hash": "1e6dd5052d237f45bbc12f1326ec298a230706d2",
            "messageTitle": "Implemented Level-5 changes",
            "messageBody": "",
            "insertions": 177,
            "deletions": 53
          }
        ]
      },
      {
        "insertions": 233,
        "deletions": 230,
        "date": "2020-02-07",
        "commitResults": [
          {
            "hash": "c5f74d3c055ae0d69cce94f7ee3de431100173c3",
            "messageTitle": "Revert \"Implemented Level-5 changes\"",
            "messageBody": "This reverts commit 1e6dd5052d237f45bbc12f1326ec298a230706d2.\n",
            "insertions": 53,
            "deletions": 177
          },
          {
            "hash": "7279f664b59bb62b993686ed9bc820b4ea8594e6",
            "messageTitle": "Implemented level-5 features. Merge into master",
            "messageBody": "",
            "insertions": 177,
            "deletions": 53
          },
          {
            "hash": "571d3d4ba07880bc29570b95264f7807dddc29a9",
            "messageTitle": "Test file for merging",
            "messageBody": "",
            "insertions": 1,
            "deletions": 0
          },
          {
            "hash": "c4f33cb42699c4580e44281b6522c9e1dfe8e502",
            "messageTitle": "Test file for merging",
            "messageBody": "",
            "insertions": 1,
            "deletions": 0
          },
          {
            "hash": "3fb8bd36f4f5165c199363ecaabeb7ffdd865a38",
            "messageTitle": "Test file for merging",
            "messageBody": "",
            "insertions": 1,
            "deletions": 0
          }
        ]
      },
      {
        "insertions": 371,
        "deletions": 190,
        "date": "2020-02-12",
        "commitResults": [
          {
            "hash": "3f7f39a627c0836cc374aa12c6c47b1005c68cd8",
            "messageTitle": "Implemented Level-7 features",
            "messageBody": "",
            "insertions": 163,
            "deletions": 3
          },
          {
            "hash": "98f1864c50749cf9364f3ae3a4b86cf762e25d97",
            "messageTitle": "Updated level 5 \u0026 6 features. Refactored out todo, events and deadline",
            "messageBody": "",
            "tags": [
              "v1.0"
            ],
            "insertions": 206,
            "deletions": 185
          },
          {
            "hash": "3de24cfe582691f04f7526ef92a6add55a34e11d",
            "messageTitle": "Changed warning message for file not found",
            "messageBody": "",
            "insertions": 2,
            "deletions": 2
          }
        ]
      },
      {
        "insertions": 61,
        "deletions": 56,
        "date": "2020-02-13",
        "commitResults": [
          {
            "hash": "fb8d9d94ed01b6e9b01d1851f025628af56e37fd",
            "messageTitle": "Improved code styles. Refactored out methods.",
            "messageBody": "",
            "insertions": 61,
            "deletions": 56
          }
        ]
      },
      {
        "insertions": 6,
        "deletions": 0,
        "date": "2020-02-16",
        "commitResults": [
          {
            "hash": "0c0e4d5bc8f844446b68c26d25aca85e731ff130",
            "messageTitle": "Improved code quality.",
            "messageBody": "",
            "insertions": 6,
            "deletions": 0
          }
        ]
      },
      {
        "insertions": 510,
        "deletions": 31,
        "date": "2020-02-18",
        "commitResults": [
          {
            "hash": "1ecd957ff91ee7a7f89ba6a2f21a1d19db0d79eb",
            "messageTitle": "Added readme changes. Added Level-9 features",
            "messageBody": "",
            "insertions": 218,
            "deletions": 12
          },
          {
            "hash": "d009758b2f3f277ec24f51cb4f2a959937d82dfd",
            "messageTitle": "Implemented Level-9 features",
            "messageBody": "",
            "insertions": 2,
            "deletions": 0
          },
          {
            "hash": "6d988d2ab45469bed74b3402917cb12da22f83b3",
            "messageTitle": "Implement level-9 features,",
            "messageBody": "",
            "insertions": 290,
            "deletions": 19
          }
        ]
      },
      {
        "insertions": 6,
        "deletions": 5,
        "date": "2020-02-19",
        "commitResults": [
          {
            "hash": "a7a17b5d74a2f2dab03edb88bb7465c2c9836049",
            "messageTitle": "Updated ReadMe",
            "messageBody": "",
            "insertions": 6,
            "deletions": 5
          }
        ]
      },
      {
        "insertions": 87,
        "deletions": 62,
        "date": "2020-02-23",
        "commitResults": [
          {
            "hash": "524ddf3681e41f429365b61f5a53e6d7ef5a20a6",
            "messageTitle": "Edited coding style. Improved error messages",
            "messageBody": "",
            "insertions": 87,
            "deletions": 62
          }
        ]
      },
      {
        "insertions": 769,
        "deletions": 525,
        "date": "2020-02-24",
        "commitResults": [
          {
            "hash": "dc7d4bb7e70bf6ae5e578cb4ef40010733a5c8b7",
            "messageTitle": "Modified ReadMe",
            "messageBody": "",
            "insertions": 15,
            "deletions": 13
          },
          {
            "hash": "aecc8c075a0573c6482050352d74b1893038fc30",
            "messageTitle": "Updated ReadMe.",
            "messageBody": "",
            "insertions": 1,
            "deletions": 1
          },
          {
            "hash": "fbd14b94031b4d903c5b06c16a194d2bf256cdd9",
            "messageTitle": "Added images to ReadMe.",
            "messageBody": "",
            "insertions": 9,
            "deletions": 9
          },
          {
            "hash": "dab32cd5f306842b839aee7337f51c3ea5746e5a",
            "messageTitle": "Improved formatting for ReadMe.",
            "messageBody": "",
            "insertions": 0,
            "deletions": 2
          },
          {
            "hash": "1d1e39bbfd61b38ed1442bb696db0c2d8b86e0af",
            "messageTitle": "Added packages. Changed from try except to throw",
            "messageBody": "",
            "insertions": 743,
            "deletions": 500
          },
          {
            "hash": "023587bb6b8ec99cf82cc2ed4e2121195b500a8b",
            "messageTitle": "Improved UI.",
            "messageBody": "",
            "insertions": 1,
            "deletions": 0
          }
        ]
      },
      {
        "insertions": 884,
        "deletions": 624,
        "date": "2020-02-28",
        "commitResults": [
          {
            "hash": "d4bd1aa0e98855519822f466eb0ac917bc087d1c",
            "messageTitle": "Added packages. Updated ReadMe. Refactoring of classes.",
            "messageBody": "",
            "insertions": 846,
            "deletions": 582
          },
          {
            "hash": "e6251a9e0fcffa6974637144eff6c0858c22b10d",
            "messageTitle": "Changed names of packages to abide by coding standards.",
            "messageBody": "",
            "tags": [
              "v2.0",
              "A-UserGuide",
              "A-Release",
              "A-Packages",
              "A-MoreOOP"
            ],
            "insertions": 38,
            "deletions": 42
          }
        ]
      }
    ]
  },
  "authorFinalContributionMap": {
    "joelczk": 1724
  },
  "authorFileTypeContributionMap": {
    "joelczk": {
      "java": 1447,
      "md": 156,
      "fxml": 0,
      "sh": 0,
      "bat": 21,
      "gradle": 0,
      "txt": 100
    }
  },
  "authorContributionVariance": {
    "joelczk": 99883.74
  },
  "authorDisplayNameMap": {
    "joelczk": "CS2113T-M16-1 JOEL.. KAI"
  }
}
