{
  "authorDailyContributionsMap": {
    "trishaangelica": [
      {
        "insertions": 20,
        "deletions": 1,
        "date": "2020-01-17",
        "commitResults": [
          {
            "hash": "581be5cec11675cace16b691ce38ee05e52d66c3",
            "messageTitle": "Level-1: Greet, Echo, Exit implemented",
            "messageBody": "Initial skeletal version of Duke: greets user, echos simple commands entered and exits when user types \"bye\".\n",
            "tags": [
              "Level-1"
            ],
            "insertions": 20,
            "deletions": 1
          }
        ]
      },
      {
        "insertions": 30,
        "deletions": 4,
        "date": "2020-01-23",
        "commitResults": [
          {
            "hash": "f8120b77160645de07f31f1d99be8b25500096be",
            "messageTitle": "Level -2 Add, List implemented",
            "messageBody": "",
            "tags": [
              "Level-2"
            ],
            "insertions": 30,
            "deletions": 4
          }
        ]
      },
      {
        "insertions": 194,
        "deletions": 132,
        "date": "2020-01-24",
        "commitResults": [
          {
            "hash": "b3d26d97e36c4530495c34f1ce9fbe852269beb6",
            "messageTitle": "Level-3: Mark as Done implemented",
            "messageBody": "",
            "tags": [
              "Level-3"
            ],
            "insertions": 92,
            "deletions": 25
          },
          {
            "hash": "3d22ea29396af629e1498efeac7b9b14e25c96e4",
            "messageTitle": "Google Java Style Coding Standard followed",
            "messageBody": "",
            "tags": [
              "A-CodingStandard"
            ],
            "insertions": 102,
            "deletions": 107
          }
        ]
      }
    ]
  },
  "authorFinalContributionMap": {
    "trishaangelica": 108
  },
  "authorFileTypeContributionMap": {
    "trishaangelica": {
      "java": 108,
      "md": 0,
      "fxml": 0,
      "sh": 0,
      "bat": 0,
      "gradle": 0,
      "txt": 0
    }
  },
  "authorContributionVariance": {
    "trishaangelica": 7981.354
  },
  "authorDisplayNameMap": {
    "trishaangelica": "LABI..GARA"
  }
}
