{
  "authorDailyContributionsMap": {
    "trishaangelica": [
      {
        "insertions": 20,
        "deletions": 1,
        "date": "2020-01-17",
        "commitResults": [
          {
            "hash": "581be5cec11675cace16b691ce38ee05e52d66c3",
            "messageTitle": "Level-1: Greet, Echo, Exit implemented",
            "messageBody": "Initial skeletal version of Duke: greets user, echos simple commands entered and exits when user types \"bye\".\n",
            "tags": [
              "Level-1"
            ],
            "insertions": 20,
            "deletions": 1
          }
        ]
      },
      {
        "insertions": 30,
        "deletions": 4,
        "date": "2020-01-23",
        "commitResults": [
          {
            "hash": "f8120b77160645de07f31f1d99be8b25500096be",
            "messageTitle": "Level -2 Add, List implemented",
            "messageBody": "",
            "tags": [
              "Level-2"
            ],
            "insertions": 30,
            "deletions": 4
          }
        ]
      },
      {
        "insertions": 194,
        "deletions": 132,
        "date": "2020-01-24",
        "commitResults": [
          {
            "hash": "b3d26d97e36c4530495c34f1ce9fbe852269beb6",
            "messageTitle": "Level-3: Mark as Done implemented",
            "messageBody": "",
            "tags": [
              "Level-3"
            ],
            "insertions": 92,
            "deletions": 25
          },
          {
            "hash": "3d22ea29396af629e1498efeac7b9b14e25c96e4",
            "messageTitle": "Google Java Style Coding Standard followed",
            "messageBody": "",
            "tags": [
              "A-CodingStandard"
            ],
            "insertions": 102,
            "deletions": 107
          }
        ]
      },
      {
        "insertions": 356,
        "deletions": 58,
        "date": "2020-02-02",
        "commitResults": [
          {
            "hash": "3dcfb8c591e99d768ba7ee7d7d4da2be58136be7",
            "messageTitle": "Layout changes todos, events, deadlines class added text-ui test added",
            "messageBody": "",
            "insertions": 356,
            "deletions": 58
          }
        ]
      }
    ]
  },
  "authorFinalContributionMap": {
    "trishaangelica": 407
  },
  "authorFileTypeContributionMap": {
    "trishaangelica": {
      "java": 268,
      "md": 0,
      "fxml": 0,
      "sh": 34,
      "bat": 21,
      "gradle": 0,
      "txt": 84
    }
  },
  "authorContributionVariance": {
    "trishaangelica": 11865.361
  },
  "authorDisplayNameMap": {
    "trishaangelica": "CS2113T-T13-1 LABI..GARA"
  }
}
