{
  "authorDailyContributionsMap": {
    "trishaangelica": [
      {
        "insertions": 20,
        "deletions": 1,
        "date": "2020-01-17",
        "commitResults": [
          {
            "hash": "581be5cec11675cace16b691ce38ee05e52d66c3",
            "messageTitle": "Level-1: Greet, Echo, Exit implemented",
            "messageBody": "Initial skeletal version of Duke: greets user, echos simple commands entered and exits when user types \"bye\".\n",
            "tags": [
              "Level-1"
            ],
            "insertions": 20,
            "deletions": 1
          }
        ]
      },
      {
        "insertions": 30,
        "deletions": 4,
        "date": "2020-01-23",
        "commitResults": [
          {
            "hash": "f8120b77160645de07f31f1d99be8b25500096be",
            "messageTitle": "Level -2 Add, List implemented",
            "messageBody": "",
            "tags": [
              "Level-2"
            ],
            "insertions": 30,
            "deletions": 4
          }
        ]
      },
      {
        "insertions": 194,
        "deletions": 132,
        "date": "2020-01-24",
        "commitResults": [
          {
            "hash": "b3d26d97e36c4530495c34f1ce9fbe852269beb6",
            "messageTitle": "Level-3: Mark as Done implemented",
            "messageBody": "",
            "tags": [
              "Level-3"
            ],
            "insertions": 92,
            "deletions": 25
          },
          {
            "hash": "3d22ea29396af629e1498efeac7b9b14e25c96e4",
            "messageTitle": "Google Java Style Coding Standard followed",
            "messageBody": "",
            "tags": [
              "A-CodingStandard"
            ],
            "insertions": 102,
            "deletions": 107
          }
        ]
      },
      {
        "insertions": 356,
        "deletions": 58,
        "date": "2020-02-02",
        "commitResults": [
          {
            "hash": "3dcfb8c591e99d768ba7ee7d7d4da2be58136be7",
            "messageTitle": "Layout changes todos, events, deadlines class added text-ui test added",
            "messageBody": "",
            "insertions": 356,
            "deletions": 58
          }
        ]
      },
      {
        "insertions": 331,
        "deletions": 241,
        "date": "2020-02-07",
        "commitResults": [
          {
            "hash": "2b200618e69e24aa7f5d948284d964707898b071",
            "messageTitle": "Follow java standard as stated in PR comments",
            "messageBody": "",
            "insertions": 240,
            "deletions": 152
          },
          {
            "hash": "44076dc5d6ab97e300351f390607e9bb1b2548a1",
            "messageTitle": "Edited Expected.txt",
            "messageBody": "",
            "tags": [
              "Level-5"
            ],
            "insertions": 43,
            "deletions": 31
          },
          {
            "hash": "224908a92ad0135280ef0cd758c92044f4e847b1",
            "messageTitle": "Add packages",
            "messageBody": "",
            "tags": [
              "A-Packages"
            ],
            "insertions": 48,
            "deletions": 58
          }
        ]
      },
      {
        "insertions": 206,
        "deletions": 19,
        "date": "2020-02-12",
        "commitResults": [
          {
            "hash": "8590a95eca1b3d859751bc46533f9943d7a31965",
            "messageTitle": "Add support for deleting tasks from the list.",
            "messageBody": "",
            "tags": [
              "Level-6"
            ],
            "insertions": 47,
            "deletions": 12
          },
          {
            "hash": "4308b63db18eba84f099d31f50ef5d28686681f0",
            "messageTitle": "Save, Edit, Delete tasks in the hard disk when required",
            "messageBody": "",
            "tags": [
              "Level-7"
            ],
            "insertions": 159,
            "deletions": 7
          }
        ]
      },
      {
        "insertions": 368,
        "deletions": 256,
        "date": "2020-02-15",
        "commitResults": [
          {
            "hash": "1ff3335a698883a9d86bd6b0c001418e13b08d53",
            "messageTitle": "add comment lines, change variable names",
            "messageBody": "",
            "insertions": 129,
            "deletions": 116
          },
          {
            "hash": "95297faffeda5368f0e11525005afcc33b0ad5a7",
            "messageTitle": "Optimized import, functions",
            "messageBody": "",
            "tags": [
              "A-Jar"
            ],
            "insertions": 239,
            "deletions": 140
          }
        ]
      },
      {
        "insertions": 39,
        "deletions": 27,
        "date": "2020-02-18",
        "commitResults": [
          {
            "hash": "5c7396af36be1dde5bb7f098d07f367c8257b74f",
            "messageTitle": "Create new file is duke.txt is not found",
            "messageBody": "",
            "insertions": 39,
            "deletions": 27
          }
        ]
      },
      {
        "insertions": 1292,
        "deletions": 572,
        "date": "2020-02-23",
        "commitResults": [
          {
            "hash": "dfa5f660360e88672e1c40aa4fdfdb327e8d9475",
            "messageTitle": "Make the code more OOP: Extracted Ui, Storage, Parser, TaskList, Command Classes",
            "messageBody": "",
            "tags": [
              "A-MoreOOP"
            ],
            "insertions": 1169,
            "deletions": 516
          },
          {
            "hash": "749a152eb682531c898da284e314d93f3b42e7e9",
            "messageTitle": "Store deadline dates in accepted format.",
            "messageBody": "",
            "tags": [
              "Level-8"
            ],
            "insertions": 123,
            "deletions": 56
          }
        ]
      },
      {
        "insertions": 743,
        "deletions": 275,
        "date": "2020-02-24",
        "commitResults": [
          {
            "hash": "91c12b77b2d8e82043834a47b0c5490ff43f7b6f",
            "messageTitle": "Find function added: Give users a way to find a task by searching for a keyword.",
            "messageBody": "",
            "tags": [
              "Level-9"
            ],
            "insertions": 168,
            "deletions": 57
          },
          {
            "hash": "4873f6486c50cdbc40829ee39767af911e2be487",
            "messageTitle": "Add JavaDoc comments",
            "messageBody": "",
            "tags": [
              "A-JavaDoc"
            ],
            "insertions": 95,
            "deletions": 49
          },
          {
            "hash": "2dc7669360816ec4bf1365ec49b1e4a159210d3d",
            "messageTitle": "- added Filter Command: User can filter tasks by date / type / done status - replaced \"\\n\" with line separator - changes made to actual.txt and expected.txt",
            "messageBody": "",
            "insertions": 346,
            "deletions": 122
          },
          {
            "hash": "41ac356588f0b7be2f26028ca38c64d1c1a7f59c",
            "messageTitle": "Solved filter method issue",
            "messageBody": "",
            "insertions": 49,
            "deletions": 38
          },
          {
            "hash": "f665f79b0db08eaec0b8bbac49861e75851a9739",
            "messageTitle": "Update README.md",
            "messageBody": "Add todo feature description.",
            "insertions": 9,
            "deletions": 8
          },
          {
            "hash": "423484652eab1c2857d7be3aa9e832039839cff2",
            "messageTitle": "Update README.md",
            "messageBody": "Added deadline \u0026 event feature",
            "insertions": 70,
            "deletions": 0
          },
          {
            "hash": "27d56a53a8d10aec6cd50ef9065ff9f8148309c5",
            "messageTitle": "save new list_example.png",
            "messageBody": "",
            "insertions": 5,
            "deletions": 0
          },
          {
            "hash": "f52146ec542ba07ccf72eb671ef77b3cd25b2435",
            "messageTitle": "change list_example image",
            "messageBody": "",
            "insertions": 1,
            "deletions": 1
          }
        ]
      },
      {
        "insertions": 269,
        "deletions": 21,
        "date": "2020-02-28",
        "commitResults": [
          {
            "hash": "b16d27a45630652d7d7a2e9fa8ab976e3ab1b1fb",
            "messageTitle": "Change list image",
            "messageBody": "",
            "insertions": 253,
            "deletions": 17
          },
          {
            "hash": "8de8248ecb2f087ae557d29be7012b0d0a2eb529",
            "messageTitle": "Save list to storage file after every command execution",
            "messageBody": "",
            "insertions": 16,
            "deletions": 4
          }
        ]
      },
      {
        "insertions": 27,
        "deletions": 9,
        "date": "2020-02-29",
        "commitResults": [
          {
            "hash": "32162546de1a0dfbde56fe8c5dee251e69c9574d",
            "messageTitle": "edit find description",
            "messageBody": "",
            "insertions": 1,
            "deletions": 1
          },
          {
            "hash": "7e7bbc62b018f0615a7a9d082fac20392bda012e",
            "messageTitle": "edit desc of find and list",
            "messageBody": "",
            "insertions": 2,
            "deletions": 2
          },
          {
            "hash": "eb76b18c3a1d6a7aef19c71ea9d9e53e9a55c185",
            "messageTitle": "edit duke.txt",
            "messageBody": "",
            "insertions": 7,
            "deletions": 0
          },
          {
            "hash": "0f68b049c5ba2ebf43f4479d902e0843da419339",
            "messageTitle": "Edit Empty List Message",
            "messageBody": "",
            "insertions": 1,
            "deletions": 1
          },
          {
            "hash": "1014830902951f148b546097b79027682fe2f141",
            "messageTitle": "Added more comments for filter command",
            "messageBody": "",
            "insertions": 16,
            "deletions": 5
          }
        ]
      }
    ]
  },
  "authorFinalContributionMap": {
    "trishaangelica": 2240
  },
  "authorFileTypeContributionMap": {
    "trishaangelica": {
      "java": 1703,
      "md": 315,
      "fxml": 0,
      "sh": 34,
      "bat": 21,
      "gradle": 0,
      "txt": 167
    }
  },
  "authorContributionVariance": {
    "trishaangelica": 104564.72
  },
  "authorDisplayNameMap": {
    "trishaangelica": "CS2113T-T13-1 LABI..GARA"
  }
}
