[
  {
    "path": "src/main/java/Duke.java",
    "fileType": "java",
    "lines": [
      {
        "lineNumber": 1,
        "author": {
          "gitId": "zi-hui"
        },
        "content": "import java.util.Scanner;"
      },
      {
        "lineNumber": 2,
        "author": {
          "gitId": "zi-hui"
        },
        "content": ""
      },
      {
        "lineNumber": 3,
        "author": {
          "gitId": "-"
        },
        "content": "public class Duke {"
      },
      {
        "lineNumber": 4,
        "author": {
          "gitId": "-"
        },
        "content": "    public static void main(String[] args) {"
      },
      {
        "lineNumber": 5,
        "author": {
          "gitId": "-"
        },
        "content": "        String logo \u003d \" ____        _        \\n\""
      },
      {
        "lineNumber": 6,
        "author": {
          "gitId": "-"
        },
        "content": "                + \"|  _ \\\\ _   _| | _____ \\n\""
      },
      {
        "lineNumber": 7,
        "author": {
          "gitId": "-"
        },
        "content": "                + \"| | | | | | | |/ / _ \\\\\\n\""
      },
      {
        "lineNumber": 8,
        "author": {
          "gitId": "-"
        },
        "content": "                + \"| |_| | |_| |   \u003c  __/\\n\""
      },
      {
        "lineNumber": 9,
        "author": {
          "gitId": "-"
        },
        "content": "                + \"|____/ \\\\__,_|_|\\\\_\\\\___|\\n\";"
      },
      {
        "lineNumber": 10,
        "author": {
          "gitId": "-"
        },
        "content": "        System.out.println(\"Hello from\\n\" + logo);"
      },
      {
        "lineNumber": 11,
        "author": {
          "gitId": "zi-hui"
        },
        "content": ""
      },
      {
        "lineNumber": 12,
        "author": {
          "gitId": "zi-hui"
        },
        "content": "        System.out.println(\"Hello! I\u0027m Duke\\n\");"
      },
      {
        "lineNumber": 13,
        "author": {
          "gitId": "zi-hui"
        },
        "content": "        System.out.println(\"What can I do for you?\\n\");"
      },
      {
        "lineNumber": 14,
        "author": {
          "gitId": "zi-hui"
        },
        "content": ""
      },
      {
        "lineNumber": 15,
        "author": {
          "gitId": "zi-hui"
        },
        "content": "        Scanner scan \u003d new Scanner( System.in );"
      },
      {
        "lineNumber": 16,
        "author": {
          "gitId": "zi-hui"
        },
        "content": "        Task[] tasks \u003d new Task[101];"
      },
      {
        "lineNumber": 17,
        "author": {
          "gitId": "zi-hui"
        },
        "content": "        int count \u003d0;"
      },
      {
        "lineNumber": 18,
        "author": {
          "gitId": "zi-hui"
        },
        "content": "        while(true) {"
      },
      {
        "lineNumber": 19,
        "author": {
          "gitId": "zi-hui"
        },
        "content": "            String userData \u003d scan.nextLine();"
      },
      {
        "lineNumber": 20,
        "author": {
          "gitId": "zi-hui"
        },
        "content": "            if(userData.toLowerCase().equals(\"bye\")){"
      },
      {
        "lineNumber": 21,
        "author": {
          "gitId": "zi-hui"
        },
        "content": "                break;"
      },
      {
        "lineNumber": 22,
        "author": {
          "gitId": "zi-hui"
        },
        "content": "            }else if(userData.toLowerCase().equals(\"list\")){"
      },
      {
        "lineNumber": 23,
        "author": {
          "gitId": "zi-hui"
        },
        "content": "                System.out.println(\"Here are the tasks in your list:\");"
      },
      {
        "lineNumber": 24,
        "author": {
          "gitId": "zi-hui"
        },
        "content": "                for (int i \u003d 0; i \u003c Task.getListCount() ; i+\u003d1) {"
      },
      {
        "lineNumber": 25,
        "author": {
          "gitId": "zi-hui"
        },
        "content": "                     System.out.println(i+1 + \". \" + \"[\" + tasks[i].getStatusIcon() + \"] \" + tasks[i].getDescription());"
      },
      {
        "lineNumber": 26,
        "author": {
          "gitId": "zi-hui"
        },
        "content": "                }"
      },
      {
        "lineNumber": 27,
        "author": {
          "gitId": "zi-hui"
        },
        "content": "            }else if(userData.toLowerCase().startsWith(\"done\")){"
      },
      {
        "lineNumber": 28,
        "author": {
          "gitId": "zi-hui"
        },
        "content": "                String [] newData \u003d userData.split(\" \");"
      },
      {
        "lineNumber": 29,
        "author": {
          "gitId": "zi-hui"
        },
        "content": "                int index \u003d Integer.parseInt(newData[1]);"
      },
      {
        "lineNumber": 30,
        "author": {
          "gitId": "zi-hui"
        },
        "content": "                System.out.println(\"Nice! I\u0027ve marked this task as done: \");"
      },
      {
        "lineNumber": 31,
        "author": {
          "gitId": "zi-hui"
        },
        "content": "                tasks[index-1].updateIsDone();"
      },
      {
        "lineNumber": 32,
        "author": {
          "gitId": "zi-hui"
        },
        "content": "                System.out.println( \"[\" + tasks[index-1].getStatusIcon() + \"] \"+ tasks[index-1].getDescription());"
      },
      {
        "lineNumber": 33,
        "author": {
          "gitId": "zi-hui"
        },
        "content": "            }else{"
      },
      {
        "lineNumber": 34,
        "author": {
          "gitId": "zi-hui"
        },
        "content": "                tasks[Task.getListCount()] \u003d new Task(userData);"
      },
      {
        "lineNumber": 35,
        "author": {
          "gitId": "zi-hui"
        },
        "content": "                System.out.println(\"added:  \" +userData);"
      },
      {
        "lineNumber": 36,
        "author": {
          "gitId": "zi-hui"
        },
        "content": "            }"
      },
      {
        "lineNumber": 37,
        "author": {
          "gitId": "zi-hui"
        },
        "content": "        }"
      },
      {
        "lineNumber": 38,
        "author": {
          "gitId": "zi-hui"
        },
        "content": "        System.out.println(\"Bye. Hope to see you again soon!\\n\");"
      },
      {
        "lineNumber": 39,
        "author": {
          "gitId": "-"
        },
        "content": "    }"
      },
      {
        "lineNumber": 40,
        "author": {
          "gitId": "-"
        },
        "content": "}"
      }
    ],
    "authorContributionMap": {
      "zi-hui": 30,
      "-": 10
    }
  },
  {
    "path": "src/main/java/Task.java",
    "fileType": "java",
    "lines": [
      {
        "lineNumber": 1,
        "author": {
          "gitId": "zi-hui"
        },
        "content": "public class Task {"
      },
      {
        "lineNumber": 2,
        "author": {
          "gitId": "zi-hui"
        },
        "content": "    protected String description;"
      },
      {
        "lineNumber": 3,
        "author": {
          "gitId": "zi-hui"
        },
        "content": "    protected boolean isDone;"
      },
      {
        "lineNumber": 4,
        "author": {
          "gitId": "zi-hui"
        },
        "content": "    private static int listCount \u003d 0;"
      },
      {
        "lineNumber": 5,
        "author": {
          "gitId": "zi-hui"
        },
        "content": ""
      },
      {
        "lineNumber": 6,
        "author": {
          "gitId": "zi-hui"
        },
        "content": "    public Task(String description) {"
      },
      {
        "lineNumber": 7,
        "author": {
          "gitId": "zi-hui"
        },
        "content": "        this.description \u003d description;"
      },
      {
        "lineNumber": 8,
        "author": {
          "gitId": "zi-hui"
        },
        "content": "        this.isDone \u003d false;"
      },
      {
        "lineNumber": 9,
        "author": {
          "gitId": "zi-hui"
        },
        "content": "        listCount +\u003d 1;"
      },
      {
        "lineNumber": 10,
        "author": {
          "gitId": "zi-hui"
        },
        "content": "    }"
      },
      {
        "lineNumber": 11,
        "author": {
          "gitId": "zi-hui"
        },
        "content": ""
      },
      {
        "lineNumber": 12,
        "author": {
          "gitId": "zi-hui"
        },
        "content": "    public void updateIsDone (){"
      },
      {
        "lineNumber": 13,
        "author": {
          "gitId": "zi-hui"
        },
        "content": "        this.isDone \u003d true;"
      },
      {
        "lineNumber": 14,
        "author": {
          "gitId": "zi-hui"
        },
        "content": "    }"
      },
      {
        "lineNumber": 15,
        "author": {
          "gitId": "zi-hui"
        },
        "content": ""
      },
      {
        "lineNumber": 16,
        "author": {
          "gitId": "zi-hui"
        },
        "content": "    public String getDescription(){"
      },
      {
        "lineNumber": 17,
        "author": {
          "gitId": "zi-hui"
        },
        "content": "        return description;"
      },
      {
        "lineNumber": 18,
        "author": {
          "gitId": "zi-hui"
        },
        "content": "    }"
      },
      {
        "lineNumber": 19,
        "author": {
          "gitId": "zi-hui"
        },
        "content": ""
      },
      {
        "lineNumber": 20,
        "author": {
          "gitId": "zi-hui"
        },
        "content": "    public String getStatusIcon() {"
      },
      {
        "lineNumber": 21,
        "author": {
          "gitId": "zi-hui"
        },
        "content": "        return (isDone ? \"\\u2713\" : \"\\u2718\"); //return tick or X symbols"
      },
      {
        "lineNumber": 22,
        "author": {
          "gitId": "zi-hui"
        },
        "content": "    }"
      },
      {
        "lineNumber": 23,
        "author": {
          "gitId": "zi-hui"
        },
        "content": ""
      },
      {
        "lineNumber": 24,
        "author": {
          "gitId": "zi-hui"
        },
        "content": "    public static int getListCount() {"
      },
      {
        "lineNumber": 25,
        "author": {
          "gitId": "zi-hui"
        },
        "content": "        return listCount;"
      },
      {
        "lineNumber": 26,
        "author": {
          "gitId": "zi-hui"
        },
        "content": "    }"
      },
      {
        "lineNumber": 27,
        "author": {
          "gitId": "zi-hui"
        },
        "content": "}"
      }
    ],
    "authorContributionMap": {
      "zi-hui": 27
    }
  }
]
