[
  {
    "path": "src/main/java/Deadline.java",
    "fileType": "java",
    "lines": [
      {
        "lineNumber": 1,
        "author": {
          "gitId": "andy-aw-why"
        },
        "content": "public class Deadline extends Task {"
      },
      {
        "lineNumber": 2,
        "author": {
          "gitId": "andy-aw-why"
        },
        "content": "    protected String by;"
      },
      {
        "lineNumber": 3,
        "author": {
          "gitId": "andy-aw-why"
        },
        "content": ""
      },
      {
        "lineNumber": 4,
        "author": {
          "gitId": "andy-aw-why"
        },
        "content": "    public Deadline(String description, String by) {"
      },
      {
        "lineNumber": 5,
        "author": {
          "gitId": "andy-aw-why"
        },
        "content": "        super(description);"
      },
      {
        "lineNumber": 6,
        "author": {
          "gitId": "andy-aw-why"
        },
        "content": "        this.by \u003d by;"
      },
      {
        "lineNumber": 7,
        "author": {
          "gitId": "andy-aw-why"
        },
        "content": "    }"
      },
      {
        "lineNumber": 8,
        "author": {
          "gitId": "andy-aw-why"
        },
        "content": ""
      },
      {
        "lineNumber": 9,
        "author": {
          "gitId": "andy-aw-why"
        },
        "content": "    @Override"
      },
      {
        "lineNumber": 10,
        "author": {
          "gitId": "andy-aw-why"
        },
        "content": "    public String toString() {"
      },
      {
        "lineNumber": 11,
        "author": {
          "gitId": "andy-aw-why"
        },
        "content": "        if (by.equals(\"\")) {"
      },
      {
        "lineNumber": 12,
        "author": {
          "gitId": "andy-aw-why"
        },
        "content": "            return \"[D]\" + super.toString();"
      },
      {
        "lineNumber": 13,
        "author": {
          "gitId": "andy-aw-why"
        },
        "content": "        }"
      },
      {
        "lineNumber": 14,
        "author": {
          "gitId": "andy-aw-why"
        },
        "content": "        String[] bySplit \u003d by.split(\" \", 2);"
      },
      {
        "lineNumber": 15,
        "author": {
          "gitId": "andy-aw-why"
        },
        "content": "        return \"[D]\" + super.toString() + \"(\" + bySplit[0] + \": \" + bySplit[1] + \")\";"
      },
      {
        "lineNumber": 16,
        "author": {
          "gitId": "andy-aw-why"
        },
        "content": "    }"
      },
      {
        "lineNumber": 17,
        "author": {
          "gitId": "andy-aw-why"
        },
        "content": "}"
      }
    ],
    "authorContributionMap": {
      "andy-aw-why": 17
    }
  },
  {
    "path": "src/main/java/Duke.java",
    "fileType": "java",
    "lines": [
      {
        "lineNumber": 1,
        "author": {
          "gitId": "andy-aw-why"
        },
        "content": "import java.util.Scanner;"
      },
      {
        "lineNumber": 2,
        "author": {
          "gitId": "andy-aw-why"
        },
        "content": ""
      },
      {
        "lineNumber": 3,
        "author": {
          "gitId": "andy-aw-why"
        },
        "content": ""
      },
      {
        "lineNumber": 4,
        "author": {
          "gitId": "andy-aw-why"
        },
        "content": "public class Duke {"
      },
      {
        "lineNumber": 5,
        "author": {
          "gitId": "andy-aw-why"
        },
        "content": ""
      },
      {
        "lineNumber": 6,
        "author": {
          "gitId": "-"
        },
        "content": "    public static void main(String[] args) {"
      },
      {
        "lineNumber": 7,
        "author": {
          "gitId": "-"
        },
        "content": "        String logo \u003d \" ____        _        \\n\""
      },
      {
        "lineNumber": 8,
        "author": {
          "gitId": "-"
        },
        "content": "                + \"|  _ \\\\ _   _| | _____ \\n\""
      },
      {
        "lineNumber": 9,
        "author": {
          "gitId": "-"
        },
        "content": "                + \"| | | | | | | |/ / _ \\\\\\n\""
      },
      {
        "lineNumber": 10,
        "author": {
          "gitId": "-"
        },
        "content": "                + \"| |_| | |_| |   \u003c  __/\\n\""
      },
      {
        "lineNumber": 11,
        "author": {
          "gitId": "-"
        },
        "content": "                + \"|____/ \\\\__,_|_|\\\\_\\\\___|\\n\";"
      },
      {
        "lineNumber": 12,
        "author": {
          "gitId": "-"
        },
        "content": "        System.out.println(\"Hello from\\n\" + logo);"
      },
      {
        "lineNumber": 13,
        "author": {
          "gitId": "andy-aw-why"
        },
        "content": ""
      },
      {
        "lineNumber": 14,
        "author": {
          "gitId": "andy-aw-why"
        },
        "content": "        Scanner myInput \u003d new Scanner(System.in);"
      },
      {
        "lineNumber": 15,
        "author": {
          "gitId": "andy-aw-why"
        },
        "content": "        System.out.println(\"Hello! I\u0027m Duke\\nWhat can I do for you?\");"
      },
      {
        "lineNumber": 16,
        "author": {
          "gitId": "andy-aw-why"
        },
        "content": "        Task[] taskList;"
      },
      {
        "lineNumber": 17,
        "author": {
          "gitId": "andy-aw-why"
        },
        "content": "        taskList \u003d new Task[100];"
      },
      {
        "lineNumber": 18,
        "author": {
          "gitId": "andy-aw-why"
        },
        "content": "        int numberOfActions \u003d 0;"
      },
      {
        "lineNumber": 19,
        "author": {
          "gitId": "andy-aw-why"
        },
        "content": "        String userInput \u003d myInput.nextLine();"
      },
      {
        "lineNumber": 20,
        "author": {
          "gitId": "andy-aw-why"
        },
        "content": "        while (!userInput.equals(\"bye\")) {"
      },
      {
        "lineNumber": 21,
        "author": {
          "gitId": "andy-aw-why"
        },
        "content": "            System.out.println(System.lineSeparator());"
      },
      {
        "lineNumber": 22,
        "author": {
          "gitId": "andy-aw-why"
        },
        "content": "            String[] splitUserInput \u003d userInput.split(\" \");"
      },
      {
        "lineNumber": 23,
        "author": {
          "gitId": "andy-aw-why"
        },
        "content": "            Task newTask;"
      },
      {
        "lineNumber": 24,
        "author": {
          "gitId": "andy-aw-why"
        },
        "content": "            switch (splitUserInput[0].toLowerCase()) {"
      },
      {
        "lineNumber": 25,
        "author": {
          "gitId": "andy-aw-why"
        },
        "content": "            case \"todo\":"
      },
      {
        "lineNumber": 26,
        "author": {
          "gitId": "andy-aw-why"
        },
        "content": "                newTask \u003d new Todo(splitTaskDescription(userInput)[0], splitTaskDescription(userInput)[1]);"
      },
      {
        "lineNumber": 27,
        "author": {
          "gitId": "andy-aw-why"
        },
        "content": "                taskList[numberOfActions] \u003d newTask;"
      },
      {
        "lineNumber": 28,
        "author": {
          "gitId": "andy-aw-why"
        },
        "content": "                numberOfActions \u003d numberOfActions + 1;"
      },
      {
        "lineNumber": 29,
        "author": {
          "gitId": "andy-aw-why"
        },
        "content": "                System.out.println(\"Got it. I\u0027ve added this task: \" + newTask.toString());"
      },
      {
        "lineNumber": 30,
        "author": {
          "gitId": "andy-aw-why"
        },
        "content": "                break;"
      },
      {
        "lineNumber": 31,
        "author": {
          "gitId": "andy-aw-why"
        },
        "content": "            case \"deadline\":"
      },
      {
        "lineNumber": 32,
        "author": {
          "gitId": "andy-aw-why"
        },
        "content": "                newTask \u003d new Deadline(splitTaskDescription(userInput)[0], splitTaskDescription(userInput)[1]);"
      },
      {
        "lineNumber": 33,
        "author": {
          "gitId": "andy-aw-why"
        },
        "content": "                taskList[numberOfActions] \u003d newTask;"
      },
      {
        "lineNumber": 34,
        "author": {
          "gitId": "andy-aw-why"
        },
        "content": "                numberOfActions \u003d numberOfActions + 1;"
      },
      {
        "lineNumber": 35,
        "author": {
          "gitId": "andy-aw-why"
        },
        "content": "                System.out.println(\"Got it. I\u0027ve added this task: \" + newTask.toString());"
      },
      {
        "lineNumber": 36,
        "author": {
          "gitId": "andy-aw-why"
        },
        "content": "                break;"
      },
      {
        "lineNumber": 37,
        "author": {
          "gitId": "andy-aw-why"
        },
        "content": "            case \"event\":"
      },
      {
        "lineNumber": 38,
        "author": {
          "gitId": "andy-aw-why"
        },
        "content": "                newTask \u003d new Event(splitTaskDescription(userInput)[0], splitTaskDescription(userInput)[1]);"
      },
      {
        "lineNumber": 39,
        "author": {
          "gitId": "andy-aw-why"
        },
        "content": "                taskList[numberOfActions] \u003d newTask;"
      },
      {
        "lineNumber": 40,
        "author": {
          "gitId": "andy-aw-why"
        },
        "content": "                numberOfActions \u003d numberOfActions + 1;"
      },
      {
        "lineNumber": 41,
        "author": {
          "gitId": "andy-aw-why"
        },
        "content": "                System.out.println(\"Got it. I\u0027ve added this task: \" + newTask.toString());"
      },
      {
        "lineNumber": 42,
        "author": {
          "gitId": "andy-aw-why"
        },
        "content": "                break;"
      },
      {
        "lineNumber": 43,
        "author": {
          "gitId": "andy-aw-why"
        },
        "content": "            case \"list\":"
      },
      {
        "lineNumber": 44,
        "author": {
          "gitId": "andy-aw-why"
        },
        "content": "                if (numberOfActions \u003e 0) {"
      },
      {
        "lineNumber": 45,
        "author": {
          "gitId": "andy-aw-why"
        },
        "content": "                    for (int i \u003d 0; i \u003c numberOfActions; i++) {"
      },
      {
        "lineNumber": 46,
        "author": {
          "gitId": "andy-aw-why"
        },
        "content": "                        System.out.println("
      },
      {
        "lineNumber": 47,
        "author": {
          "gitId": "andy-aw-why"
        },
        "content": "                                Integer.toString(i + 1) + \". \" + taskList[i].toString());"
      },
      {
        "lineNumber": 48,
        "author": {
          "gitId": "andy-aw-why"
        },
        "content": "                    }"
      },
      {
        "lineNumber": 49,
        "author": {
          "gitId": "andy-aw-why"
        },
        "content": "                } else if (numberOfActions \u003d\u003d 0) {"
      },
      {
        "lineNumber": 50,
        "author": {
          "gitId": "andy-aw-why"
        },
        "content": "                    System.out.println(\"Nothing yet\");"
      },
      {
        "lineNumber": 51,
        "author": {
          "gitId": "andy-aw-why"
        },
        "content": "                }"
      },
      {
        "lineNumber": 52,
        "author": {
          "gitId": "andy-aw-why"
        },
        "content": "                break;"
      },
      {
        "lineNumber": 53,
        "author": {
          "gitId": "andy-aw-why"
        },
        "content": "            case \"done\":"
      },
      {
        "lineNumber": 54,
        "author": {
          "gitId": "andy-aw-why"
        },
        "content": "                int actionListNumber \u003d Integer.parseInt(splitUserInput[1]);"
      },
      {
        "lineNumber": 55,
        "author": {
          "gitId": "andy-aw-why"
        },
        "content": "                if ((actionListNumber - 1) \u003e numberOfActions || actionListNumber \u003d\u003d 0) {"
      },
      {
        "lineNumber": 56,
        "author": {
          "gitId": "andy-aw-why"
        },
        "content": "                    System.out.println(\"Out of range\");"
      },
      {
        "lineNumber": 57,
        "author": {
          "gitId": "andy-aw-why"
        },
        "content": "                } else {"
      },
      {
        "lineNumber": 58,
        "author": {
          "gitId": "andy-aw-why"
        },
        "content": "                    taskList[actionListNumber - 1].markAsDone();"
      },
      {
        "lineNumber": 59,
        "author": {
          "gitId": "andy-aw-why"
        },
        "content": "                    System.out.println("
      },
      {
        "lineNumber": 60,
        "author": {
          "gitId": "andy-aw-why"
        },
        "content": "                            \"Nice! I marked this as done: \" + taskList[actionListNumber - 1].toString());"
      },
      {
        "lineNumber": 61,
        "author": {
          "gitId": "andy-aw-why"
        },
        "content": "                }"
      },
      {
        "lineNumber": 62,
        "author": {
          "gitId": "andy-aw-why"
        },
        "content": "                break;"
      },
      {
        "lineNumber": 63,
        "author": {
          "gitId": "andy-aw-why"
        },
        "content": "            default:"
      },
      {
        "lineNumber": 64,
        "author": {
          "gitId": "andy-aw-why"
        },
        "content": "                newTask \u003d new Task(userInput);"
      },
      {
        "lineNumber": 65,
        "author": {
          "gitId": "andy-aw-why"
        },
        "content": "                taskList[numberOfActions] \u003d newTask;"
      },
      {
        "lineNumber": 66,
        "author": {
          "gitId": "andy-aw-why"
        },
        "content": "                numberOfActions \u003d numberOfActions + 1;"
      },
      {
        "lineNumber": 67,
        "author": {
          "gitId": "andy-aw-why"
        },
        "content": "                System.out.println(\"Got it. I\u0027ve added this task: \" + newTask.toString());"
      },
      {
        "lineNumber": 68,
        "author": {
          "gitId": "andy-aw-why"
        },
        "content": "                break;"
      },
      {
        "lineNumber": 69,
        "author": {
          "gitId": "andy-aw-why"
        },
        "content": "            }"
      },
      {
        "lineNumber": 70,
        "author": {
          "gitId": "andy-aw-why"
        },
        "content": "            System.out.println(\"What else do you want to do?\");"
      },
      {
        "lineNumber": 71,
        "author": {
          "gitId": "andy-aw-why"
        },
        "content": "            userInput \u003d myInput.nextLine();"
      },
      {
        "lineNumber": 72,
        "author": {
          "gitId": "andy-aw-why"
        },
        "content": "        }"
      },
      {
        "lineNumber": 73,
        "author": {
          "gitId": "andy-aw-why"
        },
        "content": "        System.out.println(System.lineSeparator());"
      },
      {
        "lineNumber": 74,
        "author": {
          "gitId": "andy-aw-why"
        },
        "content": "        System.out.println(\"Bye. Hope to see you again soon! Maybe next time\");"
      },
      {
        "lineNumber": 75,
        "author": {
          "gitId": "andy-aw-why"
        },
        "content": "        myInput.close();"
      },
      {
        "lineNumber": 76,
        "author": {
          "gitId": "-"
        },
        "content": "    }"
      },
      {
        "lineNumber": 77,
        "author": {
          "gitId": "andy-aw-why"
        },
        "content": ""
      },
      {
        "lineNumber": 78,
        "author": {
          "gitId": "andy-aw-why"
        },
        "content": "    public static String[] splitTaskDescription(String input) {"
      },
      {
        "lineNumber": 79,
        "author": {
          "gitId": "andy-aw-why"
        },
        "content": "        String[] returnSplit \u003d new String[2];"
      },
      {
        "lineNumber": 80,
        "author": {
          "gitId": "andy-aw-why"
        },
        "content": "        if (!input.contains(\"/\")) {"
      },
      {
        "lineNumber": 81,
        "author": {
          "gitId": "andy-aw-why"
        },
        "content": "            returnSplit[0] \u003d input.split(\" \", 2)[1];"
      },
      {
        "lineNumber": 82,
        "author": {
          "gitId": "andy-aw-why"
        },
        "content": "            returnSplit[1] \u003d \"\";"
      },
      {
        "lineNumber": 83,
        "author": {
          "gitId": "andy-aw-why"
        },
        "content": "            return returnSplit;"
      },
      {
        "lineNumber": 84,
        "author": {
          "gitId": "andy-aw-why"
        },
        "content": "        }"
      },
      {
        "lineNumber": 85,
        "author": {
          "gitId": "andy-aw-why"
        },
        "content": "        String[] obtainedSplit \u003d input.split(\"/\");"
      },
      {
        "lineNumber": 86,
        "author": {
          "gitId": "andy-aw-why"
        },
        "content": "        String[] obtainedDescription \u003d obtainedSplit[0].split(\" \", 2);"
      },
      {
        "lineNumber": 87,
        "author": {
          "gitId": "andy-aw-why"
        },
        "content": "        returnSplit[0] \u003d obtainedDescription[1];"
      },
      {
        "lineNumber": 88,
        "author": {
          "gitId": "andy-aw-why"
        },
        "content": "        returnSplit[1] \u003d obtainedSplit[1];"
      },
      {
        "lineNumber": 89,
        "author": {
          "gitId": "andy-aw-why"
        },
        "content": "        return returnSplit;"
      },
      {
        "lineNumber": 90,
        "author": {
          "gitId": "andy-aw-why"
        },
        "content": "    }"
      },
      {
        "lineNumber": 91,
        "author": {
          "gitId": "andy-aw-why"
        },
        "content": ""
      },
      {
        "lineNumber": 92,
        "author": {
          "gitId": "andy-aw-why"
        },
        "content": ""
      },
      {
        "lineNumber": 93,
        "author": {
          "gitId": "-"
        },
        "content": "}"
      }
    ],
    "authorContributionMap": {
      "andy-aw-why": 84,
      "-": 9
    }
  },
  {
    "path": "src/main/java/Event.java",
    "fileType": "java",
    "lines": [
      {
        "lineNumber": 1,
        "author": {
          "gitId": "andy-aw-why"
        },
        "content": "public class Event extends Task {"
      },
      {
        "lineNumber": 2,
        "author": {
          "gitId": "andy-aw-why"
        },
        "content": ""
      },
      {
        "lineNumber": 3,
        "author": {
          "gitId": "andy-aw-why"
        },
        "content": "    protected String by;"
      },
      {
        "lineNumber": 4,
        "author": {
          "gitId": "andy-aw-why"
        },
        "content": ""
      },
      {
        "lineNumber": 5,
        "author": {
          "gitId": "andy-aw-why"
        },
        "content": "    public Event(String description, String by) {"
      },
      {
        "lineNumber": 6,
        "author": {
          "gitId": "andy-aw-why"
        },
        "content": "        super(description);"
      },
      {
        "lineNumber": 7,
        "author": {
          "gitId": "andy-aw-why"
        },
        "content": "        this.by \u003d by;"
      },
      {
        "lineNumber": 8,
        "author": {
          "gitId": "andy-aw-why"
        },
        "content": "    }"
      },
      {
        "lineNumber": 9,
        "author": {
          "gitId": "andy-aw-why"
        },
        "content": ""
      },
      {
        "lineNumber": 10,
        "author": {
          "gitId": "andy-aw-why"
        },
        "content": "    @Override"
      },
      {
        "lineNumber": 11,
        "author": {
          "gitId": "andy-aw-why"
        },
        "content": "    public String toString() {"
      },
      {
        "lineNumber": 12,
        "author": {
          "gitId": "andy-aw-why"
        },
        "content": "        if (by.equals(\"\")) {"
      },
      {
        "lineNumber": 13,
        "author": {
          "gitId": "andy-aw-why"
        },
        "content": "            return \"[E]\" + super.toString();"
      },
      {
        "lineNumber": 14,
        "author": {
          "gitId": "andy-aw-why"
        },
        "content": "        }"
      },
      {
        "lineNumber": 15,
        "author": {
          "gitId": "andy-aw-why"
        },
        "content": "        String[] bySplit \u003d by.split(\" \", 2);"
      },
      {
        "lineNumber": 16,
        "author": {
          "gitId": "andy-aw-why"
        },
        "content": "        return \"[E]\" + super.toString() + \"(\" + bySplit[0] + \": \" + bySplit[1] + \")\";"
      },
      {
        "lineNumber": 17,
        "author": {
          "gitId": "andy-aw-why"
        },
        "content": "    }"
      },
      {
        "lineNumber": 18,
        "author": {
          "gitId": "andy-aw-why"
        },
        "content": "}"
      }
    ],
    "authorContributionMap": {
      "andy-aw-why": 18
    }
  },
  {
    "path": "src/main/java/Task.java",
    "fileType": "java",
    "lines": [
      {
        "lineNumber": 1,
        "author": {
          "gitId": "andy-aw-why"
        },
        "content": "public class Task {"
      },
      {
        "lineNumber": 2,
        "author": {
          "gitId": "andy-aw-why"
        },
        "content": "    protected String description;"
      },
      {
        "lineNumber": 3,
        "author": {
          "gitId": "andy-aw-why"
        },
        "content": "    protected boolean isDone;"
      },
      {
        "lineNumber": 4,
        "author": {
          "gitId": "andy-aw-why"
        },
        "content": ""
      },
      {
        "lineNumber": 5,
        "author": {
          "gitId": "andy-aw-why"
        },
        "content": "    public Task(String description) {"
      },
      {
        "lineNumber": 6,
        "author": {
          "gitId": "andy-aw-why"
        },
        "content": "        this.description \u003d description;"
      },
      {
        "lineNumber": 7,
        "author": {
          "gitId": "andy-aw-why"
        },
        "content": "        this.isDone \u003d false;"
      },
      {
        "lineNumber": 8,
        "author": {
          "gitId": "andy-aw-why"
        },
        "content": "    }"
      },
      {
        "lineNumber": 9,
        "author": {
          "gitId": "andy-aw-why"
        },
        "content": ""
      },
      {
        "lineNumber": 10,
        "author": {
          "gitId": "andy-aw-why"
        },
        "content": "    public String getStatusIcon() {"
      },
      {
        "lineNumber": 11,
        "author": {
          "gitId": "andy-aw-why"
        },
        "content": "        return (isDone ? \"\\u2713\" : \"\\u2718\"); //return tick or X symbols"
      },
      {
        "lineNumber": 12,
        "author": {
          "gitId": "andy-aw-why"
        },
        "content": "    }"
      },
      {
        "lineNumber": 13,
        "author": {
          "gitId": "andy-aw-why"
        },
        "content": ""
      },
      {
        "lineNumber": 14,
        "author": {
          "gitId": "andy-aw-why"
        },
        "content": "    public void markAsDone() {"
      },
      {
        "lineNumber": 15,
        "author": {
          "gitId": "andy-aw-why"
        },
        "content": "        isDone \u003d true;"
      },
      {
        "lineNumber": 16,
        "author": {
          "gitId": "andy-aw-why"
        },
        "content": "    }"
      },
      {
        "lineNumber": 17,
        "author": {
          "gitId": "andy-aw-why"
        },
        "content": ""
      },
      {
        "lineNumber": 18,
        "author": {
          "gitId": "andy-aw-why"
        },
        "content": "    @Override"
      },
      {
        "lineNumber": 19,
        "author": {
          "gitId": "andy-aw-why"
        },
        "content": "    public String toString() {"
      },
      {
        "lineNumber": 20,
        "author": {
          "gitId": "andy-aw-why"
        },
        "content": "        return \"[\" + getStatusIcon() + \"]\" + description;"
      },
      {
        "lineNumber": 21,
        "author": {
          "gitId": "andy-aw-why"
        },
        "content": "    }"
      },
      {
        "lineNumber": 22,
        "author": {
          "gitId": "andy-aw-why"
        },
        "content": "}"
      }
    ],
    "authorContributionMap": {
      "andy-aw-why": 22
    }
  },
  {
    "path": "src/main/java/Todo.java",
    "fileType": "java",
    "lines": [
      {
        "lineNumber": 1,
        "author": {
          "gitId": "andy-aw-why"
        },
        "content": "public class Todo extends Task {"
      },
      {
        "lineNumber": 2,
        "author": {
          "gitId": "andy-aw-why"
        },
        "content": ""
      },
      {
        "lineNumber": 3,
        "author": {
          "gitId": "andy-aw-why"
        },
        "content": "    protected String by;"
      },
      {
        "lineNumber": 4,
        "author": {
          "gitId": "andy-aw-why"
        },
        "content": ""
      },
      {
        "lineNumber": 5,
        "author": {
          "gitId": "andy-aw-why"
        },
        "content": "    public Todo(String description, String by) {"
      },
      {
        "lineNumber": 6,
        "author": {
          "gitId": "andy-aw-why"
        },
        "content": "        super(description);"
      },
      {
        "lineNumber": 7,
        "author": {
          "gitId": "andy-aw-why"
        },
        "content": "        this.by \u003d by;"
      },
      {
        "lineNumber": 8,
        "author": {
          "gitId": "andy-aw-why"
        },
        "content": "    }"
      },
      {
        "lineNumber": 9,
        "author": {
          "gitId": "andy-aw-why"
        },
        "content": ""
      },
      {
        "lineNumber": 10,
        "author": {
          "gitId": "andy-aw-why"
        },
        "content": "    @Override"
      },
      {
        "lineNumber": 11,
        "author": {
          "gitId": "andy-aw-why"
        },
        "content": "    public String toString() {"
      },
      {
        "lineNumber": 12,
        "author": {
          "gitId": "andy-aw-why"
        },
        "content": "        if (by.equals(\"\")) {"
      },
      {
        "lineNumber": 13,
        "author": {
          "gitId": "andy-aw-why"
        },
        "content": "            return \"[T]\" + super.toString();"
      },
      {
        "lineNumber": 14,
        "author": {
          "gitId": "andy-aw-why"
        },
        "content": "        }"
      },
      {
        "lineNumber": 15,
        "author": {
          "gitId": "andy-aw-why"
        },
        "content": "        String[] bySplit \u003d by.split(\" \", 2);"
      },
      {
        "lineNumber": 16,
        "author": {
          "gitId": "andy-aw-why"
        },
        "content": "        return \"[T]\" + super.toString() + \"(\" + bySplit[0] + \": \" + bySplit[1] + \")\";"
      },
      {
        "lineNumber": 17,
        "author": {
          "gitId": "andy-aw-why"
        },
        "content": "    }"
      },
      {
        "lineNumber": 18,
        "author": {
          "gitId": "andy-aw-why"
        },
        "content": "}"
      }
    ],
    "authorContributionMap": {
      "andy-aw-why": 18
    }
  },
  {
    "path": "src/main/java/taskType.java",
    "fileType": "java",
    "lines": [
      {
        "lineNumber": 1,
        "author": {
          "gitId": "andy-aw-why"
        },
        "content": "public enum taskType {"
      },
      {
        "lineNumber": 2,
        "author": {
          "gitId": "andy-aw-why"
        },
        "content": "    TODO, EVENT, DEADLINE,LIST,DONE;"
      },
      {
        "lineNumber": 3,
        "author": {
          "gitId": "andy-aw-why"
        },
        "content": "}"
      }
    ],
    "authorContributionMap": {
      "andy-aw-why": 3
    }
  },
  {
    "path": "text-ui-test/EXPECTED.txt",
    "fileType": "txt",
    "lines": [
      {
        "lineNumber": 1,
        "author": {
          "gitId": "andy-aw-why"
        },
        "content": "Hello from"
      },
      {
        "lineNumber": 2,
        "author": {
          "gitId": "andy-aw-why"
        },
        "content": " ____        _        "
      },
      {
        "lineNumber": 3,
        "author": {
          "gitId": "andy-aw-why"
        },
        "content": "|  _ \\ _   _| | _____ "
      },
      {
        "lineNumber": 4,
        "author": {
          "gitId": "andy-aw-why"
        },
        "content": "| | | | | | | |/ / _ \\"
      },
      {
        "lineNumber": 5,
        "author": {
          "gitId": "andy-aw-why"
        },
        "content": "| |_| | |_| |   \u003c  __/"
      },
      {
        "lineNumber": 6,
        "author": {
          "gitId": "andy-aw-why"
        },
        "content": "|____/ \\__,_|_|\\_\\___|"
      },
      {
        "lineNumber": 7,
        "author": {
          "gitId": "andy-aw-why"
        },
        "content": ""
      },
      {
        "lineNumber": 8,
        "author": {
          "gitId": "andy-aw-why"
        },
        "content": "Hello! I\u0027m Duke"
      },
      {
        "lineNumber": 9,
        "author": {
          "gitId": "andy-aw-why"
        },
        "content": "What can I do for you?"
      },
      {
        "lineNumber": 10,
        "author": {
          "gitId": "andy-aw-why"
        },
        "content": ""
      },
      {
        "lineNumber": 11,
        "author": {
          "gitId": "andy-aw-why"
        },
        "content": ""
      },
      {
        "lineNumber": 12,
        "author": {
          "gitId": "andy-aw-why"
        },
        "content": "Got it. I\u0027ve added this task: [?]add friend"
      },
      {
        "lineNumber": 13,
        "author": {
          "gitId": "andy-aw-why"
        },
        "content": "What else do you want to do?"
      },
      {
        "lineNumber": 14,
        "author": {
          "gitId": "andy-aw-why"
        },
        "content": ""
      },
      {
        "lineNumber": 15,
        "author": {
          "gitId": "andy-aw-why"
        },
        "content": ""
      },
      {
        "lineNumber": 16,
        "author": {
          "gitId": "andy-aw-why"
        },
        "content": "Got it. I\u0027ve added this task: [T][?]add friend"
      },
      {
        "lineNumber": 17,
        "author": {
          "gitId": "andy-aw-why"
        },
        "content": "What else do you want to do?"
      },
      {
        "lineNumber": 18,
        "author": {
          "gitId": "andy-aw-why"
        },
        "content": ""
      },
      {
        "lineNumber": 19,
        "author": {
          "gitId": "andy-aw-why"
        },
        "content": ""
      },
      {
        "lineNumber": 20,
        "author": {
          "gitId": "andy-aw-why"
        },
        "content": "Got it. I\u0027ve added this task: [T][?]funny things (at: 10pm)"
      },
      {
        "lineNumber": 21,
        "author": {
          "gitId": "andy-aw-why"
        },
        "content": "What else do you want to do?"
      },
      {
        "lineNumber": 22,
        "author": {
          "gitId": "andy-aw-why"
        },
        "content": ""
      },
      {
        "lineNumber": 23,
        "author": {
          "gitId": "andy-aw-why"
        },
        "content": ""
      },
      {
        "lineNumber": 24,
        "author": {
          "gitId": "andy-aw-why"
        },
        "content": "Got it. I\u0027ve added this task: [E][?]going to sleep (by: waaw)"
      },
      {
        "lineNumber": 25,
        "author": {
          "gitId": "andy-aw-why"
        },
        "content": "What else do you want to do?"
      },
      {
        "lineNumber": 26,
        "author": {
          "gitId": "andy-aw-why"
        },
        "content": ""
      },
      {
        "lineNumber": 27,
        "author": {
          "gitId": "andy-aw-why"
        },
        "content": ""
      },
      {
        "lineNumber": 28,
        "author": {
          "gitId": "andy-aw-why"
        },
        "content": "Got it. I\u0027ve added this task: [D][?]lol"
      },
      {
        "lineNumber": 29,
        "author": {
          "gitId": "andy-aw-why"
        },
        "content": "What else do you want to do?"
      },
      {
        "lineNumber": 30,
        "author": {
          "gitId": "andy-aw-why"
        },
        "content": ""
      },
      {
        "lineNumber": 31,
        "author": {
          "gitId": "andy-aw-why"
        },
        "content": ""
      },
      {
        "lineNumber": 32,
        "author": {
          "gitId": "andy-aw-why"
        },
        "content": "1. [?]add friend"
      },
      {
        "lineNumber": 33,
        "author": {
          "gitId": "andy-aw-why"
        },
        "content": "2. [T][?]add friend"
      },
      {
        "lineNumber": 34,
        "author": {
          "gitId": "andy-aw-why"
        },
        "content": "3. [T][?]funny things (at: 10pm)"
      },
      {
        "lineNumber": 35,
        "author": {
          "gitId": "andy-aw-why"
        },
        "content": "4. [E][?]going to sleep (by: waaw)"
      },
      {
        "lineNumber": 36,
        "author": {
          "gitId": "andy-aw-why"
        },
        "content": "5. [D][?]lol"
      },
      {
        "lineNumber": 37,
        "author": {
          "gitId": "andy-aw-why"
        },
        "content": "What else do you want to do?"
      },
      {
        "lineNumber": 38,
        "author": {
          "gitId": "andy-aw-why"
        },
        "content": ""
      },
      {
        "lineNumber": 39,
        "author": {
          "gitId": "andy-aw-why"
        },
        "content": ""
      },
      {
        "lineNumber": 40,
        "author": {
          "gitId": "andy-aw-why"
        },
        "content": "Nice! I marked this as done: [T][?]add friend"
      },
      {
        "lineNumber": 41,
        "author": {
          "gitId": "andy-aw-why"
        },
        "content": "What else do you want to do?"
      },
      {
        "lineNumber": 42,
        "author": {
          "gitId": "andy-aw-why"
        },
        "content": ""
      },
      {
        "lineNumber": 43,
        "author": {
          "gitId": "andy-aw-why"
        },
        "content": ""
      },
      {
        "lineNumber": 44,
        "author": {
          "gitId": "andy-aw-why"
        },
        "content": "1. [?]add friend"
      },
      {
        "lineNumber": 45,
        "author": {
          "gitId": "andy-aw-why"
        },
        "content": "2. [T][?]add friend"
      },
      {
        "lineNumber": 46,
        "author": {
          "gitId": "andy-aw-why"
        },
        "content": "3. [T][?]funny things (at: 10pm)"
      },
      {
        "lineNumber": 47,
        "author": {
          "gitId": "andy-aw-why"
        },
        "content": "4. [E][?]going to sleep (by: waaw)"
      },
      {
        "lineNumber": 48,
        "author": {
          "gitId": "andy-aw-why"
        },
        "content": "5. [D][?]lol"
      },
      {
        "lineNumber": 49,
        "author": {
          "gitId": "andy-aw-why"
        },
        "content": "What else do you want to do?"
      },
      {
        "lineNumber": 50,
        "author": {
          "gitId": "andy-aw-why"
        },
        "content": ""
      },
      {
        "lineNumber": 51,
        "author": {
          "gitId": "andy-aw-why"
        },
        "content": ""
      },
      {
        "lineNumber": 52,
        "author": {
          "gitId": "andy-aw-why"
        },
        "content": "Bye. Hope to see you again soon! Maybe next time"
      }
    ],
    "authorContributionMap": {
      "andy-aw-why": 52
    }
  },
  {
    "path": "text-ui-test/input.txt",
    "fileType": "txt",
    "lines": [
      {
        "lineNumber": 1,
        "author": {
          "gitId": "andy-aw-why"
        },
        "content": "add friend"
      },
      {
        "lineNumber": 2,
        "author": {
          "gitId": "andy-aw-why"
        },
        "content": "todo add friend"
      },
      {
        "lineNumber": 3,
        "author": {
          "gitId": "andy-aw-why"
        },
        "content": "todo funny things /at 10pm"
      },
      {
        "lineNumber": 4,
        "author": {
          "gitId": "andy-aw-why"
        },
        "content": "event going to sleep /by waaw"
      },
      {
        "lineNumber": 5,
        "author": {
          "gitId": "andy-aw-why"
        },
        "content": "deadline lol"
      },
      {
        "lineNumber": 6,
        "author": {
          "gitId": "andy-aw-why"
        },
        "content": "list"
      },
      {
        "lineNumber": 7,
        "author": {
          "gitId": "andy-aw-why"
        },
        "content": "done 2"
      },
      {
        "lineNumber": 8,
        "author": {
          "gitId": "andy-aw-why"
        },
        "content": "list"
      },
      {
        "lineNumber": 9,
        "author": {
          "gitId": "andy-aw-why"
        },
        "content": "bye"
      }
    ],
    "authorContributionMap": {
      "andy-aw-why": 9
    }
  },
  {
    "path": "text-ui-test/runtest.bat",
    "fileType": "bat",
    "lines": [
      {
        "lineNumber": 1,
        "author": {
          "gitId": "andy-aw-why"
        },
        "content": "@ECHO OFF"
      },
      {
        "lineNumber": 2,
        "author": {
          "gitId": "andy-aw-why"
        },
        "content": ""
      },
      {
        "lineNumber": 3,
        "author": {
          "gitId": "andy-aw-why"
        },
        "content": "REM create bin directory if it doesn\u0027t exist"
      },
      {
        "lineNumber": 4,
        "author": {
          "gitId": "andy-aw-why"
        },
        "content": "if not exist ..\\bin mkdir ..\\bin"
      },
      {
        "lineNumber": 5,
        "author": {
          "gitId": "andy-aw-why"
        },
        "content": ""
      },
      {
        "lineNumber": 6,
        "author": {
          "gitId": "andy-aw-why"
        },
        "content": "REM delete output from previous run"
      },
      {
        "lineNumber": 7,
        "author": {
          "gitId": "andy-aw-why"
        },
        "content": "del ACTUAL.TXT"
      },
      {
        "lineNumber": 8,
        "author": {
          "gitId": "andy-aw-why"
        },
        "content": ""
      },
      {
        "lineNumber": 9,
        "author": {
          "gitId": "andy-aw-why"
        },
        "content": "REM compile the code into the bin folder"
      },
      {
        "lineNumber": 10,
        "author": {
          "gitId": "andy-aw-why"
        },
        "content": "javac  -cp ..\\src -Xlint:none -d ..\\bin ..\\src\\main\\java\\Duke.java ..\\src\\main\\java\\Deadline.java ..\\src\\main\\java\\Event.java ..\\src\\main\\java\\Todo.java ..\\src\\main\\java\\Task.java"
      },
      {
        "lineNumber": 11,
        "author": {
          "gitId": "andy-aw-why"
        },
        "content": "IF ERRORLEVEL 1 ("
      },
      {
        "lineNumber": 12,
        "author": {
          "gitId": "andy-aw-why"
        },
        "content": "    echo ********** BUILD FAILURE **********"
      },
      {
        "lineNumber": 13,
        "author": {
          "gitId": "andy-aw-why"
        },
        "content": "    exit /b 1"
      },
      {
        "lineNumber": 14,
        "author": {
          "gitId": "andy-aw-why"
        },
        "content": ")"
      },
      {
        "lineNumber": 15,
        "author": {
          "gitId": "andy-aw-why"
        },
        "content": "REM no error here, errorlevel \u003d\u003d 0"
      },
      {
        "lineNumber": 16,
        "author": {
          "gitId": "andy-aw-why"
        },
        "content": ""
      },
      {
        "lineNumber": 17,
        "author": {
          "gitId": "andy-aw-why"
        },
        "content": "REM run the program, feed commands from input.txt file and redirect the output to the ACTUAL.TXT"
      },
      {
        "lineNumber": 18,
        "author": {
          "gitId": "andy-aw-why"
        },
        "content": "java -classpath ..\\bin Duke \u003c input.txt \u003e ACTUAL.TXT"
      },
      {
        "lineNumber": 19,
        "author": {
          "gitId": "andy-aw-why"
        },
        "content": ""
      },
      {
        "lineNumber": 20,
        "author": {
          "gitId": "andy-aw-why"
        },
        "content": "REM compare the output to the expected output"
      },
      {
        "lineNumber": 21,
        "author": {
          "gitId": "andy-aw-why"
        },
        "content": "FC ACTUAL.TXT EXPECTED.TXT"
      },
      {
        "lineNumber": 22,
        "author": {
          "gitId": "andy-aw-why"
        },
        "content": ""
      },
      {
        "lineNumber": 23,
        "author": {
          "gitId": "andy-aw-why"
        },
        "content": "pause"
      }
    ],
    "authorContributionMap": {
      "andy-aw-why": 23
    }
  }
]
