{
  "authorDailyContributionsMap": {
    "andy-aw-why": [
      {
        "insertions": 15,
        "deletions": 15,
        "date": "2020-01-17",
        "commitResults": [
          {
            "hash": "59f52edc9ea56f18fe898f57a8a97fbee86b9698",
            "messageTitle": "first commit",
            "messageBody": "",
            "insertions": 15,
            "deletions": 0
          },
          {
            "hash": "d35e966baa5fa611895f20b1a42ab8e82f72f1b2",
            "messageTitle": "Revert \"first commit\"",
            "messageBody": "This reverts commit 59f52edc9ea56f18fe898f57a8a97fbee86b9698.\n",
            "insertions": 0,
            "deletions": 15
          }
        ]
      },
      {
        "insertions": 192,
        "deletions": 129,
        "date": "2020-01-23",
        "commitResults": [
          {
            "hash": "b8c973b550b3d98c16faffdc1c5243425a2652b6",
            "messageTitle": "Added greetings and response repeat",
            "messageBody": "",
            "tags": [
              "Level-1"
            ],
            "insertions": 13,
            "deletions": 0
          },
          {
            "hash": "a584e1bb088bbcfdda65db883f9f8e889c634336",
            "messageTitle": "Added storing the actions into a list",
            "messageBody": "",
            "tags": [
              "Level-2"
            ],
            "insertions": 17,
            "deletions": 1
          },
          {
            "hash": "050359aabeba2876ae23f4e396c0531057f2d590",
            "messageTitle": "Added marking of action to be done",
            "messageBody": "",
            "tags": [
              "Level-3",
              "A-Classes"
            ],
            "insertions": 39,
            "deletions": 5
          },
          {
            "hash": "47f4287fd4456530a3727a318b888c64f5820e9d",
            "messageTitle": "Recommit old files",
            "messageBody": "",
            "tags": [
              "A-CodingStandard"
            ],
            "insertions": 123,
            "deletions": 123
          }
        ]
      },
      {
        "insertions": 93,
        "deletions": 8,
        "date": "2020-01-26",
        "commitResults": [
          {
            "hash": "f70277244df011d237a955b97df24ab87151916d",
            "messageTitle": "Added ToDos, Events and Deadlines",
            "messageBody": "",
            "tags": [
              "A-Inheritance"
            ],
            "insertions": 93,
            "deletions": 8
          }
        ]
      },
      {
        "insertions": 94,
        "deletions": 10,
        "date": "2020-01-28",
        "commitResults": [
          {
            "hash": "7bb57e7f90cd5c3214ea9eee7b53e4946e4236e6",
            "messageTitle": "Added text Ui testing tutorial",
            "messageBody": "",
            "insertions": 94,
            "deletions": 10
          }
        ]
      },
      {
        "insertions": 120,
        "deletions": 107,
        "date": "2020-01-29",
        "commitResults": [
          {
            "hash": "4cf7fe936f23f238fb61d27b6988437cd97a7b25",
            "messageTitle": "Refactored code. Still unsure how to integrate enum",
            "messageBody": "",
            "tags": [
              "Level-4"
            ],
            "insertions": 37,
            "deletions": 24
          },
          {
            "hash": "8ccec839e44dd72b46bf2df121ed875b7bf0baf1",
            "messageTitle": "Forced tag push using system (not embedded) git made some files not committed",
            "messageBody": "",
            "insertions": 83,
            "deletions": 83
          }
        ]
      },
      {
        "insertions": 137,
        "deletions": 62,
        "date": "2020-01-31",
        "commitResults": [
          {
            "hash": "88c196a30ebb283870732def9312887c6ba44e21",
            "messageTitle": "SLAP style refactor",
            "messageBody": "",
            "insertions": 137,
            "deletions": 62
          }
        ]
      },
      {
        "insertions": 222,
        "deletions": 112,
        "date": "2020-02-01",
        "commitResults": [
          {
            "hash": "983429eeacd3d2b197bdbd8962825097ff5ca124",
            "messageTitle": "Fixed the question mark bug in ui testing",
            "messageBody": "",
            "tags": [
              "A-TextUiTesting"
            ],
            "insertions": 30,
            "deletions": 31
          },
          {
            "hash": "4e6aa5d2ca5673efbe70fd844d5cec7cb052b74f",
            "messageTitle": "Improved code quality and refactoring",
            "messageBody": "",
            "insertions": 34,
            "deletions": 29
          },
          {
            "hash": "d680dcb5db43059b64af116267d80b3ec1cfe0f1",
            "messageTitle": "Recommit because of tag issue",
            "messageBody": "",
            "tags": [
              "A-CodeQuality"
            ],
            "insertions": 4,
            "deletions": 4
          },
          {
            "hash": "3fe6a53222c1648c4c1e79fd0c76eeec6ba60b96",
            "messageTitle": "Recommitting once more due to tag issue",
            "messageBody": "",
            "insertions": 0,
            "deletions": 1
          },
          {
            "hash": "31b1ae48305cdee7175ac98921dffa653b52d2a8",
            "messageTitle": "Simple error checking",
            "messageBody": "",
            "insertions": 89,
            "deletions": 8
          },
          {
            "hash": "5901127b2672c8a079d779dee98234fab5f06782",
            "messageTitle": "Simple exception checks",
            "messageBody": "",
            "tags": [
              "A-Exceptions"
            ],
            "insertions": 65,
            "deletions": 39
          }
        ]
      },
      {
        "insertions": 27,
        "deletions": 37,
        "date": "2020-02-05",
        "commitResults": [
          {
            "hash": "0e779a9bc55d3a80c8c78401fb60d5510ccb6ef3",
            "messageTitle": "Simple bug fixes for the exceptions",
            "messageBody": "",
            "insertions": 27,
            "deletions": 37
          }
        ]
      },
      {
        "insertions": 38,
        "deletions": 9,
        "date": "2020-02-07",
        "commitResults": [
          {
            "hash": "39b2d5d63abb6db29c5bb0dfdb233673f05823d7",
            "messageTitle": "Added packages",
            "messageBody": "",
            "tags": [
              "A-Packages"
            ],
            "insertions": 37,
            "deletions": 8
          },
          {
            "hash": "189176335d9bcfc5147812ea67e4b09454969a92",
            "messageTitle": "Just some minor changes",
            "messageBody": "",
            "insertions": 1,
            "deletions": 1
          }
        ]
      },
      {
        "insertions": 71,
        "deletions": 66,
        "date": "2020-02-08",
        "commitResults": [
          {
            "hash": "5de6dcba0426c415e6d068762f7ef5ad6724a1b2",
            "messageTitle": "Added delete task",
            "messageBody": "",
            "tags": [
              "Level-6",
              "A-Collections"
            ],
            "insertions": 71,
            "deletions": 66
          }
        ]
      },
      {
        "insertions": 162,
        "deletions": 27,
        "date": "2020-02-11",
        "commitResults": [
          {
            "hash": "8889ee6516851b9d03140c8fa7adac3679a3ac46",
            "messageTitle": "Attempt at file adding",
            "messageBody": "",
            "insertions": 162,
            "deletions": 27
          }
        ]
      },
      {
        "insertions": 62,
        "deletions": 56,
        "date": "2020-02-12",
        "commitResults": [
          {
            "hash": "8cfe1a454b8178ad011e823df395dca226ae7637",
            "messageTitle": "Bug fixes for level 7",
            "messageBody": "",
            "tags": [
              "Level-7"
            ],
            "insertions": 62,
            "deletions": 56
          }
        ]
      },
      {
        "insertions": 245,
        "deletions": 202,
        "date": "2020-02-13",
        "commitResults": [
          {
            "hash": "b0bb231425ca8293ac14efc9496a2cc37661a29d",
            "messageTitle": "Some bug fixing",
            "messageBody": "",
            "insertions": 189,
            "deletions": 181
          },
          {
            "hash": "1d702349918ec37ab14702d30e64c2f0a40935c6",
            "messageTitle": "Added gradle to Duke",
            "messageBody": "",
            "insertions": 50,
            "deletions": 16
          },
          {
            "hash": "bc2d2522f5dadb754a805dedcf5f1cca6d09325f",
            "messageTitle": "Bug fixes",
            "messageBody": "",
            "tags": [
              "A-Jar"
            ],
            "insertions": 6,
            "deletions": 5
          }
        ]
      },
      {
        "insertions": 612,
        "deletions": 49,
        "date": "2020-02-15",
        "commitResults": [
          {
            "hash": "46df8c1d804e4be21c0530d9353a50bb3d1a409b",
            "messageTitle": "Refactored into different classes",
            "messageBody": "",
            "tags": [
              "A-MoreOOP"
            ],
            "insertions": 591,
            "deletions": 15
          },
          {
            "hash": "e6e4aa0aa99b875da23406ce06bce3cecc4fc84d",
            "messageTitle": "A little code cleanup",
            "messageBody": "",
            "insertions": 21,
            "deletions": 34
          }
        ]
      },
      {
        "insertions": 323,
        "deletions": 438,
        "date": "2020-02-16",
        "commitResults": [
          {
            "hash": "4978788cb141131a4704402abcf6ca6007d33c17",
            "messageTitle": "Fixed minor save bug",
            "messageBody": "",
            "insertions": 37,
            "deletions": 421
          },
          {
            "hash": "660abf418533efa87df54290ad928a76eb192da9",
            "messageTitle": "Simple date parse. TIme parse has not been done yet",
            "messageBody": "",
            "insertions": 56,
            "deletions": 8
          },
          {
            "hash": "e5e3825024d53b0e6c28dc8c0699755798b53e70",
            "messageTitle": "SImple find function",
            "messageBody": "",
            "insertions": 43,
            "deletions": 1
          },
          {
            "hash": "42cefc1e34dab1909d914021602680663b511966",
            "messageTitle": "Done just to rename remote branch",
            "messageBody": "",
            "tags": [
              "Level-8"
            ],
            "insertions": 0,
            "deletions": 2
          },
          {
            "hash": "6f7c7c96f96b4d4f7cdc899a1e35d9566fa35367",
            "messageTitle": "Done just to rename branch",
            "messageBody": "",
            "tags": [
              "Level-9"
            ],
            "insertions": 0,
            "deletions": 2
          },
          {
            "hash": "28baaeff36d81af35c9b1afcbfbbc2a4b97a84dc",
            "messageTitle": "Some comments added",
            "messageBody": "",
            "insertions": 187,
            "deletions": 4
          }
        ]
      },
      {
        "insertions": 262,
        "deletions": 31,
        "date": "2020-02-17",
        "commitResults": [
          {
            "hash": "fedde088613fe32e43590472f0c8b863d7e23ee3",
            "messageTitle": "Added more comments",
            "messageBody": "",
            "tags": [
              "A-JavaDoc"
            ],
            "insertions": 262,
            "deletions": 31
          }
        ]
      }
    ]
  },
  "authorFinalContributionMap": {
    "andy-aw-why": 1365
  },
  "authorFileTypeContributionMap": {
    "andy-aw-why": {
      "java": 1263,
      "md": 2,
      "fxml": 0,
      "sh": 0,
      "bat": 23,
      "gradle": 14,
      "txt": 63
    }
  },
  "authorContributionVariance": {
    "andy-aw-why": 34784.86
  },
  "authorDisplayNameMap": {
    "andy-aw-why": "CS2113T-T13-3 ANDY..YANG"
  }
}
