{
  "authorDailyContributionsMap": {
    "E0309556": [
      {
        "insertions": 39,
        "deletions": 10,
        "date": "2020-01-18",
        "commitResults": [
          {
            "hash": "8eae9f542d80dcf6a21ac53f4688c60761cc7eb4",
            "messageTitle": "Add Level 1. of iP",
            "messageBody": "",
            "tags": [
              "Lvl.3"
            ],
            "insertions": 39,
            "deletions": 10
          }
        ]
      },
      {
        "insertions": 93,
        "deletions": 28,
        "date": "2020-01-26",
        "commitResults": [
          {
            "hash": "6f8cc6f63ba704d0712f4b73268fc10d43794b52",
            "messageTitle": "Add features: [Add, List],  [Mark as Done]",
            "messageBody": "",
            "insertions": 93,
            "deletions": 28
          }
        ]
      }
    ]
  },
  "authorFinalContributionMap": {
    "E0309556": 104
  },
  "authorFileTypeContributionMap": {
    "E0309556": {
      "java": 104,
      "md": 0,
      "fxml": 0,
      "sh": 0,
      "bat": 0,
      "gradle": 0,
      "txt": 0
    }
  },
  "authorContributionVariance": {
    "E0309556": 1069.8367
  },
  "authorDisplayNameMap": {
    "E0309556": "CS2113T-M16-1 TSHI.. REN"
  }
}
