{
  "authorDailyContributionsMap": {
    "gmuthu17": [
      {
        "insertions": 4,
        "deletions": 1,
        "date": "2020-01-20",
        "commitResults": [
          {
            "hash": "4eb98eecf5c65a5a487e7ee4cceeb20c1d4359c3",
            "messageTitle": "level 0",
            "messageBody": "",
            "insertions": 3,
            "deletions": 0
          },
          {
            "hash": "af80be8fab5c9251d85bfaf2d9492d5c1d590cf1",
            "messageTitle": "level 0 v2",
            "messageBody": "",
            "insertions": 1,
            "deletions": 1
          }
        ]
      },
      {
        "insertions": 138,
        "deletions": 25,
        "date": "2020-01-28",
        "commitResults": [
          {
            "hash": "8365de94b734fbdb03c203a1e8822918eeebfc5d",
            "messageTitle": "Level 1 done",
            "messageBody": "",
            "tags": [
              "Level-1"
            ],
            "insertions": 18,
            "deletions": 9
          },
          {
            "hash": "0ec2973d232a0864480fc25b9ba9b674cde25403",
            "messageTitle": "Level 2 done",
            "messageBody": "",
            "tags": [
              "Level-2"
            ],
            "insertions": 54,
            "deletions": 5
          },
          {
            "hash": "cfe773330dbf8bcfdca3a45a4e55134c58e93db1",
            "messageTitle": "Level 3 done",
            "messageBody": "",
            "tags": [
              "Level-3"
            ],
            "insertions": 22,
            "deletions": 9
          },
          {
            "hash": "7cbc413e829aa5d8d59c22e4f295280c2a306143",
            "messageTitle": "Complies with A-CodingStandard",
            "messageBody": "",
            "tags": [
              "A-CodingStandard"
            ],
            "insertions": 44,
            "deletions": 2
          }
        ]
      },
      {
        "insertions": 227,
        "deletions": 62,
        "date": "2020-02-03",
        "commitResults": [
          {
            "hash": "8cc850d0dee4821c0ee6412fb1097b6621e2f47e",
            "messageTitle": "ordering messed up a little but works",
            "messageBody": "",
            "insertions": 77,
            "deletions": 7
          },
          {
            "hash": "89e47c80f253bb647e14b5b48e0a845da9eb8956",
            "messageTitle": "Level-4 done",
            "messageBody": "",
            "tags": [
              "Level-4"
            ],
            "insertions": 7,
            "deletions": 6
          },
          {
            "hash": "597cf4cd2b10a49483f98e3cdb9999966ebcc780",
            "messageTitle": "A-CodeQuality",
            "messageBody": "",
            "tags": [
              "A-CodeQuality"
            ],
            "insertions": 143,
            "deletions": 49
          }
        ]
      },
      {
        "insertions": 89,
        "deletions": 39,
        "date": "2020-02-09",
        "commitResults": [
          {
            "hash": "d6de71153d57eee7102d9fa8c9a7c637796ec6c3",
            "messageTitle": "level 5 pushing to branch",
            "messageBody": "",
            "insertions": 65,
            "deletions": 27
          },
          {
            "hash": "5861879ff44381e672fab214fe50525aad450ded",
            "messageTitle": "pushing A-packages",
            "messageBody": "",
            "insertions": 24,
            "deletions": 12
          }
        ]
      },
      {
        "insertions": 194,
        "deletions": 0,
        "date": "2020-02-16",
        "commitResults": [
          {
            "hash": "662d71502f2c53f3727e4e4e7df227234042e209",
            "messageTitle": "level 6 added to branch",
            "messageBody": "",
            "insertions": 46,
            "deletions": 0
          },
          {
            "hash": "5ad64fa06c1b41bbd57f843142ec5b003bc5f98d",
            "messageTitle": "level 7 to branch",
            "messageBody": "",
            "insertions": 128,
            "deletions": 0
          },
          {
            "hash": "66dcd9d1486d1be1cb746d09e2af87e88cc82559",
            "messageTitle": "Level 7 done",
            "messageBody": "",
            "tags": [
              "V1.0",
              "A-Jar"
            ],
            "insertions": 20,
            "deletions": 0
          }
        ]
      },
      {
        "insertions": 74,
        "deletions": 35,
        "date": "2020-02-18",
        "commitResults": [
          {
            "hash": "615b1f806bb0901f9ef5fe3776b3e7dc0028ffa9",
            "messageTitle": "level 7 really done",
            "messageBody": "",
            "tags": [
              "V1.1",
              "Level-7"
            ],
            "insertions": 74,
            "deletions": 35
          }
        ]
      },
      {
        "insertions": 514,
        "deletions": 237,
        "date": "2020-02-29",
        "commitResults": [
          {
            "hash": "c4908e56e49c807d75be5aa85585d3184aedbce5",
            "messageTitle": "Finished more OOP",
            "messageBody": "",
            "tags": [
              "A-MoreOOP"
            ],
            "insertions": 327,
            "deletions": 230
          },
          {
            "hash": "6e8d31ee138293c9ec6e6a2166789f03b3424141",
            "messageTitle": "level 9 to branch",
            "messageBody": "",
            "insertions": 33,
            "deletions": 0
          },
          {
            "hash": "8e0bc05a62d26bda1a7f555c892ac36a92916e34",
            "messageTitle": "javadoc to branch",
            "messageBody": "",
            "insertions": 27,
            "deletions": 1
          },
          {
            "hash": "aa7726d6efdc22150f559a8271a3d79e15029477",
            "messageTitle": "user guide done",
            "messageBody": "",
            "tags": [
              "A-UserGuide"
            ],
            "insertions": 127,
            "deletions": 6
          }
        ]
      }
    ]
  },
  "authorFinalContributionMap": {
    "gmuthu17": 858
  },
  "authorFileTypeContributionMap": {
    "gmuthu17": {
      "java": 727,
      "md": 129,
      "fxml": 0,
      "sh": 0,
      "bat": 0,
      "gradle": 0,
      "txt": 2
    }
  },
  "authorContributionVariance": {
    "gmuthu17": 14251.083
  },
  "authorDisplayNameMap": {
    "gmuthu17": "CS2113-T14-4 MUTH..PPAN"
  }
}
