{
  "authorDailyContributionsMap": {
    "alaukiknpant": [
      {
        "insertions": 75,
        "deletions": 16,
        "date": "2020-01-26",
        "commitResults": [
          {
            "hash": "f38b4b99524877d1205c53812a2a5a329d644c5d",
            "messageTitle": "Level-0",
            "messageBody": "",
            "insertions": 18,
            "deletions": 7
          },
          {
            "hash": "17f4cc55f9e6fd35c75830e2badacaf02929c77b",
            "messageTitle": "Level-1",
            "messageBody": "",
            "tags": [
              "Level-1"
            ],
            "insertions": 29,
            "deletions": 7
          },
          {
            "hash": "55725fdcf5bfa9f2cf5bdd59e20d045799d423a1",
            "messageTitle": "Level-2",
            "messageBody": "",
            "tags": [
              "Level-2"
            ],
            "insertions": 28,
            "deletions": 2
          }
        ]
      },
      {
        "insertions": 132,
        "deletions": 38,
        "date": "2020-01-27",
        "commitResults": [
          {
            "hash": "deb9f4f9c4062866f1b29aac054c69f7b038b074",
            "messageTitle": "Level-3",
            "messageBody": "",
            "tags": [
              "Level-3"
            ],
            "insertions": 132,
            "deletions": 38
          }
        ]
      },
      {
        "insertions": 37,
        "deletions": 36,
        "date": "2020-01-30",
        "commitResults": [
          {
            "hash": "e0a3b3aff8e793955ca53cb809cc4940c3bfdce9",
            "messageTitle": "A-CodingStandard",
            "messageBody": "",
            "tags": [
              "A-CodingStandard"
            ],
            "insertions": 37,
            "deletions": 36
          }
        ]
      }
    ]
  },
  "authorFinalContributionMap": {
    "alaukiknpant": 160
  },
  "authorFileTypeContributionMap": {
    "alaukiknpant": {
      "java": 160,
      "md": 0,
      "fxml": 0,
      "sh": 0,
      "bat": 0,
      "gradle": 0,
      "txt": 0
    }
  },
  "authorContributionVariance": {
    "alaukiknpant": 2017.358
  },
  "authorDisplayNameMap": {
    "alaukiknpant": "ALAU..PANT"
  }
}
