[
  {
    "path": "README.md",
    "fileType": "md",
    "lines": [
      {
        "lineNumber": 1,
        "author": {
          "gitId": "-"
        },
        "content": "# Setting up"
      },
      {
        "lineNumber": 2,
        "author": {
          "gitId": "-"
        },
        "content": ""
      },
      {
        "lineNumber": 3,
        "author": {
          "gitId": "-"
        },
        "content": "**Prerequisites**"
      },
      {
        "lineNumber": 4,
        "author": {
          "gitId": "-"
        },
        "content": ""
      },
      {
        "lineNumber": 5,
        "author": {
          "gitId": "-"
        },
        "content": "* JDK 11"
      },
      {
        "lineNumber": 6,
        "author": {
          "gitId": "-"
        },
        "content": "* Recommended: IntelliJ IDE"
      },
      {
        "lineNumber": 7,
        "author": {
          "gitId": "-"
        },
        "content": "* Fork this repo to your GitHub account and clone the fork to your computer"
      },
      {
        "lineNumber": 8,
        "author": {
          "gitId": "-"
        },
        "content": ""
      },
      {
        "lineNumber": 9,
        "author": {
          "gitId": "-"
        },
        "content": "**Importing the project into IntelliJ**"
      },
      {
        "lineNumber": 10,
        "author": {
          "gitId": "-"
        },
        "content": ""
      },
      {
        "lineNumber": 11,
        "author": {
          "gitId": "-"
        },
        "content": "1. Open IntelliJ (if you are not in the welcome screen, click `File` \u003e `Close Project` to close the existing project dialog first)."
      },
      {
        "lineNumber": 12,
        "author": {
          "gitId": "-"
        },
        "content": "1. Set up the correct JDK version."
      },
      {
        "lineNumber": 13,
        "author": {
          "gitId": "-"
        },
        "content": "   * Click `Configure` \u003e `Structure for new Projects` (in older versions of Intellij:`Configure` \u003e `Project Defaults` \u003e `Project Structure`)."
      },
      {
        "lineNumber": 14,
        "author": {
          "gitId": "-"
        },
        "content": "   * If JDK 11 is listed in the drop down, select it. If it is not, click `New...` and select the directory where you installed JDK 11."
      },
      {
        "lineNumber": 15,
        "author": {
          "gitId": "-"
        },
        "content": "   * Click `OK`."
      },
      {
        "lineNumber": 16,
        "author": {
          "gitId": "-"
        },
        "content": "1. Click `Import Project`."
      },
      {
        "lineNumber": 17,
        "author": {
          "gitId": "-"
        },
        "content": "1. Locate the project directory and click `OK`."
      },
      {
        "lineNumber": 18,
        "author": {
          "gitId": "-"
        },
        "content": "1. Select `Create project from existing sources` and click `Next`."
      },
      {
        "lineNumber": 19,
        "author": {
          "gitId": "-"
        },
        "content": "1. Rename the project if you want. Click `Next`."
      },
      {
        "lineNumber": 20,
        "author": {
          "gitId": "-"
        },
        "content": "1. Ensure that your src folder is checked. Keep clicking `Next`."
      },
      {
        "lineNumber": 21,
        "author": {
          "gitId": "-"
        },
        "content": "1. Click `Finish`."
      },
      {
        "lineNumber": 22,
        "author": {
          "gitId": "-"
        },
        "content": ""
      },
      {
        "lineNumber": 23,
        "author": {
          "gitId": "-"
        },
        "content": "# Tutorials "
      },
      {
        "lineNumber": 24,
        "author": {
          "gitId": "-"
        },
        "content": ""
      },
      {
        "lineNumber": 25,
        "author": {
          "gitId": "Janicetyy"
        },
        "content": "Jan Increment | Tutorial"
      },
      {
        "lineNumber": 26,
        "author": {
          "gitId": "-"
        },
        "content": "---------------|---------------"
      },
      {
        "lineNumber": 27,
        "author": {
          "gitId": "-"
        },
        "content": "`A-Gradle` | [Gradle Tutorial](tutorials/gradleTutorial.md)"
      },
      {
        "lineNumber": 28,
        "author": {
          "gitId": "-"
        },
        "content": "`A-TextUiTesting` | [Text UI Testing Tutorial](tutorials/textUiTestingTutorial.md)"
      },
      {
        "lineNumber": 29,
        "author": {
          "gitId": "Janicetyy"
        },
        "content": "`Level-10` | JavaFX tutorials:\u003cbr\u003e→ [Part 1: Introduction to JavaFX][fx1]\u003cbr\u003e→ [Part 2: Creating a GUI for Jan][fx2]\u003cbr\u003e→ [Part 3: Interacting with the user][fx3]\u003cbr\u003e→ [Part 4: Introduction to FXML][fx4]"
      },
      {
        "lineNumber": 30,
        "author": {
          "gitId": "-"
        },
        "content": ""
      },
      {
        "lineNumber": 31,
        "author": {
          "gitId": "-"
        },
        "content": "[fx1]: \u003ctutorials/javaFxTutorialPart1.md\u003e"
      },
      {
        "lineNumber": 32,
        "author": {
          "gitId": "-"
        },
        "content": "[fx2]: \u003ctutorials/javaFxTutorialPart2.md\u003e"
      },
      {
        "lineNumber": 33,
        "author": {
          "gitId": "-"
        },
        "content": "[fx3]: \u003ctutorials/javaFxTutorialPart3.md\u003e"
      },
      {
        "lineNumber": 34,
        "author": {
          "gitId": "-"
        },
        "content": "[fx4]: \u003ctutorials/javaFxTutorialPart4.md\u003e"
      },
      {
        "lineNumber": 35,
        "author": {
          "gitId": "-"
        },
        "content": ""
      },
      {
        "lineNumber": 36,
        "author": {
          "gitId": "-"
        },
        "content": "# Feedback, Bug Reports"
      },
      {
        "lineNumber": 37,
        "author": {
          "gitId": "-"
        },
        "content": ""
      },
      {
        "lineNumber": 38,
        "author": {
          "gitId": "-"
        },
        "content": "* If you have feedback or bug reports, please post in [se-edu/duke issue tracker](https://github.com/se-edu/duke/issues)."
      },
      {
        "lineNumber": 39,
        "author": {
          "gitId": "-"
        },
        "content": "* We welcome pull requests too."
      }
    ],
    "authorContributionMap": {
      "Janicetyy": 2,
      "-": 37
    }
  },
  {
    "path": "src/main/java/Exceptions/MissingDescriptionException.java",
    "fileType": "java",
    "lines": [
      {
        "lineNumber": 1,
        "author": {
          "gitId": "Janicetyy"
        },
        "content": "package Exceptions;"
      },
      {
        "lineNumber": 2,
        "author": {
          "gitId": "Janicetyy"
        },
        "content": ""
      },
      {
        "lineNumber": 3,
        "author": {
          "gitId": "Janicetyy"
        },
        "content": "public class MissingDescriptionException extends Exception {"
      },
      {
        "lineNumber": 4,
        "author": {
          "gitId": "Janicetyy"
        },
        "content": "}"
      }
    ],
    "authorContributionMap": {
      "Janicetyy": 4
    }
  },
  {
    "path": "src/main/java/Exceptions/UnknownCommandException.java",
    "fileType": "java",
    "lines": [
      {
        "lineNumber": 1,
        "author": {
          "gitId": "Janicetyy"
        },
        "content": "package Exceptions;"
      },
      {
        "lineNumber": 2,
        "author": {
          "gitId": "Janicetyy"
        },
        "content": ""
      },
      {
        "lineNumber": 3,
        "author": {
          "gitId": "Janicetyy"
        },
        "content": "public class UnknownCommandException extends Exception {"
      },
      {
        "lineNumber": 4,
        "author": {
          "gitId": "Janicetyy"
        },
        "content": "}"
      }
    ],
    "authorContributionMap": {
      "Janicetyy": 4
    }
  },
  {
    "path": "src/main/java/Jan.java",
    "fileType": "java",
    "lines": [
      {
        "lineNumber": 1,
        "author": {
          "gitId": "Janicetyy"
        },
        "content": "import java.util.ArrayList;"
      },
      {
        "lineNumber": 2,
        "author": {
          "gitId": "Janicetyy"
        },
        "content": "import Exceptions.MissingDescriptionException;"
      },
      {
        "lineNumber": 3,
        "author": {
          "gitId": "Janicetyy"
        },
        "content": "import Exceptions.UnknownCommandException;"
      },
      {
        "lineNumber": 4,
        "author": {
          "gitId": "Janicetyy"
        },
        "content": "import TaskObjects.Task;"
      },
      {
        "lineNumber": 5,
        "author": {
          "gitId": "Janicetyy"
        },
        "content": "import TaskObjects.Todo;"
      },
      {
        "lineNumber": 6,
        "author": {
          "gitId": "Janicetyy"
        },
        "content": "import TaskObjects.Deadline;"
      },
      {
        "lineNumber": 7,
        "author": {
          "gitId": "Janicetyy"
        },
        "content": "import TaskObjects.Event;"
      },
      {
        "lineNumber": 8,
        "author": {
          "gitId": "Janicetyy"
        },
        "content": ""
      },
      {
        "lineNumber": 9,
        "author": {
          "gitId": "Janicetyy"
        },
        "content": "import java.io.File;"
      },
      {
        "lineNumber": 10,
        "author": {
          "gitId": "Janicetyy"
        },
        "content": "import java.io.FileNotFoundException;"
      },
      {
        "lineNumber": 11,
        "author": {
          "gitId": "Janicetyy"
        },
        "content": "import java.io.FileWriter;"
      },
      {
        "lineNumber": 12,
        "author": {
          "gitId": "Janicetyy"
        },
        "content": "import java.util.Scanner;"
      },
      {
        "lineNumber": 13,
        "author": {
          "gitId": "Janicetyy"
        },
        "content": "import java.io.IOException;"
      },
      {
        "lineNumber": 14,
        "author": {
          "gitId": "Janicetyy"
        },
        "content": ""
      },
      {
        "lineNumber": 15,
        "author": {
          "gitId": "Janicetyy"
        },
        "content": "public class Jan {"
      },
      {
        "lineNumber": 16,
        "author": {
          "gitId": "Janicetyy"
        },
        "content": ""
      },
      {
        "lineNumber": 17,
        "author": {
          "gitId": "Janicetyy"
        },
        "content": "    public static final String DIVIDER \u003d \"____________________________________________________________\";"
      },
      {
        "lineNumber": 18,
        "author": {
          "gitId": "Janicetyy"
        },
        "content": "    public static ArrayList\u003cTask\u003e Tasks \u003d new ArrayList\u003c\u003e();"
      },
      {
        "lineNumber": 19,
        "author": {
          "gitId": "Janicetyy"
        },
        "content": "    public static final String FILEPATH \u003d \"data/TaskList.txt\"; //final save"
      },
      {
        "lineNumber": 20,
        "author": {
          "gitId": "Janicetyy"
        },
        "content": ""
      },
      {
        "lineNumber": 21,
        "author": {
          "gitId": "Janicetyy"
        },
        "content": "    public static void executeInstruction(String command, String commandDescription) throws MissingDescriptionException,"
      },
      {
        "lineNumber": 22,
        "author": {
          "gitId": "Janicetyy"
        },
        "content": "            UnknownCommandException{"
      },
      {
        "lineNumber": 23,
        "author": {
          "gitId": "Janicetyy"
        },
        "content": "        System.out.println(DIVIDER);"
      },
      {
        "lineNumber": 24,
        "author": {
          "gitId": "Janicetyy"
        },
        "content": "        switch(command) {"
      },
      {
        "lineNumber": 25,
        "author": {
          "gitId": "Janicetyy"
        },
        "content": "        case \"list\":"
      },
      {
        "lineNumber": 26,
        "author": {
          "gitId": "Janicetyy"
        },
        "content": "            System.out.println(\"Here are the tasks in your list:\");"
      },
      {
        "lineNumber": 27,
        "author": {
          "gitId": "Janicetyy"
        },
        "content": "            for (int i \u003d 0; i \u003c Tasks.size(); i++) {"
      },
      {
        "lineNumber": 28,
        "author": {
          "gitId": "Janicetyy"
        },
        "content": "                System.out.println( i + 1 + \". \" + Tasks.get(i));"
      },
      {
        "lineNumber": 29,
        "author": {
          "gitId": "Janicetyy"
        },
        "content": "            }"
      },
      {
        "lineNumber": 30,
        "author": {
          "gitId": "Janicetyy"
        },
        "content": "            break;"
      },
      {
        "lineNumber": 31,
        "author": {
          "gitId": "Janicetyy"
        },
        "content": "        case \"done\":"
      },
      {
        "lineNumber": 32,
        "author": {
          "gitId": "Janicetyy"
        },
        "content": "            if (commandDescription.isEmpty()) {"
      },
      {
        "lineNumber": 33,
        "author": {
          "gitId": "Janicetyy"
        },
        "content": "                throw new MissingDescriptionException();"
      },
      {
        "lineNumber": 34,
        "author": {
          "gitId": "Janicetyy"
        },
        "content": "            }"
      },
      {
        "lineNumber": 35,
        "author": {
          "gitId": "Janicetyy"
        },
        "content": "            int taskNum \u003d Integer.parseInt(commandDescription) - 1;"
      },
      {
        "lineNumber": 36,
        "author": {
          "gitId": "Janicetyy"
        },
        "content": "            if (existTask(taskNum)) {"
      },
      {
        "lineNumber": 37,
        "author": {
          "gitId": "Janicetyy"
        },
        "content": "                System.out.println(\"Nice! I\u0027ve marked this task as done: \");"
      },
      {
        "lineNumber": 38,
        "author": {
          "gitId": "Janicetyy"
        },
        "content": "                Tasks.get(taskNum).setDone(true);"
      },
      {
        "lineNumber": 39,
        "author": {
          "gitId": "Janicetyy"
        },
        "content": "                System.out.println(Tasks.get(taskNum));"
      },
      {
        "lineNumber": 40,
        "author": {
          "gitId": "Janicetyy"
        },
        "content": "            }else{"
      },
      {
        "lineNumber": 41,
        "author": {
          "gitId": "Janicetyy"
        },
        "content": "                System.out.println(\"Jan cannot find this task\");"
      },
      {
        "lineNumber": 42,
        "author": {
          "gitId": "Janicetyy"
        },
        "content": "            }"
      },
      {
        "lineNumber": 43,
        "author": {
          "gitId": "Janicetyy"
        },
        "content": "            break;"
      },
      {
        "lineNumber": 44,
        "author": {
          "gitId": "Janicetyy"
        },
        "content": "        case \"todo\":"
      },
      {
        "lineNumber": 45,
        "author": {
          "gitId": "Janicetyy"
        },
        "content": "            if (commandDescription.isEmpty()) {"
      },
      {
        "lineNumber": 46,
        "author": {
          "gitId": "Janicetyy"
        },
        "content": "                throw new MissingDescriptionException();"
      },
      {
        "lineNumber": 47,
        "author": {
          "gitId": "Janicetyy"
        },
        "content": "            }"
      },
      {
        "lineNumber": 48,
        "author": {
          "gitId": "Janicetyy"
        },
        "content": "            addTaskToArrayList(command, commandDescription,\"\");"
      },
      {
        "lineNumber": 49,
        "author": {
          "gitId": "Janicetyy"
        },
        "content": "            printSuccessfulAddTaskMessage();"
      },
      {
        "lineNumber": 50,
        "author": {
          "gitId": "Janicetyy"
        },
        "content": "            printCurrentTaskCount();"
      },
      {
        "lineNumber": 51,
        "author": {
          "gitId": "Janicetyy"
        },
        "content": "            try {"
      },
      {
        "lineNumber": 52,
        "author": {
          "gitId": "Janicetyy"
        },
        "content": "                addToFile(Tasks.get(Tasks.size() - 1).stringToSave());"
      },
      {
        "lineNumber": 53,
        "author": {
          "gitId": "Janicetyy"
        },
        "content": "            } catch (IOException e) {"
      },
      {
        "lineNumber": 54,
        "author": {
          "gitId": "Janicetyy"
        },
        "content": "                System.out.println(\"Something went wrong: \" + e.getMessage());"
      },
      {
        "lineNumber": 55,
        "author": {
          "gitId": "Janicetyy"
        },
        "content": "            }"
      },
      {
        "lineNumber": 56,
        "author": {
          "gitId": "Janicetyy"
        },
        "content": "            break;"
      },
      {
        "lineNumber": 57,
        "author": {
          "gitId": "Janicetyy"
        },
        "content": "        case \"deadline\":"
      },
      {
        "lineNumber": 58,
        "author": {
          "gitId": "Janicetyy"
        },
        "content": "            if (commandDescription.isEmpty()) {"
      },
      {
        "lineNumber": 59,
        "author": {
          "gitId": "Janicetyy"
        },
        "content": "                throw new MissingDescriptionException();"
      },
      {
        "lineNumber": 60,
        "author": {
          "gitId": "Janicetyy"
        },
        "content": "            }"
      },
      {
        "lineNumber": 61,
        "author": {
          "gitId": "Janicetyy"
        },
        "content": "            addTaskToArrayList(command, commandDescription, \"/by\");"
      },
      {
        "lineNumber": 62,
        "author": {
          "gitId": "Janicetyy"
        },
        "content": "            printSuccessfulAddTaskMessage();"
      },
      {
        "lineNumber": 63,
        "author": {
          "gitId": "Janicetyy"
        },
        "content": "            printCurrentTaskCount();"
      },
      {
        "lineNumber": 64,
        "author": {
          "gitId": "Janicetyy"
        },
        "content": "            try {"
      },
      {
        "lineNumber": 65,
        "author": {
          "gitId": "Janicetyy"
        },
        "content": "                addToFile(Tasks.get(Tasks.size() - 1).stringToSave());"
      },
      {
        "lineNumber": 66,
        "author": {
          "gitId": "Janicetyy"
        },
        "content": "            } catch (IOException e) {"
      },
      {
        "lineNumber": 67,
        "author": {
          "gitId": "Janicetyy"
        },
        "content": "                System.out.println(\"Something went wrong: \" + e.getMessage());"
      },
      {
        "lineNumber": 68,
        "author": {
          "gitId": "Janicetyy"
        },
        "content": "            }"
      },
      {
        "lineNumber": 69,
        "author": {
          "gitId": "Janicetyy"
        },
        "content": "            break;"
      },
      {
        "lineNumber": 70,
        "author": {
          "gitId": "Janicetyy"
        },
        "content": "        case \"event\":"
      },
      {
        "lineNumber": 71,
        "author": {
          "gitId": "Janicetyy"
        },
        "content": "            if (commandDescription.isEmpty()) {"
      },
      {
        "lineNumber": 72,
        "author": {
          "gitId": "Janicetyy"
        },
        "content": "                throw new MissingDescriptionException();"
      },
      {
        "lineNumber": 73,
        "author": {
          "gitId": "Janicetyy"
        },
        "content": "            }"
      },
      {
        "lineNumber": 74,
        "author": {
          "gitId": "Janicetyy"
        },
        "content": "            if (addTaskToArrayList(command, commandDescription,\"/at\")) {"
      },
      {
        "lineNumber": 75,
        "author": {
          "gitId": "Janicetyy"
        },
        "content": "                printSuccessfulAddTaskMessage();"
      },
      {
        "lineNumber": 76,
        "author": {
          "gitId": "Janicetyy"
        },
        "content": "                printCurrentTaskCount();"
      },
      {
        "lineNumber": 77,
        "author": {
          "gitId": "Janicetyy"
        },
        "content": "                try {"
      },
      {
        "lineNumber": 78,
        "author": {
          "gitId": "Janicetyy"
        },
        "content": "                    addToFile(Tasks.get(Tasks.size() - 1).stringToSave());"
      },
      {
        "lineNumber": 79,
        "author": {
          "gitId": "Janicetyy"
        },
        "content": "                } catch (IOException e) {"
      },
      {
        "lineNumber": 80,
        "author": {
          "gitId": "Janicetyy"
        },
        "content": "                    System.out.println(\"Something went wrong: \" + e.getMessage());"
      },
      {
        "lineNumber": 81,
        "author": {
          "gitId": "Janicetyy"
        },
        "content": "                }"
      },
      {
        "lineNumber": 82,
        "author": {
          "gitId": "Janicetyy"
        },
        "content": "            }"
      },
      {
        "lineNumber": 83,
        "author": {
          "gitId": "Janicetyy"
        },
        "content": "            break;"
      },
      {
        "lineNumber": 84,
        "author": {
          "gitId": "Janicetyy"
        },
        "content": "        case \"delete\":"
      },
      {
        "lineNumber": 85,
        "author": {
          "gitId": "Janicetyy"
        },
        "content": "            if (commandDescription.isEmpty()) {"
      },
      {
        "lineNumber": 86,
        "author": {
          "gitId": "Janicetyy"
        },
        "content": "                throw new MissingDescriptionException();"
      },
      {
        "lineNumber": 87,
        "author": {
          "gitId": "Janicetyy"
        },
        "content": "            }"
      },
      {
        "lineNumber": 88,
        "author": {
          "gitId": "Janicetyy"
        },
        "content": "            taskNum \u003d Integer.parseInt(commandDescription) - 1;"
      },
      {
        "lineNumber": 89,
        "author": {
          "gitId": "Janicetyy"
        },
        "content": "            if (existTask(taskNum)) {"
      },
      {
        "lineNumber": 90,
        "author": {
          "gitId": "Janicetyy"
        },
        "content": "                Task tempTask \u003d Tasks.get(taskNum);"
      },
      {
        "lineNumber": 91,
        "author": {
          "gitId": "Janicetyy"
        },
        "content": "                Tasks.remove(taskNum);"
      },
      {
        "lineNumber": 92,
        "author": {
          "gitId": "Janicetyy"
        },
        "content": "                System.out.println(\"Noted. I\u0027ve removed this task: \");"
      },
      {
        "lineNumber": 93,
        "author": {
          "gitId": "Janicetyy"
        },
        "content": "                System.out.println(tempTask);"
      },
      {
        "lineNumber": 94,
        "author": {
          "gitId": "Janicetyy"
        },
        "content": "                printCurrentTaskCount();"
      },
      {
        "lineNumber": 95,
        "author": {
          "gitId": "Janicetyy"
        },
        "content": "            }else {"
      },
      {
        "lineNumber": 96,
        "author": {
          "gitId": "Janicetyy"
        },
        "content": "                System.out.println(\"Jan cannot find this task\");"
      },
      {
        "lineNumber": 97,
        "author": {
          "gitId": "Janicetyy"
        },
        "content": "            }"
      },
      {
        "lineNumber": 98,
        "author": {
          "gitId": "Janicetyy"
        },
        "content": "            try {"
      },
      {
        "lineNumber": 99,
        "author": {
          "gitId": "Janicetyy"
        },
        "content": "                saveToFile();"
      },
      {
        "lineNumber": 100,
        "author": {
          "gitId": "Janicetyy"
        },
        "content": "            } catch (IOException e) {"
      },
      {
        "lineNumber": 101,
        "author": {
          "gitId": "Janicetyy"
        },
        "content": "                System.out.println(\"Something went wrong\");"
      },
      {
        "lineNumber": 102,
        "author": {
          "gitId": "Janicetyy"
        },
        "content": "            }"
      },
      {
        "lineNumber": 103,
        "author": {
          "gitId": "Janicetyy"
        },
        "content": "            break;"
      },
      {
        "lineNumber": 104,
        "author": {
          "gitId": "Janicetyy"
        },
        "content": "        default:"
      },
      {
        "lineNumber": 105,
        "author": {
          "gitId": "Janicetyy"
        },
        "content": "            throw new UnknownCommandException();"
      },
      {
        "lineNumber": 106,
        "author": {
          "gitId": "Janicetyy"
        },
        "content": "        }"
      },
      {
        "lineNumber": 107,
        "author": {
          "gitId": "Janicetyy"
        },
        "content": "        System.out.println(DIVIDER);"
      },
      {
        "lineNumber": 108,
        "author": {
          "gitId": "Janicetyy"
        },
        "content": "    }"
      },
      {
        "lineNumber": 109,
        "author": {
          "gitId": "Janicetyy"
        },
        "content": ""
      },
      {
        "lineNumber": 110,
        "author": {
          "gitId": "Janicetyy"
        },
        "content": "    private static void saveToFile() throws IOException {"
      },
      {
        "lineNumber": 111,
        "author": {
          "gitId": "Janicetyy"
        },
        "content": "        File file \u003d new File(FILEPATH);"
      },
      {
        "lineNumber": 112,
        "author": {
          "gitId": "Janicetyy"
        },
        "content": "        file.createNewFile();"
      },
      {
        "lineNumber": 113,
        "author": {
          "gitId": "Janicetyy"
        },
        "content": "        FileWriter fw \u003d new FileWriter(FILEPATH);"
      },
      {
        "lineNumber": 114,
        "author": {
          "gitId": "Janicetyy"
        },
        "content": "        for (Task task : Tasks) {"
      },
      {
        "lineNumber": 115,
        "author": {
          "gitId": "Janicetyy"
        },
        "content": "            fw.write(task.stringToSave() + \"\\n\");"
      },
      {
        "lineNumber": 116,
        "author": {
          "gitId": "Janicetyy"
        },
        "content": "        }"
      },
      {
        "lineNumber": 117,
        "author": {
          "gitId": "Janicetyy"
        },
        "content": "        fw.close();"
      },
      {
        "lineNumber": 118,
        "author": {
          "gitId": "Janicetyy"
        },
        "content": "    }"
      },
      {
        "lineNumber": 119,
        "author": {
          "gitId": "Janicetyy"
        },
        "content": ""
      },
      {
        "lineNumber": 120,
        "author": {
          "gitId": "Janicetyy"
        },
        "content": "    private static void addToFile(String textToAdd) throws IOException {"
      },
      {
        "lineNumber": 121,
        "author": {
          "gitId": "Janicetyy"
        },
        "content": "        File file \u003d new File(FILEPATH);"
      },
      {
        "lineNumber": 122,
        "author": {
          "gitId": "Janicetyy"
        },
        "content": "        file.createNewFile();"
      },
      {
        "lineNumber": 123,
        "author": {
          "gitId": "Janicetyy"
        },
        "content": "        FileWriter fw \u003d new FileWriter(FILEPATH,true);"
      },
      {
        "lineNumber": 124,
        "author": {
          "gitId": "Janicetyy"
        },
        "content": "        fw.write(textToAdd + \"\\n\");"
      },
      {
        "lineNumber": 125,
        "author": {
          "gitId": "Janicetyy"
        },
        "content": "        fw.close();"
      },
      {
        "lineNumber": 126,
        "author": {
          "gitId": "Janicetyy"
        },
        "content": "    }"
      },
      {
        "lineNumber": 127,
        "author": {
          "gitId": "Janicetyy"
        },
        "content": ""
      },
      {
        "lineNumber": 128,
        "author": {
          "gitId": "Janicetyy"
        },
        "content": "    private static void getFileContents() throws FileNotFoundException {"
      },
      {
        "lineNumber": 129,
        "author": {
          "gitId": "Janicetyy"
        },
        "content": "        File f \u003d new File(FILEPATH); // create a File for the given file path"
      },
      {
        "lineNumber": 130,
        "author": {
          "gitId": "Janicetyy"
        },
        "content": "        Scanner s \u003d new Scanner(f); // create a Scanner using the File as the source"
      },
      {
        "lineNumber": 131,
        "author": {
          "gitId": "Janicetyy"
        },
        "content": "        while (s.hasNext()) {"
      },
      {
        "lineNumber": 132,
        "author": {
          "gitId": "Janicetyy"
        },
        "content": "            String stringInput \u003d s.nextLine();"
      },
      {
        "lineNumber": 133,
        "author": {
          "gitId": "Janicetyy"
        },
        "content": "            parseTaskFromFile(stringInput);"
      },
      {
        "lineNumber": 134,
        "author": {
          "gitId": "Janicetyy"
        },
        "content": "        }"
      },
      {
        "lineNumber": 135,
        "author": {
          "gitId": "Janicetyy"
        },
        "content": "    }"
      },
      {
        "lineNumber": 136,
        "author": {
          "gitId": "Janicetyy"
        },
        "content": ""
      },
      {
        "lineNumber": 137,
        "author": {
          "gitId": "Janicetyy"
        },
        "content": "    private static void parseTaskFromFile(String savedString){"
      },
      {
        "lineNumber": 138,
        "author": {
          "gitId": "Janicetyy"
        },
        "content": "        String[] taskDetails \u003d savedString.split(\"[|]\");"
      },
      {
        "lineNumber": 139,
        "author": {
          "gitId": "Janicetyy"
        },
        "content": "        switch (taskDetails[0]) {"
      },
      {
        "lineNumber": 140,
        "author": {
          "gitId": "Janicetyy"
        },
        "content": "        case \"T\":"
      },
      {
        "lineNumber": 141,
        "author": {
          "gitId": "Janicetyy"
        },
        "content": "            addTaskToArrayList(\"todo\", taskDetails[1],\"\");"
      },
      {
        "lineNumber": 142,
        "author": {
          "gitId": "Janicetyy"
        },
        "content": "            break;"
      },
      {
        "lineNumber": 143,
        "author": {
          "gitId": "Janicetyy"
        },
        "content": "        case \"E\":"
      },
      {
        "lineNumber": 144,
        "author": {
          "gitId": "Janicetyy"
        },
        "content": "            addTaskToArrayList(\"event\",taskDetails[1] + \"/at\" +taskDetails[2],\"/at\");"
      },
      {
        "lineNumber": 145,
        "author": {
          "gitId": "Janicetyy"
        },
        "content": "            break;"
      },
      {
        "lineNumber": 146,
        "author": {
          "gitId": "Janicetyy"
        },
        "content": "        case \"D\":"
      },
      {
        "lineNumber": 147,
        "author": {
          "gitId": "Janicetyy"
        },
        "content": "            addTaskToArrayList(\"event\",taskDetails[1] + \"/at\" +taskDetails[2],\"/by\");"
      },
      {
        "lineNumber": 148,
        "author": {
          "gitId": "Janicetyy"
        },
        "content": "            break;"
      },
      {
        "lineNumber": 149,
        "author": {
          "gitId": "Janicetyy"
        },
        "content": "        }"
      },
      {
        "lineNumber": 150,
        "author": {
          "gitId": "Janicetyy"
        },
        "content": "    }"
      },
      {
        "lineNumber": 151,
        "author": {
          "gitId": "Janicetyy"
        },
        "content": ""
      },
      {
        "lineNumber": 152,
        "author": {
          "gitId": "Janicetyy"
        },
        "content": "    private static boolean existTask(int taskNum){"
      },
      {
        "lineNumber": 153,
        "author": {
          "gitId": "Janicetyy"
        },
        "content": "        return (taskNum \u003c Tasks.size()) \u0026\u0026 (taskNum \u003e 0);"
      },
      {
        "lineNumber": 154,
        "author": {
          "gitId": "Janicetyy"
        },
        "content": "    }"
      },
      {
        "lineNumber": 155,
        "author": {
          "gitId": "Janicetyy"
        },
        "content": ""
      },
      {
        "lineNumber": 156,
        "author": {
          "gitId": "Janicetyy"
        },
        "content": "    private static boolean addTaskToArrayList(String command, String commandDescription, String divider) {"
      },
      {
        "lineNumber": 157,
        "author": {
          "gitId": "Janicetyy"
        },
        "content": "        String[] taskDetails \u003d commandDescription.split(divider);"
      },
      {
        "lineNumber": 158,
        "author": {
          "gitId": "Janicetyy"
        },
        "content": "        switch(command) {"
      },
      {
        "lineNumber": 159,
        "author": {
          "gitId": "Janicetyy"
        },
        "content": "        case \"todo\":"
      },
      {
        "lineNumber": 160,
        "author": {
          "gitId": "Janicetyy"
        },
        "content": "            Todo todo \u003d new Todo(commandDescription);"
      },
      {
        "lineNumber": 161,
        "author": {
          "gitId": "Janicetyy"
        },
        "content": "            Tasks.add(todo);"
      },
      {
        "lineNumber": 162,
        "author": {
          "gitId": "Janicetyy"
        },
        "content": "            return true;"
      },
      {
        "lineNumber": 163,
        "author": {
          "gitId": "Janicetyy"
        },
        "content": "        case \"deadline\":"
      },
      {
        "lineNumber": 164,
        "author": {
          "gitId": "Janicetyy"
        },
        "content": "            try {"
      },
      {
        "lineNumber": 165,
        "author": {
          "gitId": "Janicetyy"
        },
        "content": "                Deadline deadline \u003d new Deadline(taskDetails[0], taskDetails[1]);"
      },
      {
        "lineNumber": 166,
        "author": {
          "gitId": "Janicetyy"
        },
        "content": "                Tasks.add(deadline);"
      },
      {
        "lineNumber": 167,
        "author": {
          "gitId": "Janicetyy"
        },
        "content": "            } catch (IndexOutOfBoundsException e) {"
      },
      {
        "lineNumber": 168,
        "author": {
          "gitId": "Janicetyy"
        },
        "content": "                printIncorrectCommandMessage();"
      },
      {
        "lineNumber": 169,
        "author": {
          "gitId": "Janicetyy"
        },
        "content": "                return false;"
      },
      {
        "lineNumber": 170,
        "author": {
          "gitId": "Janicetyy"
        },
        "content": "            }"
      },
      {
        "lineNumber": 171,
        "author": {
          "gitId": "Janicetyy"
        },
        "content": "            return true;"
      },
      {
        "lineNumber": 172,
        "author": {
          "gitId": "Janicetyy"
        },
        "content": "        case \"event\":"
      },
      {
        "lineNumber": 173,
        "author": {
          "gitId": "Janicetyy"
        },
        "content": "            try {"
      },
      {
        "lineNumber": 174,
        "author": {
          "gitId": "Janicetyy"
        },
        "content": "                Event event \u003d new Event(taskDetails[0], taskDetails[1]);"
      },
      {
        "lineNumber": 175,
        "author": {
          "gitId": "Janicetyy"
        },
        "content": "                Tasks.add(event);"
      },
      {
        "lineNumber": 176,
        "author": {
          "gitId": "Janicetyy"
        },
        "content": "            } catch (IndexOutOfBoundsException e) {"
      },
      {
        "lineNumber": 177,
        "author": {
          "gitId": "Janicetyy"
        },
        "content": "                printIncorrectCommandMessage();"
      },
      {
        "lineNumber": 178,
        "author": {
          "gitId": "Janicetyy"
        },
        "content": "                return false;"
      },
      {
        "lineNumber": 179,
        "author": {
          "gitId": "Janicetyy"
        },
        "content": "            }"
      },
      {
        "lineNumber": 180,
        "author": {
          "gitId": "Janicetyy"
        },
        "content": "            return true;"
      },
      {
        "lineNumber": 181,
        "author": {
          "gitId": "Janicetyy"
        },
        "content": "        }"
      },
      {
        "lineNumber": 182,
        "author": {
          "gitId": "Janicetyy"
        },
        "content": "        return false;"
      },
      {
        "lineNumber": 183,
        "author": {
          "gitId": "Janicetyy"
        },
        "content": "    }"
      },
      {
        "lineNumber": 184,
        "author": {
          "gitId": "Janicetyy"
        },
        "content": ""
      },
      {
        "lineNumber": 185,
        "author": {
          "gitId": "Janicetyy"
        },
        "content": "    private static void printSuccessfulAddTaskMessage() {"
      },
      {
        "lineNumber": 186,
        "author": {
          "gitId": "Janicetyy"
        },
        "content": "        Task task \u003d Tasks.get(Tasks.size() - 1);"
      },
      {
        "lineNumber": 187,
        "author": {
          "gitId": "Janicetyy"
        },
        "content": "        System.out.println(\"Got it. I\u0027ve added this task:\\n \" + task);"
      },
      {
        "lineNumber": 188,
        "author": {
          "gitId": "Janicetyy"
        },
        "content": "    }"
      },
      {
        "lineNumber": 189,
        "author": {
          "gitId": "Janicetyy"
        },
        "content": ""
      },
      {
        "lineNumber": 190,
        "author": {
          "gitId": "Janicetyy"
        },
        "content": "    private static void printCurrentTaskCount() {"
      },
      {
        "lineNumber": 191,
        "author": {
          "gitId": "Janicetyy"
        },
        "content": "        if (Tasks.size() \u003c 2){"
      },
      {
        "lineNumber": 192,
        "author": {
          "gitId": "Janicetyy"
        },
        "content": "            System.out.println(\"Now you have \" + Tasks.size() + \" task in the list\");"
      },
      {
        "lineNumber": 193,
        "author": {
          "gitId": "Janicetyy"
        },
        "content": "        } else {"
      },
      {
        "lineNumber": 194,
        "author": {
          "gitId": "Janicetyy"
        },
        "content": "            System.out.println(\"Now you have \" + Tasks.size() + \" tasks in the list\");"
      },
      {
        "lineNumber": 195,
        "author": {
          "gitId": "Janicetyy"
        },
        "content": "        }"
      },
      {
        "lineNumber": 196,
        "author": {
          "gitId": "Janicetyy"
        },
        "content": "    }"
      },
      {
        "lineNumber": 197,
        "author": {
          "gitId": "Janicetyy"
        },
        "content": ""
      },
      {
        "lineNumber": 198,
        "author": {
          "gitId": "Janicetyy"
        },
        "content": "    private static void printIncorrectCommandMessage() {"
      },
      {
        "lineNumber": 199,
        "author": {
          "gitId": "Janicetyy"
        },
        "content": "        System.out.println(\"Invalid request due to missing details or incorrect format. type \\\"help\\\" to find out more\");"
      },
      {
        "lineNumber": 200,
        "author": {
          "gitId": "Janicetyy"
        },
        "content": "    }"
      },
      {
        "lineNumber": 201,
        "author": {
          "gitId": "Janicetyy"
        },
        "content": ""
      },
      {
        "lineNumber": 202,
        "author": {
          "gitId": "Janicetyy"
        },
        "content": "    private static void printUnknownCommandMessage() {"
      },
      {
        "lineNumber": 203,
        "author": {
          "gitId": "Janicetyy"
        },
        "content": "        System.out.println(\"Try using the following commands:\\n\""
      },
      {
        "lineNumber": 204,
        "author": {
          "gitId": "Janicetyy"
        },
        "content": "                + \"list                             -- to get a list of all the existing tasks\\n\""
      },
      {
        "lineNumber": 205,
        "author": {
          "gitId": "Janicetyy"
        },
        "content": "                + \"done [item number]               -- mark task as completed\\n\""
      },
      {
        "lineNumber": 206,
        "author": {
          "gitId": "Janicetyy"
        },
        "content": "                + \"todo [item]                      -- add new todo task\\n\""
      },
      {
        "lineNumber": 207,
        "author": {
          "gitId": "Janicetyy"
        },
        "content": "                + \"deadline [item] /by [date][time] -- add new deadline task\\n\""
      },
      {
        "lineNumber": 208,
        "author": {
          "gitId": "Janicetyy"
        },
        "content": "                + \"event [item] /at [date][time]    -- add new event task\");"
      },
      {
        "lineNumber": 209,
        "author": {
          "gitId": "Janicetyy"
        },
        "content": "        System.out.println(DIVIDER);"
      },
      {
        "lineNumber": 210,
        "author": {
          "gitId": "Janicetyy"
        },
        "content": "    }"
      },
      {
        "lineNumber": 211,
        "author": {
          "gitId": "Janicetyy"
        },
        "content": ""
      },
      {
        "lineNumber": 212,
        "author": {
          "gitId": "Janicetyy"
        },
        "content": "    private static void printGreetingMessage(String logo) {"
      },
      {
        "lineNumber": 213,
        "author": {
          "gitId": "Janicetyy"
        },
        "content": "        System.out.println(logo);"
      },
      {
        "lineNumber": 214,
        "author": {
          "gitId": "Janicetyy"
        },
        "content": "        System.out.println(DIVIDER);"
      },
      {
        "lineNumber": 215,
        "author": {
          "gitId": "Janicetyy"
        },
        "content": "        System.out.println(\"Hello! I\u0027m Jan\\n\" + \" What can I do for you?\");"
      },
      {
        "lineNumber": 216,
        "author": {
          "gitId": "Janicetyy"
        },
        "content": "        System.out.println(DIVIDER);"
      },
      {
        "lineNumber": 217,
        "author": {
          "gitId": "Janicetyy"
        },
        "content": "    }"
      },
      {
        "lineNumber": 218,
        "author": {
          "gitId": "Janicetyy"
        },
        "content": ""
      },
      {
        "lineNumber": 219,
        "author": {
          "gitId": "Janicetyy"
        },
        "content": "    private static void printGoodbyeMessage(){"
      },
      {
        "lineNumber": 220,
        "author": {
          "gitId": "Janicetyy"
        },
        "content": "        System.out.println(DIVIDER);"
      },
      {
        "lineNumber": 221,
        "author": {
          "gitId": "Janicetyy"
        },
        "content": "        System.out.println(\"Bye. Hope to see you again soon!\");"
      },
      {
        "lineNumber": 222,
        "author": {
          "gitId": "Janicetyy"
        },
        "content": "        System.out.println(DIVIDER);"
      },
      {
        "lineNumber": 223,
        "author": {
          "gitId": "Janicetyy"
        },
        "content": "    }"
      },
      {
        "lineNumber": 224,
        "author": {
          "gitId": "Janicetyy"
        },
        "content": ""
      },
      {
        "lineNumber": 225,
        "author": {
          "gitId": "Janicetyy"
        },
        "content": "    public static void main(String[] args) {"
      },
      {
        "lineNumber": 226,
        "author": {
          "gitId": "Janicetyy"
        },
        "content": ""
      },
      {
        "lineNumber": 227,
        "author": {
          "gitId": "Janicetyy"
        },
        "content": "        String logo \u003d \" ________     _____     _____     __\\n\""
      },
      {
        "lineNumber": 228,
        "author": {
          "gitId": "Janicetyy"
        },
        "content": "                + \"|_____   |  /  ___  \\\\  |     \\\\   |  | \\n\""
      },
      {
        "lineNumber": 229,
        "author": {
          "gitId": "Janicetyy"
        },
        "content": "                + \"      |  | |  /   \\\\  | |  |\\\\  \\\\  |  |\\n\""
      },
      {
        "lineNumber": 230,
        "author": {
          "gitId": "Janicetyy"
        },
        "content": "                + \" __   |  | |  |___|  | |  | \\\\  \\\\ |  |\\n\""
      },
      {
        "lineNumber": 231,
        "author": {
          "gitId": "Janicetyy"
        },
        "content": "                + \"|  |__|  | |   ___   | |  |  \\\\  \\\\|  |\\n\""
      },
      {
        "lineNumber": 232,
        "author": {
          "gitId": "Janicetyy"
        },
        "content": "                + \"|________/ |__|   |__| |__|   \\\\_____|\\n\";"
      },
      {
        "lineNumber": 233,
        "author": {
          "gitId": "Janicetyy"
        },
        "content": "        printGreetingMessage(logo);"
      },
      {
        "lineNumber": 234,
        "author": {
          "gitId": "Janicetyy"
        },
        "content": "        try {"
      },
      {
        "lineNumber": 235,
        "author": {
          "gitId": "Janicetyy"
        },
        "content": "            getFileContents();"
      },
      {
        "lineNumber": 236,
        "author": {
          "gitId": "Janicetyy"
        },
        "content": "        } catch (FileNotFoundException e) {"
      },
      {
        "lineNumber": 237,
        "author": {
          "gitId": "Janicetyy"
        },
        "content": "            //do nothing"
      },
      {
        "lineNumber": 238,
        "author": {
          "gitId": "Janicetyy"
        },
        "content": "        }"
      },
      {
        "lineNumber": 239,
        "author": {
          "gitId": "Janicetyy"
        },
        "content": ""
      },
      {
        "lineNumber": 240,
        "author": {
          "gitId": "Janicetyy"
        },
        "content": "        String line;"
      },
      {
        "lineNumber": 241,
        "author": {
          "gitId": "Janicetyy"
        },
        "content": "        Scanner in \u003d new Scanner(System.in);"
      },
      {
        "lineNumber": 242,
        "author": {
          "gitId": "Janicetyy"
        },
        "content": "        line \u003d in.nextLine();"
      },
      {
        "lineNumber": 243,
        "author": {
          "gitId": "Janicetyy"
        },
        "content": "        while (!line.equals(\"bye\")) {"
      },
      {
        "lineNumber": 244,
        "author": {
          "gitId": "Janicetyy"
        },
        "content": "            String[] requests \u003d line.split(\" \", 2);"
      },
      {
        "lineNumber": 245,
        "author": {
          "gitId": "Janicetyy"
        },
        "content": "            try {"
      },
      {
        "lineNumber": 246,
        "author": {
          "gitId": "Janicetyy"
        },
        "content": "                if (requests.length \u003e 1) {"
      },
      {
        "lineNumber": 247,
        "author": {
          "gitId": "Janicetyy"
        },
        "content": "                    executeInstruction(requests[0], requests[1]);"
      },
      {
        "lineNumber": 248,
        "author": {
          "gitId": "Janicetyy"
        },
        "content": "                } else {"
      },
      {
        "lineNumber": 249,
        "author": {
          "gitId": "Janicetyy"
        },
        "content": "                    executeInstruction(requests[0], \"\");"
      },
      {
        "lineNumber": 250,
        "author": {
          "gitId": "Janicetyy"
        },
        "content": "                }"
      },
      {
        "lineNumber": 251,
        "author": {
          "gitId": "Janicetyy"
        },
        "content": "            }catch (MissingDescriptionException e) {"
      },
      {
        "lineNumber": 252,
        "author": {
          "gitId": "Janicetyy"
        },
        "content": "                printIncorrectCommandMessage();"
      },
      {
        "lineNumber": 253,
        "author": {
          "gitId": "Janicetyy"
        },
        "content": "                System.out.println(DIVIDER);"
      },
      {
        "lineNumber": 254,
        "author": {
          "gitId": "Janicetyy"
        },
        "content": "            } catch (UnknownCommandException e) {"
      },
      {
        "lineNumber": 255,
        "author": {
          "gitId": "Janicetyy"
        },
        "content": "                printUnknownCommandMessage();"
      },
      {
        "lineNumber": 256,
        "author": {
          "gitId": "Janicetyy"
        },
        "content": "                System.out.println(DIVIDER);"
      },
      {
        "lineNumber": 257,
        "author": {
          "gitId": "Janicetyy"
        },
        "content": "            }"
      },
      {
        "lineNumber": 258,
        "author": {
          "gitId": "Janicetyy"
        },
        "content": "            line \u003d in.nextLine();"
      },
      {
        "lineNumber": 259,
        "author": {
          "gitId": "Janicetyy"
        },
        "content": "        }"
      },
      {
        "lineNumber": 260,
        "author": {
          "gitId": "Janicetyy"
        },
        "content": "        printGoodbyeMessage();"
      },
      {
        "lineNumber": 261,
        "author": {
          "gitId": "-"
        },
        "content": "    }"
      },
      {
        "lineNumber": 262,
        "author": {
          "gitId": "-"
        },
        "content": "}"
      }
    ],
    "authorContributionMap": {
      "Janicetyy": 260,
      "-": 2
    }
  },
  {
    "path": "src/main/java/TaskObjects/Deadline.java",
    "fileType": "java",
    "lines": [
      {
        "lineNumber": 1,
        "author": {
          "gitId": "Janicetyy"
        },
        "content": "package TaskObjects;"
      },
      {
        "lineNumber": 2,
        "author": {
          "gitId": "Janicetyy"
        },
        "content": ""
      },
      {
        "lineNumber": 3,
        "author": {
          "gitId": "Janicetyy"
        },
        "content": "public class Deadline extends Task {"
      },
      {
        "lineNumber": 4,
        "author": {
          "gitId": "Janicetyy"
        },
        "content": ""
      },
      {
        "lineNumber": 5,
        "author": {
          "gitId": "Janicetyy"
        },
        "content": "    protected String by;"
      },
      {
        "lineNumber": 6,
        "author": {
          "gitId": "Janicetyy"
        },
        "content": ""
      },
      {
        "lineNumber": 7,
        "author": {
          "gitId": "Janicetyy"
        },
        "content": "    public Deadline (String description, String by) {"
      },
      {
        "lineNumber": 8,
        "author": {
          "gitId": "Janicetyy"
        },
        "content": "        super(description, \"D\");"
      },
      {
        "lineNumber": 9,
        "author": {
          "gitId": "Janicetyy"
        },
        "content": "        this.by \u003d by;"
      },
      {
        "lineNumber": 10,
        "author": {
          "gitId": "Janicetyy"
        },
        "content": "    }"
      },
      {
        "lineNumber": 11,
        "author": {
          "gitId": "Janicetyy"
        },
        "content": ""
      },
      {
        "lineNumber": 12,
        "author": {
          "gitId": "Janicetyy"
        },
        "content": "    public void setBy(String by){"
      },
      {
        "lineNumber": 13,
        "author": {
          "gitId": "Janicetyy"
        },
        "content": "        this.by \u003d by;"
      },
      {
        "lineNumber": 14,
        "author": {
          "gitId": "Janicetyy"
        },
        "content": "    }"
      },
      {
        "lineNumber": 15,
        "author": {
          "gitId": "Janicetyy"
        },
        "content": ""
      },
      {
        "lineNumber": 16,
        "author": {
          "gitId": "Janicetyy"
        },
        "content": "    public String getBy(){"
      },
      {
        "lineNumber": 17,
        "author": {
          "gitId": "Janicetyy"
        },
        "content": "        return by;"
      },
      {
        "lineNumber": 18,
        "author": {
          "gitId": "Janicetyy"
        },
        "content": "    }"
      },
      {
        "lineNumber": 19,
        "author": {
          "gitId": "Janicetyy"
        },
        "content": ""
      },
      {
        "lineNumber": 20,
        "author": {
          "gitId": "Janicetyy"
        },
        "content": "    @Override"
      },
      {
        "lineNumber": 21,
        "author": {
          "gitId": "Janicetyy"
        },
        "content": "    public String toString() {"
      },
      {
        "lineNumber": 22,
        "author": {
          "gitId": "Janicetyy"
        },
        "content": "        return super.toString() + \"(by: \" + by + \")\";"
      },
      {
        "lineNumber": 23,
        "author": {
          "gitId": "Janicetyy"
        },
        "content": "    }"
      },
      {
        "lineNumber": 24,
        "author": {
          "gitId": "Janicetyy"
        },
        "content": ""
      },
      {
        "lineNumber": 25,
        "author": {
          "gitId": "Janicetyy"
        },
        "content": "    @Override"
      },
      {
        "lineNumber": 26,
        "author": {
          "gitId": "Janicetyy"
        },
        "content": "    public String stringToSave() {"
      },
      {
        "lineNumber": 27,
        "author": {
          "gitId": "Janicetyy"
        },
        "content": "        return super.stringToSave() + \"|\" + by;"
      },
      {
        "lineNumber": 28,
        "author": {
          "gitId": "Janicetyy"
        },
        "content": "    }"
      },
      {
        "lineNumber": 29,
        "author": {
          "gitId": "Janicetyy"
        },
        "content": "}"
      }
    ],
    "authorContributionMap": {
      "Janicetyy": 29
    }
  },
  {
    "path": "src/main/java/TaskObjects/Event.java",
    "fileType": "java",
    "lines": [
      {
        "lineNumber": 1,
        "author": {
          "gitId": "Janicetyy"
        },
        "content": "package TaskObjects;"
      },
      {
        "lineNumber": 2,
        "author": {
          "gitId": "Janicetyy"
        },
        "content": ""
      },
      {
        "lineNumber": 3,
        "author": {
          "gitId": "Janicetyy"
        },
        "content": "public class Event extends Task {"
      },
      {
        "lineNumber": 4,
        "author": {
          "gitId": "Janicetyy"
        },
        "content": ""
      },
      {
        "lineNumber": 5,
        "author": {
          "gitId": "Janicetyy"
        },
        "content": "    protected String at;"
      },
      {
        "lineNumber": 6,
        "author": {
          "gitId": "Janicetyy"
        },
        "content": ""
      },
      {
        "lineNumber": 7,
        "author": {
          "gitId": "Janicetyy"
        },
        "content": "    public Event(String description, String at) {"
      },
      {
        "lineNumber": 8,
        "author": {
          "gitId": "Janicetyy"
        },
        "content": "        super(description,\"E\");"
      },
      {
        "lineNumber": 9,
        "author": {
          "gitId": "Janicetyy"
        },
        "content": "        this.at \u003d at;"
      },
      {
        "lineNumber": 10,
        "author": {
          "gitId": "Janicetyy"
        },
        "content": "    }"
      },
      {
        "lineNumber": 11,
        "author": {
          "gitId": "Janicetyy"
        },
        "content": ""
      },
      {
        "lineNumber": 12,
        "author": {
          "gitId": "Janicetyy"
        },
        "content": "    public void setAt(String at){"
      },
      {
        "lineNumber": 13,
        "author": {
          "gitId": "Janicetyy"
        },
        "content": "        this.at \u003d at;"
      },
      {
        "lineNumber": 14,
        "author": {
          "gitId": "Janicetyy"
        },
        "content": "    }"
      },
      {
        "lineNumber": 15,
        "author": {
          "gitId": "Janicetyy"
        },
        "content": ""
      },
      {
        "lineNumber": 16,
        "author": {
          "gitId": "Janicetyy"
        },
        "content": "    public String getAt(){"
      },
      {
        "lineNumber": 17,
        "author": {
          "gitId": "Janicetyy"
        },
        "content": "        return at;"
      },
      {
        "lineNumber": 18,
        "author": {
          "gitId": "Janicetyy"
        },
        "content": "    }"
      },
      {
        "lineNumber": 19,
        "author": {
          "gitId": "Janicetyy"
        },
        "content": ""
      },
      {
        "lineNumber": 20,
        "author": {
          "gitId": "Janicetyy"
        },
        "content": "    @Override"
      },
      {
        "lineNumber": 21,
        "author": {
          "gitId": "Janicetyy"
        },
        "content": "    public String toString() {"
      },
      {
        "lineNumber": 22,
        "author": {
          "gitId": "Janicetyy"
        },
        "content": "        return super.toString() + \"(at: \" + at + \")\";"
      },
      {
        "lineNumber": 23,
        "author": {
          "gitId": "Janicetyy"
        },
        "content": "    }"
      },
      {
        "lineNumber": 24,
        "author": {
          "gitId": "Janicetyy"
        },
        "content": ""
      },
      {
        "lineNumber": 25,
        "author": {
          "gitId": "Janicetyy"
        },
        "content": "    @Override"
      },
      {
        "lineNumber": 26,
        "author": {
          "gitId": "Janicetyy"
        },
        "content": "    public String stringToSave() {"
      },
      {
        "lineNumber": 27,
        "author": {
          "gitId": "Janicetyy"
        },
        "content": "        return super.stringToSave() + \"|\" + at;"
      },
      {
        "lineNumber": 28,
        "author": {
          "gitId": "Janicetyy"
        },
        "content": "    }"
      },
      {
        "lineNumber": 29,
        "author": {
          "gitId": "Janicetyy"
        },
        "content": "}"
      }
    ],
    "authorContributionMap": {
      "Janicetyy": 29
    }
  },
  {
    "path": "src/main/java/TaskObjects/Task.java",
    "fileType": "java",
    "lines": [
      {
        "lineNumber": 1,
        "author": {
          "gitId": "Janicetyy"
        },
        "content": "package TaskObjects;"
      },
      {
        "lineNumber": 2,
        "author": {
          "gitId": "Janicetyy"
        },
        "content": ""
      },
      {
        "lineNumber": 3,
        "author": {
          "gitId": "Janicetyy"
        },
        "content": "public class Task {"
      },
      {
        "lineNumber": 4,
        "author": {
          "gitId": "Janicetyy"
        },
        "content": "    protected String description;"
      },
      {
        "lineNumber": 5,
        "author": {
          "gitId": "Janicetyy"
        },
        "content": "    protected String type;"
      },
      {
        "lineNumber": 6,
        "author": {
          "gitId": "Janicetyy"
        },
        "content": "    protected boolean isDone;"
      },
      {
        "lineNumber": 7,
        "author": {
          "gitId": "Janicetyy"
        },
        "content": ""
      },
      {
        "lineNumber": 8,
        "author": {
          "gitId": "Janicetyy"
        },
        "content": "    public Task(String description, String type) {"
      },
      {
        "lineNumber": 9,
        "author": {
          "gitId": "Janicetyy"
        },
        "content": "        this.description \u003d description;"
      },
      {
        "lineNumber": 10,
        "author": {
          "gitId": "Janicetyy"
        },
        "content": "        this.type \u003d type;"
      },
      {
        "lineNumber": 11,
        "author": {
          "gitId": "Janicetyy"
        },
        "content": "    }"
      },
      {
        "lineNumber": 12,
        "author": {
          "gitId": "Janicetyy"
        },
        "content": ""
      },
      {
        "lineNumber": 13,
        "author": {
          "gitId": "Janicetyy"
        },
        "content": "    public String getDescription() {"
      },
      {
        "lineNumber": 14,
        "author": {
          "gitId": "Janicetyy"
        },
        "content": "        return description;"
      },
      {
        "lineNumber": 15,
        "author": {
          "gitId": "Janicetyy"
        },
        "content": "    }"
      },
      {
        "lineNumber": 16,
        "author": {
          "gitId": "Janicetyy"
        },
        "content": ""
      },
      {
        "lineNumber": 17,
        "author": {
          "gitId": "Janicetyy"
        },
        "content": "    public void setDone(boolean isDone) {"
      },
      {
        "lineNumber": 18,
        "author": {
          "gitId": "Janicetyy"
        },
        "content": "        this.isDone \u003d isDone;"
      },
      {
        "lineNumber": 19,
        "author": {
          "gitId": "Janicetyy"
        },
        "content": "    }"
      },
      {
        "lineNumber": 20,
        "author": {
          "gitId": "Janicetyy"
        },
        "content": ""
      },
      {
        "lineNumber": 21,
        "author": {
          "gitId": "Janicetyy"
        },
        "content": "    public String getStatusIcon() {"
      },
      {
        "lineNumber": 22,
        "author": {
          "gitId": "Janicetyy"
        },
        "content": "        return (isDone ? \"\\u2713\" : \"\\u2718\"); //return tick or X symbols"
      },
      {
        "lineNumber": 23,
        "author": {
          "gitId": "Janicetyy"
        },
        "content": "    }"
      },
      {
        "lineNumber": 24,
        "author": {
          "gitId": "Janicetyy"
        },
        "content": ""
      },
      {
        "lineNumber": 25,
        "author": {
          "gitId": "Janicetyy"
        },
        "content": "    @Override"
      },
      {
        "lineNumber": 26,
        "author": {
          "gitId": "Janicetyy"
        },
        "content": "    public String toString() {"
      },
      {
        "lineNumber": 27,
        "author": {
          "gitId": "Janicetyy"
        },
        "content": "        return \"[\" + type + \"]\" + \"[\" +getStatusIcon() + \"]\" + description;"
      },
      {
        "lineNumber": 28,
        "author": {
          "gitId": "Janicetyy"
        },
        "content": "    }"
      },
      {
        "lineNumber": 29,
        "author": {
          "gitId": "Janicetyy"
        },
        "content": ""
      },
      {
        "lineNumber": 30,
        "author": {
          "gitId": "Janicetyy"
        },
        "content": "    public String stringToSave(){"
      },
      {
        "lineNumber": 31,
        "author": {
          "gitId": "Janicetyy"
        },
        "content": "        return type + \"|\" + (isDone?\"0\":\"1\") + \"|\" + description;"
      },
      {
        "lineNumber": 32,
        "author": {
          "gitId": "Janicetyy"
        },
        "content": "    }"
      },
      {
        "lineNumber": 33,
        "author": {
          "gitId": "Janicetyy"
        },
        "content": "}"
      }
    ],
    "authorContributionMap": {
      "Janicetyy": 33
    }
  },
  {
    "path": "src/main/java/TaskObjects/Todo.java",
    "fileType": "java",
    "lines": [
      {
        "lineNumber": 1,
        "author": {
          "gitId": "Janicetyy"
        },
        "content": "package TaskObjects;"
      },
      {
        "lineNumber": 2,
        "author": {
          "gitId": "Janicetyy"
        },
        "content": ""
      },
      {
        "lineNumber": 3,
        "author": {
          "gitId": "Janicetyy"
        },
        "content": "public class Todo extends Task {"
      },
      {
        "lineNumber": 4,
        "author": {
          "gitId": "Janicetyy"
        },
        "content": ""
      },
      {
        "lineNumber": 5,
        "author": {
          "gitId": "Janicetyy"
        },
        "content": "    public Todo(String description) {"
      },
      {
        "lineNumber": 6,
        "author": {
          "gitId": "Janicetyy"
        },
        "content": ""
      },
      {
        "lineNumber": 7,
        "author": {
          "gitId": "Janicetyy"
        },
        "content": "        super(description,\"T\");"
      },
      {
        "lineNumber": 8,
        "author": {
          "gitId": "Janicetyy"
        },
        "content": "    }"
      },
      {
        "lineNumber": 9,
        "author": {
          "gitId": "Janicetyy"
        },
        "content": "}"
      }
    ],
    "authorContributionMap": {
      "Janicetyy": 9
    }
  }
]
