[
  {
    "path": "README.md",
    "fileType": "md",
    "lines": [
      {
        "lineNumber": 1,
        "author": {
          "gitId": "-"
        },
        "content": "# Setting up"
      },
      {
        "lineNumber": 2,
        "author": {
          "gitId": "-"
        },
        "content": ""
      },
      {
        "lineNumber": 3,
        "author": {
          "gitId": "-"
        },
        "content": "**Prerequisites**"
      },
      {
        "lineNumber": 4,
        "author": {
          "gitId": "-"
        },
        "content": ""
      },
      {
        "lineNumber": 5,
        "author": {
          "gitId": "-"
        },
        "content": "* JDK 11"
      },
      {
        "lineNumber": 6,
        "author": {
          "gitId": "-"
        },
        "content": "* Recommended: IntelliJ IDE"
      },
      {
        "lineNumber": 7,
        "author": {
          "gitId": "-"
        },
        "content": "* Fork this repo to your GitHub account and clone the fork to your computer"
      },
      {
        "lineNumber": 8,
        "author": {
          "gitId": "-"
        },
        "content": ""
      },
      {
        "lineNumber": 9,
        "author": {
          "gitId": "-"
        },
        "content": "**Importing the project into IntelliJ**"
      },
      {
        "lineNumber": 10,
        "author": {
          "gitId": "-"
        },
        "content": ""
      },
      {
        "lineNumber": 11,
        "author": {
          "gitId": "-"
        },
        "content": "1. Open IntelliJ (if you are not in the welcome screen, click `File` \u003e `Close Project` to close the existing project dialog first)."
      },
      {
        "lineNumber": 12,
        "author": {
          "gitId": "-"
        },
        "content": "1. Set up the correct JDK version."
      },
      {
        "lineNumber": 13,
        "author": {
          "gitId": "-"
        },
        "content": "   * Click `Configure` \u003e `Structure for new Projects` (in older versions of Intellij:`Configure` \u003e `Project Defaults` \u003e `Project Structure`)."
      },
      {
        "lineNumber": 14,
        "author": {
          "gitId": "-"
        },
        "content": "   * If JDK 11 is listed in the drop down, select it. If it is not, click `New...` and select the directory where you installed JDK 11."
      },
      {
        "lineNumber": 15,
        "author": {
          "gitId": "-"
        },
        "content": "   * Click `OK`."
      },
      {
        "lineNumber": 16,
        "author": {
          "gitId": "-"
        },
        "content": "1. Click `Import Project`."
      },
      {
        "lineNumber": 17,
        "author": {
          "gitId": "-"
        },
        "content": "1. Locate the project directory and click `OK`."
      },
      {
        "lineNumber": 18,
        "author": {
          "gitId": "-"
        },
        "content": "1. Select `Create project from existing sources` and click `Next`."
      },
      {
        "lineNumber": 19,
        "author": {
          "gitId": "-"
        },
        "content": "1. Rename the project if you want. Click `Next`."
      },
      {
        "lineNumber": 20,
        "author": {
          "gitId": "-"
        },
        "content": "1. Ensure that your src folder is checked. Keep clicking `Next`."
      },
      {
        "lineNumber": 21,
        "author": {
          "gitId": "-"
        },
        "content": "1. Click `Finish`."
      },
      {
        "lineNumber": 22,
        "author": {
          "gitId": "-"
        },
        "content": ""
      },
      {
        "lineNumber": 23,
        "author": {
          "gitId": "-"
        },
        "content": "# Tutorials "
      },
      {
        "lineNumber": 24,
        "author": {
          "gitId": "-"
        },
        "content": ""
      },
      {
        "lineNumber": 25,
        "author": {
          "gitId": "Janicetyy"
        },
        "content": "Jan Increment | Tutorial"
      },
      {
        "lineNumber": 26,
        "author": {
          "gitId": "-"
        },
        "content": "---------------|---------------"
      },
      {
        "lineNumber": 27,
        "author": {
          "gitId": "-"
        },
        "content": "`A-Gradle` | [Gradle Tutorial](tutorials/gradleTutorial.md)"
      },
      {
        "lineNumber": 28,
        "author": {
          "gitId": "-"
        },
        "content": "`A-TextUiTesting` | [Text UI Testing Tutorial](tutorials/textUiTestingTutorial.md)"
      },
      {
        "lineNumber": 29,
        "author": {
          "gitId": "Janicetyy"
        },
        "content": "`Level-10` | JavaFX tutorials:\u003cbr\u003e→ [Part 1: Introduction to JavaFX][fx1]\u003cbr\u003e→ [Part 2: Creating a GUI for Jan][fx2]\u003cbr\u003e→ [Part 3: Interacting with the user][fx3]\u003cbr\u003e→ [Part 4: Introduction to FXML][fx4]"
      },
      {
        "lineNumber": 30,
        "author": {
          "gitId": "-"
        },
        "content": ""
      },
      {
        "lineNumber": 31,
        "author": {
          "gitId": "-"
        },
        "content": "[fx1]: \u003ctutorials/javaFxTutorialPart1.md\u003e"
      },
      {
        "lineNumber": 32,
        "author": {
          "gitId": "-"
        },
        "content": "[fx2]: \u003ctutorials/javaFxTutorialPart2.md\u003e"
      },
      {
        "lineNumber": 33,
        "author": {
          "gitId": "-"
        },
        "content": "[fx3]: \u003ctutorials/javaFxTutorialPart3.md\u003e"
      },
      {
        "lineNumber": 34,
        "author": {
          "gitId": "-"
        },
        "content": "[fx4]: \u003ctutorials/javaFxTutorialPart4.md\u003e"
      },
      {
        "lineNumber": 35,
        "author": {
          "gitId": "-"
        },
        "content": ""
      },
      {
        "lineNumber": 36,
        "author": {
          "gitId": "-"
        },
        "content": "# Feedback, Bug Reports"
      },
      {
        "lineNumber": 37,
        "author": {
          "gitId": "-"
        },
        "content": ""
      },
      {
        "lineNumber": 38,
        "author": {
          "gitId": "-"
        },
        "content": "* If you have feedback or bug reports, please post in [se-edu/duke issue tracker](https://github.com/se-edu/duke/issues)."
      },
      {
        "lineNumber": 39,
        "author": {
          "gitId": "-"
        },
        "content": "* We welcome pull requests too."
      }
    ],
    "authorContributionMap": {
      "Janicetyy": 2,
      "-": 37
    }
  },
  {
    "path": "src/main/java/Deadline.java",
    "fileType": "java",
    "lines": [
      {
        "lineNumber": 1,
        "author": {
          "gitId": "Janicetyy"
        },
        "content": "public class Deadline extends Task {"
      },
      {
        "lineNumber": 2,
        "author": {
          "gitId": "Janicetyy"
        },
        "content": ""
      },
      {
        "lineNumber": 3,
        "author": {
          "gitId": "Janicetyy"
        },
        "content": "    protected String by;"
      },
      {
        "lineNumber": 4,
        "author": {
          "gitId": "Janicetyy"
        },
        "content": ""
      },
      {
        "lineNumber": 5,
        "author": {
          "gitId": "Janicetyy"
        },
        "content": "    public Deadline (String description, String by){"
      },
      {
        "lineNumber": 6,
        "author": {
          "gitId": "Janicetyy"
        },
        "content": "        super(description, \"D\");"
      },
      {
        "lineNumber": 7,
        "author": {
          "gitId": "Janicetyy"
        },
        "content": "        this.by \u003d by;"
      },
      {
        "lineNumber": 8,
        "author": {
          "gitId": "Janicetyy"
        },
        "content": "    }"
      },
      {
        "lineNumber": 9,
        "author": {
          "gitId": "Janicetyy"
        },
        "content": ""
      },
      {
        "lineNumber": 10,
        "author": {
          "gitId": "Janicetyy"
        },
        "content": "    public void setBy(String by){"
      },
      {
        "lineNumber": 11,
        "author": {
          "gitId": "Janicetyy"
        },
        "content": "        this.by \u003d by;"
      },
      {
        "lineNumber": 12,
        "author": {
          "gitId": "Janicetyy"
        },
        "content": "    }"
      },
      {
        "lineNumber": 13,
        "author": {
          "gitId": "Janicetyy"
        },
        "content": ""
      },
      {
        "lineNumber": 14,
        "author": {
          "gitId": "Janicetyy"
        },
        "content": "    public String getBy(){"
      },
      {
        "lineNumber": 15,
        "author": {
          "gitId": "Janicetyy"
        },
        "content": "        return by;"
      },
      {
        "lineNumber": 16,
        "author": {
          "gitId": "Janicetyy"
        },
        "content": "    }"
      },
      {
        "lineNumber": 17,
        "author": {
          "gitId": "Janicetyy"
        },
        "content": ""
      },
      {
        "lineNumber": 18,
        "author": {
          "gitId": "Janicetyy"
        },
        "content": "    @Override"
      },
      {
        "lineNumber": 19,
        "author": {
          "gitId": "Janicetyy"
        },
        "content": "    public String toString() {"
      },
      {
        "lineNumber": 20,
        "author": {
          "gitId": "Janicetyy"
        },
        "content": "        return super.toString() + \"(by: \" + by + \")\";"
      },
      {
        "lineNumber": 21,
        "author": {
          "gitId": "Janicetyy"
        },
        "content": "    }"
      },
      {
        "lineNumber": 22,
        "author": {
          "gitId": "Janicetyy"
        },
        "content": "}"
      }
    ],
    "authorContributionMap": {
      "Janicetyy": 22
    }
  },
  {
    "path": "src/main/java/Event.java",
    "fileType": "java",
    "lines": [
      {
        "lineNumber": 1,
        "author": {
          "gitId": "Janicetyy"
        },
        "content": "public class Event extends Task {"
      },
      {
        "lineNumber": 2,
        "author": {
          "gitId": "Janicetyy"
        },
        "content": ""
      },
      {
        "lineNumber": 3,
        "author": {
          "gitId": "Janicetyy"
        },
        "content": "    protected String at;"
      },
      {
        "lineNumber": 4,
        "author": {
          "gitId": "Janicetyy"
        },
        "content": ""
      },
      {
        "lineNumber": 5,
        "author": {
          "gitId": "Janicetyy"
        },
        "content": "    public Event(String description, String at){"
      },
      {
        "lineNumber": 6,
        "author": {
          "gitId": "Janicetyy"
        },
        "content": "        super(description,\"E\");"
      },
      {
        "lineNumber": 7,
        "author": {
          "gitId": "Janicetyy"
        },
        "content": "        this.at \u003d at;"
      },
      {
        "lineNumber": 8,
        "author": {
          "gitId": "Janicetyy"
        },
        "content": "    }"
      },
      {
        "lineNumber": 9,
        "author": {
          "gitId": "Janicetyy"
        },
        "content": ""
      },
      {
        "lineNumber": 10,
        "author": {
          "gitId": "Janicetyy"
        },
        "content": "    public void setAt(String at){"
      },
      {
        "lineNumber": 11,
        "author": {
          "gitId": "Janicetyy"
        },
        "content": "        this.at \u003d at;"
      },
      {
        "lineNumber": 12,
        "author": {
          "gitId": "Janicetyy"
        },
        "content": "    }"
      },
      {
        "lineNumber": 13,
        "author": {
          "gitId": "Janicetyy"
        },
        "content": ""
      },
      {
        "lineNumber": 14,
        "author": {
          "gitId": "Janicetyy"
        },
        "content": "    public String getAt(){"
      },
      {
        "lineNumber": 15,
        "author": {
          "gitId": "Janicetyy"
        },
        "content": "        return at;"
      },
      {
        "lineNumber": 16,
        "author": {
          "gitId": "Janicetyy"
        },
        "content": "    }"
      },
      {
        "lineNumber": 17,
        "author": {
          "gitId": "Janicetyy"
        },
        "content": ""
      },
      {
        "lineNumber": 18,
        "author": {
          "gitId": "Janicetyy"
        },
        "content": "    @Override"
      },
      {
        "lineNumber": 19,
        "author": {
          "gitId": "Janicetyy"
        },
        "content": "    public String toString() {"
      },
      {
        "lineNumber": 20,
        "author": {
          "gitId": "Janicetyy"
        },
        "content": "        return super.toString() + \"(at: \" + at + \")\";"
      },
      {
        "lineNumber": 21,
        "author": {
          "gitId": "Janicetyy"
        },
        "content": "    }"
      },
      {
        "lineNumber": 22,
        "author": {
          "gitId": "Janicetyy"
        },
        "content": "}"
      }
    ],
    "authorContributionMap": {
      "Janicetyy": 22
    }
  },
  {
    "path": "src/main/java/Jan.java",
    "fileType": "java",
    "lines": [
      {
        "lineNumber": 1,
        "author": {
          "gitId": "Janicetyy"
        },
        "content": "import java.util.Scanner;"
      },
      {
        "lineNumber": 2,
        "author": {
          "gitId": "Janicetyy"
        },
        "content": ""
      },
      {
        "lineNumber": 3,
        "author": {
          "gitId": "Janicetyy"
        },
        "content": "public class Jan {"
      },
      {
        "lineNumber": 4,
        "author": {
          "gitId": "Janicetyy"
        },
        "content": ""
      },
      {
        "lineNumber": 5,
        "author": {
          "gitId": "Janicetyy"
        },
        "content": "    public static final int MAXIMUM_TASK \u003d 100;"
      },
      {
        "lineNumber": 6,
        "author": {
          "gitId": "Janicetyy"
        },
        "content": ""
      },
      {
        "lineNumber": 7,
        "author": {
          "gitId": "Janicetyy"
        },
        "content": "    public static void executeInstruction(String command, Task[] Tasks, String commandDescription){"
      },
      {
        "lineNumber": 8,
        "author": {
          "gitId": "Janicetyy"
        },
        "content": "        System.out.println(\"____________________________________________________________\");"
      },
      {
        "lineNumber": 9,
        "author": {
          "gitId": "Janicetyy"
        },
        "content": "        switch(command) {"
      },
      {
        "lineNumber": 10,
        "author": {
          "gitId": "Janicetyy"
        },
        "content": "        case \"greet\":"
      },
      {
        "lineNumber": 11,
        "author": {
          "gitId": "Janicetyy"
        },
        "content": "            System.out.println(\"Hello! I\u0027m Jan\\n\" + \" What can I do for you?\");"
      },
      {
        "lineNumber": 12,
        "author": {
          "gitId": "Janicetyy"
        },
        "content": "            break;"
      },
      {
        "lineNumber": 13,
        "author": {
          "gitId": "Janicetyy"
        },
        "content": "        case \"bye\":"
      },
      {
        "lineNumber": 14,
        "author": {
          "gitId": "Janicetyy"
        },
        "content": "            System.out.println(\"Bye. Hope to see you again soon!\");"
      },
      {
        "lineNumber": 15,
        "author": {
          "gitId": "Janicetyy"
        },
        "content": "            break;"
      },
      {
        "lineNumber": 16,
        "author": {
          "gitId": "Janicetyy"
        },
        "content": "        case \"list\":"
      },
      {
        "lineNumber": 17,
        "author": {
          "gitId": "Janicetyy"
        },
        "content": "            System.out.println(\"Here are the tasks in your list:\");"
      },
      {
        "lineNumber": 18,
        "author": {
          "gitId": "Janicetyy"
        },
        "content": "            for (int i \u003d 0; i \u003c Task.getTotalTask(); i++) {"
      },
      {
        "lineNumber": 19,
        "author": {
          "gitId": "Janicetyy"
        },
        "content": "                System.out.println(Tasks[i].getTaskNum() + \". \" + Tasks[i]);"
      },
      {
        "lineNumber": 20,
        "author": {
          "gitId": "Janicetyy"
        },
        "content": "            }"
      },
      {
        "lineNumber": 21,
        "author": {
          "gitId": "Janicetyy"
        },
        "content": "            break;"
      },
      {
        "lineNumber": 22,
        "author": {
          "gitId": "Janicetyy"
        },
        "content": "        case \"done\":"
      },
      {
        "lineNumber": 23,
        "author": {
          "gitId": "Janicetyy"
        },
        "content": "            int taskNum \u003d Integer.parseInt(commandDescription) - 1;"
      },
      {
        "lineNumber": 24,
        "author": {
          "gitId": "Janicetyy"
        },
        "content": "            if (taskNum \u003c Task.getTotalTask()) {"
      },
      {
        "lineNumber": 25,
        "author": {
          "gitId": "Janicetyy"
        },
        "content": "                System.out.println(\"Nice! I\u0027ve marked this task as done: \");"
      },
      {
        "lineNumber": 26,
        "author": {
          "gitId": "Janicetyy"
        },
        "content": "                Tasks[taskNum].setDone(true);"
      },
      {
        "lineNumber": 27,
        "author": {
          "gitId": "Janicetyy"
        },
        "content": "                System.out.println(Tasks[taskNum]);"
      },
      {
        "lineNumber": 28,
        "author": {
          "gitId": "Janicetyy"
        },
        "content": "            }else{"
      },
      {
        "lineNumber": 29,
        "author": {
          "gitId": "Janicetyy"
        },
        "content": "                System.out.println(\"Jan cannot find this task\");"
      },
      {
        "lineNumber": 30,
        "author": {
          "gitId": "Janicetyy"
        },
        "content": "            }"
      },
      {
        "lineNumber": 31,
        "author": {
          "gitId": "Janicetyy"
        },
        "content": "            break;"
      },
      {
        "lineNumber": 32,
        "author": {
          "gitId": "Janicetyy"
        },
        "content": "        case \"todo\":"
      },
      {
        "lineNumber": 33,
        "author": {
          "gitId": "Janicetyy"
        },
        "content": "            Todo todo \u003d new Todo(commandDescription,\"T\");"
      },
      {
        "lineNumber": 34,
        "author": {
          "gitId": "Janicetyy"
        },
        "content": "            System.out.println(\"Got it. I\u0027ve added this task:\\n \" + todo);"
      },
      {
        "lineNumber": 35,
        "author": {
          "gitId": "Janicetyy"
        },
        "content": "            printCurrentTaskCount();"
      },
      {
        "lineNumber": 36,
        "author": {
          "gitId": "Janicetyy"
        },
        "content": "            Tasks[Task.getTotalTask() - 1] \u003d todo;"
      },
      {
        "lineNumber": 37,
        "author": {
          "gitId": "Janicetyy"
        },
        "content": "            break;"
      },
      {
        "lineNumber": 38,
        "author": {
          "gitId": "Janicetyy"
        },
        "content": "        case \"deadline\":"
      },
      {
        "lineNumber": 39,
        "author": {
          "gitId": "Janicetyy"
        },
        "content": "            String[] deadlineDetails \u003d commandDescription.split(\"/by\");"
      },
      {
        "lineNumber": 40,
        "author": {
          "gitId": "Janicetyy"
        },
        "content": "            Deadline deadline \u003d new Deadline(deadlineDetails[0],deadlineDetails[1]);"
      },
      {
        "lineNumber": 41,
        "author": {
          "gitId": "Janicetyy"
        },
        "content": "            System.out.println(\"Got it. I\u0027ve added this task:\\n \" + deadline);"
      },
      {
        "lineNumber": 42,
        "author": {
          "gitId": "Janicetyy"
        },
        "content": "            printCurrentTaskCount();"
      },
      {
        "lineNumber": 43,
        "author": {
          "gitId": "Janicetyy"
        },
        "content": "            Tasks[Task.getTotalTask() - 1] \u003d deadline;"
      },
      {
        "lineNumber": 44,
        "author": {
          "gitId": "Janicetyy"
        },
        "content": "            break;"
      },
      {
        "lineNumber": 45,
        "author": {
          "gitId": "Janicetyy"
        },
        "content": "        case \"event\":"
      },
      {
        "lineNumber": 46,
        "author": {
          "gitId": "Janicetyy"
        },
        "content": "            String[] eventDetails \u003d commandDescription.split(\"/at\");"
      },
      {
        "lineNumber": 47,
        "author": {
          "gitId": "Janicetyy"
        },
        "content": "            Event event \u003d new Event(eventDetails[0],eventDetails[1]);"
      },
      {
        "lineNumber": 48,
        "author": {
          "gitId": "Janicetyy"
        },
        "content": "            System.out.println(\"Got it. I\u0027ve added this task:\\n \" + event);"
      },
      {
        "lineNumber": 49,
        "author": {
          "gitId": "Janicetyy"
        },
        "content": "            printCurrentTaskCount();"
      },
      {
        "lineNumber": 50,
        "author": {
          "gitId": "Janicetyy"
        },
        "content": "            Tasks[Task.getTotalTask() - 1] \u003d event;"
      },
      {
        "lineNumber": 51,
        "author": {
          "gitId": "Janicetyy"
        },
        "content": "            break;"
      },
      {
        "lineNumber": 52,
        "author": {
          "gitId": "Janicetyy"
        },
        "content": "        default:"
      },
      {
        "lineNumber": 53,
        "author": {
          "gitId": "Janicetyy"
        },
        "content": "            System.out.println(\"Duke cannot understand your command.\\n\");"
      },
      {
        "lineNumber": 54,
        "author": {
          "gitId": "Janicetyy"
        },
        "content": "            break;"
      },
      {
        "lineNumber": 55,
        "author": {
          "gitId": "Janicetyy"
        },
        "content": "        }"
      },
      {
        "lineNumber": 56,
        "author": {
          "gitId": "Janicetyy"
        },
        "content": "        System.out.println(\"____________________________________________________________\");"
      },
      {
        "lineNumber": 57,
        "author": {
          "gitId": "Janicetyy"
        },
        "content": "    }"
      },
      {
        "lineNumber": 58,
        "author": {
          "gitId": "Janicetyy"
        },
        "content": ""
      },
      {
        "lineNumber": 59,
        "author": {
          "gitId": "Janicetyy"
        },
        "content": "    private static void printCurrentTaskCount() {"
      },
      {
        "lineNumber": 60,
        "author": {
          "gitId": "Janicetyy"
        },
        "content": "        if (Task.getTotalTask() \u003c 2){"
      },
      {
        "lineNumber": 61,
        "author": {
          "gitId": "Janicetyy"
        },
        "content": "            System.out.println(\"Now you have \" + Task.getTotalTask() + \" task in the list\");"
      },
      {
        "lineNumber": 62,
        "author": {
          "gitId": "Janicetyy"
        },
        "content": "        } else {"
      },
      {
        "lineNumber": 63,
        "author": {
          "gitId": "Janicetyy"
        },
        "content": "            System.out.println(\"Now you have \" + Task.getTotalTask() + \" tasks in the list\");"
      },
      {
        "lineNumber": 64,
        "author": {
          "gitId": "Janicetyy"
        },
        "content": "        }"
      },
      {
        "lineNumber": 65,
        "author": {
          "gitId": "Janicetyy"
        },
        "content": "    }"
      },
      {
        "lineNumber": 66,
        "author": {
          "gitId": "Janicetyy"
        },
        "content": ""
      },
      {
        "lineNumber": 67,
        "author": {
          "gitId": "-"
        },
        "content": "    public static void main(String[] args) {"
      },
      {
        "lineNumber": 68,
        "author": {
          "gitId": "Janicetyy"
        },
        "content": ""
      },
      {
        "lineNumber": 69,
        "author": {
          "gitId": "Janicetyy"
        },
        "content": "        Task[] Tasks \u003d new Task[MAXIMUM_TASK];"
      },
      {
        "lineNumber": 70,
        "author": {
          "gitId": "Janicetyy"
        },
        "content": ""
      },
      {
        "lineNumber": 71,
        "author": {
          "gitId": "Janicetyy"
        },
        "content": "        String logo \u003d \" ________     _____     _____     __\\n\""
      },
      {
        "lineNumber": 72,
        "author": {
          "gitId": "Janicetyy"
        },
        "content": "                + \"|_____   |  /  ___  \\\\  |     \\\\   |  | \\n\""
      },
      {
        "lineNumber": 73,
        "author": {
          "gitId": "Janicetyy"
        },
        "content": "                + \"      |  | |  /   \\\\  | |  |\\\\  \\\\  |  |\\n\""
      },
      {
        "lineNumber": 74,
        "author": {
          "gitId": "Janicetyy"
        },
        "content": "                + \" __   |  | |  |___|  | |  | \\\\  \\\\ |  |\\n\""
      },
      {
        "lineNumber": 75,
        "author": {
          "gitId": "Janicetyy"
        },
        "content": "                + \"|  |__|  | |   ___   | |  |  \\\\  \\\\|  |\\n\""
      },
      {
        "lineNumber": 76,
        "author": {
          "gitId": "Janicetyy"
        },
        "content": "                + \"|________/ |__|   |__| |__|   \\\\_____|\\n\";"
      },
      {
        "lineNumber": 77,
        "author": {
          "gitId": "Janicetyy"
        },
        "content": "        System.out.println(logo);"
      },
      {
        "lineNumber": 78,
        "author": {
          "gitId": "Janicetyy"
        },
        "content": "        executeInstruction(\"greet\",Tasks,\"\");"
      },
      {
        "lineNumber": 79,
        "author": {
          "gitId": "Janicetyy"
        },
        "content": ""
      },
      {
        "lineNumber": 80,
        "author": {
          "gitId": "Janicetyy"
        },
        "content": "        String line;"
      },
      {
        "lineNumber": 81,
        "author": {
          "gitId": "Janicetyy"
        },
        "content": "        Scanner in \u003d new Scanner(System.in);"
      },
      {
        "lineNumber": 82,
        "author": {
          "gitId": "Janicetyy"
        },
        "content": "        line \u003d in.nextLine();"
      },
      {
        "lineNumber": 83,
        "author": {
          "gitId": "Janicetyy"
        },
        "content": "        while (!line.equals(\"bye\")) {"
      },
      {
        "lineNumber": 84,
        "author": {
          "gitId": "Janicetyy"
        },
        "content": "            String[] requests \u003d line.split(\" \",2);"
      },
      {
        "lineNumber": 85,
        "author": {
          "gitId": "Janicetyy"
        },
        "content": "            if(requests.length \u003e 1) {"
      },
      {
        "lineNumber": 86,
        "author": {
          "gitId": "Janicetyy"
        },
        "content": "                executeInstruction(requests[0], Tasks,requests[1]);"
      },
      {
        "lineNumber": 87,
        "author": {
          "gitId": "Janicetyy"
        },
        "content": "            } else {"
      },
      {
        "lineNumber": 88,
        "author": {
          "gitId": "Janicetyy"
        },
        "content": "                executeInstruction(requests[0],Tasks,\"\");"
      },
      {
        "lineNumber": 89,
        "author": {
          "gitId": "Janicetyy"
        },
        "content": "            }"
      },
      {
        "lineNumber": 90,
        "author": {
          "gitId": "Janicetyy"
        },
        "content": "            line \u003d in.nextLine();"
      },
      {
        "lineNumber": 91,
        "author": {
          "gitId": "Janicetyy"
        },
        "content": "        }"
      },
      {
        "lineNumber": 92,
        "author": {
          "gitId": "Janicetyy"
        },
        "content": ""
      },
      {
        "lineNumber": 93,
        "author": {
          "gitId": "Janicetyy"
        },
        "content": "        executeInstruction(\"bye\",Tasks,\"\");"
      },
      {
        "lineNumber": 94,
        "author": {
          "gitId": "Janicetyy"
        },
        "content": ""
      },
      {
        "lineNumber": 95,
        "author": {
          "gitId": "-"
        },
        "content": "    }"
      },
      {
        "lineNumber": 96,
        "author": {
          "gitId": "-"
        },
        "content": "}"
      }
    ],
    "authorContributionMap": {
      "Janicetyy": 93,
      "-": 3
    }
  },
  {
    "path": "src/main/java/Task.java",
    "fileType": "java",
    "lines": [
      {
        "lineNumber": 1,
        "author": {
          "gitId": "Janicetyy"
        },
        "content": "public class Task {"
      },
      {
        "lineNumber": 2,
        "author": {
          "gitId": "Janicetyy"
        },
        "content": "    protected int taskNum;"
      },
      {
        "lineNumber": 3,
        "author": {
          "gitId": "Janicetyy"
        },
        "content": "    protected String description;"
      },
      {
        "lineNumber": 4,
        "author": {
          "gitId": "Janicetyy"
        },
        "content": "    protected String type;"
      },
      {
        "lineNumber": 5,
        "author": {
          "gitId": "Janicetyy"
        },
        "content": "    protected boolean isDone;"
      },
      {
        "lineNumber": 6,
        "author": {
          "gitId": "Janicetyy"
        },
        "content": ""
      },
      {
        "lineNumber": 7,
        "author": {
          "gitId": "Janicetyy"
        },
        "content": "    private static int totalTask \u003d 0;"
      },
      {
        "lineNumber": 8,
        "author": {
          "gitId": "Janicetyy"
        },
        "content": ""
      },
      {
        "lineNumber": 9,
        "author": {
          "gitId": "Janicetyy"
        },
        "content": "    public Task(String description, String type) {"
      },
      {
        "lineNumber": 10,
        "author": {
          "gitId": "Janicetyy"
        },
        "content": "        totalTask++;"
      },
      {
        "lineNumber": 11,
        "author": {
          "gitId": "Janicetyy"
        },
        "content": "        this.taskNum \u003d totalTask;"
      },
      {
        "lineNumber": 12,
        "author": {
          "gitId": "Janicetyy"
        },
        "content": "        this.description \u003d description;"
      },
      {
        "lineNumber": 13,
        "author": {
          "gitId": "Janicetyy"
        },
        "content": "        this.type \u003d type;"
      },
      {
        "lineNumber": 14,
        "author": {
          "gitId": "Janicetyy"
        },
        "content": "    }"
      },
      {
        "lineNumber": 15,
        "author": {
          "gitId": "Janicetyy"
        },
        "content": ""
      },
      {
        "lineNumber": 16,
        "author": {
          "gitId": "Janicetyy"
        },
        "content": "    public String getDescription() {"
      },
      {
        "lineNumber": 17,
        "author": {
          "gitId": "Janicetyy"
        },
        "content": "        return description;"
      },
      {
        "lineNumber": 18,
        "author": {
          "gitId": "Janicetyy"
        },
        "content": "    }"
      },
      {
        "lineNumber": 19,
        "author": {
          "gitId": "Janicetyy"
        },
        "content": ""
      },
      {
        "lineNumber": 20,
        "author": {
          "gitId": "Janicetyy"
        },
        "content": "    public int getTaskNum() {"
      },
      {
        "lineNumber": 21,
        "author": {
          "gitId": "Janicetyy"
        },
        "content": "        return taskNum;"
      },
      {
        "lineNumber": 22,
        "author": {
          "gitId": "Janicetyy"
        },
        "content": "    }"
      },
      {
        "lineNumber": 23,
        "author": {
          "gitId": "Janicetyy"
        },
        "content": ""
      },
      {
        "lineNumber": 24,
        "author": {
          "gitId": "Janicetyy"
        },
        "content": "    public void setTaskNum(int taskNum) {"
      },
      {
        "lineNumber": 25,
        "author": {
          "gitId": "Janicetyy"
        },
        "content": "        this.taskNum \u003d taskNum;"
      },
      {
        "lineNumber": 26,
        "author": {
          "gitId": "Janicetyy"
        },
        "content": "    }"
      },
      {
        "lineNumber": 27,
        "author": {
          "gitId": "Janicetyy"
        },
        "content": ""
      },
      {
        "lineNumber": 28,
        "author": {
          "gitId": "Janicetyy"
        },
        "content": "    public void setDone(boolean isDone) {"
      },
      {
        "lineNumber": 29,
        "author": {
          "gitId": "Janicetyy"
        },
        "content": "        this.isDone \u003d isDone;"
      },
      {
        "lineNumber": 30,
        "author": {
          "gitId": "Janicetyy"
        },
        "content": "    }"
      },
      {
        "lineNumber": 31,
        "author": {
          "gitId": "Janicetyy"
        },
        "content": ""
      },
      {
        "lineNumber": 32,
        "author": {
          "gitId": "Janicetyy"
        },
        "content": "    public String getStatusIcon() {"
      },
      {
        "lineNumber": 33,
        "author": {
          "gitId": "Janicetyy"
        },
        "content": "        return (isDone ? \"\\u2713\" : \"\\u2718\"); //return tick or X symbols"
      },
      {
        "lineNumber": 34,
        "author": {
          "gitId": "Janicetyy"
        },
        "content": "    }"
      },
      {
        "lineNumber": 35,
        "author": {
          "gitId": "Janicetyy"
        },
        "content": ""
      },
      {
        "lineNumber": 36,
        "author": {
          "gitId": "Janicetyy"
        },
        "content": "    public static int getTotalTask() {"
      },
      {
        "lineNumber": 37,
        "author": {
          "gitId": "Janicetyy"
        },
        "content": "        return totalTask;"
      },
      {
        "lineNumber": 38,
        "author": {
          "gitId": "Janicetyy"
        },
        "content": "    }"
      },
      {
        "lineNumber": 39,
        "author": {
          "gitId": "Janicetyy"
        },
        "content": ""
      },
      {
        "lineNumber": 40,
        "author": {
          "gitId": "Janicetyy"
        },
        "content": "    @Override"
      },
      {
        "lineNumber": 41,
        "author": {
          "gitId": "Janicetyy"
        },
        "content": "    public String toString() {"
      },
      {
        "lineNumber": 42,
        "author": {
          "gitId": "Janicetyy"
        },
        "content": "        return \"[\" + type + \"]\" + \"[\" +getStatusIcon() + \"]\" + description;"
      },
      {
        "lineNumber": 43,
        "author": {
          "gitId": "Janicetyy"
        },
        "content": "    }"
      },
      {
        "lineNumber": 44,
        "author": {
          "gitId": "Janicetyy"
        },
        "content": "}"
      }
    ],
    "authorContributionMap": {
      "Janicetyy": 44
    }
  },
  {
    "path": "src/main/java/Todo.java",
    "fileType": "java",
    "lines": [
      {
        "lineNumber": 1,
        "author": {
          "gitId": "Janicetyy"
        },
        "content": "public class Todo extends Task {"
      },
      {
        "lineNumber": 2,
        "author": {
          "gitId": "Janicetyy"
        },
        "content": ""
      },
      {
        "lineNumber": 3,
        "author": {
          "gitId": "Janicetyy"
        },
        "content": "    public Todo(String description, String type) {"
      },
      {
        "lineNumber": 4,
        "author": {
          "gitId": "Janicetyy"
        },
        "content": "        super(description,type);"
      },
      {
        "lineNumber": 5,
        "author": {
          "gitId": "Janicetyy"
        },
        "content": "    }"
      },
      {
        "lineNumber": 6,
        "author": {
          "gitId": "Janicetyy"
        },
        "content": "}"
      }
    ],
    "authorContributionMap": {
      "Janicetyy": 6
    }
  }
]
