{
  "authorDailyContributionsMap": {
    "Janicetyy": [
      {
        "insertions": 9,
        "deletions": 0,
        "date": "2020-01-22",
        "commitResults": [
          {
            "hash": "975af132da1916530f05619e2c2d50ccbd66ec14",
            "messageTitle": "Level 0: Greet",
            "messageBody": "",
            "tags": [
              "level-1",
              "level-0"
            ],
            "insertions": 9,
            "deletions": 0
          }
        ]
      },
      {
        "insertions": 65,
        "deletions": 19,
        "date": "2020-01-23",
        "commitResults": [
          {
            "hash": "0b5216b2c265e060f1a91cebe92d872718265573",
            "messageTitle": "add skeletal code to echo user input and exit on bye",
            "messageBody": "",
            "insertions": 32,
            "deletions": 8
          },
          {
            "hash": "501f32f1d14f301ad2daaaae757b8582d8a5e6d7",
            "messageTitle": "add ability to store text entered by user to array of size 100",
            "messageBody": "",
            "tags": [
              "level-2"
            ],
            "insertions": 33,
            "deletions": 11
          }
        ]
      },
      {
        "insertions": 65,
        "deletions": 28,
        "date": "2020-01-24",
        "commitResults": [
          {
            "hash": "b5d6ff0199b9932031bfe1992a1209fe8cb8715f",
            "messageTitle": "revised level 2 echo message and add level-3 storing function",
            "messageBody": "",
            "insertions": 42,
            "deletions": 16
          },
          {
            "hash": "8102b846cd16a624204d1fdabbc2af4532a24fc7",
            "messageTitle": "Added done command and status icon",
            "messageBody": "",
            "tags": [
              "level-3"
            ],
            "insertions": 23,
            "deletions": 12
          }
        ]
      },
      {
        "insertions": 158,
        "deletions": 70,
        "date": "2020-02-02",
        "commitResults": [
          {
            "hash": "124314635ebceebbd25372ff7d9a27b278aca186",
            "messageTitle": "changed if statements to switch in main. Added todo,deadline and event type for task tracking",
            "messageBody": "",
            "tags": [
              "level-4"
            ],
            "insertions": 129,
            "deletions": 46
          },
          {
            "hash": "cc35b425178e513b5272a47209d33d8e7019e82f",
            "messageTitle": "minor code changes",
            "messageBody": "",
            "tags": [
              "A-CodeQuality"
            ],
            "insertions": 29,
            "deletions": 24
          }
        ]
      },
      {
        "insertions": 100,
        "deletions": 46,
        "date": "2020-02-11",
        "commitResults": [
          {
            "hash": "1a56aad9d9c783287e51c5401fba105c12dd3f3f",
            "messageTitle": "minor cosmetic changes",
            "messageBody": "",
            "insertions": 8,
            "deletions": 6
          },
          {
            "hash": "6ebe758490c2c7256daed52ec2288f56959a8a38",
            "messageTitle": "minor cosmetic changes",
            "messageBody": "",
            "tags": [
              "Level-6"
            ],
            "insertions": 2,
            "deletions": 2
          },
          {
            "hash": "cd59155dbdfa79a075b85470e9f0c15c16847e85",
            "messageTitle": "added exception checks. refactor to improve readability",
            "messageBody": "",
            "insertions": 86,
            "deletions": 36
          },
          {
            "hash": "ce7470c1f738703ca7933294f34aaec16ca68335",
            "messageTitle": "minor formatting changes",
            "messageBody": "",
            "tags": [
              "level-5"
            ],
            "insertions": 4,
            "deletions": 2
          }
        ]
      },
      {
        "insertions": 205,
        "deletions": 82,
        "date": "2020-02-18",
        "commitResults": [
          {
            "hash": "e6ed66678debab236a85895c09cac81079503125",
            "messageTitle": "switched Tasks to use ArrayList instead of Task[]",
            "messageBody": "",
            "insertions": 8,
            "deletions": 7
          },
          {
            "hash": "b201292ac255250d680c70856f2bf6c39520dfeb",
            "messageTitle": "add feature level 6 and minor changes to implementation due to change to arraylist",
            "messageBody": "",
            "insertions": 50,
            "deletions": 46
          },
          {
            "hash": "aa8fffc4a5214e6e1b80482e08f9ff881a999314",
            "messageTitle": "Added a save function to Jan",
            "messageBody": "",
            "insertions": 115,
            "deletions": 10
          },
          {
            "hash": "4aaa203683c8ea630d1a8e4dcbde1c80c7670c86",
            "messageTitle": "more exception handling",
            "messageBody": "",
            "tags": [
              "A-Jar"
            ],
            "insertions": 32,
            "deletions": 19
          }
        ]
      },
      {
        "insertions": 530,
        "deletions": 290,
        "date": "2020-02-23",
        "commitResults": [
          {
            "hash": "9ea949fb2d7a5c7bfb29afe747f78f1023b64dc0",
            "messageTitle": "created more classes to simplify code logic",
            "messageBody": "",
            "tags": [
              "A-MoreOOP"
            ],
            "insertions": 369,
            "deletions": 239
          },
          {
            "hash": "1b9bc190f71e4ae1da9a451b2527e9694afc415f",
            "messageTitle": "added javaDoc",
            "messageBody": "",
            "insertions": 115,
            "deletions": 24
          },
          {
            "hash": "bc9227b026b55c54b04307b2fddb829592c486a2",
            "messageTitle": "added search feature",
            "messageBody": "",
            "insertions": 24,
            "deletions": 5
          },
          {
            "hash": "0b50b3b62a6f9ead687f00cdbd9e5f0ccbc72436",
            "messageTitle": "revised documentation",
            "messageBody": "",
            "insertions": 22,
            "deletions": 22
          }
        ]
      },
      {
        "insertions": 41,
        "deletions": 49,
        "date": "2020-02-24",
        "commitResults": [
          {
            "hash": "c6de9d6b829f2a1e32da9e95056964513523c3cd",
            "messageTitle": "Added a brief user guide",
            "messageBody": "",
            "tags": [
              "A-UserGuide"
            ],
            "insertions": 21,
            "deletions": 29
          },
          {
            "hash": "fdad27cb71eb5757fe2f45dd224bb5b16b97d59e",
            "messageTitle": "Changed version number",
            "messageBody": "",
            "tags": [
              "A-Release"
            ],
            "insertions": 1,
            "deletions": 1
          },
          {
            "hash": "afa6689f1d3cb79c78872f693d89938c06488e04",
            "messageTitle": "minor changes to package name",
            "messageBody": "",
            "insertions": 18,
            "deletions": 18
          },
          {
            "hash": "035297b8509cab61165fb1781389231c9cd0ebfa",
            "messageTitle": "minor changes to readme",
            "messageBody": "",
            "tags": [
              "A-CodingStandard"
            ],
            "insertions": 1,
            "deletions": 1
          }
        ]
      }
    ]
  },
  "authorFinalContributionMap": {
    "Janicetyy": 627
  },
  "authorFileTypeContributionMap": {
    "Janicetyy": {
      "java": 606,
      "md": 19,
      "fxml": 0,
      "sh": 0,
      "bat": 0,
      "gradle": 0,
      "txt": 2
    }
  },
  "authorContributionVariance": {
    "Janicetyy": 18143.328
  },
  "authorDisplayNameMap": {
    "Janicetyy": "CS2113T-T12-2 TOH ..NICE"
  }
}
