[
  {
    "path": "src/main/java/Duke.java",
    "fileType": "java",
    "lines": [
      {
        "lineNumber": 1,
        "author": {
          "gitId": "SibingWu"
        },
        "content": "import java.util.ArrayList;"
      },
      {
        "lineNumber": 2,
        "author": {
          "gitId": "SibingWu"
        },
        "content": "import java.util.List;"
      },
      {
        "lineNumber": 3,
        "author": {
          "gitId": "SibingWu"
        },
        "content": "import java.util.Scanner;"
      },
      {
        "lineNumber": 4,
        "author": {
          "gitId": "SibingWu"
        },
        "content": "//import java.io.BufferedReader;"
      },
      {
        "lineNumber": 5,
        "author": {
          "gitId": "SibingWu"
        },
        "content": "//import java.io.InputStreamReader;"
      },
      {
        "lineNumber": 6,
        "author": {
          "gitId": "SibingWu"
        },
        "content": ""
      },
      {
        "lineNumber": 7,
        "author": {
          "gitId": "-"
        },
        "content": "public class Duke {"
      },
      {
        "lineNumber": 8,
        "author": {
          "gitId": "-"
        },
        "content": "    public static void main(String[] args) {"
      },
      {
        "lineNumber": 9,
        "author": {
          "gitId": "-"
        },
        "content": "        String logo \u003d \" ____        _        \\n\""
      },
      {
        "lineNumber": 10,
        "author": {
          "gitId": "-"
        },
        "content": "                + \"|  _ \\\\ _   _| | _____ \\n\""
      },
      {
        "lineNumber": 11,
        "author": {
          "gitId": "-"
        },
        "content": "                + \"| | | | | | | |/ / _ \\\\\\n\""
      },
      {
        "lineNumber": 12,
        "author": {
          "gitId": "-"
        },
        "content": "                + \"| |_| | |_| |   \u003c  __/\\n\""
      },
      {
        "lineNumber": 13,
        "author": {
          "gitId": "-"
        },
        "content": "                + \"|____/ \\\\__,_|_|\\\\_\\\\___|\\n\";"
      },
      {
        "lineNumber": 14,
        "author": {
          "gitId": "-"
        },
        "content": "        System.out.println(\"Hello from\\n\" + logo);"
      },
      {
        "lineNumber": 15,
        "author": {
          "gitId": "SibingWu"
        },
        "content": ""
      },
      {
        "lineNumber": 16,
        "author": {
          "gitId": "SibingWu"
        },
        "content": "        System.out.println(\"Hello! I\u0027m Duke\");"
      },
      {
        "lineNumber": 17,
        "author": {
          "gitId": "SibingWu"
        },
        "content": "        System.out.println(\"What can I do for you?\\n\");"
      },
      {
        "lineNumber": 18,
        "author": {
          "gitId": "SibingWu"
        },
        "content": ""
      },
      {
        "lineNumber": 19,
        "author": {
          "gitId": "SibingWu"
        },
        "content": "        // BufferedReader br \u003d new BufferedReader(new InputStreamReader(System.in));"
      },
      {
        "lineNumber": 20,
        "author": {
          "gitId": "SibingWu"
        },
        "content": "        // Scanner in \u003d new Scanner(new BufferedReader(new InputStreamReader(System.in)));"
      },
      {
        "lineNumber": 21,
        "author": {
          "gitId": "SibingWu"
        },
        "content": "        Scanner in \u003d new Scanner(System.in);"
      },
      {
        "lineNumber": 22,
        "author": {
          "gitId": "SibingWu"
        },
        "content": "        String input \u003d null;"
      },
      {
        "lineNumber": 23,
        "author": {
          "gitId": "SibingWu"
        },
        "content": ""
      },
      {
        "lineNumber": 24,
        "author": {
          "gitId": "SibingWu"
        },
        "content": "        // a array to store user input task"
      },
      {
        "lineNumber": 25,
        "author": {
          "gitId": "SibingWu"
        },
        "content": "        List\u003cTask\u003e tasks \u003d new ArrayList\u003c\u003e();"
      },
      {
        "lineNumber": 26,
        "author": {
          "gitId": "SibingWu"
        },
        "content": ""
      },
      {
        "lineNumber": 27,
        "author": {
          "gitId": "SibingWu"
        },
        "content": "        do {"
      },
      {
        "lineNumber": 28,
        "author": {
          "gitId": "SibingWu"
        },
        "content": "            input \u003d in.nextLine();"
      },
      {
        "lineNumber": 29,
        "author": {
          "gitId": "SibingWu"
        },
        "content": "            switch (input) {"
      },
      {
        "lineNumber": 30,
        "author": {
          "gitId": "SibingWu"
        },
        "content": "            case \"list\":"
      },
      {
        "lineNumber": 31,
        "author": {
          "gitId": "SibingWu"
        },
        "content": "                System.out.println(\"Here are the tasks in your list:\");"
      },
      {
        "lineNumber": 32,
        "author": {
          "gitId": "SibingWu"
        },
        "content": "                for (int i \u003d 0; i \u003c tasks.size(); i++) {"
      },
      {
        "lineNumber": 33,
        "author": {
          "gitId": "SibingWu"
        },
        "content": "                    Task task \u003d tasks.get(i);"
      },
      {
        "lineNumber": 34,
        "author": {
          "gitId": "SibingWu"
        },
        "content": "                    System.out.println(String.format(\"%d.[%s] %s\", i + 1, task.getStatusIcon(), task.getDescription()));"
      },
      {
        "lineNumber": 35,
        "author": {
          "gitId": "SibingWu"
        },
        "content": "                }"
      },
      {
        "lineNumber": 36,
        "author": {
          "gitId": "SibingWu"
        },
        "content": "                break;"
      },
      {
        "lineNumber": 37,
        "author": {
          "gitId": "SibingWu"
        },
        "content": "            case \"bye\":"
      },
      {
        "lineNumber": 38,
        "author": {
          "gitId": "SibingWu"
        },
        "content": "                System.out.println(\"Bye. Hope to see you again soon!\");"
      },
      {
        "lineNumber": 39,
        "author": {
          "gitId": "SibingWu"
        },
        "content": "                break;"
      },
      {
        "lineNumber": 40,
        "author": {
          "gitId": "SibingWu"
        },
        "content": "            default:"
      },
      {
        "lineNumber": 41,
        "author": {
          "gitId": "SibingWu"
        },
        "content": "                if (input.startsWith(\"done\")) {"
      },
      {
        "lineNumber": 42,
        "author": {
          "gitId": "SibingWu"
        },
        "content": "                    int taskNumber \u003d Integer.parseInt(input.substring(4).trim());"
      },
      {
        "lineNumber": 43,
        "author": {
          "gitId": "SibingWu"
        },
        "content": "                    Task task \u003d tasks.get(taskNumber - 1);"
      },
      {
        "lineNumber": 44,
        "author": {
          "gitId": "SibingWu"
        },
        "content": "                    task.markAsDone();"
      },
      {
        "lineNumber": 45,
        "author": {
          "gitId": "SibingWu"
        },
        "content": "                    System.out.println(\"Nice! I\u0027ve marked this task as done:\");"
      },
      {
        "lineNumber": 46,
        "author": {
          "gitId": "SibingWu"
        },
        "content": "                    System.out.println(String.format(\"[%s] %s\", task.getStatusIcon(), task.getDescription()));"
      },
      {
        "lineNumber": 47,
        "author": {
          "gitId": "SibingWu"
        },
        "content": "                    break;"
      },
      {
        "lineNumber": 48,
        "author": {
          "gitId": "SibingWu"
        },
        "content": "                } else {"
      },
      {
        "lineNumber": 49,
        "author": {
          "gitId": "SibingWu"
        },
        "content": "                    System.out.println(\"added: \"+ input);"
      },
      {
        "lineNumber": 50,
        "author": {
          "gitId": "SibingWu"
        },
        "content": "                    tasks.add(new Task(input));"
      },
      {
        "lineNumber": 51,
        "author": {
          "gitId": "SibingWu"
        },
        "content": "                    break;"
      },
      {
        "lineNumber": 52,
        "author": {
          "gitId": "SibingWu"
        },
        "content": "                }"
      },
      {
        "lineNumber": 53,
        "author": {
          "gitId": "SibingWu"
        },
        "content": "            }"
      },
      {
        "lineNumber": 54,
        "author": {
          "gitId": "SibingWu"
        },
        "content": "        } while (!input.equals(\"bye\"));"
      },
      {
        "lineNumber": 55,
        "author": {
          "gitId": "-"
        },
        "content": "    }"
      },
      {
        "lineNumber": 56,
        "author": {
          "gitId": "-"
        },
        "content": "}"
      }
    ],
    "authorContributionMap": {
      "-": 10,
      "SibingWu": 46
    }
  },
  {
    "path": "src/main/java/Task.java",
    "fileType": "java",
    "lines": [
      {
        "lineNumber": 1,
        "author": {
          "gitId": "SibingWu"
        },
        "content": "public class Task {"
      },
      {
        "lineNumber": 2,
        "author": {
          "gitId": "SibingWu"
        },
        "content": "    protected String description;"
      },
      {
        "lineNumber": 3,
        "author": {
          "gitId": "SibingWu"
        },
        "content": "    protected boolean isDone;"
      },
      {
        "lineNumber": 4,
        "author": {
          "gitId": "SibingWu"
        },
        "content": ""
      },
      {
        "lineNumber": 5,
        "author": {
          "gitId": "SibingWu"
        },
        "content": "    /** Constructor */"
      },
      {
        "lineNumber": 6,
        "author": {
          "gitId": "SibingWu"
        },
        "content": "    public Task(String description) {"
      },
      {
        "lineNumber": 7,
        "author": {
          "gitId": "SibingWu"
        },
        "content": "        this.description \u003d description;"
      },
      {
        "lineNumber": 8,
        "author": {
          "gitId": "SibingWu"
        },
        "content": "        this.isDone \u003d false;"
      },
      {
        "lineNumber": 9,
        "author": {
          "gitId": "SibingWu"
        },
        "content": "    }"
      },
      {
        "lineNumber": 10,
        "author": {
          "gitId": "SibingWu"
        },
        "content": ""
      },
      {
        "lineNumber": 11,
        "author": {
          "gitId": "SibingWu"
        },
        "content": "    /**"
      },
      {
        "lineNumber": 12,
        "author": {
          "gitId": "SibingWu"
        },
        "content": "     * Get the status icon of the task, finish or not"
      },
      {
        "lineNumber": 13,
        "author": {
          "gitId": "SibingWu"
        },
        "content": "     *"
      },
      {
        "lineNumber": 14,
        "author": {
          "gitId": "SibingWu"
        },
        "content": "     * @return Status icon."
      },
      {
        "lineNumber": 15,
        "author": {
          "gitId": "SibingWu"
        },
        "content": "     */"
      },
      {
        "lineNumber": 16,
        "author": {
          "gitId": "SibingWu"
        },
        "content": "    public String getStatusIcon() {"
      },
      {
        "lineNumber": 17,
        "author": {
          "gitId": "SibingWu"
        },
        "content": "        return (isDone ? \"\\u2713\" : \"\\u2718\"); // return tick or X symbols"
      },
      {
        "lineNumber": 18,
        "author": {
          "gitId": "SibingWu"
        },
        "content": "    }"
      },
      {
        "lineNumber": 19,
        "author": {
          "gitId": "SibingWu"
        },
        "content": ""
      },
      {
        "lineNumber": 20,
        "author": {
          "gitId": "SibingWu"
        },
        "content": "    /**"
      },
      {
        "lineNumber": 21,
        "author": {
          "gitId": "SibingWu"
        },
        "content": "     * Task description getter"
      },
      {
        "lineNumber": 22,
        "author": {
          "gitId": "SibingWu"
        },
        "content": "     *"
      },
      {
        "lineNumber": 23,
        "author": {
          "gitId": "SibingWu"
        },
        "content": "     * @return Task content"
      },
      {
        "lineNumber": 24,
        "author": {
          "gitId": "SibingWu"
        },
        "content": "     */"
      },
      {
        "lineNumber": 25,
        "author": {
          "gitId": "SibingWu"
        },
        "content": "    public String getDescription() {"
      },
      {
        "lineNumber": 26,
        "author": {
          "gitId": "SibingWu"
        },
        "content": "        return description;"
      },
      {
        "lineNumber": 27,
        "author": {
          "gitId": "SibingWu"
        },
        "content": "    }"
      },
      {
        "lineNumber": 28,
        "author": {
          "gitId": "SibingWu"
        },
        "content": ""
      },
      {
        "lineNumber": 29,
        "author": {
          "gitId": "SibingWu"
        },
        "content": "    /** Mark the task as done */"
      },
      {
        "lineNumber": 30,
        "author": {
          "gitId": "SibingWu"
        },
        "content": "    public void markAsDone() {"
      },
      {
        "lineNumber": 31,
        "author": {
          "gitId": "SibingWu"
        },
        "content": "        isDone \u003d true;"
      },
      {
        "lineNumber": 32,
        "author": {
          "gitId": "SibingWu"
        },
        "content": "    }"
      },
      {
        "lineNumber": 33,
        "author": {
          "gitId": "SibingWu"
        },
        "content": "}"
      }
    ],
    "authorContributionMap": {
      "SibingWu": 33
    }
  }
]
