[
  {
    "path": "src/main/java/duke/Duke.java",
    "fileType": "java",
    "lines": [
      {
        "lineNumber": 1,
        "author": {
          "gitId": "SibingWu"
        },
        "content": "package duke;"
      },
      {
        "lineNumber": 2,
        "author": {
          "gitId": "SibingWu"
        },
        "content": ""
      },
      {
        "lineNumber": 3,
        "author": {
          "gitId": "SibingWu"
        },
        "content": "import duke.exceptions.ChatboxException;"
      },
      {
        "lineNumber": 4,
        "author": {
          "gitId": "SibingWu"
        },
        "content": "import duke.tasks.Deadline;"
      },
      {
        "lineNumber": 5,
        "author": {
          "gitId": "SibingWu"
        },
        "content": "import duke.tasks.Event;"
      },
      {
        "lineNumber": 6,
        "author": {
          "gitId": "SibingWu"
        },
        "content": "import duke.tasks.Task;"
      },
      {
        "lineNumber": 7,
        "author": {
          "gitId": "SibingWu"
        },
        "content": "import duke.tasks.Todo;"
      },
      {
        "lineNumber": 8,
        "author": {
          "gitId": "SibingWu"
        },
        "content": ""
      },
      {
        "lineNumber": 9,
        "author": {
          "gitId": "SibingWu"
        },
        "content": "import java.io.File;"
      },
      {
        "lineNumber": 10,
        "author": {
          "gitId": "SibingWu"
        },
        "content": "import java.io.FileNotFoundException;"
      },
      {
        "lineNumber": 11,
        "author": {
          "gitId": "SibingWu"
        },
        "content": "import java.io.FileWriter;"
      },
      {
        "lineNumber": 12,
        "author": {
          "gitId": "SibingWu"
        },
        "content": "import java.io.IOException;"
      },
      {
        "lineNumber": 13,
        "author": {
          "gitId": "SibingWu"
        },
        "content": "import java.util.ArrayList;"
      },
      {
        "lineNumber": 14,
        "author": {
          "gitId": "SibingWu"
        },
        "content": "import java.util.List;"
      },
      {
        "lineNumber": 15,
        "author": {
          "gitId": "SibingWu"
        },
        "content": "import java.util.Scanner;"
      },
      {
        "lineNumber": 16,
        "author": {
          "gitId": "SibingWu"
        },
        "content": ""
      },
      {
        "lineNumber": 17,
        "author": {
          "gitId": "SibingWu"
        },
        "content": "import static duke.utils.Constants.LIST_COMMAND;"
      },
      {
        "lineNumber": 18,
        "author": {
          "gitId": "SibingWu"
        },
        "content": "import static duke.utils.Constants.BYE_COMMAND;"
      },
      {
        "lineNumber": 19,
        "author": {
          "gitId": "SibingWu"
        },
        "content": "import static duke.utils.Constants.DONE_COMMAND;"
      },
      {
        "lineNumber": 20,
        "author": {
          "gitId": "SibingWu"
        },
        "content": "import static duke.utils.Constants.DELETE_COMMAND;"
      },
      {
        "lineNumber": 21,
        "author": {
          "gitId": "SibingWu"
        },
        "content": "import static duke.utils.Constants.TODO_COMMAND;"
      },
      {
        "lineNumber": 22,
        "author": {
          "gitId": "SibingWu"
        },
        "content": "import static duke.utils.Constants.DEADLINE_COMMAND;"
      },
      {
        "lineNumber": 23,
        "author": {
          "gitId": "SibingWu"
        },
        "content": "import static duke.utils.Constants.EVENT_COMMAND;"
      },
      {
        "lineNumber": 24,
        "author": {
          "gitId": "SibingWu"
        },
        "content": "import static duke.utils.Constants.DEADLINE_MARKER;"
      },
      {
        "lineNumber": 25,
        "author": {
          "gitId": "SibingWu"
        },
        "content": "import static duke.utils.Constants.EVENT_MARKER;"
      },
      {
        "lineNumber": 26,
        "author": {
          "gitId": "SibingWu"
        },
        "content": ""
      },
      {
        "lineNumber": 27,
        "author": {
          "gitId": "SibingWu"
        },
        "content": "public class Duke {"
      },
      {
        "lineNumber": 28,
        "author": {
          "gitId": "SibingWu"
        },
        "content": "    // a array to store user input task"
      },
      {
        "lineNumber": 29,
        "author": {
          "gitId": "SibingWu"
        },
        "content": "    private static List\u003cTask\u003e tasks \u003d new ArrayList\u003c\u003e();"
      },
      {
        "lineNumber": 30,
        "author": {
          "gitId": "SibingWu"
        },
        "content": ""
      },
      {
        "lineNumber": 31,
        "author": {
          "gitId": "SibingWu"
        },
        "content": "    private static String filePath \u003d \"data\" + File.separator + \"duke.txt\";"
      },
      {
        "lineNumber": 32,
        "author": {
          "gitId": "SibingWu"
        },
        "content": "    "
      },
      {
        "lineNumber": 33,
        "author": {
          "gitId": "-"
        },
        "content": "    public static void main(String[] args) {"
      },
      {
        "lineNumber": 34,
        "author": {
          "gitId": "SibingWu"
        },
        "content": "        displayWelcomeMessage();"
      },
      {
        "lineNumber": 35,
        "author": {
          "gitId": "SibingWu"
        },
        "content": ""
      },
      {
        "lineNumber": 36,
        "author": {
          "gitId": "SibingWu"
        },
        "content": "        // for debugging"
      },
      {
        "lineNumber": 37,
        "author": {
          "gitId": "SibingWu"
        },
        "content": "        // System.out.println(java.nio.file.Paths.get(\"\").toAbsolutePath().toString());"
      },
      {
        "lineNumber": 38,
        "author": {
          "gitId": "SibingWu"
        },
        "content": "        "
      },
      {
        "lineNumber": 39,
        "author": {
          "gitId": "SibingWu"
        },
        "content": "        try {"
      },
      {
        "lineNumber": 40,
        "author": {
          "gitId": "SibingWu"
        },
        "content": "            loadFileContents(filePath);"
      },
      {
        "lineNumber": 41,
        "author": {
          "gitId": "SibingWu"
        },
        "content": "        } catch (FileNotFoundException e) {"
      },
      {
        "lineNumber": 42,
        "author": {
          "gitId": "SibingWu"
        },
        "content": "            System.out.println(\"File not found\");"
      },
      {
        "lineNumber": 43,
        "author": {
          "gitId": "SibingWu"
        },
        "content": "        }"
      },
      {
        "lineNumber": 44,
        "author": {
          "gitId": "SibingWu"
        },
        "content": "        "
      },
      {
        "lineNumber": 45,
        "author": {
          "gitId": "SibingWu"
        },
        "content": "        Scanner in \u003d new Scanner(System.in);"
      },
      {
        "lineNumber": 46,
        "author": {
          "gitId": "SibingWu"
        },
        "content": "        String input \u003d null;"
      },
      {
        "lineNumber": 47,
        "author": {
          "gitId": "SibingWu"
        },
        "content": ""
      },
      {
        "lineNumber": 48,
        "author": {
          "gitId": "SibingWu"
        },
        "content": "        do {"
      },
      {
        "lineNumber": 49,
        "author": {
          "gitId": "SibingWu"
        },
        "content": "            input \u003d in.nextLine();"
      },
      {
        "lineNumber": 50,
        "author": {
          "gitId": "SibingWu"
        },
        "content": "            String[] split \u003d input.split(\"\\\\s+\", 2); // limit: the number of segments after split"
      },
      {
        "lineNumber": 51,
        "author": {
          "gitId": "SibingWu"
        },
        "content": "            String command \u003d split[0];"
      },
      {
        "lineNumber": 52,
        "author": {
          "gitId": "SibingWu"
        },
        "content": "            "
      },
      {
        "lineNumber": 53,
        "author": {
          "gitId": "SibingWu"
        },
        "content": "            switch (command) {"
      },
      {
        "lineNumber": 54,
        "author": {
          "gitId": "SibingWu"
        },
        "content": "            case LIST_COMMAND:"
      },
      {
        "lineNumber": 55,
        "author": {
          "gitId": "SibingWu"
        },
        "content": "                listTasks();"
      },
      {
        "lineNumber": 56,
        "author": {
          "gitId": "SibingWu"
        },
        "content": "                break;"
      },
      {
        "lineNumber": 57,
        "author": {
          "gitId": "SibingWu"
        },
        "content": "            case DONE_COMMAND:"
      },
      {
        "lineNumber": 58,
        "author": {
          "gitId": "SibingWu"
        },
        "content": "                try {"
      },
      {
        "lineNumber": 59,
        "author": {
          "gitId": "SibingWu"
        },
        "content": "                    markAsDone(Integer.parseInt(split[1].trim()));"
      },
      {
        "lineNumber": 60,
        "author": {
          "gitId": "SibingWu"
        },
        "content": "                    updateTasksToFile(filePath, tasks);"
      },
      {
        "lineNumber": 61,
        "author": {
          "gitId": "SibingWu"
        },
        "content": "                } catch (ArrayIndexOutOfBoundsException e) {"
      },
      {
        "lineNumber": 62,
        "author": {
          "gitId": "SibingWu"
        },
        "content": "                    displayEmptyDescriptionMessage(command);"
      },
      {
        "lineNumber": 63,
        "author": {
          "gitId": "SibingWu"
        },
        "content": "                } catch (NumberFormatException e) {"
      },
      {
        "lineNumber": 64,
        "author": {
          "gitId": "SibingWu"
        },
        "content": "                    displayInvalidTaskNumberMessage();"
      },
      {
        "lineNumber": 65,
        "author": {
          "gitId": "SibingWu"
        },
        "content": "                } catch (IOException e) {"
      },
      {
        "lineNumber": 66,
        "author": {
          "gitId": "SibingWu"
        },
        "content": "                    displayIOExceptionMessage(e);"
      },
      {
        "lineNumber": 67,
        "author": {
          "gitId": "SibingWu"
        },
        "content": "                } catch (ChatboxException e) {"
      },
      {
        "lineNumber": 68,
        "author": {
          "gitId": "SibingWu"
        },
        "content": "                    displayInvalidTaskNumberMessage();"
      },
      {
        "lineNumber": 69,
        "author": {
          "gitId": "SibingWu"
        },
        "content": "                }"
      },
      {
        "lineNumber": 70,
        "author": {
          "gitId": "SibingWu"
        },
        "content": "                break;"
      },
      {
        "lineNumber": 71,
        "author": {
          "gitId": "SibingWu"
        },
        "content": "            case DELETE_COMMAND:"
      },
      {
        "lineNumber": 72,
        "author": {
          "gitId": "SibingWu"
        },
        "content": "                try {"
      },
      {
        "lineNumber": 73,
        "author": {
          "gitId": "SibingWu"
        },
        "content": "                    deleteTask(Integer.parseInt(split[1].trim()));"
      },
      {
        "lineNumber": 74,
        "author": {
          "gitId": "SibingWu"
        },
        "content": "                    updateTasksToFile(filePath, tasks);"
      },
      {
        "lineNumber": 75,
        "author": {
          "gitId": "SibingWu"
        },
        "content": "                } catch (ArrayIndexOutOfBoundsException e) {"
      },
      {
        "lineNumber": 76,
        "author": {
          "gitId": "SibingWu"
        },
        "content": "                    displayEmptyDescriptionMessage(command);"
      },
      {
        "lineNumber": 77,
        "author": {
          "gitId": "SibingWu"
        },
        "content": "                } catch (NumberFormatException e) {"
      },
      {
        "lineNumber": 78,
        "author": {
          "gitId": "SibingWu"
        },
        "content": "                    displayInvalidTaskNumberMessage();"
      },
      {
        "lineNumber": 79,
        "author": {
          "gitId": "SibingWu"
        },
        "content": "                } catch (IOException e) {"
      },
      {
        "lineNumber": 80,
        "author": {
          "gitId": "SibingWu"
        },
        "content": "                    displayIOExceptionMessage(e);"
      },
      {
        "lineNumber": 81,
        "author": {
          "gitId": "SibingWu"
        },
        "content": "                } catch (ChatboxException e) {"
      },
      {
        "lineNumber": 82,
        "author": {
          "gitId": "SibingWu"
        },
        "content": "                    displayInvalidTaskNumberMessage();"
      },
      {
        "lineNumber": 83,
        "author": {
          "gitId": "SibingWu"
        },
        "content": "                }"
      },
      {
        "lineNumber": 84,
        "author": {
          "gitId": "SibingWu"
        },
        "content": "                break;"
      },
      {
        "lineNumber": 85,
        "author": {
          "gitId": "SibingWu"
        },
        "content": "            case TODO_COMMAND:"
      },
      {
        "lineNumber": 86,
        "author": {
          "gitId": "SibingWu"
        },
        "content": "                try {"
      },
      {
        "lineNumber": 87,
        "author": {
          "gitId": "SibingWu"
        },
        "content": "                    addTodo(split[1]);"
      },
      {
        "lineNumber": 88,
        "author": {
          "gitId": "SibingWu"
        },
        "content": "                    updateTasksToFile(filePath, tasks);"
      },
      {
        "lineNumber": 89,
        "author": {
          "gitId": "SibingWu"
        },
        "content": "                } catch (ArrayIndexOutOfBoundsException e) {"
      },
      {
        "lineNumber": 90,
        "author": {
          "gitId": "SibingWu"
        },
        "content": "                    displayEmptyDescriptionMessage(command);"
      },
      {
        "lineNumber": 91,
        "author": {
          "gitId": "SibingWu"
        },
        "content": "                } catch (IOException e) {"
      },
      {
        "lineNumber": 92,
        "author": {
          "gitId": "SibingWu"
        },
        "content": "                    displayIOExceptionMessage(e);"
      },
      {
        "lineNumber": 93,
        "author": {
          "gitId": "SibingWu"
        },
        "content": "                }"
      },
      {
        "lineNumber": 94,
        "author": {
          "gitId": "SibingWu"
        },
        "content": "                break;"
      },
      {
        "lineNumber": 95,
        "author": {
          "gitId": "SibingWu"
        },
        "content": "            case DEADLINE_COMMAND:"
      },
      {
        "lineNumber": 96,
        "author": {
          "gitId": "SibingWu"
        },
        "content": "                try {"
      },
      {
        "lineNumber": 97,
        "author": {
          "gitId": "SibingWu"
        },
        "content": "                    addDeadline(split[1]);"
      },
      {
        "lineNumber": 98,
        "author": {
          "gitId": "SibingWu"
        },
        "content": "                    updateTasksToFile(filePath, tasks);"
      },
      {
        "lineNumber": 99,
        "author": {
          "gitId": "SibingWu"
        },
        "content": "                } catch (ArrayIndexOutOfBoundsException e) {"
      },
      {
        "lineNumber": 100,
        "author": {
          "gitId": "SibingWu"
        },
        "content": "                    displayEmptyDescriptionMessage(command);"
      },
      {
        "lineNumber": 101,
        "author": {
          "gitId": "SibingWu"
        },
        "content": "                } catch (ChatboxException e) {"
      },
      {
        "lineNumber": 102,
        "author": {
          "gitId": "SibingWu"
        },
        "content": "                    displayTimeMissingMessage();"
      },
      {
        "lineNumber": 103,
        "author": {
          "gitId": "SibingWu"
        },
        "content": "                } catch (IOException e) {"
      },
      {
        "lineNumber": 104,
        "author": {
          "gitId": "SibingWu"
        },
        "content": "                    displayIOExceptionMessage(e);"
      },
      {
        "lineNumber": 105,
        "author": {
          "gitId": "SibingWu"
        },
        "content": "                }"
      },
      {
        "lineNumber": 106,
        "author": {
          "gitId": "SibingWu"
        },
        "content": "                break;"
      },
      {
        "lineNumber": 107,
        "author": {
          "gitId": "SibingWu"
        },
        "content": "            case EVENT_COMMAND:"
      },
      {
        "lineNumber": 108,
        "author": {
          "gitId": "SibingWu"
        },
        "content": "                try {"
      },
      {
        "lineNumber": 109,
        "author": {
          "gitId": "SibingWu"
        },
        "content": "                    addEvent(split[1]);"
      },
      {
        "lineNumber": 110,
        "author": {
          "gitId": "SibingWu"
        },
        "content": "                    updateTasksToFile(filePath, tasks);"
      },
      {
        "lineNumber": 111,
        "author": {
          "gitId": "SibingWu"
        },
        "content": "                } catch (ArrayIndexOutOfBoundsException e) {"
      },
      {
        "lineNumber": 112,
        "author": {
          "gitId": "SibingWu"
        },
        "content": "                    displayEmptyDescriptionMessage(command);"
      },
      {
        "lineNumber": 113,
        "author": {
          "gitId": "SibingWu"
        },
        "content": "                } catch (ChatboxException e) {"
      },
      {
        "lineNumber": 114,
        "author": {
          "gitId": "SibingWu"
        },
        "content": "                    displayTimeMissingMessage();"
      },
      {
        "lineNumber": 115,
        "author": {
          "gitId": "SibingWu"
        },
        "content": "                } catch (IOException e) {"
      },
      {
        "lineNumber": 116,
        "author": {
          "gitId": "SibingWu"
        },
        "content": "                    displayIOExceptionMessage(e);"
      },
      {
        "lineNumber": 117,
        "author": {
          "gitId": "SibingWu"
        },
        "content": "                }"
      },
      {
        "lineNumber": 118,
        "author": {
          "gitId": "SibingWu"
        },
        "content": "                break;"
      },
      {
        "lineNumber": 119,
        "author": {
          "gitId": "SibingWu"
        },
        "content": "            case BYE_COMMAND:"
      },
      {
        "lineNumber": 120,
        "author": {
          "gitId": "SibingWu"
        },
        "content": "                displayExitMessage();"
      },
      {
        "lineNumber": 121,
        "author": {
          "gitId": "SibingWu"
        },
        "content": "                break;"
      },
      {
        "lineNumber": 122,
        "author": {
          "gitId": "SibingWu"
        },
        "content": "            default:"
      },
      {
        "lineNumber": 123,
        "author": {
          "gitId": "SibingWu"
        },
        "content": "                displayCommandNotFoundMessage();"
      },
      {
        "lineNumber": 124,
        "author": {
          "gitId": "SibingWu"
        },
        "content": "                break;"
      },
      {
        "lineNumber": 125,
        "author": {
          "gitId": "SibingWu"
        },
        "content": "            }"
      },
      {
        "lineNumber": 126,
        "author": {
          "gitId": "SibingWu"
        },
        "content": "        } while (!input.equals(BYE_COMMAND));"
      },
      {
        "lineNumber": 127,
        "author": {
          "gitId": "-"
        },
        "content": "    }"
      },
      {
        "lineNumber": 128,
        "author": {
          "gitId": "SibingWu"
        },
        "content": ""
      },
      {
        "lineNumber": 129,
        "author": {
          "gitId": "SibingWu"
        },
        "content": "    private static void displayWelcomeMessage() {"
      },
      {
        "lineNumber": 130,
        "author": {
          "gitId": "SibingWu"
        },
        "content": "        String logo \u003d \" ____        _        \\n\""
      },
      {
        "lineNumber": 131,
        "author": {
          "gitId": "SibingWu"
        },
        "content": "                + \"|  _ \\\\ _   _| | _____ \\n\""
      },
      {
        "lineNumber": 132,
        "author": {
          "gitId": "SibingWu"
        },
        "content": "                + \"| | | | | | | |/ / _ \\\\\\n\""
      },
      {
        "lineNumber": 133,
        "author": {
          "gitId": "SibingWu"
        },
        "content": "                + \"| |_| | |_| |   \u003c  __/\\n\""
      },
      {
        "lineNumber": 134,
        "author": {
          "gitId": "SibingWu"
        },
        "content": "                + \"|____/ \\\\__,_|_|\\\\_\\\\___|\\n\";"
      },
      {
        "lineNumber": 135,
        "author": {
          "gitId": "SibingWu"
        },
        "content": "        System.out.println(\"Hello from\\n\" + logo);"
      },
      {
        "lineNumber": 136,
        "author": {
          "gitId": "SibingWu"
        },
        "content": ""
      },
      {
        "lineNumber": 137,
        "author": {
          "gitId": "SibingWu"
        },
        "content": "        System.out.println(\"Hello! I\u0027m Duke\");"
      },
      {
        "lineNumber": 138,
        "author": {
          "gitId": "SibingWu"
        },
        "content": "        System.out.println(\"What can I do for you?\\n\");"
      },
      {
        "lineNumber": 139,
        "author": {
          "gitId": "SibingWu"
        },
        "content": "    }"
      },
      {
        "lineNumber": 140,
        "author": {
          "gitId": "SibingWu"
        },
        "content": ""
      },
      {
        "lineNumber": 141,
        "author": {
          "gitId": "SibingWu"
        },
        "content": "    private static void listTasks() {"
      },
      {
        "lineNumber": 142,
        "author": {
          "gitId": "SibingWu"
        },
        "content": "        System.out.println(\"Here are the tasks in your list:\");"
      },
      {
        "lineNumber": 143,
        "author": {
          "gitId": "SibingWu"
        },
        "content": "        for (int i \u003d 0; i \u003c tasks.size(); i++) {"
      },
      {
        "lineNumber": 144,
        "author": {
          "gitId": "SibingWu"
        },
        "content": "            Task task \u003d tasks.get(i);"
      },
      {
        "lineNumber": 145,
        "author": {
          "gitId": "SibingWu"
        },
        "content": "            System.out.print(String.format(\"%d.\", i + 1));"
      },
      {
        "lineNumber": 146,
        "author": {
          "gitId": "SibingWu"
        },
        "content": "            System.out.println(task);"
      },
      {
        "lineNumber": 147,
        "author": {
          "gitId": "SibingWu"
        },
        "content": "        }"
      },
      {
        "lineNumber": 148,
        "author": {
          "gitId": "SibingWu"
        },
        "content": "    }"
      },
      {
        "lineNumber": 149,
        "author": {
          "gitId": "SibingWu"
        },
        "content": ""
      },
      {
        "lineNumber": 150,
        "author": {
          "gitId": "SibingWu"
        },
        "content": "    private static void markAsDone(int taskNumber) throws ChatboxException {"
      },
      {
        "lineNumber": 151,
        "author": {
          "gitId": "SibingWu"
        },
        "content": "        if (taskNumber \u003e tasks.size() || taskNumber \u003c\u003d 0) {"
      },
      {
        "lineNumber": 152,
        "author": {
          "gitId": "SibingWu"
        },
        "content": "            throw new ChatboxException();"
      },
      {
        "lineNumber": 153,
        "author": {
          "gitId": "SibingWu"
        },
        "content": "        }"
      },
      {
        "lineNumber": 154,
        "author": {
          "gitId": "SibingWu"
        },
        "content": "        Task task \u003d tasks.get(taskNumber - 1);"
      },
      {
        "lineNumber": 155,
        "author": {
          "gitId": "SibingWu"
        },
        "content": "        task.markAsDone();"
      },
      {
        "lineNumber": 156,
        "author": {
          "gitId": "SibingWu"
        },
        "content": "        System.out.println(\"Nice! I\u0027ve marked this task as done:\");"
      },
      {
        "lineNumber": 157,
        "author": {
          "gitId": "SibingWu"
        },
        "content": "        System.out.print(\"  \");"
      },
      {
        "lineNumber": 158,
        "author": {
          "gitId": "SibingWu"
        },
        "content": "        System.out.println(task);"
      },
      {
        "lineNumber": 159,
        "author": {
          "gitId": "SibingWu"
        },
        "content": "    }"
      },
      {
        "lineNumber": 160,
        "author": {
          "gitId": "SibingWu"
        },
        "content": "    "
      },
      {
        "lineNumber": 161,
        "author": {
          "gitId": "SibingWu"
        },
        "content": "    private static void deleteTask(int taskNumber) throws ChatboxException {"
      },
      {
        "lineNumber": 162,
        "author": {
          "gitId": "SibingWu"
        },
        "content": "        if (taskNumber \u003e tasks.size() || taskNumber \u003c\u003d 0) {"
      },
      {
        "lineNumber": 163,
        "author": {
          "gitId": "SibingWu"
        },
        "content": "            throw new ChatboxException();"
      },
      {
        "lineNumber": 164,
        "author": {
          "gitId": "SibingWu"
        },
        "content": "        }"
      },
      {
        "lineNumber": 165,
        "author": {
          "gitId": "SibingWu"
        },
        "content": "        "
      },
      {
        "lineNumber": 166,
        "author": {
          "gitId": "SibingWu"
        },
        "content": "        System.out.println(\"Noted. I\u0027ve removed this task: \");"
      },
      {
        "lineNumber": 167,
        "author": {
          "gitId": "SibingWu"
        },
        "content": "        System.out.print(\"  \");"
      },
      {
        "lineNumber": 168,
        "author": {
          "gitId": "SibingWu"
        },
        "content": "        System.out.println(tasks.get(taskNumber - 1));"
      },
      {
        "lineNumber": 169,
        "author": {
          "gitId": "SibingWu"
        },
        "content": "        tasks.remove(taskNumber - 1);"
      },
      {
        "lineNumber": 170,
        "author": {
          "gitId": "SibingWu"
        },
        "content": "        System.out.println(String.format(\"Now you have %d tasks in the list.\", tasks.size()));"
      },
      {
        "lineNumber": 171,
        "author": {
          "gitId": "SibingWu"
        },
        "content": "    }"
      },
      {
        "lineNumber": 172,
        "author": {
          "gitId": "SibingWu"
        },
        "content": ""
      },
      {
        "lineNumber": 173,
        "author": {
          "gitId": "SibingWu"
        },
        "content": "    private static void displayInvalidTaskNumberMessage() {"
      },
      {
        "lineNumber": 174,
        "author": {
          "gitId": "SibingWu"
        },
        "content": "        System.out.println(\"Please enter a valid task number~\");"
      },
      {
        "lineNumber": 175,
        "author": {
          "gitId": "SibingWu"
        },
        "content": "    }"
      },
      {
        "lineNumber": 176,
        "author": {
          "gitId": "SibingWu"
        },
        "content": "    "
      },
      {
        "lineNumber": 177,
        "author": {
          "gitId": "SibingWu"
        },
        "content": "    private static void addTodo(String description) {"
      },
      {
        "lineNumber": 178,
        "author": {
          "gitId": "SibingWu"
        },
        "content": "        String taskDescription \u003d description.trim();"
      },
      {
        "lineNumber": 179,
        "author": {
          "gitId": "SibingWu"
        },
        "content": "        Task task \u003d new Todo(taskDescription);"
      },
      {
        "lineNumber": 180,
        "author": {
          "gitId": "SibingWu"
        },
        "content": "        tasks.add(task);"
      },
      {
        "lineNumber": 181,
        "author": {
          "gitId": "SibingWu"
        },
        "content": "        displayAddTaskMessage(task);"
      },
      {
        "lineNumber": 182,
        "author": {
          "gitId": "SibingWu"
        },
        "content": "    }"
      },
      {
        "lineNumber": 183,
        "author": {
          "gitId": "SibingWu"
        },
        "content": "    "
      },
      {
        "lineNumber": 184,
        "author": {
          "gitId": "SibingWu"
        },
        "content": "    private static void addDeadline(String description) throws ChatboxException {"
      },
      {
        "lineNumber": 185,
        "author": {
          "gitId": "SibingWu"
        },
        "content": "        String[] taskBy \u003d description.split(DEADLINE_MARKER);"
      },
      {
        "lineNumber": 186,
        "author": {
          "gitId": "SibingWu"
        },
        "content": "        "
      },
      {
        "lineNumber": 187,
        "author": {
          "gitId": "SibingWu"
        },
        "content": "        if (taskBy.length !\u003d 2) {"
      },
      {
        "lineNumber": 188,
        "author": {
          "gitId": "SibingWu"
        },
        "content": "            throw new ChatboxException();"
      },
      {
        "lineNumber": 189,
        "author": {
          "gitId": "SibingWu"
        },
        "content": "        }"
      },
      {
        "lineNumber": 190,
        "author": {
          "gitId": "SibingWu"
        },
        "content": "        "
      },
      {
        "lineNumber": 191,
        "author": {
          "gitId": "SibingWu"
        },
        "content": "        String taskDescription \u003d taskBy[0].trim();"
      },
      {
        "lineNumber": 192,
        "author": {
          "gitId": "SibingWu"
        },
        "content": "        String by \u003d taskBy[1].trim();"
      },
      {
        "lineNumber": 193,
        "author": {
          "gitId": "SibingWu"
        },
        "content": "        Task task \u003d new Deadline(taskDescription, by);"
      },
      {
        "lineNumber": 194,
        "author": {
          "gitId": "SibingWu"
        },
        "content": "        tasks.add(task);"
      },
      {
        "lineNumber": 195,
        "author": {
          "gitId": "SibingWu"
        },
        "content": "        displayAddTaskMessage(task);"
      },
      {
        "lineNumber": 196,
        "author": {
          "gitId": "SibingWu"
        },
        "content": "    }"
      },
      {
        "lineNumber": 197,
        "author": {
          "gitId": "SibingWu"
        },
        "content": "    "
      },
      {
        "lineNumber": 198,
        "author": {
          "gitId": "SibingWu"
        },
        "content": "    private static void addEvent(String description) throws ChatboxException {"
      },
      {
        "lineNumber": 199,
        "author": {
          "gitId": "SibingWu"
        },
        "content": "        String[] taskAt \u003d description.split(EVENT_MARKER);"
      },
      {
        "lineNumber": 200,
        "author": {
          "gitId": "SibingWu"
        },
        "content": "        "
      },
      {
        "lineNumber": 201,
        "author": {
          "gitId": "SibingWu"
        },
        "content": "        if (taskAt.length !\u003d 2) {"
      },
      {
        "lineNumber": 202,
        "author": {
          "gitId": "SibingWu"
        },
        "content": "            throw new ChatboxException();"
      },
      {
        "lineNumber": 203,
        "author": {
          "gitId": "SibingWu"
        },
        "content": "        }"
      },
      {
        "lineNumber": 204,
        "author": {
          "gitId": "SibingWu"
        },
        "content": "        "
      },
      {
        "lineNumber": 205,
        "author": {
          "gitId": "SibingWu"
        },
        "content": "        String taskDescription \u003d taskAt[0].trim();"
      },
      {
        "lineNumber": 206,
        "author": {
          "gitId": "SibingWu"
        },
        "content": "        String at \u003d taskAt[1].trim();"
      },
      {
        "lineNumber": 207,
        "author": {
          "gitId": "SibingWu"
        },
        "content": "        Task task \u003d new Event(taskDescription, at);"
      },
      {
        "lineNumber": 208,
        "author": {
          "gitId": "SibingWu"
        },
        "content": "        tasks.add(task);"
      },
      {
        "lineNumber": 209,
        "author": {
          "gitId": "SibingWu"
        },
        "content": "        displayAddTaskMessage(task);"
      },
      {
        "lineNumber": 210,
        "author": {
          "gitId": "SibingWu"
        },
        "content": "    }"
      },
      {
        "lineNumber": 211,
        "author": {
          "gitId": "SibingWu"
        },
        "content": ""
      },
      {
        "lineNumber": 212,
        "author": {
          "gitId": "SibingWu"
        },
        "content": "    private static void displayAddTaskMessage(Task task) {"
      },
      {
        "lineNumber": 213,
        "author": {
          "gitId": "SibingWu"
        },
        "content": "        System.out.println(\"Got it. I\u0027ve added this task:\");"
      },
      {
        "lineNumber": 214,
        "author": {
          "gitId": "SibingWu"
        },
        "content": "        System.out.print(\"  \");"
      },
      {
        "lineNumber": 215,
        "author": {
          "gitId": "SibingWu"
        },
        "content": "        System.out.println(task);"
      },
      {
        "lineNumber": 216,
        "author": {
          "gitId": "SibingWu"
        },
        "content": "        System.out.println(String.format(\"Now you have %d tasks in the list.\", tasks.size()));"
      },
      {
        "lineNumber": 217,
        "author": {
          "gitId": "SibingWu"
        },
        "content": "    }"
      },
      {
        "lineNumber": 218,
        "author": {
          "gitId": "SibingWu"
        },
        "content": ""
      },
      {
        "lineNumber": 219,
        "author": {
          "gitId": "SibingWu"
        },
        "content": "    private static void displayExitMessage() {"
      },
      {
        "lineNumber": 220,
        "author": {
          "gitId": "SibingWu"
        },
        "content": "        System.out.println(\"Bye. Hope to see you again soon!\");"
      },
      {
        "lineNumber": 221,
        "author": {
          "gitId": "SibingWu"
        },
        "content": "    }"
      },
      {
        "lineNumber": 222,
        "author": {
          "gitId": "SibingWu"
        },
        "content": ""
      },
      {
        "lineNumber": 223,
        "author": {
          "gitId": "SibingWu"
        },
        "content": "    private static void displayCommandNotFoundMessage() {"
      },
      {
        "lineNumber": 224,
        "author": {
          "gitId": "SibingWu"
        },
        "content": "        System.out.println(\"OOPS!!! I\u0027m sorry, but I don\u0027t know what that means :-(\");"
      },
      {
        "lineNumber": 225,
        "author": {
          "gitId": "SibingWu"
        },
        "content": "    }"
      },
      {
        "lineNumber": 226,
        "author": {
          "gitId": "SibingWu"
        },
        "content": ""
      },
      {
        "lineNumber": 227,
        "author": {
          "gitId": "SibingWu"
        },
        "content": "    private static void displayEmptyDescriptionMessage(String command) {"
      },
      {
        "lineNumber": 228,
        "author": {
          "gitId": "SibingWu"
        },
        "content": "        System.out.println(String.format(\"OOPS!!! The description of a %s cannot be empty.\", command));"
      },
      {
        "lineNumber": 229,
        "author": {
          "gitId": "SibingWu"
        },
        "content": "    }"
      },
      {
        "lineNumber": 230,
        "author": {
          "gitId": "SibingWu"
        },
        "content": "    "
      },
      {
        "lineNumber": 231,
        "author": {
          "gitId": "SibingWu"
        },
        "content": "    private static void displayTimeMissingMessage() {"
      },
      {
        "lineNumber": 232,
        "author": {
          "gitId": "SibingWu"
        },
        "content": "        System.out.println(\"Oops! Time is missing!\");"
      },
      {
        "lineNumber": 233,
        "author": {
          "gitId": "SibingWu"
        },
        "content": "    }"
      },
      {
        "lineNumber": 234,
        "author": {
          "gitId": "SibingWu"
        },
        "content": "    "
      },
      {
        "lineNumber": 235,
        "author": {
          "gitId": "SibingWu"
        },
        "content": "    private static void displayIOExceptionMessage(IOException e) {"
      },
      {
        "lineNumber": 236,
        "author": {
          "gitId": "SibingWu"
        },
        "content": "        System.out.println(\"Something went wrong: \" + e.getMessage());"
      },
      {
        "lineNumber": 237,
        "author": {
          "gitId": "SibingWu"
        },
        "content": "    }"
      },
      {
        "lineNumber": 238,
        "author": {
          "gitId": "SibingWu"
        },
        "content": ""
      },
      {
        "lineNumber": 239,
        "author": {
          "gitId": "SibingWu"
        },
        "content": "    private static void loadFileContents(String filePath) throws FileNotFoundException {"
      },
      {
        "lineNumber": 240,
        "author": {
          "gitId": "SibingWu"
        },
        "content": "        File f \u003d new File(filePath); // create a File for the given file path"
      },
      {
        "lineNumber": 241,
        "author": {
          "gitId": "SibingWu"
        },
        "content": "        Scanner s \u003d new Scanner(f); // create a Scanner using the File as the source"
      },
      {
        "lineNumber": 242,
        "author": {
          "gitId": "SibingWu"
        },
        "content": "        System.out.println(\"Tasks on the list: \");"
      },
      {
        "lineNumber": 243,
        "author": {
          "gitId": "SibingWu"
        },
        "content": "        if (!s.hasNext()) {"
      },
      {
        "lineNumber": 244,
        "author": {
          "gitId": "SibingWu"
        },
        "content": "            System.out.println(\"Empty list\");"
      },
      {
        "lineNumber": 245,
        "author": {
          "gitId": "SibingWu"
        },
        "content": "        }"
      },
      {
        "lineNumber": 246,
        "author": {
          "gitId": "SibingWu"
        },
        "content": "        "
      },
      {
        "lineNumber": 247,
        "author": {
          "gitId": "SibingWu"
        },
        "content": "        while (s.hasNext()) {"
      },
      {
        "lineNumber": 248,
        "author": {
          "gitId": "SibingWu"
        },
        "content": "            String taskLine \u003d s.nextLine();"
      },
      {
        "lineNumber": 249,
        "author": {
          "gitId": "SibingWu"
        },
        "content": "            System.out.println(taskLine);"
      },
      {
        "lineNumber": 250,
        "author": {
          "gitId": "SibingWu"
        },
        "content": "            saveStringtoTask(taskLine);"
      },
      {
        "lineNumber": 251,
        "author": {
          "gitId": "SibingWu"
        },
        "content": "        }"
      },
      {
        "lineNumber": 252,
        "author": {
          "gitId": "SibingWu"
        },
        "content": "    }"
      },
      {
        "lineNumber": 253,
        "author": {
          "gitId": "SibingWu"
        },
        "content": "    "
      },
      {
        "lineNumber": 254,
        "author": {
          "gitId": "SibingWu"
        },
        "content": "    private static void updateTasksToFile(String filePath, List\u003cTask\u003e tasks) throws IOException {"
      },
      {
        "lineNumber": 255,
        "author": {
          "gitId": "SibingWu"
        },
        "content": "        FileWriter fw \u003d new FileWriter(filePath);"
      },
      {
        "lineNumber": 256,
        "author": {
          "gitId": "SibingWu"
        },
        "content": "        for (Task task: tasks) {"
      },
      {
        "lineNumber": 257,
        "author": {
          "gitId": "SibingWu"
        },
        "content": "            fw.write(task.getFileString() + System.lineSeparator());"
      },
      {
        "lineNumber": 258,
        "author": {
          "gitId": "SibingWu"
        },
        "content": "        }"
      },
      {
        "lineNumber": 259,
        "author": {
          "gitId": "SibingWu"
        },
        "content": "        fw.close();"
      },
      {
        "lineNumber": 260,
        "author": {
          "gitId": "SibingWu"
        },
        "content": "    }"
      },
      {
        "lineNumber": 261,
        "author": {
          "gitId": "SibingWu"
        },
        "content": "    "
      },
      {
        "lineNumber": 262,
        "author": {
          "gitId": "SibingWu"
        },
        "content": "    private static void saveStringtoTask(String fileLine) {"
      },
      {
        "lineNumber": 263,
        "author": {
          "gitId": "SibingWu"
        },
        "content": "        String[] arrays \u003d fileLine.split(\"\\\\|\");"
      },
      {
        "lineNumber": 264,
        "author": {
          "gitId": "SibingWu"
        },
        "content": "        String type \u003d arrays[0].trim();"
      },
      {
        "lineNumber": 265,
        "author": {
          "gitId": "SibingWu"
        },
        "content": "        String isDone \u003d arrays[1].trim();"
      },
      {
        "lineNumber": 266,
        "author": {
          "gitId": "SibingWu"
        },
        "content": "        String description \u003d arrays[2].trim();"
      },
      {
        "lineNumber": 267,
        "author": {
          "gitId": "SibingWu"
        },
        "content": "        switch (type) {"
      },
      {
        "lineNumber": 268,
        "author": {
          "gitId": "SibingWu"
        },
        "content": "        case \"T\":"
      },
      {
        "lineNumber": 269,
        "author": {
          "gitId": "SibingWu"
        },
        "content": "            Task todo \u003d new Todo(description);"
      },
      {
        "lineNumber": 270,
        "author": {
          "gitId": "SibingWu"
        },
        "content": "            if (isDone \u003d\u003d \"1\") {"
      },
      {
        "lineNumber": 271,
        "author": {
          "gitId": "SibingWu"
        },
        "content": "                todo.markAsDone();"
      },
      {
        "lineNumber": 272,
        "author": {
          "gitId": "SibingWu"
        },
        "content": "            }"
      },
      {
        "lineNumber": 273,
        "author": {
          "gitId": "SibingWu"
        },
        "content": "            tasks.add(todo);"
      },
      {
        "lineNumber": 274,
        "author": {
          "gitId": "SibingWu"
        },
        "content": "            break;"
      },
      {
        "lineNumber": 275,
        "author": {
          "gitId": "SibingWu"
        },
        "content": "        case \"D\":"
      },
      {
        "lineNumber": 276,
        "author": {
          "gitId": "SibingWu"
        },
        "content": "            String by \u003d arrays[3].trim();"
      },
      {
        "lineNumber": 277,
        "author": {
          "gitId": "SibingWu"
        },
        "content": "            Task deadline \u003d new Deadline(description, by);"
      },
      {
        "lineNumber": 278,
        "author": {
          "gitId": "SibingWu"
        },
        "content": "            if (isDone \u003d\u003d \"1\") {"
      },
      {
        "lineNumber": 279,
        "author": {
          "gitId": "SibingWu"
        },
        "content": "                deadline.markAsDone();"
      },
      {
        "lineNumber": 280,
        "author": {
          "gitId": "SibingWu"
        },
        "content": "            }"
      },
      {
        "lineNumber": 281,
        "author": {
          "gitId": "SibingWu"
        },
        "content": "            tasks.add(deadline);"
      },
      {
        "lineNumber": 282,
        "author": {
          "gitId": "SibingWu"
        },
        "content": "            break;"
      },
      {
        "lineNumber": 283,
        "author": {
          "gitId": "SibingWu"
        },
        "content": "        case \"E\":"
      },
      {
        "lineNumber": 284,
        "author": {
          "gitId": "SibingWu"
        },
        "content": "            String at \u003d arrays[3].trim();"
      },
      {
        "lineNumber": 285,
        "author": {
          "gitId": "SibingWu"
        },
        "content": "            Task event \u003d new Event(description, at);"
      },
      {
        "lineNumber": 286,
        "author": {
          "gitId": "SibingWu"
        },
        "content": "            if (isDone \u003d\u003d \"1\") {"
      },
      {
        "lineNumber": 287,
        "author": {
          "gitId": "SibingWu"
        },
        "content": "                event.markAsDone();"
      },
      {
        "lineNumber": 288,
        "author": {
          "gitId": "SibingWu"
        },
        "content": "            }"
      },
      {
        "lineNumber": 289,
        "author": {
          "gitId": "SibingWu"
        },
        "content": "            tasks.add(event);"
      },
      {
        "lineNumber": 290,
        "author": {
          "gitId": "SibingWu"
        },
        "content": "            break;"
      },
      {
        "lineNumber": 291,
        "author": {
          "gitId": "SibingWu"
        },
        "content": "        }"
      },
      {
        "lineNumber": 292,
        "author": {
          "gitId": "SibingWu"
        },
        "content": "    }"
      },
      {
        "lineNumber": 293,
        "author": {
          "gitId": "-"
        },
        "content": "}"
      }
    ],
    "authorContributionMap": {
      "-": 3,
      "SibingWu": 290
    }
  },
  {
    "path": "src/main/java/duke/exceptions/ChatboxException.java",
    "fileType": "java",
    "lines": [
      {
        "lineNumber": 1,
        "author": {
          "gitId": "SibingWu"
        },
        "content": "package duke.exceptions;"
      },
      {
        "lineNumber": 2,
        "author": {
          "gitId": "SibingWu"
        },
        "content": ""
      },
      {
        "lineNumber": 3,
        "author": {
          "gitId": "SibingWu"
        },
        "content": "public class ChatboxException extends Exception {"
      },
      {
        "lineNumber": 4,
        "author": {
          "gitId": "SibingWu"
        },
        "content": "}"
      }
    ],
    "authorContributionMap": {
      "SibingWu": 4
    }
  },
  {
    "path": "src/main/java/duke/tasks/Deadline.java",
    "fileType": "java",
    "lines": [
      {
        "lineNumber": 1,
        "author": {
          "gitId": "SibingWu"
        },
        "content": "package duke.tasks;"
      },
      {
        "lineNumber": 2,
        "author": {
          "gitId": "SibingWu"
        },
        "content": ""
      },
      {
        "lineNumber": 3,
        "author": {
          "gitId": "SibingWu"
        },
        "content": "public class Deadline extends Task {"
      },
      {
        "lineNumber": 4,
        "author": {
          "gitId": "SibingWu"
        },
        "content": "    protected String by;"
      },
      {
        "lineNumber": 5,
        "author": {
          "gitId": "SibingWu"
        },
        "content": ""
      },
      {
        "lineNumber": 6,
        "author": {
          "gitId": "SibingWu"
        },
        "content": "    public Deadline(String description, String by) {"
      },
      {
        "lineNumber": 7,
        "author": {
          "gitId": "SibingWu"
        },
        "content": "        super(description);"
      },
      {
        "lineNumber": 8,
        "author": {
          "gitId": "SibingWu"
        },
        "content": "        this.by \u003d by;"
      },
      {
        "lineNumber": 9,
        "author": {
          "gitId": "SibingWu"
        },
        "content": "        this.type \u003d \"D\";"
      },
      {
        "lineNumber": 10,
        "author": {
          "gitId": "SibingWu"
        },
        "content": "    }"
      },
      {
        "lineNumber": 11,
        "author": {
          "gitId": "SibingWu"
        },
        "content": ""
      },
      {
        "lineNumber": 12,
        "author": {
          "gitId": "SibingWu"
        },
        "content": "    @Override"
      },
      {
        "lineNumber": 13,
        "author": {
          "gitId": "SibingWu"
        },
        "content": "    public String toString() {"
      },
      {
        "lineNumber": 14,
        "author": {
          "gitId": "SibingWu"
        },
        "content": "        return String.format(\"[%s]%s (by: %s)\", this.type, super.toString(), by);"
      },
      {
        "lineNumber": 15,
        "author": {
          "gitId": "SibingWu"
        },
        "content": "    }"
      },
      {
        "lineNumber": 16,
        "author": {
          "gitId": "SibingWu"
        },
        "content": "    "
      },
      {
        "lineNumber": 17,
        "author": {
          "gitId": "SibingWu"
        },
        "content": "    @Override"
      },
      {
        "lineNumber": 18,
        "author": {
          "gitId": "SibingWu"
        },
        "content": "    public String getFileString() {"
      },
      {
        "lineNumber": 19,
        "author": {
          "gitId": "SibingWu"
        },
        "content": "        return String.format(\"%s | %d | %s | %s\", type, isDone ? 1 : 0, description, by);"
      },
      {
        "lineNumber": 20,
        "author": {
          "gitId": "SibingWu"
        },
        "content": "    }"
      },
      {
        "lineNumber": 21,
        "author": {
          "gitId": "SibingWu"
        },
        "content": "}"
      }
    ],
    "authorContributionMap": {
      "SibingWu": 21
    }
  },
  {
    "path": "src/main/java/duke/tasks/Event.java",
    "fileType": "java",
    "lines": [
      {
        "lineNumber": 1,
        "author": {
          "gitId": "SibingWu"
        },
        "content": "package duke.tasks;"
      },
      {
        "lineNumber": 2,
        "author": {
          "gitId": "SibingWu"
        },
        "content": ""
      },
      {
        "lineNumber": 3,
        "author": {
          "gitId": "SibingWu"
        },
        "content": "public class Event extends Task {"
      },
      {
        "lineNumber": 4,
        "author": {
          "gitId": "SibingWu"
        },
        "content": "    protected String at;"
      },
      {
        "lineNumber": 5,
        "author": {
          "gitId": "SibingWu"
        },
        "content": ""
      },
      {
        "lineNumber": 6,
        "author": {
          "gitId": "SibingWu"
        },
        "content": "    public Event(String description, String at) {"
      },
      {
        "lineNumber": 7,
        "author": {
          "gitId": "SibingWu"
        },
        "content": "        super(description);"
      },
      {
        "lineNumber": 8,
        "author": {
          "gitId": "SibingWu"
        },
        "content": "        this.at \u003d at;"
      },
      {
        "lineNumber": 9,
        "author": {
          "gitId": "SibingWu"
        },
        "content": "        this.type \u003d \"E\";"
      },
      {
        "lineNumber": 10,
        "author": {
          "gitId": "SibingWu"
        },
        "content": "    }"
      },
      {
        "lineNumber": 11,
        "author": {
          "gitId": "SibingWu"
        },
        "content": ""
      },
      {
        "lineNumber": 12,
        "author": {
          "gitId": "SibingWu"
        },
        "content": "    @Override"
      },
      {
        "lineNumber": 13,
        "author": {
          "gitId": "SibingWu"
        },
        "content": "    public String toString() {"
      },
      {
        "lineNumber": 14,
        "author": {
          "gitId": "SibingWu"
        },
        "content": "        return String.format(\"[%s]%s (at: %s)\", this.type, super.toString(), at);"
      },
      {
        "lineNumber": 15,
        "author": {
          "gitId": "SibingWu"
        },
        "content": "    }"
      },
      {
        "lineNumber": 16,
        "author": {
          "gitId": "SibingWu"
        },
        "content": "    "
      },
      {
        "lineNumber": 17,
        "author": {
          "gitId": "SibingWu"
        },
        "content": "    @Override"
      },
      {
        "lineNumber": 18,
        "author": {
          "gitId": "SibingWu"
        },
        "content": "    public String getFileString() {"
      },
      {
        "lineNumber": 19,
        "author": {
          "gitId": "SibingWu"
        },
        "content": "        return String.format(\"%s | %d | %s | %s\", type, isDone ? 1 : 0, description, at);"
      },
      {
        "lineNumber": 20,
        "author": {
          "gitId": "SibingWu"
        },
        "content": "    }"
      },
      {
        "lineNumber": 21,
        "author": {
          "gitId": "SibingWu"
        },
        "content": "}"
      }
    ],
    "authorContributionMap": {
      "SibingWu": 21
    }
  },
  {
    "path": "src/main/java/duke/tasks/Task.java",
    "fileType": "java",
    "lines": [
      {
        "lineNumber": 1,
        "author": {
          "gitId": "SibingWu"
        },
        "content": "package duke.tasks;"
      },
      {
        "lineNumber": 2,
        "author": {
          "gitId": "SibingWu"
        },
        "content": ""
      },
      {
        "lineNumber": 3,
        "author": {
          "gitId": "SibingWu"
        },
        "content": "import static duke.utils.Constants.YES_ICON;"
      },
      {
        "lineNumber": 4,
        "author": {
          "gitId": "SibingWu"
        },
        "content": "import static duke.utils.Constants.NO_ICON;"
      },
      {
        "lineNumber": 5,
        "author": {
          "gitId": "SibingWu"
        },
        "content": ""
      },
      {
        "lineNumber": 6,
        "author": {
          "gitId": "SibingWu"
        },
        "content": "public abstract class Task {"
      },
      {
        "lineNumber": 7,
        "author": {
          "gitId": "SibingWu"
        },
        "content": "    protected String description;"
      },
      {
        "lineNumber": 8,
        "author": {
          "gitId": "SibingWu"
        },
        "content": "    protected boolean isDone;"
      },
      {
        "lineNumber": 9,
        "author": {
          "gitId": "SibingWu"
        },
        "content": "    protected String type; // to be assigned in subclasses"
      },
      {
        "lineNumber": 10,
        "author": {
          "gitId": "SibingWu"
        },
        "content": ""
      },
      {
        "lineNumber": 11,
        "author": {
          "gitId": "SibingWu"
        },
        "content": "    public Task(String description) {"
      },
      {
        "lineNumber": 12,
        "author": {
          "gitId": "SibingWu"
        },
        "content": "        this.description \u003d description;"
      },
      {
        "lineNumber": 13,
        "author": {
          "gitId": "SibingWu"
        },
        "content": "        this.isDone \u003d false;"
      },
      {
        "lineNumber": 14,
        "author": {
          "gitId": "SibingWu"
        },
        "content": "    }"
      },
      {
        "lineNumber": 15,
        "author": {
          "gitId": "SibingWu"
        },
        "content": "    "
      },
      {
        "lineNumber": 16,
        "author": {
          "gitId": "SibingWu"
        },
        "content": "    public String getStatusIcon() {"
      },
      {
        "lineNumber": 17,
        "author": {
          "gitId": "SibingWu"
        },
        "content": "        return (isDone ? YES_ICON : NO_ICON); // return tick or X symbols"
      },
      {
        "lineNumber": 18,
        "author": {
          "gitId": "SibingWu"
        },
        "content": "    }"
      },
      {
        "lineNumber": 19,
        "author": {
          "gitId": "SibingWu"
        },
        "content": ""
      },
      {
        "lineNumber": 20,
        "author": {
          "gitId": "SibingWu"
        },
        "content": "    public String toString() {"
      },
      {
        "lineNumber": 21,
        "author": {
          "gitId": "SibingWu"
        },
        "content": "        return String.format(\"[%s] %s\", getStatusIcon(), description);"
      },
      {
        "lineNumber": 22,
        "author": {
          "gitId": "SibingWu"
        },
        "content": "    }"
      },
      {
        "lineNumber": 23,
        "author": {
          "gitId": "SibingWu"
        },
        "content": ""
      },
      {
        "lineNumber": 24,
        "author": {
          "gitId": "SibingWu"
        },
        "content": "    public boolean isDone() {"
      },
      {
        "lineNumber": 25,
        "author": {
          "gitId": "SibingWu"
        },
        "content": "        return this.isDone;"
      },
      {
        "lineNumber": 26,
        "author": {
          "gitId": "SibingWu"
        },
        "content": "    }"
      },
      {
        "lineNumber": 27,
        "author": {
          "gitId": "SibingWu"
        },
        "content": ""
      },
      {
        "lineNumber": 28,
        "author": {
          "gitId": "SibingWu"
        },
        "content": "    public void markAsDone() {"
      },
      {
        "lineNumber": 29,
        "author": {
          "gitId": "SibingWu"
        },
        "content": "        isDone \u003d true;"
      },
      {
        "lineNumber": 30,
        "author": {
          "gitId": "SibingWu"
        },
        "content": "    }"
      },
      {
        "lineNumber": 31,
        "author": {
          "gitId": "SibingWu"
        },
        "content": "    "
      },
      {
        "lineNumber": 32,
        "author": {
          "gitId": "SibingWu"
        },
        "content": "    public String getType() {"
      },
      {
        "lineNumber": 33,
        "author": {
          "gitId": "SibingWu"
        },
        "content": "        return type;"
      },
      {
        "lineNumber": 34,
        "author": {
          "gitId": "SibingWu"
        },
        "content": "    }"
      },
      {
        "lineNumber": 35,
        "author": {
          "gitId": "SibingWu"
        },
        "content": "    "
      },
      {
        "lineNumber": 36,
        "author": {
          "gitId": "SibingWu"
        },
        "content": "    public abstract String getFileString();"
      },
      {
        "lineNumber": 37,
        "author": {
          "gitId": "SibingWu"
        },
        "content": "}"
      }
    ],
    "authorContributionMap": {
      "SibingWu": 37
    }
  },
  {
    "path": "src/main/java/duke/tasks/Todo.java",
    "fileType": "java",
    "lines": [
      {
        "lineNumber": 1,
        "author": {
          "gitId": "SibingWu"
        },
        "content": "package duke.tasks;"
      },
      {
        "lineNumber": 2,
        "author": {
          "gitId": "SibingWu"
        },
        "content": ""
      },
      {
        "lineNumber": 3,
        "author": {
          "gitId": "SibingWu"
        },
        "content": "public class Todo extends Task {"
      },
      {
        "lineNumber": 4,
        "author": {
          "gitId": "SibingWu"
        },
        "content": ""
      },
      {
        "lineNumber": 5,
        "author": {
          "gitId": "SibingWu"
        },
        "content": "    public Todo(String description) {"
      },
      {
        "lineNumber": 6,
        "author": {
          "gitId": "SibingWu"
        },
        "content": "        super(description);"
      },
      {
        "lineNumber": 7,
        "author": {
          "gitId": "SibingWu"
        },
        "content": "        this.type \u003d \"T\";"
      },
      {
        "lineNumber": 8,
        "author": {
          "gitId": "SibingWu"
        },
        "content": "    }"
      },
      {
        "lineNumber": 9,
        "author": {
          "gitId": "SibingWu"
        },
        "content": ""
      },
      {
        "lineNumber": 10,
        "author": {
          "gitId": "SibingWu"
        },
        "content": "    @Override"
      },
      {
        "lineNumber": 11,
        "author": {
          "gitId": "SibingWu"
        },
        "content": "    public String toString() {"
      },
      {
        "lineNumber": 12,
        "author": {
          "gitId": "SibingWu"
        },
        "content": "        return String.format(\"[%s]%s\", this.type, super.toString());"
      },
      {
        "lineNumber": 13,
        "author": {
          "gitId": "SibingWu"
        },
        "content": "    }"
      },
      {
        "lineNumber": 14,
        "author": {
          "gitId": "SibingWu"
        },
        "content": "    "
      },
      {
        "lineNumber": 15,
        "author": {
          "gitId": "SibingWu"
        },
        "content": "    @Override"
      },
      {
        "lineNumber": 16,
        "author": {
          "gitId": "SibingWu"
        },
        "content": "    public String getFileString() {"
      },
      {
        "lineNumber": 17,
        "author": {
          "gitId": "SibingWu"
        },
        "content": "        return String.format(\"%s | %d | %s\", type, isDone ? 1 : 0, description);"
      },
      {
        "lineNumber": 18,
        "author": {
          "gitId": "SibingWu"
        },
        "content": "    }"
      },
      {
        "lineNumber": 19,
        "author": {
          "gitId": "SibingWu"
        },
        "content": "}"
      }
    ],
    "authorContributionMap": {
      "SibingWu": 19
    }
  },
  {
    "path": "src/main/java/duke/utils/Constants.java",
    "fileType": "java",
    "lines": [
      {
        "lineNumber": 1,
        "author": {
          "gitId": "SibingWu"
        },
        "content": "package duke.utils;"
      },
      {
        "lineNumber": 2,
        "author": {
          "gitId": "SibingWu"
        },
        "content": ""
      },
      {
        "lineNumber": 3,
        "author": {
          "gitId": "SibingWu"
        },
        "content": "public class Constants {"
      },
      {
        "lineNumber": 4,
        "author": {
          "gitId": "SibingWu"
        },
        "content": "    public static final String LIST_COMMAND \u003d \"list\";"
      },
      {
        "lineNumber": 5,
        "author": {
          "gitId": "SibingWu"
        },
        "content": "    public static final String BYE_COMMAND \u003d \"bye\";"
      },
      {
        "lineNumber": 6,
        "author": {
          "gitId": "SibingWu"
        },
        "content": "    public static final String DONE_COMMAND \u003d \"done\";"
      },
      {
        "lineNumber": 7,
        "author": {
          "gitId": "SibingWu"
        },
        "content": "    public static final String DELETE_COMMAND \u003d \"delete\";"
      },
      {
        "lineNumber": 8,
        "author": {
          "gitId": "SibingWu"
        },
        "content": "    public static final String TODO_COMMAND \u003d \"todo\";"
      },
      {
        "lineNumber": 9,
        "author": {
          "gitId": "SibingWu"
        },
        "content": "    public static final String DEADLINE_COMMAND \u003d \"deadline\";"
      },
      {
        "lineNumber": 10,
        "author": {
          "gitId": "SibingWu"
        },
        "content": "    public static final String EVENT_COMMAND \u003d \"event\";"
      },
      {
        "lineNumber": 11,
        "author": {
          "gitId": "SibingWu"
        },
        "content": "    public static final String DEADLINE_MARKER \u003d \"/by\";"
      },
      {
        "lineNumber": 12,
        "author": {
          "gitId": "SibingWu"
        },
        "content": "    public static final String EVENT_MARKER \u003d \"/at\";"
      },
      {
        "lineNumber": 13,
        "author": {
          "gitId": "SibingWu"
        },
        "content": "    public static final String YES_ICON \u003d \"\\u2713\";"
      },
      {
        "lineNumber": 14,
        "author": {
          "gitId": "SibingWu"
        },
        "content": "    public static final String NO_ICON \u003d \"\\u2718\";"
      },
      {
        "lineNumber": 15,
        "author": {
          "gitId": "SibingWu"
        },
        "content": "}"
      }
    ],
    "authorContributionMap": {
      "SibingWu": 15
    }
  },
  {
    "path": "text-ui-test/EXPECTED.txt",
    "fileType": "txt",
    "lines": [
      {
        "lineNumber": 1,
        "author": {
          "gitId": "SibingWu"
        },
        "content": "Hello from"
      },
      {
        "lineNumber": 2,
        "author": {
          "gitId": "SibingWu"
        },
        "content": " ____        _        "
      },
      {
        "lineNumber": 3,
        "author": {
          "gitId": "SibingWu"
        },
        "content": "|  _ \\ _   _| | _____ "
      },
      {
        "lineNumber": 4,
        "author": {
          "gitId": "SibingWu"
        },
        "content": "| | | | | | | |/ / _ \\"
      },
      {
        "lineNumber": 5,
        "author": {
          "gitId": "SibingWu"
        },
        "content": "| |_| | |_| |   \u003c  __/"
      },
      {
        "lineNumber": 6,
        "author": {
          "gitId": "SibingWu"
        },
        "content": "|____/ \\__,_|_|\\_\\___|"
      },
      {
        "lineNumber": 7,
        "author": {
          "gitId": "SibingWu"
        },
        "content": ""
      },
      {
        "lineNumber": 8,
        "author": {
          "gitId": "SibingWu"
        },
        "content": "Hello! I\u0027m Duke"
      },
      {
        "lineNumber": 9,
        "author": {
          "gitId": "SibingWu"
        },
        "content": "What can I do for you?"
      },
      {
        "lineNumber": 10,
        "author": {
          "gitId": "SibingWu"
        },
        "content": ""
      },
      {
        "lineNumber": 11,
        "author": {
          "gitId": "SibingWu"
        },
        "content": "Got it. I\u0027ve added this task:"
      },
      {
        "lineNumber": 12,
        "author": {
          "gitId": "SibingWu"
        },
        "content": "  [T][✘] read book"
      },
      {
        "lineNumber": 13,
        "author": {
          "gitId": "SibingWu"
        },
        "content": "Now you have 1 tasks in the list."
      },
      {
        "lineNumber": 14,
        "author": {
          "gitId": "SibingWu"
        },
        "content": "Got it. I\u0027ve added this task:"
      },
      {
        "lineNumber": 15,
        "author": {
          "gitId": "SibingWu"
        },
        "content": "  [D][✘] return book (by: June 6th)"
      },
      {
        "lineNumber": 16,
        "author": {
          "gitId": "SibingWu"
        },
        "content": "Now you have 2 tasks in the list."
      },
      {
        "lineNumber": 17,
        "author": {
          "gitId": "SibingWu"
        },
        "content": "Got it. I\u0027ve added this task:"
      },
      {
        "lineNumber": 18,
        "author": {
          "gitId": "SibingWu"
        },
        "content": "  [E][✘] project meeting (at: Aug 6th 2-4pm)"
      },
      {
        "lineNumber": 19,
        "author": {
          "gitId": "SibingWu"
        },
        "content": "Now you have 3 tasks in the list."
      },
      {
        "lineNumber": 20,
        "author": {
          "gitId": "SibingWu"
        },
        "content": "Got it. I\u0027ve added this task:"
      },
      {
        "lineNumber": 21,
        "author": {
          "gitId": "SibingWu"
        },
        "content": "  [T][✘] join sports club"
      },
      {
        "lineNumber": 22,
        "author": {
          "gitId": "SibingWu"
        },
        "content": "Now you have 4 tasks in the list."
      },
      {
        "lineNumber": 23,
        "author": {
          "gitId": "SibingWu"
        },
        "content": "Got it. I\u0027ve added this task:"
      },
      {
        "lineNumber": 24,
        "author": {
          "gitId": "SibingWu"
        },
        "content": "  [T][✘] borrow book"
      },
      {
        "lineNumber": 25,
        "author": {
          "gitId": "SibingWu"
        },
        "content": "Now you have 5 tasks in the list."
      },
      {
        "lineNumber": 26,
        "author": {
          "gitId": "SibingWu"
        },
        "content": "Nice! I\u0027ve marked this task as done:"
      },
      {
        "lineNumber": 27,
        "author": {
          "gitId": "SibingWu"
        },
        "content": "  [T][✓] read book"
      },
      {
        "lineNumber": 28,
        "author": {
          "gitId": "SibingWu"
        },
        "content": "Nice! I\u0027ve marked this task as done:"
      },
      {
        "lineNumber": 29,
        "author": {
          "gitId": "SibingWu"
        },
        "content": "  [T][✓] join sports club"
      },
      {
        "lineNumber": 30,
        "author": {
          "gitId": "SibingWu"
        },
        "content": "Here are the tasks in your list:"
      },
      {
        "lineNumber": 31,
        "author": {
          "gitId": "SibingWu"
        },
        "content": "1.[T][✓] read book"
      },
      {
        "lineNumber": 32,
        "author": {
          "gitId": "SibingWu"
        },
        "content": "2.[D][✘] return book (by: June 6th)"
      },
      {
        "lineNumber": 33,
        "author": {
          "gitId": "SibingWu"
        },
        "content": "3.[E][✘] project meeting (at: Aug 6th 2-4pm)"
      },
      {
        "lineNumber": 34,
        "author": {
          "gitId": "SibingWu"
        },
        "content": "4.[T][✓] join sports club"
      },
      {
        "lineNumber": 35,
        "author": {
          "gitId": "SibingWu"
        },
        "content": "5.[T][✘] borrow book"
      },
      {
        "lineNumber": 36,
        "author": {
          "gitId": "SibingWu"
        },
        "content": "Got it. I\u0027ve added this task:"
      },
      {
        "lineNumber": 37,
        "author": {
          "gitId": "SibingWu"
        },
        "content": "  [D][✘] return book (by: no idea :-p)"
      },
      {
        "lineNumber": 38,
        "author": {
          "gitId": "SibingWu"
        },
        "content": "Now you have 6 tasks in the list."
      },
      {
        "lineNumber": 39,
        "author": {
          "gitId": "SibingWu"
        },
        "content": "Got it. I\u0027ve added this task:"
      },
      {
        "lineNumber": 40,
        "author": {
          "gitId": "SibingWu"
        },
        "content": "  [E][✘] project meeting (at: Mon 2-4pm)"
      },
      {
        "lineNumber": 41,
        "author": {
          "gitId": "SibingWu"
        },
        "content": "Now you have 7 tasks in the list."
      },
      {
        "lineNumber": 42,
        "author": {
          "gitId": "SibingWu"
        },
        "content": "Bye. Hope to see you again soon!"
      }
    ],
    "authorContributionMap": {
      "SibingWu": 42
    }
  },
  {
    "path": "text-ui-test/input.txt",
    "fileType": "txt",
    "lines": [
      {
        "lineNumber": 1,
        "author": {
          "gitId": "SibingWu"
        },
        "content": "todo read book"
      },
      {
        "lineNumber": 2,
        "author": {
          "gitId": "SibingWu"
        },
        "content": "deadline return book /by June 6th"
      },
      {
        "lineNumber": 3,
        "author": {
          "gitId": "SibingWu"
        },
        "content": "event project meeting /at Aug 6th 2-4pm"
      },
      {
        "lineNumber": 4,
        "author": {
          "gitId": "SibingWu"
        },
        "content": "todo join sports club"
      },
      {
        "lineNumber": 5,
        "author": {
          "gitId": "SibingWu"
        },
        "content": "todo borrow book"
      },
      {
        "lineNumber": 6,
        "author": {
          "gitId": "SibingWu"
        },
        "content": "done 1"
      },
      {
        "lineNumber": 7,
        "author": {
          "gitId": "SibingWu"
        },
        "content": "done 4"
      },
      {
        "lineNumber": 8,
        "author": {
          "gitId": "SibingWu"
        },
        "content": "list"
      },
      {
        "lineNumber": 9,
        "author": {
          "gitId": "SibingWu"
        },
        "content": "deadline return book /by no idea :-p"
      },
      {
        "lineNumber": 10,
        "author": {
          "gitId": "SibingWu"
        },
        "content": "event project meeting /at Mon 2-4pm"
      },
      {
        "lineNumber": 11,
        "author": {
          "gitId": "SibingWu"
        },
        "content": "bye"
      }
    ],
    "authorContributionMap": {
      "SibingWu": 11
    }
  },
  {
    "path": "text-ui-test/runtest.bat",
    "fileType": "bat",
    "lines": [
      {
        "lineNumber": 1,
        "author": {
          "gitId": "SibingWu"
        },
        "content": "@ECHO OFF"
      },
      {
        "lineNumber": 2,
        "author": {
          "gitId": "SibingWu"
        },
        "content": ""
      },
      {
        "lineNumber": 3,
        "author": {
          "gitId": "SibingWu"
        },
        "content": "REM create bin directory if it doesn\u0027t exist"
      },
      {
        "lineNumber": 4,
        "author": {
          "gitId": "SibingWu"
        },
        "content": "if not exist ..\\bin mkdir ..\\bin"
      },
      {
        "lineNumber": 5,
        "author": {
          "gitId": "SibingWu"
        },
        "content": ""
      },
      {
        "lineNumber": 6,
        "author": {
          "gitId": "SibingWu"
        },
        "content": "REM delete output from previous run"
      },
      {
        "lineNumber": 7,
        "author": {
          "gitId": "SibingWu"
        },
        "content": "del ACTUAL.TXT"
      },
      {
        "lineNumber": 8,
        "author": {
          "gitId": "SibingWu"
        },
        "content": ""
      },
      {
        "lineNumber": 9,
        "author": {
          "gitId": "SibingWu"
        },
        "content": "REM compile the code into the bin folder"
      },
      {
        "lineNumber": 10,
        "author": {
          "gitId": "SibingWu"
        },
        "content": "javac  -cp ..\\src -Xlint:none -d ..\\bin ..\\src\\main\\java\\duke\\*.java ..\\src\\main\\java\\duke\\exceptions\\*.java ..\\src\\main\\java\\duke\\tasks\\*.java ..\\src\\main\\java\\duke\\utils\\*.java"
      },
      {
        "lineNumber": 11,
        "author": {
          "gitId": "SibingWu"
        },
        "content": "IF ERRORLEVEL 1 ("
      },
      {
        "lineNumber": 12,
        "author": {
          "gitId": "SibingWu"
        },
        "content": "    echo ********** BUILD FAILURE **********"
      },
      {
        "lineNumber": 13,
        "author": {
          "gitId": "SibingWu"
        },
        "content": "    exit /b 1"
      },
      {
        "lineNumber": 14,
        "author": {
          "gitId": "SibingWu"
        },
        "content": ")"
      },
      {
        "lineNumber": 15,
        "author": {
          "gitId": "SibingWu"
        },
        "content": "REM no error here, errorlevel \u003d\u003d 0"
      },
      {
        "lineNumber": 16,
        "author": {
          "gitId": "SibingWu"
        },
        "content": ""
      },
      {
        "lineNumber": 17,
        "author": {
          "gitId": "SibingWu"
        },
        "content": "REM run the program, feed commands from input.txt file and redirect the output to the ACTUAL.TXT"
      },
      {
        "lineNumber": 18,
        "author": {
          "gitId": "SibingWu"
        },
        "content": "REM -Dfile.encoding\u003dUTF-8 let the tick and cross icon appears properly"
      },
      {
        "lineNumber": 19,
        "author": {
          "gitId": "SibingWu"
        },
        "content": "java -Dfile.encoding\u003dUTF-8 -classpath ..\\bin Duke \u003c input.txt \u003e ACTUAL.TXT"
      },
      {
        "lineNumber": 20,
        "author": {
          "gitId": "SibingWu"
        },
        "content": ""
      },
      {
        "lineNumber": 21,
        "author": {
          "gitId": "SibingWu"
        },
        "content": "REM compare the output to the expected output"
      },
      {
        "lineNumber": 22,
        "author": {
          "gitId": "SibingWu"
        },
        "content": "FC ACTUAL.TXT EXPECTED.TXT"
      }
    ],
    "authorContributionMap": {
      "SibingWu": 22
    }
  },
  {
    "path": "text-ui-test/runtest.sh",
    "fileType": "sh",
    "lines": [
      {
        "lineNumber": 1,
        "author": {
          "gitId": "SibingWu"
        },
        "content": "#!/usr/bin/env bash"
      },
      {
        "lineNumber": 2,
        "author": {
          "gitId": "SibingWu"
        },
        "content": ""
      },
      {
        "lineNumber": 3,
        "author": {
          "gitId": "SibingWu"
        },
        "content": "# create bin directory if it doesn\u0027t exist"
      },
      {
        "lineNumber": 4,
        "author": {
          "gitId": "SibingWu"
        },
        "content": "if [ ! -d \"../bin\" ]"
      },
      {
        "lineNumber": 5,
        "author": {
          "gitId": "SibingWu"
        },
        "content": "then"
      },
      {
        "lineNumber": 6,
        "author": {
          "gitId": "SibingWu"
        },
        "content": "    mkdir ../bin"
      },
      {
        "lineNumber": 7,
        "author": {
          "gitId": "SibingWu"
        },
        "content": "fi"
      },
      {
        "lineNumber": 8,
        "author": {
          "gitId": "SibingWu"
        },
        "content": ""
      },
      {
        "lineNumber": 9,
        "author": {
          "gitId": "SibingWu"
        },
        "content": "# delete output from previous run"
      },
      {
        "lineNumber": 10,
        "author": {
          "gitId": "SibingWu"
        },
        "content": "if [ -e \"./ACTUAL.TXT\" ]"
      },
      {
        "lineNumber": 11,
        "author": {
          "gitId": "SibingWu"
        },
        "content": "then"
      },
      {
        "lineNumber": 12,
        "author": {
          "gitId": "SibingWu"
        },
        "content": "    rm ACTUAL.TXT"
      },
      {
        "lineNumber": 13,
        "author": {
          "gitId": "SibingWu"
        },
        "content": "fi"
      },
      {
        "lineNumber": 14,
        "author": {
          "gitId": "SibingWu"
        },
        "content": ""
      },
      {
        "lineNumber": 15,
        "author": {
          "gitId": "SibingWu"
        },
        "content": "# compile the code into the bin folder, terminates if error occurred"
      },
      {
        "lineNumber": 16,
        "author": {
          "gitId": "SibingWu"
        },
        "content": "if ! javac -cp ../src -Xlint:none -d ../bin ../src/main/java/*"
      },
      {
        "lineNumber": 17,
        "author": {
          "gitId": "SibingWu"
        },
        "content": "then"
      },
      {
        "lineNumber": 18,
        "author": {
          "gitId": "SibingWu"
        },
        "content": "    echo \"********** BUILD FAILURE **********\""
      },
      {
        "lineNumber": 19,
        "author": {
          "gitId": "SibingWu"
        },
        "content": "    exit 1"
      },
      {
        "lineNumber": 20,
        "author": {
          "gitId": "SibingWu"
        },
        "content": "fi"
      },
      {
        "lineNumber": 21,
        "author": {
          "gitId": "SibingWu"
        },
        "content": ""
      },
      {
        "lineNumber": 22,
        "author": {
          "gitId": "SibingWu"
        },
        "content": "# run the program, feed commands from input.txt file and redirect the output to the ACTUAL.TXT"
      },
      {
        "lineNumber": 23,
        "author": {
          "gitId": "SibingWu"
        },
        "content": "# -Dfile.encoding\u003dUTF-8 let the tick and cross icon appears properly"
      },
      {
        "lineNumber": 24,
        "author": {
          "gitId": "SibingWu"
        },
        "content": "java -Dfile.encoding\u003dUTF-8 -classpath ../bin Duke \u003c input.txt \u003e ACTUAL.TXT"
      },
      {
        "lineNumber": 25,
        "author": {
          "gitId": "SibingWu"
        },
        "content": ""
      },
      {
        "lineNumber": 26,
        "author": {
          "gitId": "SibingWu"
        },
        "content": "# compare the output to the expected output"
      },
      {
        "lineNumber": 27,
        "author": {
          "gitId": "SibingWu"
        },
        "content": "diff ACTUAL.TXT EXPECTED.TXT"
      },
      {
        "lineNumber": 28,
        "author": {
          "gitId": "SibingWu"
        },
        "content": "if [ $? -eq 0 ]"
      },
      {
        "lineNumber": 29,
        "author": {
          "gitId": "SibingWu"
        },
        "content": "then"
      },
      {
        "lineNumber": 30,
        "author": {
          "gitId": "SibingWu"
        },
        "content": "    echo \"Test result: PASSED\""
      },
      {
        "lineNumber": 31,
        "author": {
          "gitId": "SibingWu"
        },
        "content": "    exit 0"
      },
      {
        "lineNumber": 32,
        "author": {
          "gitId": "SibingWu"
        },
        "content": "else"
      },
      {
        "lineNumber": 33,
        "author": {
          "gitId": "SibingWu"
        },
        "content": "    echo \"Test result: FAILED\""
      },
      {
        "lineNumber": 34,
        "author": {
          "gitId": "SibingWu"
        },
        "content": "    exit 1"
      },
      {
        "lineNumber": 35,
        "author": {
          "gitId": "SibingWu"
        },
        "content": "fi"
      }
    ],
    "authorContributionMap": {
      "SibingWu": 35
    }
  }
]
