{
  "authorDailyContributionsMap": {
    "SibingWu": [
      {
        "insertions": 79,
        "deletions": 0,
        "date": "2020-01-30",
        "commitResults": [
          {
            "hash": "262c2ea519e71dfb3e80d87e8379cc5501eb808a",
            "messageTitle": "add Greet, Echo, Exit, Add, List, java class Task, tune coding standard",
            "messageBody": "",
            "insertions": 79,
            "deletions": 0
          }
        ]
      }
    ]
  },
  "authorFinalContributionMap": {
    "SibingWu": 79
  },
  "authorFileTypeContributionMap": {
    "SibingWu": {
      "java": 79,
      "md": 0,
      "fxml": 0,
      "sh": 0,
      "bat": 0,
      "gradle": 0,
      "txt": 0
    }
  },
  "authorContributionVariance": {
    "SibingWu": 327.4599
  },
  "authorDisplayNameMap": {
    "SibingWu": "CS2113-T14-4 WU S..BING"
  }
}
