{
  "authorDailyContributionsMap": {
    "SibingWu": [
      {
        "insertions": 79,
        "deletions": 0,
        "date": "2020-01-30",
        "commitResults": [
          {
            "hash": "262c2ea519e71dfb3e80d87e8379cc5501eb808a",
            "messageTitle": "add Greet, Echo, Exit, Add, List, java class Task, tune coding standard",
            "messageBody": "",
            "tags": [
              "Level-1-3"
            ],
            "insertions": 79,
            "deletions": 0
          }
        ]
      },
      {
        "insertions": 102,
        "deletions": 33,
        "date": "2020-02-03",
        "commitResults": [
          {
            "hash": "123c721bf093f4f5f5617c270e72f41a0c03df4f",
            "messageTitle": "add Deadline, Event, Todo class (Level-4)",
            "messageBody": "",
            "tags": [
              "Level-4"
            ],
            "insertions": 102,
            "deletions": 33
          }
        ]
      },
      {
        "insertions": 208,
        "deletions": 88,
        "date": "2020-02-04",
        "commitResults": [
          {
            "hash": "b2eb3d1b75dbd047d679ea4ebebcff6ea0ed114e",
            "messageTitle": "Implement Automated Text UI Testing",
            "messageBody": "",
            "tags": [
              "A-TextUiTesting"
            ],
            "insertions": 108,
            "deletions": 0
          },
          {
            "hash": "a19a023bd13edb3d0be29d768ae4688b37bf3a2e",
            "messageTitle": "improve code quality",
            "messageBody": "",
            "tags": [
              "A-CodeQuality"
            ],
            "insertions": 53,
            "deletions": 41
          },
          {
            "hash": "23994f6a4afe824e8fa7d7ad57171ed23c9d078d",
            "messageTitle": "refactor and move the function definition after main function",
            "messageBody": "",
            "insertions": 47,
            "deletions": 47
          }
        ]
      }
    ]
  },
  "authorFinalContributionMap": {
    "SibingWu": 267
  },
  "authorFileTypeContributionMap": {
    "SibingWu": {
      "java": 157,
      "md": 0,
      "fxml": 0,
      "sh": 35,
      "bat": 22,
      "gradle": 0,
      "txt": 53
    }
  },
  "authorContributionVariance": {
    "SibingWu": 4381.448
  },
  "authorDisplayNameMap": {
    "SibingWu": "CS2113-T14-4 WU S..BING"
  }
}
