{
  "authorDailyContributionsMap": {
    "RenzoTsai": [
      {
        "insertions": 71,
        "deletions": 26,
        "date": "2020-01-16",
        "commitResults": [
          {
            "hash": "8a08adab8424b8394640d615614df70809cdbee9",
            "messageTitle": "Update Duke.java",
            "messageBody": "",
            "insertions": 46,
            "deletions": 6
          },
          {
            "hash": "b9b10f0d7849eb589e2da9369f8766c397ed04be",
            "messageTitle": "Update Duke.java",
            "messageBody": "",
            "insertions": 15,
            "deletions": 11
          },
          {
            "hash": "69ad5996e28218a51f22d2c09df0e192ab07c90c",
            "messageTitle": "Update Duke.java",
            "messageBody": "",
            "tags": [
              "Level-1"
            ],
            "insertions": 10,
            "deletions": 9
          }
        ]
      },
      {
        "insertions": 70,
        "deletions": 6,
        "date": "2020-01-27",
        "commitResults": [
          {
            "hash": "a646098646bc38219fd04c11947e788217f454af",
            "messageTitle": "Add task Class and some commands",
            "messageBody": "",
            "tags": [
              "Level-2"
            ],
            "insertions": 70,
            "deletions": 6
          }
        ]
      },
      {
        "insertions": 36,
        "deletions": 7,
        "date": "2020-01-28",
        "commitResults": [
          {
            "hash": "bba86fc41d9301edba9592f5aaefe219c7656cf1",
            "messageTitle": "Add some codes to support mark as done",
            "messageBody": "",
            "tags": [
              "Level-3",
              "A-CodingStandard"
            ],
            "insertions": 36,
            "deletions": 7
          }
        ]
      },
      {
        "insertions": 210,
        "deletions": 25,
        "date": "2020-01-30",
        "commitResults": [
          {
            "hash": "e4c2fe4aa1fa6c290e2a7b972c716b8d8bff658d",
            "messageTitle": "Add support for tracking three types of tasks",
            "messageBody": "",
            "tags": [
              "Level-4"
            ],
            "insertions": 130,
            "deletions": 12
          },
          {
            "hash": "8a2869245d5960a4d036cdebfc3c8fedc97b340f",
            "messageTitle": "Use the I/O redirection technique to semi-automate the testing of Duke",
            "messageBody": "",
            "insertions": 41,
            "deletions": 0
          },
          {
            "hash": "573405b21d693cf9b6d0fc9ac226333fb2f4d52c",
            "messageTitle": "Update text-ui-test",
            "messageBody": "",
            "tags": [
              "A-TextUiTesting"
            ],
            "insertions": 4,
            "deletions": 0
          },
          {
            "hash": "a00acfb37fe7c6c127a1e484b370aace35a3b621",
            "messageTitle": "Improve code quality in Duke.java",
            "messageBody": "",
            "tags": [
              "A-CodeQuality"
            ],
            "insertions": 35,
            "deletions": 13
          }
        ]
      },
      {
        "insertions": 156,
        "deletions": 38,
        "date": "2020-02-06",
        "commitResults": [
          {
            "hash": "921e2e8918b013ca4110ede7b15ed65899cce8aa",
            "messageTitle": "Update text-ui-test to support new features",
            "messageBody": "",
            "insertions": 3,
            "deletions": 0
          },
          {
            "hash": "ecb6499d9de100734b9c4f9e737561f343a862e6",
            "messageTitle": "Add codes to support exception handle",
            "messageBody": "",
            "tags": [
              "Level-5"
            ],
            "insertions": 107,
            "deletions": 20
          },
          {
            "hash": "2944c4ed8e16acdee35d5684c32eb6a7ffc45b6d",
            "messageTitle": "Organize the classes into suitable duke\u0027s packages.",
            "messageBody": "",
            "insertions": 31,
            "deletions": 4
          },
          {
            "hash": "511cab168aca3a0435bfaa4282b544cf215efc1c",
            "messageTitle": "Refactor code by introducing a string constant CUTTING_LINE",
            "messageBody": "",
            "insertions": 15,
            "deletions": 14
          }
        ]
      },
      {
        "insertions": 145,
        "deletions": 39,
        "date": "2020-02-13",
        "commitResults": [
          {
            "hash": "0e503d0f07b8268897826d904a054c4412d402aa",
            "messageTitle": "Use an ArrayList\u003cTask\u003e to store the tasks.",
            "messageBody": "",
            "tags": [
              "A-Collections"
            ],
            "insertions": 11,
            "deletions": 11
          },
          {
            "hash": "d9afe6223e6196b7963a5cda0213f71b46251001",
            "messageTitle": "Add support for deleting tasks from the list.",
            "messageBody": "",
            "insertions": 29,
            "deletions": 15
          },
          {
            "hash": "0d3178605d3d30e0f72e87063fbecabfec5ab6cd",
            "messageTitle": "Update text ui test to support testing delete function",
            "messageBody": "",
            "insertions": 6,
            "deletions": 4
          },
          {
            "hash": "ed279a3640196167cb8c4572ce7055b87bf3a40e",
            "messageTitle": "Add code to support saving tasks",
            "messageBody": "",
            "insertions": 31,
            "deletions": 0
          },
          {
            "hash": "cfc2a9b455f075574348a9216c5186f40742d436",
            "messageTitle": "Add code to support saving and loading tasks",
            "messageBody": "",
            "insertions": 68,
            "deletions": 9
          }
        ]
      },
      {
        "insertions": 1264,
        "deletions": 414,
        "date": "2020-02-20",
        "commitResults": [
          {
            "hash": "4cdb545d8e865c9b0d8fc643ff0922a3723a3ee1",
            "messageTitle": "Make the code more OOP",
            "messageBody": "",
            "tags": [
              "A-MoreOOP"
            ],
            "insertions": 609,
            "deletions": 299
          },
          {
            "hash": "2c22a92064f802eb59bf2fe0a806b0b025058774",
            "messageTitle": "Add code to support storing deadline dates as a java.time.LocalDate",
            "messageBody": "",
            "insertions": 39,
            "deletions": 6
          },
          {
            "hash": "0e1d36f015dda24cc314b15f9a40db6cfb622be6",
            "messageTitle": "Add code to support the function of finding",
            "messageBody": "",
            "insertions": 57,
            "deletions": 1
          },
          {
            "hash": "79d3c203137a62cb469fb33e030b38eeae875737",
            "messageTitle": "Add JavaDoc comments",
            "messageBody": "",
            "insertions": 208,
            "deletions": 5
          },
          {
            "hash": "0198549fab802ddd5976eb157e2975141dd2b287",
            "messageTitle": "Refactor code by deleting some useless code",
            "messageBody": "",
            "insertions": 40,
            "deletions": 54
          },
          {
            "hash": "56bf9526e9514c0b438d41e586021b4c3786b5a8",
            "messageTitle": "Fix a bug when list the tasks",
            "messageBody": "",
            "insertions": 1,
            "deletions": 1
          },
          {
            "hash": "5b55033b4e9230c6beb7444331ca05bea0d427b8",
            "messageTitle": "Update Javadoc in FindCommand.java",
            "messageBody": "",
            "insertions": 8,
            "deletions": 1
          },
          {
            "hash": "edf0ac76daf4d2e99a6303c7ee21f35daca1c692",
            "messageTitle": "Update docs/README.md",
            "messageBody": "",
            "insertions": 271,
            "deletions": 16
          },
          {
            "hash": "5256563dad6f006255ca82df84cb01c0645dd823",
            "messageTitle": "Fix some bugs in README.md",
            "messageBody": "",
            "insertions": 25,
            "deletions": 25
          },
          {
            "hash": "c0b4a42b361df9f2e9b7a7b25bcadb91ca029f3f",
            "messageTitle": "Fix some problems in README.md",
            "messageBody": "",
            "tags": [
              "A-UserGuide"
            ],
            "insertions": 6,
            "deletions": 6
          }
        ]
      },
      {
        "insertions": 88,
        "deletions": 38,
        "date": "2020-02-27",
        "commitResults": [
          {
            "hash": "e5b8d98ac1b36345868fbd7179f176e0179492bb",
            "messageTitle": "Refactor code by shortening the length of the code in parseCommand",
            "messageBody": "",
            "insertions": 38,
            "deletions": 18
          },
          {
            "hash": "dd6c1794040b6e079870efb027e0c4f576f3bd69",
            "messageTitle": "Update README.md",
            "messageBody": "",
            "insertions": 1,
            "deletions": 1
          },
          {
            "hash": "e88da84b64dbe1eb4a9edcd2bb5591accb5fd887",
            "messageTitle": "Refactor code by shortening the length of the code in parseCommand",
            "messageBody": "",
            "insertions": 21,
            "deletions": 8
          },
          {
            "hash": "195fd0214e5bbd384243b8455246e3670b3b571f",
            "messageTitle": "Fix a bug in storage",
            "messageBody": "",
            "insertions": 14,
            "deletions": 7
          },
          {
            "hash": "252dbe35e2098edc80352d2bb987f2a1ed0f87be",
            "messageTitle": "Update README.md",
            "messageBody": "",
            "insertions": 4,
            "deletions": 4
          },
          {
            "hash": "101e03fccc74c18a4bf9c9464f8520cba2338da9",
            "messageTitle": "Fix a bug of proceesing deadline and event.",
            "messageBody": "",
            "insertions": 10,
            "deletions": 0
          }
        ]
      }
    ]
  },
  "authorFinalContributionMap": {
    "RenzoTsai": 1462
  },
  "authorFileTypeContributionMap": {
    "RenzoTsai": {
      "java": 1145,
      "md": 261,
      "fxml": 0,
      "sh": 34,
      "bat": 0,
      "gradle": 0,
      "txt": 22
    }
  },
  "authorContributionVariance": {
    "RenzoTsai": 61404.344
  },
  "authorDisplayNameMap": {
    "RenzoTsai": "CS2113-T15-3 CAI ..UNZE"
  }
}
