{
  "authorDailyContributionsMap": {
    "RenzoTsai": [
      {
        "insertions": 71,
        "deletions": 26,
        "date": "2020-01-16",
        "commitResults": [
          {
            "hash": "8a08adab8424b8394640d615614df70809cdbee9",
            "messageTitle": "Update Duke.java",
            "messageBody": "",
            "insertions": 46,
            "deletions": 6
          },
          {
            "hash": "b9b10f0d7849eb589e2da9369f8766c397ed04be",
            "messageTitle": "Update Duke.java",
            "messageBody": "",
            "insertions": 15,
            "deletions": 11
          },
          {
            "hash": "69ad5996e28218a51f22d2c09df0e192ab07c90c",
            "messageTitle": "Update Duke.java",
            "messageBody": "",
            "tags": [
              "Level-1"
            ],
            "insertions": 10,
            "deletions": 9
          }
        ]
      },
      {
        "insertions": 70,
        "deletions": 6,
        "date": "2020-01-27",
        "commitResults": [
          {
            "hash": "a646098646bc38219fd04c11947e788217f454af",
            "messageTitle": "Add task Class and some commands",
            "messageBody": "",
            "tags": [
              "Level-2"
            ],
            "insertions": 70,
            "deletions": 6
          }
        ]
      },
      {
        "insertions": 36,
        "deletions": 7,
        "date": "2020-01-28",
        "commitResults": [
          {
            "hash": "bba86fc41d9301edba9592f5aaefe219c7656cf1",
            "messageTitle": "Add some codes to support mark as done",
            "messageBody": "",
            "tags": [
              "Level-3"
            ],
            "insertions": 36,
            "deletions": 7
          }
        ]
      },
      {
        "insertions": 210,
        "deletions": 25,
        "date": "2020-01-30",
        "commitResults": [
          {
            "hash": "e4c2fe4aa1fa6c290e2a7b972c716b8d8bff658d",
            "messageTitle": "Add support for tracking three types of tasks",
            "messageBody": "",
            "tags": [
              "Level-4"
            ],
            "insertions": 130,
            "deletions": 12
          },
          {
            "hash": "8a2869245d5960a4d036cdebfc3c8fedc97b340f",
            "messageTitle": "Use the I/O redirection technique to semi-automate the testing of Duke",
            "messageBody": "",
            "insertions": 41,
            "deletions": 0
          },
          {
            "hash": "573405b21d693cf9b6d0fc9ac226333fb2f4d52c",
            "messageTitle": "Update text-ui-test",
            "messageBody": "",
            "tags": [
              "A-TextUiTesting"
            ],
            "insertions": 4,
            "deletions": 0
          },
          {
            "hash": "a00acfb37fe7c6c127a1e484b370aace35a3b621",
            "messageTitle": "Improve code quality in Duke.java",
            "messageBody": "",
            "tags": [
              "A-CodeQuality"
            ],
            "insertions": 35,
            "deletions": 13
          }
        ]
      },
      {
        "insertions": 156,
        "deletions": 38,
        "date": "2020-02-06",
        "commitResults": [
          {
            "hash": "921e2e8918b013ca4110ede7b15ed65899cce8aa",
            "messageTitle": "Update text-ui-test to support new features",
            "messageBody": "",
            "insertions": 3,
            "deletions": 0
          },
          {
            "hash": "ecb6499d9de100734b9c4f9e737561f343a862e6",
            "messageTitle": "Add codes to support exception handle",
            "messageBody": "",
            "tags": [
              "Level-5"
            ],
            "insertions": 107,
            "deletions": 20
          },
          {
            "hash": "2944c4ed8e16acdee35d5684c32eb6a7ffc45b6d",
            "messageTitle": "Organize the classes into suitable duke\u0027s packages.",
            "messageBody": "",
            "insertions": 31,
            "deletions": 4
          },
          {
            "hash": "511cab168aca3a0435bfaa4282b544cf215efc1c",
            "messageTitle": "Refactor code by introducing a string constant CUTTING_LINE",
            "messageBody": "",
            "insertions": 15,
            "deletions": 14
          }
        ]
      }
    ]
  },
  "authorFinalContributionMap": {
    "RenzoTsai": 447
  },
  "authorFileTypeContributionMap": {
    "RenzoTsai": {
      "java": 399,
      "md": 0,
      "fxml": 0,
      "sh": 34,
      "bat": 0,
      "gradle": 0,
      "txt": 14
    }
  },
  "authorContributionVariance": {
    "RenzoTsai": 3730.16
  },
  "authorDisplayNameMap": {
    "RenzoTsai": "CS2113-T15-3 CAI ..UNZE"
  }
}
