{
  "authorDailyContributionsMap": {
    "RenzoTsai": [
      {
        "insertions": 71,
        "deletions": 26,
        "date": "2020-01-16",
        "commitResults": [
          {
            "hash": "8a08adab8424b8394640d615614df70809cdbee9",
            "messageTitle": "Update Duke.java",
            "messageBody": "",
            "insertions": 46,
            "deletions": 6
          },
          {
            "hash": "b9b10f0d7849eb589e2da9369f8766c397ed04be",
            "messageTitle": "Update Duke.java",
            "messageBody": "",
            "insertions": 15,
            "deletions": 11
          },
          {
            "hash": "69ad5996e28218a51f22d2c09df0e192ab07c90c",
            "messageTitle": "Update Duke.java",
            "messageBody": "",
            "tags": [
              "Level-1"
            ],
            "insertions": 10,
            "deletions": 9
          }
        ]
      },
      {
        "insertions": 70,
        "deletions": 6,
        "date": "2020-01-27",
        "commitResults": [
          {
            "hash": "a646098646bc38219fd04c11947e788217f454af",
            "messageTitle": "Add task Class and some commands",
            "messageBody": "",
            "tags": [
              "Level-2"
            ],
            "insertions": 70,
            "deletions": 6
          }
        ]
      },
      {
        "insertions": 36,
        "deletions": 7,
        "date": "2020-01-28",
        "commitResults": [
          {
            "hash": "bba86fc41d9301edba9592f5aaefe219c7656cf1",
            "messageTitle": "Add some codes to support mark as done",
            "messageBody": "",
            "tags": [
              "Level-3"
            ],
            "insertions": 36,
            "deletions": 7
          }
        ]
      }
    ]
  },
  "authorFinalContributionMap": {
    "RenzoTsai": 144
  },
  "authorFileTypeContributionMap": {
    "RenzoTsai": {
      "java": 144,
      "md": 0,
      "fxml": 0,
      "sh": 0,
      "bat": 0,
      "gradle": 0,
      "txt": 0
    }
  },
  "authorContributionVariance": {
    "RenzoTsai": 882.375
  },
  "authorDisplayNameMap": {
    "RenzoTsai": "CAI ..UNZE"
  }
}
