{
  "authorDailyContributionsMap": {
    "GanapathySanathBalaji": [
      {
        "insertions": 1,
        "deletions": 1,
        "date": "2020-01-15",
        "commitResults": [
          {
            "hash": "decbb8512c6172498f24c11864f95a3a1d26b384",
            "messageTitle": "Change Message",
            "messageBody": "",
            "insertions": 1,
            "deletions": 1
          }
        ]
      },
      {
        "insertions": 22,
        "deletions": 8,
        "date": "2020-01-16",
        "commitResults": [
          {
            "hash": "484c28fe4e68c29eb6587a5f0ee0a6f0ead80daf",
            "messageTitle": "Add Increment: Level-1",
            "messageBody": "",
            "tags": [
              "Level-1"
            ],
            "insertions": 22,
            "deletions": 2
          },
          {
            "hash": "6f5aa8c434fc8f61bc593e08831204da29ce89af",
            "messageTitle": "Remove comment",
            "messageBody": "",
            "insertions": 0,
            "deletions": 6
          }
        ]
      },
      {
        "insertions": 18,
        "deletions": 18,
        "date": "2020-01-20",
        "commitResults": [
          {
            "hash": "4806bf8bd13c49dd4efa46c1a5a06d2b9c8bc253",
            "messageTitle": "Add indentation",
            "messageBody": "",
            "insertions": 18,
            "deletions": 18
          }
        ]
      },
      {
        "insertions": 66,
        "deletions": 15,
        "date": "2020-01-22",
        "commitResults": [
          {
            "hash": "eedb22198de9d730b8926fff093d376995e72697",
            "messageTitle": "Add increment: Level-2",
            "messageBody": "",
            "tags": [
              "Level-2"
            ],
            "insertions": 66,
            "deletions": 15
          }
        ]
      },
      {
        "insertions": 251,
        "deletions": 116,
        "date": "2020-01-25",
        "commitResults": [
          {
            "hash": "7ddfbe288be4059b653906d7ec69e3d520d0537f",
            "messageTitle": "Add the ability to mark tasks as done",
            "messageBody": "",
            "tags": [
              "Level-3"
            ],
            "insertions": 115,
            "deletions": 21
          },
          {
            "hash": "a5d3202f969c142c76df721ca61ae8b696dc22b6",
            "messageTitle": "Tweak the code to follow coding standards",
            "messageBody": "",
            "tags": [
              "A-CodingStandard"
            ],
            "insertions": 136,
            "deletions": 95
          }
        ]
      },
      {
        "insertions": 348,
        "deletions": 52,
        "date": "2020-02-01",
        "commitResults": [
          {
            "hash": "470a677d77f041b0d7dc36d861b2cb1e121fb980",
            "messageTitle": "Add support for tracking three types of tasks",
            "messageBody": "",
            "tags": [
              "Level-4"
            ],
            "insertions": 137,
            "deletions": 4
          },
          {
            "hash": "236f50ce0cb747450fe3afe52c4af2cd6f9a2fc9",
            "messageTitle": "Refactor magic literals",
            "messageBody": "",
            "insertions": 107,
            "deletions": 48
          },
          {
            "hash": "d430956b79b6a3d4a2e255cb0779488467a4dd92",
            "messageTitle": "Automate Text UI Testing",
            "messageBody": "",
            "tags": [
              "A-TextUiTesting"
            ],
            "insertions": 104,
            "deletions": 0
          }
        ]
      }
    ]
  },
  "authorFinalContributionMap": {
    "GanapathySanathBalaji": 502
  },
  "authorFileTypeContributionMap": {
    "GanapathySanathBalaji": {
      "java": 398,
      "md": 0,
      "fxml": 0,
      "sh": 0,
      "bat": 21,
      "gradle": 0,
      "txt": 83
    }
  },
  "authorContributionVariance": {
    "GanapathySanathBalaji": 13074.861
  },
  "authorDisplayNameMap": {
    "GanapathySanathBalaji": "CS2113T-T12-3 GANA..LAJI"
  }
}
