[
  {
    "path": "src/main/java/Duke.java",
    "fileType": "java",
    "lines": [
      {
        "lineNumber": 1,
        "author": {
          "gitId": "bennychanya"
        },
        "content": "package src.main.java;"
      },
      {
        "lineNumber": 2,
        "author": {
          "gitId": "bennychanya"
        },
        "content": ""
      },
      {
        "lineNumber": 3,
        "author": {
          "gitId": "bennychanya"
        },
        "content": "import src.main.java.duke.exceptions.AlreadyDoneException;"
      },
      {
        "lineNumber": 4,
        "author": {
          "gitId": "bennychanya"
        },
        "content": "import src.main.java.duke.exceptions.InvalidCommandException;"
      },
      {
        "lineNumber": 5,
        "author": {
          "gitId": "bennychanya"
        },
        "content": "import src.main.java.duke.exceptions.InvalidDateException;"
      },
      {
        "lineNumber": 6,
        "author": {
          "gitId": "bennychanya"
        },
        "content": "import src.main.java.duke.exceptions.InvalidDoneException;"
      },
      {
        "lineNumber": 7,
        "author": {
          "gitId": "bennychanya"
        },
        "content": "import src.main.java.duke.task.Task;"
      },
      {
        "lineNumber": 8,
        "author": {
          "gitId": "bennychanya"
        },
        "content": ""
      },
      {
        "lineNumber": 9,
        "author": {
          "gitId": "bennychanya"
        },
        "content": "import java.util.Scanner;"
      },
      {
        "lineNumber": 10,
        "author": {
          "gitId": "bennychanya"
        },
        "content": ""
      },
      {
        "lineNumber": 11,
        "author": {
          "gitId": "-"
        },
        "content": "public class Duke {"
      },
      {
        "lineNumber": 12,
        "author": {
          "gitId": "bennychanya"
        },
        "content": ""
      },
      {
        "lineNumber": 13,
        "author": {
          "gitId": "bennychanya"
        },
        "content": "    static final int MAX_TASK_AMOUNT \u003d 100;"
      },
      {
        "lineNumber": 14,
        "author": {
          "gitId": "bennychanya"
        },
        "content": ""
      },
      {
        "lineNumber": 15,
        "author": {
          "gitId": "-"
        },
        "content": "    public static void main(String[] args) {"
      },
      {
        "lineNumber": 16,
        "author": {
          "gitId": "bennychanya"
        },
        "content": "        Duke_Static_Methods.greetUser();"
      },
      {
        "lineNumber": 17,
        "author": {
          "gitId": "bennychanya"
        },
        "content": "        Task[] taskList \u003d new Task[MAX_TASK_AMOUNT];"
      },
      {
        "lineNumber": 18,
        "author": {
          "gitId": "bennychanya"
        },
        "content": "        inputAndExecute(taskList);"
      },
      {
        "lineNumber": 19,
        "author": {
          "gitId": "bennychanya"
        },
        "content": "    }"
      },
      {
        "lineNumber": 20,
        "author": {
          "gitId": "bennychanya"
        },
        "content": ""
      },
      {
        "lineNumber": 21,
        "author": {
          "gitId": "bennychanya"
        },
        "content": "    private static void inputAndExecute(Task[] taskList) {"
      },
      {
        "lineNumber": 22,
        "author": {
          "gitId": "bennychanya"
        },
        "content": "        String userInput;"
      },
      {
        "lineNumber": 23,
        "author": {
          "gitId": "bennychanya"
        },
        "content": "        do {"
      },
      {
        "lineNumber": 24,
        "author": {
          "gitId": "bennychanya"
        },
        "content": "            userInput \u003d scanInput();"
      },
      {
        "lineNumber": 25,
        "author": {
          "gitId": "bennychanya"
        },
        "content": "            String[] userCommand \u003d userInput.split(\" \", 2);"
      },
      {
        "lineNumber": 26,
        "author": {
          "gitId": "bennychanya"
        },
        "content": "            try {"
      },
      {
        "lineNumber": 27,
        "author": {
          "gitId": "bennychanya"
        },
        "content": "                executeCommand(taskList, userCommand);"
      },
      {
        "lineNumber": 28,
        "author": {
          "gitId": "bennychanya"
        },
        "content": "            } catch (IndexOutOfBoundsException e) {"
      },
      {
        "lineNumber": 29,
        "author": {
          "gitId": "bennychanya"
        },
        "content": "                System.out.println(\"OOPS!!! The description of \" + userCommand[0] + \" cannot be empty.\");"
      },
      {
        "lineNumber": 30,
        "author": {
          "gitId": "bennychanya"
        },
        "content": "            } catch (InvalidDateException e) {"
      },
      {
        "lineNumber": 31,
        "author": {
          "gitId": "bennychanya"
        },
        "content": "                System.out.println(\"Please re-enter command with the time and/or date.\");"
      },
      {
        "lineNumber": 32,
        "author": {
          "gitId": "bennychanya"
        },
        "content": "            } catch (InvalidCommandException e) {"
      },
      {
        "lineNumber": 33,
        "author": {
          "gitId": "bennychanya"
        },
        "content": "                System.out.println(\"OOPS!!! I\u0027m sorry, but I don\u0027t know what that means :-\u003c\");"
      },
      {
        "lineNumber": 34,
        "author": {
          "gitId": "bennychanya"
        },
        "content": "            } catch (InvalidDoneException e) {"
      },
      {
        "lineNumber": 35,
        "author": {
          "gitId": "bennychanya"
        },
        "content": "                System.out.println(\"Unable to process done statement\");"
      },
      {
        "lineNumber": 36,
        "author": {
          "gitId": "bennychanya"
        },
        "content": "            } catch (AlreadyDoneException e) {"
      },
      {
        "lineNumber": 37,
        "author": {
          "gitId": "bennychanya"
        },
        "content": "                System.out.println(\"Task has already been completed.\");"
      },
      {
        "lineNumber": 38,
        "author": {
          "gitId": "bennychanya"
        },
        "content": "                System.out.println(\"  \" + taskList[Integer.parseInt(userCommand[1]) - 1].toString());"
      },
      {
        "lineNumber": 39,
        "author": {
          "gitId": "bennychanya"
        },
        "content": "            }"
      },
      {
        "lineNumber": 40,
        "author": {
          "gitId": "bennychanya"
        },
        "content": "        } while (!userInput.equalsIgnoreCase(\"bye\"));"
      },
      {
        "lineNumber": 41,
        "author": {
          "gitId": "bennychanya"
        },
        "content": "    }"
      },
      {
        "lineNumber": 42,
        "author": {
          "gitId": "bennychanya"
        },
        "content": ""
      },
      {
        "lineNumber": 43,
        "author": {
          "gitId": "bennychanya"
        },
        "content": "    private static void executeCommand(Task[] taskList, String[] userCommand) throws InvalidCommandException, InvalidDateException, InvalidDoneException, AlreadyDoneException {"
      },
      {
        "lineNumber": 44,
        "author": {
          "gitId": "bennychanya"
        },
        "content": "        switch (userCommand[0]) {"
      },
      {
        "lineNumber": 45,
        "author": {
          "gitId": "bennychanya"
        },
        "content": "            case \"list\":"
      },
      {
        "lineNumber": 46,
        "author": {
          "gitId": "bennychanya"
        },
        "content": "                Duke_Static_Methods.listTasks(taskList);"
      },
      {
        "lineNumber": 47,
        "author": {
          "gitId": "bennychanya"
        },
        "content": "                break;"
      },
      {
        "lineNumber": 48,
        "author": {
          "gitId": "bennychanya"
        },
        "content": "            case \"bye\":"
      },
      {
        "lineNumber": 49,
        "author": {
          "gitId": "bennychanya"
        },
        "content": "                System.out.println(\"Bye. Hope to see you again soon!\");"
      },
      {
        "lineNumber": 50,
        "author": {
          "gitId": "bennychanya"
        },
        "content": "                break;"
      },
      {
        "lineNumber": 51,
        "author": {
          "gitId": "bennychanya"
        },
        "content": "            case \"todo\":"
      },
      {
        "lineNumber": 52,
        "author": {
          "gitId": "bennychanya"
        },
        "content": "                Duke_Static_Methods.addNewTodo(taskList, userCommand[1]);"
      },
      {
        "lineNumber": 53,
        "author": {
          "gitId": "bennychanya"
        },
        "content": "                break;"
      },
      {
        "lineNumber": 54,
        "author": {
          "gitId": "bennychanya"
        },
        "content": "            case \"deadline\":"
      },
      {
        "lineNumber": 55,
        "author": {
          "gitId": "bennychanya"
        },
        "content": "                Duke_Static_Methods.addNewDeadline(taskList, userCommand[1]);"
      },
      {
        "lineNumber": 56,
        "author": {
          "gitId": "bennychanya"
        },
        "content": "                break;"
      },
      {
        "lineNumber": 57,
        "author": {
          "gitId": "bennychanya"
        },
        "content": "            case \"event\":"
      },
      {
        "lineNumber": 58,
        "author": {
          "gitId": "bennychanya"
        },
        "content": "                Duke_Static_Methods.addNewEvent(taskList, userCommand[1]);"
      },
      {
        "lineNumber": 59,
        "author": {
          "gitId": "bennychanya"
        },
        "content": "                break;"
      },
      {
        "lineNumber": 60,
        "author": {
          "gitId": "bennychanya"
        },
        "content": "            case \"done\":"
      },
      {
        "lineNumber": 61,
        "author": {
          "gitId": "bennychanya"
        },
        "content": "                Duke_Static_Methods.markedAsDone(userCommand[1], taskList);"
      },
      {
        "lineNumber": 62,
        "author": {
          "gitId": "bennychanya"
        },
        "content": "                break;"
      },
      {
        "lineNumber": 63,
        "author": {
          "gitId": "bennychanya"
        },
        "content": "            default:"
      },
      {
        "lineNumber": 64,
        "author": {
          "gitId": "bennychanya"
        },
        "content": "                throw new InvalidCommandException();"
      },
      {
        "lineNumber": 65,
        "author": {
          "gitId": "bennychanya"
        },
        "content": "        }"
      },
      {
        "lineNumber": 66,
        "author": {
          "gitId": "bennychanya"
        },
        "content": "    }"
      },
      {
        "lineNumber": 67,
        "author": {
          "gitId": "bennychanya"
        },
        "content": ""
      },
      {
        "lineNumber": 68,
        "author": {
          "gitId": "bennychanya"
        },
        "content": "    private static String scanInput() {"
      },
      {
        "lineNumber": 69,
        "author": {
          "gitId": "bennychanya"
        },
        "content": "        String userInput;"
      },
      {
        "lineNumber": 70,
        "author": {
          "gitId": "bennychanya"
        },
        "content": "        Scanner scan \u003d new Scanner(System.in);"
      },
      {
        "lineNumber": 71,
        "author": {
          "gitId": "bennychanya"
        },
        "content": "        userInput \u003d scan.nextLine();"
      },
      {
        "lineNumber": 72,
        "author": {
          "gitId": "bennychanya"
        },
        "content": "        return userInput;"
      },
      {
        "lineNumber": 73,
        "author": {
          "gitId": "-"
        },
        "content": "    }"
      },
      {
        "lineNumber": 74,
        "author": {
          "gitId": "-"
        },
        "content": "}"
      }
    ],
    "authorContributionMap": {
      "bennychanya": 70,
      "-": 4
    }
  },
  {
    "path": "src/main/java/Duke_Static_Methods.java",
    "fileType": "java",
    "lines": [
      {
        "lineNumber": 1,
        "author": {
          "gitId": "bennychanya"
        },
        "content": "package src.main.java;"
      },
      {
        "lineNumber": 2,
        "author": {
          "gitId": "bennychanya"
        },
        "content": ""
      },
      {
        "lineNumber": 3,
        "author": {
          "gitId": "bennychanya"
        },
        "content": "import src.main.java.duke.exceptions.AlreadyDoneException;"
      },
      {
        "lineNumber": 4,
        "author": {
          "gitId": "bennychanya"
        },
        "content": "import src.main.java.duke.exceptions.InvalidDateException;"
      },
      {
        "lineNumber": 5,
        "author": {
          "gitId": "bennychanya"
        },
        "content": "import src.main.java.duke.exceptions.InvalidDoneException;"
      },
      {
        "lineNumber": 6,
        "author": {
          "gitId": "bennychanya"
        },
        "content": "import src.main.java.duke.task.Deadline;"
      },
      {
        "lineNumber": 7,
        "author": {
          "gitId": "bennychanya"
        },
        "content": "import src.main.java.duke.task.Event;"
      },
      {
        "lineNumber": 8,
        "author": {
          "gitId": "bennychanya"
        },
        "content": "import src.main.java.duke.task.Task;"
      },
      {
        "lineNumber": 9,
        "author": {
          "gitId": "bennychanya"
        },
        "content": "import src.main.java.duke.task.Todo;"
      },
      {
        "lineNumber": 10,
        "author": {
          "gitId": "bennychanya"
        },
        "content": ""
      },
      {
        "lineNumber": 11,
        "author": {
          "gitId": "bennychanya"
        },
        "content": "class Duke_Static_Methods {"
      },
      {
        "lineNumber": 12,
        "author": {
          "gitId": "bennychanya"
        },
        "content": "    static void addNewEvent(Task[] taskList, String s) throws InvalidDateException {"
      },
      {
        "lineNumber": 13,
        "author": {
          "gitId": "bennychanya"
        },
        "content": "        String[] taskDetails \u003d s.split(\" /at \", 2);"
      },
      {
        "lineNumber": 14,
        "author": {
          "gitId": "bennychanya"
        },
        "content": "        if (taskDetails.length \u003d\u003d 1) {"
      },
      {
        "lineNumber": 15,
        "author": {
          "gitId": "bennychanya"
        },
        "content": "            throw new InvalidDateException();"
      },
      {
        "lineNumber": 16,
        "author": {
          "gitId": "bennychanya"
        },
        "content": "        }"
      },
      {
        "lineNumber": 17,
        "author": {
          "gitId": "bennychanya"
        },
        "content": "        Event event \u003d new Event(taskDetails[0], taskDetails[1]);"
      },
      {
        "lineNumber": 18,
        "author": {
          "gitId": "bennychanya"
        },
        "content": "        addTaskInList(event, taskList);"
      },
      {
        "lineNumber": 19,
        "author": {
          "gitId": "bennychanya"
        },
        "content": "        printAddedTask(taskList);"
      },
      {
        "lineNumber": 20,
        "author": {
          "gitId": "bennychanya"
        },
        "content": "    }"
      },
      {
        "lineNumber": 21,
        "author": {
          "gitId": "bennychanya"
        },
        "content": ""
      },
      {
        "lineNumber": 22,
        "author": {
          "gitId": "bennychanya"
        },
        "content": "    static void addNewDeadline(Task[] taskList, String taskDescription) throws InvalidDateException {"
      },
      {
        "lineNumber": 23,
        "author": {
          "gitId": "bennychanya"
        },
        "content": "        String[] taskDetails \u003d taskDescription.split(\" /by \", 2);"
      },
      {
        "lineNumber": 24,
        "author": {
          "gitId": "bennychanya"
        },
        "content": "        if (taskDetails.length \u003d\u003d 1) {"
      },
      {
        "lineNumber": 25,
        "author": {
          "gitId": "bennychanya"
        },
        "content": "            throw new InvalidDateException();"
      },
      {
        "lineNumber": 26,
        "author": {
          "gitId": "bennychanya"
        },
        "content": "        }"
      },
      {
        "lineNumber": 27,
        "author": {
          "gitId": "bennychanya"
        },
        "content": "        Deadline deadline \u003d new Deadline(taskDetails[0], taskDetails[1]);"
      },
      {
        "lineNumber": 28,
        "author": {
          "gitId": "bennychanya"
        },
        "content": "        addTaskInList(deadline, taskList);"
      },
      {
        "lineNumber": 29,
        "author": {
          "gitId": "bennychanya"
        },
        "content": "        printAddedTask(taskList);"
      },
      {
        "lineNumber": 30,
        "author": {
          "gitId": "bennychanya"
        },
        "content": "    }"
      },
      {
        "lineNumber": 31,
        "author": {
          "gitId": "bennychanya"
        },
        "content": ""
      },
      {
        "lineNumber": 32,
        "author": {
          "gitId": "bennychanya"
        },
        "content": "    static void printAddedTask(Task[] taskList) {"
      },
      {
        "lineNumber": 33,
        "author": {
          "gitId": "bennychanya"
        },
        "content": "        System.out.println(\"  \" + taskList[Task.getTotalNumberOfTask() - 1].toString());"
      },
      {
        "lineNumber": 34,
        "author": {
          "gitId": "bennychanya"
        },
        "content": "        System.out.println(\"Now you have \" + Task.getTotalNumberOfTask() + \" tasks in the list\");"
      },
      {
        "lineNumber": 35,
        "author": {
          "gitId": "bennychanya"
        },
        "content": "    }"
      },
      {
        "lineNumber": 36,
        "author": {
          "gitId": "bennychanya"
        },
        "content": ""
      },
      {
        "lineNumber": 37,
        "author": {
          "gitId": "bennychanya"
        },
        "content": "    static void greetUser() {"
      },
      {
        "lineNumber": 38,
        "author": {
          "gitId": "bennychanya"
        },
        "content": "        System.out.println(\"Hello from Optimus Prime\");"
      },
      {
        "lineNumber": 39,
        "author": {
          "gitId": "bennychanya"
        },
        "content": "        System.out.println(\"What can I do for you?\");"
      },
      {
        "lineNumber": 40,
        "author": {
          "gitId": "bennychanya"
        },
        "content": "    }"
      },
      {
        "lineNumber": 41,
        "author": {
          "gitId": "bennychanya"
        },
        "content": ""
      },
      {
        "lineNumber": 42,
        "author": {
          "gitId": "bennychanya"
        },
        "content": "    static void addTaskInList(Task taskDescription, Task[] taskList) {"
      },
      {
        "lineNumber": 43,
        "author": {
          "gitId": "bennychanya"
        },
        "content": "        System.out.println(\"Got it. I\u0027ve added this task\");"
      },
      {
        "lineNumber": 44,
        "author": {
          "gitId": "bennychanya"
        },
        "content": "        taskList[Task.getTotalNumberOfTask() - 1] \u003d taskDescription;"
      },
      {
        "lineNumber": 45,
        "author": {
          "gitId": "bennychanya"
        },
        "content": "    }"
      },
      {
        "lineNumber": 46,
        "author": {
          "gitId": "bennychanya"
        },
        "content": ""
      },
      {
        "lineNumber": 47,
        "author": {
          "gitId": "bennychanya"
        },
        "content": "    static void markedAsDone(String numberInput, Task[] taskList) throws InvalidDoneException, AlreadyDoneException {"
      },
      {
        "lineNumber": 48,
        "author": {
          "gitId": "bennychanya"
        },
        "content": "        int taskNumber \u003d Integer.parseInt(numberInput) - 1;"
      },
      {
        "lineNumber": 49,
        "author": {
          "gitId": "bennychanya"
        },
        "content": "        if (taskNumber \u003d\u003d -1 || taskNumber \u003e\u003d taskList.length) {"
      },
      {
        "lineNumber": 50,
        "author": {
          "gitId": "bennychanya"
        },
        "content": "            throw new InvalidDoneException();"
      },
      {
        "lineNumber": 51,
        "author": {
          "gitId": "bennychanya"
        },
        "content": "        }"
      },
      {
        "lineNumber": 52,
        "author": {
          "gitId": "bennychanya"
        },
        "content": "        if (taskList[taskNumber].getIsDone()) {"
      },
      {
        "lineNumber": 53,
        "author": {
          "gitId": "bennychanya"
        },
        "content": "            throw new AlreadyDoneException();"
      },
      {
        "lineNumber": 54,
        "author": {
          "gitId": "bennychanya"
        },
        "content": "        } else {"
      },
      {
        "lineNumber": 55,
        "author": {
          "gitId": "bennychanya"
        },
        "content": "            taskList[taskNumber].completedTask();"
      },
      {
        "lineNumber": 56,
        "author": {
          "gitId": "bennychanya"
        },
        "content": "            System.out.println(\"Nice! I\u0027ve marked this task as done:\");"
      },
      {
        "lineNumber": 57,
        "author": {
          "gitId": "bennychanya"
        },
        "content": "            System.out.println(\"  \" + taskList[taskNumber].toString());"
      },
      {
        "lineNumber": 58,
        "author": {
          "gitId": "bennychanya"
        },
        "content": "        }"
      },
      {
        "lineNumber": 59,
        "author": {
          "gitId": "bennychanya"
        },
        "content": "    }"
      },
      {
        "lineNumber": 60,
        "author": {
          "gitId": "bennychanya"
        },
        "content": ""
      },
      {
        "lineNumber": 61,
        "author": {
          "gitId": "bennychanya"
        },
        "content": "    static void listTasks(Task[] taskList) {"
      },
      {
        "lineNumber": 62,
        "author": {
          "gitId": "bennychanya"
        },
        "content": "        System.out.println(\"Here are the tasks in your list:\");"
      },
      {
        "lineNumber": 63,
        "author": {
          "gitId": "bennychanya"
        },
        "content": "        for (int i \u003d 0; i \u003c Task.getTotalNumberOfTask(); i++) {"
      },
      {
        "lineNumber": 64,
        "author": {
          "gitId": "bennychanya"
        },
        "content": "            System.out.println((i + 1) + \".\" + taskList[i].toString());"
      },
      {
        "lineNumber": 65,
        "author": {
          "gitId": "bennychanya"
        },
        "content": "        }"
      },
      {
        "lineNumber": 66,
        "author": {
          "gitId": "bennychanya"
        },
        "content": "    }"
      },
      {
        "lineNumber": 67,
        "author": {
          "gitId": "bennychanya"
        },
        "content": ""
      },
      {
        "lineNumber": 68,
        "author": {
          "gitId": "bennychanya"
        },
        "content": "    static void addNewTodo(Task[] taskList, String taskDescription) {"
      },
      {
        "lineNumber": 69,
        "author": {
          "gitId": "bennychanya"
        },
        "content": "        Todo toDo \u003d new Todo(taskDescription);"
      },
      {
        "lineNumber": 70,
        "author": {
          "gitId": "bennychanya"
        },
        "content": "        addTaskInList(toDo, taskList);"
      },
      {
        "lineNumber": 71,
        "author": {
          "gitId": "bennychanya"
        },
        "content": "        printAddedTask(taskList);"
      },
      {
        "lineNumber": 72,
        "author": {
          "gitId": "bennychanya"
        },
        "content": "    }"
      },
      {
        "lineNumber": 73,
        "author": {
          "gitId": "bennychanya"
        },
        "content": "}"
      }
    ],
    "authorContributionMap": {
      "bennychanya": 73
    }
  },
  {
    "path": "src/main/java/duke/exceptions/AlreadyDoneException.java",
    "fileType": "java",
    "lines": [
      {
        "lineNumber": 1,
        "author": {
          "gitId": "bennychanya"
        },
        "content": "package src.main.java.duke.exceptions;"
      },
      {
        "lineNumber": 2,
        "author": {
          "gitId": "bennychanya"
        },
        "content": ""
      },
      {
        "lineNumber": 3,
        "author": {
          "gitId": "bennychanya"
        },
        "content": "public class AlreadyDoneException extends Exception {"
      },
      {
        "lineNumber": 4,
        "author": {
          "gitId": "bennychanya"
        },
        "content": "}"
      }
    ],
    "authorContributionMap": {
      "bennychanya": 4
    }
  },
  {
    "path": "src/main/java/duke/exceptions/InvalidCommandException.java",
    "fileType": "java",
    "lines": [
      {
        "lineNumber": 1,
        "author": {
          "gitId": "bennychanya"
        },
        "content": "package src.main.java.duke.exceptions;"
      },
      {
        "lineNumber": 2,
        "author": {
          "gitId": "bennychanya"
        },
        "content": ""
      },
      {
        "lineNumber": 3,
        "author": {
          "gitId": "bennychanya"
        },
        "content": "public class InvalidCommandException extends Exception {"
      },
      {
        "lineNumber": 4,
        "author": {
          "gitId": "bennychanya"
        },
        "content": "}"
      }
    ],
    "authorContributionMap": {
      "bennychanya": 4
    }
  },
  {
    "path": "src/main/java/duke/exceptions/InvalidDateException.java",
    "fileType": "java",
    "lines": [
      {
        "lineNumber": 1,
        "author": {
          "gitId": "bennychanya"
        },
        "content": "package src.main.java.duke.exceptions;"
      },
      {
        "lineNumber": 2,
        "author": {
          "gitId": "bennychanya"
        },
        "content": ""
      },
      {
        "lineNumber": 3,
        "author": {
          "gitId": "bennychanya"
        },
        "content": "public class InvalidDateException extends Exception {"
      },
      {
        "lineNumber": 4,
        "author": {
          "gitId": "bennychanya"
        },
        "content": "}"
      }
    ],
    "authorContributionMap": {
      "bennychanya": 4
    }
  },
  {
    "path": "src/main/java/duke/exceptions/InvalidDoneException.java",
    "fileType": "java",
    "lines": [
      {
        "lineNumber": 1,
        "author": {
          "gitId": "bennychanya"
        },
        "content": "package src.main.java.duke.exceptions;"
      },
      {
        "lineNumber": 2,
        "author": {
          "gitId": "bennychanya"
        },
        "content": ""
      },
      {
        "lineNumber": 3,
        "author": {
          "gitId": "bennychanya"
        },
        "content": "public class InvalidDoneException extends Exception {"
      },
      {
        "lineNumber": 4,
        "author": {
          "gitId": "bennychanya"
        },
        "content": "}"
      }
    ],
    "authorContributionMap": {
      "bennychanya": 4
    }
  },
  {
    "path": "src/main/java/duke/task/Deadline.java",
    "fileType": "java",
    "lines": [
      {
        "lineNumber": 1,
        "author": {
          "gitId": "bennychanya"
        },
        "content": "package src.main.java.duke.task;"
      },
      {
        "lineNumber": 2,
        "author": {
          "gitId": "bennychanya"
        },
        "content": ""
      },
      {
        "lineNumber": 3,
        "author": {
          "gitId": "bennychanya"
        },
        "content": "public class Deadline extends Task {"
      },
      {
        "lineNumber": 4,
        "author": {
          "gitId": "bennychanya"
        },
        "content": ""
      },
      {
        "lineNumber": 5,
        "author": {
          "gitId": "bennychanya"
        },
        "content": "    private final String DEADLINE \u003d \"D\";"
      },
      {
        "lineNumber": 6,
        "author": {
          "gitId": "bennychanya"
        },
        "content": "    protected String date;"
      },
      {
        "lineNumber": 7,
        "author": {
          "gitId": "bennychanya"
        },
        "content": ""
      },
      {
        "lineNumber": 8,
        "author": {
          "gitId": "bennychanya"
        },
        "content": "    public Deadline(String description, String date) {"
      },
      {
        "lineNumber": 9,
        "author": {
          "gitId": "bennychanya"
        },
        "content": "        super(description);"
      },
      {
        "lineNumber": 10,
        "author": {
          "gitId": "bennychanya"
        },
        "content": "        this.date \u003d date;"
      },
      {
        "lineNumber": 11,
        "author": {
          "gitId": "bennychanya"
        },
        "content": "        this.taskType \u003d DEADLINE;"
      },
      {
        "lineNumber": 12,
        "author": {
          "gitId": "bennychanya"
        },
        "content": "    }"
      },
      {
        "lineNumber": 13,
        "author": {
          "gitId": "bennychanya"
        },
        "content": ""
      },
      {
        "lineNumber": 14,
        "author": {
          "gitId": "bennychanya"
        },
        "content": "    public String toString() {"
      },
      {
        "lineNumber": 15,
        "author": {
          "gitId": "bennychanya"
        },
        "content": "        return \"[\" + taskType + \"]\" + super.toString() + \" (by: \" + date + \")\";"
      },
      {
        "lineNumber": 16,
        "author": {
          "gitId": "bennychanya"
        },
        "content": "    }"
      },
      {
        "lineNumber": 17,
        "author": {
          "gitId": "bennychanya"
        },
        "content": "}"
      }
    ],
    "authorContributionMap": {
      "bennychanya": 17
    }
  },
  {
    "path": "src/main/java/duke/task/Event.java",
    "fileType": "java",
    "lines": [
      {
        "lineNumber": 1,
        "author": {
          "gitId": "bennychanya"
        },
        "content": "package src.main.java.duke.task;"
      },
      {
        "lineNumber": 2,
        "author": {
          "gitId": "bennychanya"
        },
        "content": ""
      },
      {
        "lineNumber": 3,
        "author": {
          "gitId": "bennychanya"
        },
        "content": "public class Event extends Task {"
      },
      {
        "lineNumber": 4,
        "author": {
          "gitId": "bennychanya"
        },
        "content": ""
      },
      {
        "lineNumber": 5,
        "author": {
          "gitId": "bennychanya"
        },
        "content": "    private final String EVENT \u003d \"E\";"
      },
      {
        "lineNumber": 6,
        "author": {
          "gitId": "bennychanya"
        },
        "content": ""
      },
      {
        "lineNumber": 7,
        "author": {
          "gitId": "bennychanya"
        },
        "content": "    protected String date;"
      },
      {
        "lineNumber": 8,
        "author": {
          "gitId": "bennychanya"
        },
        "content": ""
      },
      {
        "lineNumber": 9,
        "author": {
          "gitId": "bennychanya"
        },
        "content": "    public Event(String description, String date) {"
      },
      {
        "lineNumber": 10,
        "author": {
          "gitId": "bennychanya"
        },
        "content": "        super(description);"
      },
      {
        "lineNumber": 11,
        "author": {
          "gitId": "bennychanya"
        },
        "content": "        this.taskType \u003d EVENT;"
      },
      {
        "lineNumber": 12,
        "author": {
          "gitId": "bennychanya"
        },
        "content": "        this.date \u003d date;"
      },
      {
        "lineNumber": 13,
        "author": {
          "gitId": "bennychanya"
        },
        "content": "    }"
      },
      {
        "lineNumber": 14,
        "author": {
          "gitId": "bennychanya"
        },
        "content": ""
      },
      {
        "lineNumber": 15,
        "author": {
          "gitId": "bennychanya"
        },
        "content": "    public String toString() {"
      },
      {
        "lineNumber": 16,
        "author": {
          "gitId": "bennychanya"
        },
        "content": "        return \"[\" + taskType + \"]\" + super.toString() + \" (at: \" + date + \")\";"
      },
      {
        "lineNumber": 17,
        "author": {
          "gitId": "bennychanya"
        },
        "content": "    }"
      },
      {
        "lineNumber": 18,
        "author": {
          "gitId": "bennychanya"
        },
        "content": "}"
      }
    ],
    "authorContributionMap": {
      "bennychanya": 18
    }
  },
  {
    "path": "src/main/java/duke/task/Task.java",
    "fileType": "java",
    "lines": [
      {
        "lineNumber": 1,
        "author": {
          "gitId": "bennychanya"
        },
        "content": "package src.main.java.duke.task;"
      },
      {
        "lineNumber": 2,
        "author": {
          "gitId": "bennychanya"
        },
        "content": ""
      },
      {
        "lineNumber": 3,
        "author": {
          "gitId": "bennychanya"
        },
        "content": "public class Task {"
      },
      {
        "lineNumber": 4,
        "author": {
          "gitId": "bennychanya"
        },
        "content": "    static int totalNumberOfTask \u003d 0;"
      },
      {
        "lineNumber": 5,
        "author": {
          "gitId": "bennychanya"
        },
        "content": "    protected String description;"
      },
      {
        "lineNumber": 6,
        "author": {
          "gitId": "bennychanya"
        },
        "content": "    protected String taskType;"
      },
      {
        "lineNumber": 7,
        "author": {
          "gitId": "bennychanya"
        },
        "content": "    protected boolean isDone;"
      },
      {
        "lineNumber": 8,
        "author": {
          "gitId": "bennychanya"
        },
        "content": ""
      },
      {
        "lineNumber": 9,
        "author": {
          "gitId": "bennychanya"
        },
        "content": "    public Task(String description) {"
      },
      {
        "lineNumber": 10,
        "author": {
          "gitId": "bennychanya"
        },
        "content": "        this.description \u003d description;"
      },
      {
        "lineNumber": 11,
        "author": {
          "gitId": "bennychanya"
        },
        "content": "        this.isDone \u003d false;"
      },
      {
        "lineNumber": 12,
        "author": {
          "gitId": "bennychanya"
        },
        "content": "        totalNumberOfTask++;"
      },
      {
        "lineNumber": 13,
        "author": {
          "gitId": "bennychanya"
        },
        "content": "    }"
      },
      {
        "lineNumber": 14,
        "author": {
          "gitId": "bennychanya"
        },
        "content": ""
      },
      {
        "lineNumber": 15,
        "author": {
          "gitId": "bennychanya"
        },
        "content": "    public static int getTotalNumberOfTask() { return totalNumberOfTask; }"
      },
      {
        "lineNumber": 16,
        "author": {
          "gitId": "bennychanya"
        },
        "content": ""
      },
      {
        "lineNumber": 17,
        "author": {
          "gitId": "bennychanya"
        },
        "content": "    public String getStatusIcon() {"
      },
      {
        "lineNumber": 18,
        "author": {
          "gitId": "bennychanya"
        },
        "content": "        return (isDone ? \"\\u2713\" : \"\\u2718\");"
      },
      {
        "lineNumber": 19,
        "author": {
          "gitId": "bennychanya"
        },
        "content": "    }"
      },
      {
        "lineNumber": 20,
        "author": {
          "gitId": "bennychanya"
        },
        "content": ""
      },
      {
        "lineNumber": 21,
        "author": {
          "gitId": "bennychanya"
        },
        "content": "    public void completedTask() {"
      },
      {
        "lineNumber": 22,
        "author": {
          "gitId": "bennychanya"
        },
        "content": "        this.isDone \u003d true;"
      },
      {
        "lineNumber": 23,
        "author": {
          "gitId": "bennychanya"
        },
        "content": "    }"
      },
      {
        "lineNumber": 24,
        "author": {
          "gitId": "bennychanya"
        },
        "content": ""
      },
      {
        "lineNumber": 25,
        "author": {
          "gitId": "bennychanya"
        },
        "content": "    public String toString() {"
      },
      {
        "lineNumber": 26,
        "author": {
          "gitId": "bennychanya"
        },
        "content": "        return \"[\" + getStatusIcon() + \"] \" + description;"
      },
      {
        "lineNumber": 27,
        "author": {
          "gitId": "bennychanya"
        },
        "content": "    }"
      },
      {
        "lineNumber": 28,
        "author": {
          "gitId": "bennychanya"
        },
        "content": ""
      },
      {
        "lineNumber": 29,
        "author": {
          "gitId": "bennychanya"
        },
        "content": "    public boolean getIsDone() {return isDone;}"
      },
      {
        "lineNumber": 30,
        "author": {
          "gitId": "bennychanya"
        },
        "content": "}"
      },
      {
        "lineNumber": 31,
        "author": {
          "gitId": "bennychanya"
        },
        "content": ""
      }
    ],
    "authorContributionMap": {
      "bennychanya": 31
    }
  },
  {
    "path": "src/main/java/duke/task/Todo.java",
    "fileType": "java",
    "lines": [
      {
        "lineNumber": 1,
        "author": {
          "gitId": "bennychanya"
        },
        "content": "package src.main.java.duke.task;"
      },
      {
        "lineNumber": 2,
        "author": {
          "gitId": "bennychanya"
        },
        "content": ""
      },
      {
        "lineNumber": 3,
        "author": {
          "gitId": "bennychanya"
        },
        "content": "public class Todo extends Task {"
      },
      {
        "lineNumber": 4,
        "author": {
          "gitId": "bennychanya"
        },
        "content": "    private final String TODO \u003d \"T\";"
      },
      {
        "lineNumber": 5,
        "author": {
          "gitId": "bennychanya"
        },
        "content": ""
      },
      {
        "lineNumber": 6,
        "author": {
          "gitId": "bennychanya"
        },
        "content": "    public Todo(String description) {"
      },
      {
        "lineNumber": 7,
        "author": {
          "gitId": "bennychanya"
        },
        "content": "        super(description);"
      },
      {
        "lineNumber": 8,
        "author": {
          "gitId": "bennychanya"
        },
        "content": "        this.taskType \u003d TODO;"
      },
      {
        "lineNumber": 9,
        "author": {
          "gitId": "bennychanya"
        },
        "content": "    }"
      },
      {
        "lineNumber": 10,
        "author": {
          "gitId": "bennychanya"
        },
        "content": ""
      },
      {
        "lineNumber": 11,
        "author": {
          "gitId": "bennychanya"
        },
        "content": "    public String toString() {"
      },
      {
        "lineNumber": 12,
        "author": {
          "gitId": "bennychanya"
        },
        "content": "        return \"[\" + taskType + \"]\" + super.toString();"
      },
      {
        "lineNumber": 13,
        "author": {
          "gitId": "bennychanya"
        },
        "content": "    }"
      },
      {
        "lineNumber": 14,
        "author": {
          "gitId": "bennychanya"
        },
        "content": "}"
      }
    ],
    "authorContributionMap": {
      "bennychanya": 14
    }
  }
]
