{
  "authorDailyContributionsMap": {
    "bennychanya": [
      {
        "insertions": 14,
        "deletions": 12,
        "date": "2020-01-21",
        "commitResults": [
          {
            "hash": "2cb3c2ce0f5a708d5f3f918e0a74c5afaa834561",
            "messageTitle": "Added Level 0 Greet",
            "messageBody": "",
            "insertions": 12,
            "deletions": 0
          },
          {
            "hash": "cef336f7b86195c8aadf17d022c6127a89eea252",
            "messageTitle": "no message",
            "messageBody": "",
            "insertions": 2,
            "deletions": 12
          }
        ]
      },
      {
        "insertions": 24,
        "deletions": 2,
        "date": "2020-01-28",
        "commitResults": [
          {
            "hash": "75dd2a2cef83220a527f02015ddafa1a35bd7e92",
            "messageTitle": "Added Level-1",
            "messageBody": "",
            "tags": [
              "Level-1"
            ],
            "insertions": 9,
            "deletions": 0
          },
          {
            "hash": "be54f01d893e58c133e5fd292227c1a751258329",
            "messageTitle": "Added Level-2: Add, List",
            "messageBody": "",
            "tags": [
              "Level-2"
            ],
            "insertions": 15,
            "deletions": 2
          }
        ]
      },
      {
        "insertions": 32,
        "deletions": 6,
        "date": "2020-01-29",
        "commitResults": [
          {
            "hash": "71cad034e66cb64500220f95e016ff2369d94029",
            "messageTitle": "Added Level-3: Mark as Done Create new Object: Task",
            "messageBody": "",
            "insertions": 32,
            "deletions": 6
          }
        ]
      },
      {
        "insertions": 56,
        "deletions": 28,
        "date": "2020-01-31",
        "commitResults": [
          {
            "hash": "90ced23f5cf8212c1f168114d88cbb20c5577f20",
            "messageTitle": "Change to SLAP",
            "messageBody": "",
            "insertions": 51,
            "deletions": 24
          },
          {
            "hash": "dbc88511d0a801778f06a1a258e85e123bab9294",
            "messageTitle": "Fixed Level-3",
            "messageBody": "",
            "tags": [
              "Level-3",
              "A-CodingStandard"
            ],
            "insertions": 5,
            "deletions": 4
          }
        ]
      }
    ]
  },
  "authorFinalContributionMap": {
    "bennychanya": 78
  },
  "authorFileTypeContributionMap": {
    "bennychanya": {
      "java": 78,
      "md": 0,
      "fxml": 0,
      "sh": 0,
      "bat": 0,
      "gradle": 0,
      "txt": 0
    }
  },
  "authorContributionVariance": {
    "bennychanya": 434.65927
  },
  "authorDisplayNameMap": {
    "bennychanya": "CS2113-T15-3 CHAN..ENNY"
  }
}
