{
  "authorDailyContributionsMap": {
    "iceclementi": [
      {
        "insertions": 31,
        "deletions": 0,
        "date": "2020-01-15",
        "commitResults": [
          {
            "hash": "7050f313fa834a45cf263cd26282d12a0c72ae4b",
            "messageTitle": "Add echo functionality for ChatBox",
            "messageBody": "",
            "tags": [
              "Level-1",
              "Level-0"
            ],
            "insertions": 31,
            "deletions": 0
          }
        ]
      },
      {
        "insertions": 86,
        "deletions": 23,
        "date": "2020-01-20",
        "commitResults": [
          {
            "hash": "1aa896a0ff216877a8ae65b98c08202d5e85eb59",
            "messageTitle": "Change ChatBox name and logo",
            "messageBody": "",
            "insertions": 13,
            "deletions": 9
          },
          {
            "hash": "fee8ec0e6b4603aebe6fb432d2abf01186087805",
            "messageTitle": "Add basic list functionality",
            "messageBody": "",
            "tags": [
              "Level-2"
            ],
            "insertions": 19,
            "deletions": 5
          },
          {
            "hash": "243079a665d16bdb2b1dd76be0d4736f8bec4f6b",
            "messageTitle": "Add new Task class to record task status",
            "messageBody": "",
            "insertions": 18,
            "deletions": 3
          },
          {
            "hash": "8abf832ffe9c9553a474931fddf9ee3fe5fb3fdd",
            "messageTitle": "Add \u0027done task\u0027 functionality",
            "messageBody": "",
            "insertions": 29,
            "deletions": 3
          },
          {
            "hash": "2bbe420ca7a50b972074e4fb25a89a19ff1b75ef",
            "messageTitle": "Disallow repeated doing of same tasks in the list",
            "messageBody": "",
            "insertions": 7,
            "deletions": 3
          }
        ]
      },
      {
        "insertions": 22,
        "deletions": 22,
        "date": "2020-01-27",
        "commitResults": [
          {
            "hash": "e49662a287c0be5a5218ad1e8dc7baaf62e0d4cd",
            "messageTitle": "Move Task class to another file",
            "messageBody": "",
            "tags": [
              "Level-3",
              "A-CodingStandard",
              "A-Classes"
            ],
            "insertions": 22,
            "deletions": 22
          }
        ]
      },
      {
        "insertions": 36,
        "deletions": 0,
        "date": "2020-01-28",
        "commitResults": [
          {
            "hash": "fda5b847043c3d3a91f7e2e3e285dd5fdbf8f95c",
            "messageTitle": "Add ToDo, Deadline and Event classes",
            "messageBody": "",
            "tags": [
              "Level-4",
              "A-Inheritance"
            ],
            "insertions": 36,
            "deletions": 0
          }
        ]
      },
      {
        "insertions": 163,
        "deletions": 54,
        "date": "2020-01-31",
        "commitResults": [
          {
            "hash": "77e15e1a0a2bc4e0f5cf0ec18d5fdfe3499bd465",
            "messageTitle": "Create Printer class to manage printing of messages; create getTask method in Task class",
            "messageBody": "",
            "tags": [
              "A-CodeQuality"
            ],
            "insertions": 163,
            "deletions": 54
          }
        ]
      },
      {
        "insertions": 54,
        "deletions": 13,
        "date": "2020-02-03",
        "commitResults": [
          {
            "hash": "9b709a58c68a559671b38d60c8dc5d367fbca762",
            "messageTitle": "Include basic automated text UI testing",
            "messageBody": "",
            "tags": [
              "A-TextUiTesting"
            ],
            "insertions": 34,
            "deletions": 5
          },
          {
            "hash": "32711195a32f81bbcd7d144740e0caf4d94cc3d3",
            "messageTitle": "Transfer print messages from Duke to Printer class",
            "messageBody": "",
            "insertions": 20,
            "deletions": 8
          }
        ]
      },
      {
        "insertions": 226,
        "deletions": 84,
        "date": "2020-02-09",
        "commitResults": [
          {
            "hash": "680eef0b16ac3f934b37503a250924496016033b",
            "messageTitle": "Add exceptions for \u0027done\u0027 command",
            "messageBody": "",
            "tags": [
              "A-Exceptions"
            ],
            "insertions": 109,
            "deletions": 48
          },
          {
            "hash": "b66f4fed87e71244e08b85045c31c7aa36ac1fd7",
            "messageTitle": "Add exceptions for todo, deadline and event tasks",
            "messageBody": "",
            "insertions": 117,
            "deletions": 36
          }
        ]
      },
      {
        "insertions": 66,
        "deletions": 23,
        "date": "2020-02-10",
        "commitResults": [
          {
            "hash": "4936bbd8b992dfac1c2dfcc44991a0991a11f609",
            "messageTitle": "Organise classes into packages",
            "messageBody": "",
            "insertions": 64,
            "deletions": 21
          },
          {
            "hash": "52a7cdd20b9f20d0c2ecca9f706830c46ecddc13",
            "messageTitle": "Modify runtest.bat file to compile classes in packages",
            "messageBody": "",
            "tags": [
              "branch-Package"
            ],
            "insertions": 2,
            "deletions": 2
          }
        ]
      },
      {
        "insertions": 356,
        "deletions": 127,
        "date": "2020-02-14",
        "commitResults": [
          {
            "hash": "0adf75af08d6173e7bbd8743bb12e6fce9b652c0",
            "messageTitle": "Add simple delete functionality to list",
            "messageBody": "",
            "tags": [
              "Level-6",
              "A-Collections"
            ],
            "insertions": 183,
            "deletions": 95
          },
          {
            "hash": "e092351ca7df6f3b25a3c3e80a39754944c1d642",
            "messageTitle": "Create basic structure for load task list function",
            "messageBody": "",
            "insertions": 38,
            "deletions": 4
          },
          {
            "hash": "96cad481c41b2fe015bee2e86cfc02ff7a079640",
            "messageTitle": "Implement save function for task list on exiting",
            "messageBody": "",
            "insertions": 80,
            "deletions": 14
          },
          {
            "hash": "0a0fc913ca6c13b415f14633308765f02d6be804",
            "messageTitle": "Implement updated load function",
            "messageBody": "",
            "tags": [
              "Level-7"
            ],
            "insertions": 55,
            "deletions": 14
          }
        ]
      },
      {
        "insertions": 132,
        "deletions": 112,
        "date": "2020-02-15",
        "commitResults": [
          {
            "hash": "75b8d166c99c883bf2a7c875c69082923d35a9fe",
            "messageTitle": "Create FileManager class to manage saving and loading of task list file",
            "messageBody": "",
            "tags": [
              "A-Jar"
            ],
            "insertions": 132,
            "deletions": 112
          }
        ]
      },
      {
        "insertions": 156,
        "deletions": 104,
        "date": "2020-02-16",
        "commitResults": [
          {
            "hash": "fb541d9278f8e602fddf5d72757021d04147d0ea",
            "messageTitle": "Add prompts for file save and load failures",
            "messageBody": "",
            "insertions": 156,
            "deletions": 104
          }
        ]
      },
      {
        "insertions": 1484,
        "deletions": 797,
        "date": "2020-02-24",
        "commitResults": [
          {
            "hash": "81c830488e1cc30c56c1b9446debe54ecc9286e3",
            "messageTitle": "Implement more OOP to improve code quality",
            "messageBody": "",
            "insertions": 555,
            "deletions": 227
          },
          {
            "hash": "03a2593f3c578e672f095bd23050b47754fb186b",
            "messageTitle": "Improve code quality and fix bugs",
            "messageBody": "",
            "tags": [
              "A-MoreOOP"
            ],
            "insertions": 502,
            "deletions": 469
          },
          {
            "hash": "433df7015ea58f27a9f3ccef5b6ba9a125c894cf",
            "messageTitle": "Implement DateTime class for datetime-related variables/objects",
            "messageBody": "",
            "insertions": 242,
            "deletions": 39
          },
          {
            "hash": "0dc608fa080b3632642fd41b278db67e0ebef98e",
            "messageTitle": "Implement basic find functionality for task list",
            "messageBody": "",
            "insertions": 185,
            "deletions": 62
          }
        ]
      },
      {
        "insertions": 190,
        "deletions": 19,
        "date": "2020-02-25",
        "commitResults": [
          {
            "hash": "a1406083ced1e32917616c48094b7d1a05ad4d8a",
            "messageTitle": "Implement due command to filter tasks by specified date",
            "messageBody": "",
            "insertions": 190,
            "deletions": 19
          }
        ]
      },
      {
        "insertions": 1045,
        "deletions": 144,
        "date": "2020-02-29",
        "commitResults": [
          {
            "hash": "99b40bfa8f1eb806f66575e8ddf50f36c13089d7",
            "messageTitle": "Include JavaDoc for most of the classes",
            "messageBody": "",
            "insertions": 689,
            "deletions": 84
          },
          {
            "hash": "e563c3ba9c705c6ab014a8b1928c7d6bf3802459",
            "messageTitle": "Add remaining JavaDoc to the other classes",
            "messageBody": "",
            "insertions": 356,
            "deletions": 60
          }
        ]
      },
      {
        "insertions": 3485,
        "deletions": 2421,
        "date": "2020-03-01",
        "commitResults": [
          {
            "hash": "0ac72a342f5466274693b09d2f5bfca3b4c83cbb",
            "messageTitle": "Create User Guide",
            "messageBody": "",
            "insertions": 398,
            "deletions": 36
          },
          {
            "hash": "a7e9165f8099fe7082dfe6fe7b42e64288f1737f",
            "messageTitle": "Implement DateTime class for datetime-related variables/objects",
            "messageBody": "",
            "insertions": 239,
            "deletions": 39
          },
          {
            "hash": "a22d4e43c8c3c987145d5ab8697fb635ff22d276",
            "messageTitle": "Implement basic find functionality for task list",
            "messageBody": "",
            "insertions": 414,
            "deletions": 90
          },
          {
            "hash": "112e078cce4e6a126020d9f84ab7cec985340341",
            "messageTitle": "Implement due command to filter tasks by specified date",
            "messageBody": "",
            "insertions": 186,
            "deletions": 17
          },
          {
            "hash": "c686690c07b6b73afbf36ea6b8a70e258e85c4ea",
            "messageTitle": "Include JavaDoc for most of the classes",
            "messageBody": "",
            "insertions": 1221,
            "deletions": 126
          },
          {
            "hash": "e057a87f6fdfdbb6b7ca55c67a6bb393c2d06701",
            "messageTitle": "Add remaining JavaDoc to the other classes",
            "messageBody": "",
            "insertions": 356,
            "deletions": 60
          },
          {
            "hash": "763a16dcf775d015499cad3514e73b527a860fe5",
            "messageTitle": "Revert Level-8 to A-JavaDoc to implement forgotten brances",
            "messageBody": "",
            "insertions": 156,
            "deletions": 1129
          },
          {
            "hash": "c3078695b79fdabd37be99660dc658b4ec933b27",
            "messageTitle": "Revert Level-8 to A-JavaDoc to implement forgotten branches",
            "messageBody": "",
            "insertions": 0,
            "deletions": 424
          },
          {
            "hash": "f3aa520e30402e1c744eb4e8301e8a1174d20827",
            "messageTitle": "Include completed User Guide",
            "messageBody": "",
            "tags": [
              "A-UserGuide"
            ],
            "insertions": 382,
            "deletions": 0
          },
          {
            "hash": "2b3c7e74aa3eb263bdb06540e96ee1db461c3e6b",
            "messageTitle": "Delete README.md",
            "messageBody": "",
            "insertions": 0,
            "deletions": 377
          },
          {
            "hash": "8f73b91f925fc85178180186de6fd5e68da9846a",
            "messageTitle": "Update and rename UserGuide.md to README.md",
            "messageBody": "",
            "insertions": 0,
            "deletions": 1
          },
          {
            "hash": "fa0a323a005899cf5ebf94eb37344592679a5d88",
            "messageTitle": "Update README.md",
            "messageBody": "",
            "insertions": 2,
            "deletions": 2
          },
          {
            "hash": "9e11330be4ed0eba3d6242d35beda3da74d409b4",
            "messageTitle": "Update README.md",
            "messageBody": "",
            "insertions": 1,
            "deletions": 1
          },
          {
            "hash": "63546b073de8ea7a74dbd43a7ab8dac4b2678960",
            "messageTitle": "Update README.md",
            "messageBody": "",
            "insertions": 1,
            "deletions": 1
          },
          {
            "hash": "8e4547725e9a826ca5bd4a8b536f50bdeb9a6f90",
            "messageTitle": "Do final touch up to iP; use Jansi to decorate certain UI messages",
            "messageBody": "",
            "tags": [
              "A-Release"
            ],
            "insertions": 114,
            "deletions": 103
          },
          {
            "hash": "d56523fb23fabe6879266302e75cb9bdf330325e",
            "messageTitle": "Update User Guide",
            "messageBody": "",
            "insertions": 15,
            "deletions": 15
          }
        ]
      },
      {
        "insertions": 458,
        "deletions": 53,
        "date": "2020-03-02",
        "commitResults": [
          {
            "hash": "704cd40fc52431f51df39ccc91efe3ab8b4611c5",
            "messageTitle": "Implement Help Command",
            "messageBody": "",
            "tags": [
              "v0.3"
            ],
            "insertions": 442,
            "deletions": 46
          },
          {
            "hash": "79d8ec68f19e94f387adfdee71e5c339ffefd0e2",
            "messageTitle": "Update version number and User Guide",
            "messageBody": "",
            "insertions": 10,
            "deletions": 2
          },
          {
            "hash": "a5487e2372e46bbadb720d324bfdbda54291a78b",
            "messageTitle": "Update README.md",
            "messageBody": "",
            "insertions": 1,
            "deletions": 1
          },
          {
            "hash": "a419d7984e7d45a598933aa0231526b52a37ead2",
            "messageTitle": "Update README.md",
            "messageBody": "",
            "insertions": 1,
            "deletions": 1
          },
          {
            "hash": "6b3e354caaaaef3cffe293508423054deb017f84",
            "messageTitle": "Minor correction to User Guide",
            "messageBody": "",
            "insertions": 4,
            "deletions": 3
          }
        ]
      },
      {
        "insertions": 46,
        "deletions": 19,
        "date": "2020-03-05",
        "commitResults": [
          {
            "hash": "84628a7c305dfce586eac3e176efb67bb30ec317",
            "messageTitle": "Fix minor typos in messages",
            "messageBody": "",
            "insertions": 9,
            "deletions": 9
          },
          {
            "hash": "4a1f2b4b8eadbdac156dbd78a6261bd3ab373c39",
            "messageTitle": "Fix more bugs in messages",
            "messageBody": "",
            "insertions": 37,
            "deletions": 10
          }
        ]
      }
    ]
  },
  "authorFinalContributionMap": {
    "iceclementi": 3344
  },
  "authorFileTypeContributionMap": {
    "iceclementi": {
      "java": 2931,
      "md": 377,
      "fxml": 0,
      "sh": 0,
      "bat": 21,
      "gradle": 0,
      "txt": 15
    }
  },
  "authorContributionVariance": {
    "iceclementi": 747141.8
  },
  "authorDisplayNameMap": {
    "iceclementi": "CS2113T-T13-2 CHEN..MENT"
  }
}
