[
  {
    "path": "src/main/java/Duke.java",
    "fileType": "java",
    "lines": [
      {
        "lineNumber": 1,
        "author": {
          "gitId": "JustinnT"
        },
        "content": "import java.util.ArrayList;"
      },
      {
        "lineNumber": 2,
        "author": {
          "gitId": "JustinnT"
        },
        "content": "import java.util.List;"
      },
      {
        "lineNumber": 3,
        "author": {
          "gitId": "JustinnT"
        },
        "content": "import java.util.Scanner;"
      },
      {
        "lineNumber": 4,
        "author": {
          "gitId": "JustinnT"
        },
        "content": ""
      },
      {
        "lineNumber": 5,
        "author": {
          "gitId": "-"
        },
        "content": "public class Duke {"
      },
      {
        "lineNumber": 6,
        "author": {
          "gitId": "JustinnT"
        },
        "content": ""
      },
      {
        "lineNumber": 7,
        "author": {
          "gitId": "JustinnT"
        },
        "content": "    static List\u003cString\u003e myList \u003d new ArrayList\u003c\u003e();"
      },
      {
        "lineNumber": 8,
        "author": {
          "gitId": "JustinnT"
        },
        "content": ""
      },
      {
        "lineNumber": 9,
        "author": {
          "gitId": "JustinnT"
        },
        "content": "    //should i do this or initialized it directly on top?"
      },
      {
        "lineNumber": 10,
        "author": {
          "gitId": "JustinnT"
        },
        "content": "    //Duke() {"
      },
      {
        "lineNumber": 11,
        "author": {
          "gitId": "JustinnT"
        },
        "content": "        //myList \u003d new ArrayList\u003cString\u003e();"
      },
      {
        "lineNumber": 12,
        "author": {
          "gitId": "JustinnT"
        },
        "content": "    //}"
      },
      {
        "lineNumber": 13,
        "author": {
          "gitId": "JustinnT"
        },
        "content": ""
      },
      {
        "lineNumber": 14,
        "author": {
          "gitId": "JustinnT"
        },
        "content": "    public static void printIndentation() {"
      },
      {
        "lineNumber": 15,
        "author": {
          "gitId": "JustinnT"
        },
        "content": "        System.out.print(\"    \");"
      },
      {
        "lineNumber": 16,
        "author": {
          "gitId": "JustinnT"
        },
        "content": "    }"
      },
      {
        "lineNumber": 17,
        "author": {
          "gitId": "JustinnT"
        },
        "content": ""
      },
      {
        "lineNumber": 18,
        "author": {
          "gitId": "JustinnT"
        },
        "content": "    public static void greets() {"
      },
      {
        "lineNumber": 19,
        "author": {
          "gitId": "JustinnT"
        },
        "content": "        printIndentation();"
      },
      {
        "lineNumber": 20,
        "author": {
          "gitId": "JustinnT"
        },
        "content": "        System.out.println(\"Hello! I\u0027m Duke\");"
      },
      {
        "lineNumber": 21,
        "author": {
          "gitId": "JustinnT"
        },
        "content": "        printIndentation();"
      },
      {
        "lineNumber": 22,
        "author": {
          "gitId": "JustinnT"
        },
        "content": "        System.out.println(\"What can I do for you?\");"
      },
      {
        "lineNumber": 23,
        "author": {
          "gitId": "JustinnT"
        },
        "content": "    }"
      },
      {
        "lineNumber": 24,
        "author": {
          "gitId": "JustinnT"
        },
        "content": ""
      },
      {
        "lineNumber": 25,
        "author": {
          "gitId": "JustinnT"
        },
        "content": "    public static void printLines() {"
      },
      {
        "lineNumber": 26,
        "author": {
          "gitId": "JustinnT"
        },
        "content": "        printIndentation();"
      },
      {
        "lineNumber": 27,
        "author": {
          "gitId": "JustinnT"
        },
        "content": "        System.out.println(\"---------------------------------------\");"
      },
      {
        "lineNumber": 28,
        "author": {
          "gitId": "JustinnT"
        },
        "content": "    }"
      },
      {
        "lineNumber": 29,
        "author": {
          "gitId": "JustinnT"
        },
        "content": ""
      },
      {
        "lineNumber": 30,
        "author": {
          "gitId": "JustinnT"
        },
        "content": "    public static void exits() {"
      },
      {
        "lineNumber": 31,
        "author": {
          "gitId": "JustinnT"
        },
        "content": "        printIndentation();"
      },
      {
        "lineNumber": 32,
        "author": {
          "gitId": "JustinnT"
        },
        "content": "        System.out.println(\"Bye. Hope to see you again soon!\");"
      },
      {
        "lineNumber": 33,
        "author": {
          "gitId": "JustinnT"
        },
        "content": "    }"
      },
      {
        "lineNumber": 34,
        "author": {
          "gitId": "JustinnT"
        },
        "content": ""
      },
      {
        "lineNumber": 35,
        "author": {
          "gitId": "JustinnT"
        },
        "content": "    public static void storeInList(String userInput) {"
      },
      {
        "lineNumber": 36,
        "author": {
          "gitId": "JustinnT"
        },
        "content": "        myList.add(userInput);"
      },
      {
        "lineNumber": 37,
        "author": {
          "gitId": "JustinnT"
        },
        "content": "    }"
      },
      {
        "lineNumber": 38,
        "author": {
          "gitId": "JustinnT"
        },
        "content": ""
      },
      {
        "lineNumber": 39,
        "author": {
          "gitId": "JustinnT"
        },
        "content": "    public static String readFromUser() {"
      },
      {
        "lineNumber": 40,
        "author": {
          "gitId": "JustinnT"
        },
        "content": "        String userInput;"
      },
      {
        "lineNumber": 41,
        "author": {
          "gitId": "JustinnT"
        },
        "content": "        Scanner in \u003d new Scanner(System.in);"
      },
      {
        "lineNumber": 42,
        "author": {
          "gitId": "JustinnT"
        },
        "content": "        userInput \u003d in.nextLine();"
      },
      {
        "lineNumber": 43,
        "author": {
          "gitId": "JustinnT"
        },
        "content": "        storeInList(userInput);"
      },
      {
        "lineNumber": 44,
        "author": {
          "gitId": "JustinnT"
        },
        "content": "        return userInput;"
      },
      {
        "lineNumber": 45,
        "author": {
          "gitId": "JustinnT"
        },
        "content": "    }"
      },
      {
        "lineNumber": 46,
        "author": {
          "gitId": "JustinnT"
        },
        "content": ""
      },
      {
        "lineNumber": 47,
        "author": {
          "gitId": "JustinnT"
        },
        "content": "    public static void echoUntilBye() {"
      },
      {
        "lineNumber": 48,
        "author": {
          "gitId": "JustinnT"
        },
        "content": "        while (true) {"
      },
      {
        "lineNumber": 49,
        "author": {
          "gitId": "JustinnT"
        },
        "content": "            String text \u003d readFromUser();"
      },
      {
        "lineNumber": 50,
        "author": {
          "gitId": "JustinnT"
        },
        "content": "            if (text.equals(\"bye\")) {"
      },
      {
        "lineNumber": 51,
        "author": {
          "gitId": "JustinnT"
        },
        "content": "                break;"
      },
      {
        "lineNumber": 52,
        "author": {
          "gitId": "JustinnT"
        },
        "content": "            }"
      },
      {
        "lineNumber": 53,
        "author": {
          "gitId": "JustinnT"
        },
        "content": "            printLines();"
      },
      {
        "lineNumber": 54,
        "author": {
          "gitId": "JustinnT"
        },
        "content": "            printIndentation();"
      },
      {
        "lineNumber": 55,
        "author": {
          "gitId": "JustinnT"
        },
        "content": "            System.out.println(\"Added: \" + text);"
      },
      {
        "lineNumber": 56,
        "author": {
          "gitId": "JustinnT"
        },
        "content": "            printLines();"
      },
      {
        "lineNumber": 57,
        "author": {
          "gitId": "JustinnT"
        },
        "content": "        }"
      },
      {
        "lineNumber": 58,
        "author": {
          "gitId": "JustinnT"
        },
        "content": "        exits();"
      },
      {
        "lineNumber": 59,
        "author": {
          "gitId": "JustinnT"
        },
        "content": "    }"
      },
      {
        "lineNumber": 60,
        "author": {
          "gitId": "JustinnT"
        },
        "content": ""
      },
      {
        "lineNumber": 61,
        "author": {
          "gitId": "-"
        },
        "content": "    public static void main(String[] args) {"
      },
      {
        "lineNumber": 62,
        "author": {
          "gitId": "JustinnT"
        },
        "content": "        //new Duke();"
      },
      {
        "lineNumber": 63,
        "author": {
          "gitId": "-"
        },
        "content": "        String logo \u003d \" ____        _        \\n\""
      },
      {
        "lineNumber": 64,
        "author": {
          "gitId": "-"
        },
        "content": "                + \"|  _ \\\\ _   _| | _____ \\n\""
      },
      {
        "lineNumber": 65,
        "author": {
          "gitId": "-"
        },
        "content": "                + \"| | | | | | | |/ / _ \\\\\\n\""
      },
      {
        "lineNumber": 66,
        "author": {
          "gitId": "-"
        },
        "content": "                + \"| |_| | |_| |   \u003c  __/\\n\""
      },
      {
        "lineNumber": 67,
        "author": {
          "gitId": "-"
        },
        "content": "                + \"|____/ \\\\__,_|_|\\\\_\\\\___|\\n\";"
      },
      {
        "lineNumber": 68,
        "author": {
          "gitId": "-"
        },
        "content": "        System.out.println(\"Hello from\\n\" + logo);"
      },
      {
        "lineNumber": 69,
        "author": {
          "gitId": "JustinnT"
        },
        "content": "        printLines();"
      },
      {
        "lineNumber": 70,
        "author": {
          "gitId": "JustinnT"
        },
        "content": "        greets();"
      },
      {
        "lineNumber": 71,
        "author": {
          "gitId": "JustinnT"
        },
        "content": "        printLines();"
      },
      {
        "lineNumber": 72,
        "author": {
          "gitId": "JustinnT"
        },
        "content": "        echoUntilBye();"
      },
      {
        "lineNumber": 73,
        "author": {
          "gitId": "JustinnT"
        },
        "content": "        printLines();"
      },
      {
        "lineNumber": 74,
        "author": {
          "gitId": "-"
        },
        "content": "    }"
      },
      {
        "lineNumber": 75,
        "author": {
          "gitId": "-"
        },
        "content": "}"
      }
    ],
    "authorContributionMap": {
      "JustinnT": 65,
      "-": 10
    }
  }
]
