[
  {
    "path": "src/main/java/BlankStringException.java",
    "fileType": "java",
    "lines": [
      {
        "lineNumber": 1,
        "author": {
          "gitId": "JustinnT"
        },
        "content": "public class BlankStringException extends Exception {"
      },
      {
        "lineNumber": 2,
        "author": {
          "gitId": "JustinnT"
        },
        "content": "}"
      }
    ],
    "authorContributionMap": {
      "JustinnT": 2
    }
  },
  {
    "path": "src/main/java/Deadline.java",
    "fileType": "java",
    "lines": [
      {
        "lineNumber": 1,
        "author": {
          "gitId": "JustinnT"
        },
        "content": "public class Deadline extends Task {"
      },
      {
        "lineNumber": 2,
        "author": {
          "gitId": "JustinnT"
        },
        "content": "    protected String icon;"
      },
      {
        "lineNumber": 3,
        "author": {
          "gitId": "JustinnT"
        },
        "content": "    protected String deadLine;"
      },
      {
        "lineNumber": 4,
        "author": {
          "gitId": "JustinnT"
        },
        "content": ""
      },
      {
        "lineNumber": 5,
        "author": {
          "gitId": "JustinnT"
        },
        "content": "    public Deadline(String description, String deadLine){"
      },
      {
        "lineNumber": 6,
        "author": {
          "gitId": "JustinnT"
        },
        "content": "        super(description);"
      },
      {
        "lineNumber": 7,
        "author": {
          "gitId": "JustinnT"
        },
        "content": "        this.deadLine \u003d deadLine;"
      },
      {
        "lineNumber": 8,
        "author": {
          "gitId": "JustinnT"
        },
        "content": "        icon \u003d \"[D]\";"
      },
      {
        "lineNumber": 9,
        "author": {
          "gitId": "JustinnT"
        },
        "content": "    }"
      },
      {
        "lineNumber": 10,
        "author": {
          "gitId": "JustinnT"
        },
        "content": ""
      },
      {
        "lineNumber": 11,
        "author": {
          "gitId": "JustinnT"
        },
        "content": "    public String toString() {"
      },
      {
        "lineNumber": 12,
        "author": {
          "gitId": "JustinnT"
        },
        "content": "        String toPrint \u003d super.toString();"
      },
      {
        "lineNumber": 13,
        "author": {
          "gitId": "JustinnT"
        },
        "content": "        toPrint \u003d String.format(\"%s%s (by: %s)\", this.icon, toPrint, this.deadLine);"
      },
      {
        "lineNumber": 14,
        "author": {
          "gitId": "JustinnT"
        },
        "content": "        return toPrint;"
      },
      {
        "lineNumber": 15,
        "author": {
          "gitId": "JustinnT"
        },
        "content": "    }"
      },
      {
        "lineNumber": 16,
        "author": {
          "gitId": "JustinnT"
        },
        "content": "}"
      }
    ],
    "authorContributionMap": {
      "JustinnT": 16
    }
  },
  {
    "path": "src/main/java/DeadlineDateException.java",
    "fileType": "java",
    "lines": [
      {
        "lineNumber": 1,
        "author": {
          "gitId": "JustinnT"
        },
        "content": "public class DeadlineDateException extends Exception {"
      },
      {
        "lineNumber": 2,
        "author": {
          "gitId": "JustinnT"
        },
        "content": "}"
      }
    ],
    "authorContributionMap": {
      "JustinnT": 2
    }
  },
  {
    "path": "src/main/java/Duke.java",
    "fileType": "java",
    "lines": [
      {
        "lineNumber": 1,
        "author": {
          "gitId": "JustinnT"
        },
        "content": "/**"
      },
      {
        "lineNumber": 2,
        "author": {
          "gitId": "JustinnT"
        },
        "content": " * CS2113T Semester 2 AY19/20"
      },
      {
        "lineNumber": 3,
        "author": {
          "gitId": "JustinnT"
        },
        "content": " * Individual Project"
      },
      {
        "lineNumber": 4,
        "author": {
          "gitId": "JustinnT"
        },
        "content": " * \u003cp\u003e"
      },
      {
        "lineNumber": 5,
        "author": {
          "gitId": "JustinnT"
        },
        "content": " * Project Duke is a educational software project designed to take you through"
      },
      {
        "lineNumber": 6,
        "author": {
          "gitId": "JustinnT"
        },
        "content": " * the steps of building a small software incrementally,"
      },
      {
        "lineNumber": 7,
        "author": {
          "gitId": "JustinnT"
        },
        "content": " * while applying as many Java and SE techniques as possible along the way."
      },
      {
        "lineNumber": 8,
        "author": {
          "gitId": "JustinnT"
        },
        "content": " * \u003cp\u003e"
      },
      {
        "lineNumber": 9,
        "author": {
          "gitId": "JustinnT"
        },
        "content": " * The project aims to build a product named Duke, a Personal Assistant Chatbot that"
      },
      {
        "lineNumber": 10,
        "author": {
          "gitId": "JustinnT"
        },
        "content": " * helps a person to keep track of various things. The name Duke was chosen as a placeholder name,"
      },
      {
        "lineNumber": 11,
        "author": {
          "gitId": "JustinnT"
        },
        "content": " * in honor of Duke, the Java Mascot. You may give it any other name and personality you wish."
      },
      {
        "lineNumber": 12,
        "author": {
          "gitId": "JustinnT"
        },
        "content": " *"
      },
      {
        "lineNumber": 13,
        "author": {
          "gitId": "JustinnT"
        },
        "content": " * @author: Tan Zheng Fu Justin"
      },
      {
        "lineNumber": 14,
        "author": {
          "gitId": "JustinnT"
        },
        "content": " */"
      },
      {
        "lineNumber": 15,
        "author": {
          "gitId": "JustinnT"
        },
        "content": ""
      },
      {
        "lineNumber": 16,
        "author": {
          "gitId": "JustinnT"
        },
        "content": "import java.util.List;"
      },
      {
        "lineNumber": 17,
        "author": {
          "gitId": "JustinnT"
        },
        "content": "import java.util.Scanner;"
      },
      {
        "lineNumber": 18,
        "author": {
          "gitId": "JustinnT"
        },
        "content": ""
      },
      {
        "lineNumber": 19,
        "author": {
          "gitId": "-"
        },
        "content": "public class Duke {"
      },
      {
        "lineNumber": 20,
        "author": {
          "gitId": "JustinnT"
        },
        "content": "    public static final int LIMIT \u003d 2;"
      },
      {
        "lineNumber": 21,
        "author": {
          "gitId": "JustinnT"
        },
        "content": "    public static final int LIST_INDEX \u003d 1;"
      },
      {
        "lineNumber": 22,
        "author": {
          "gitId": "JustinnT"
        },
        "content": "    public static final int TASK_DESCRIPTION \u003d 1;"
      },
      {
        "lineNumber": 23,
        "author": {
          "gitId": "JustinnT"
        },
        "content": "    public static final int TASK_DESCRIPTION_AND_DATE \u003d 1;"
      },
      {
        "lineNumber": 24,
        "author": {
          "gitId": "JustinnT"
        },
        "content": "    public static final int TASK_DEADLINE \u003d 0;"
      },
      {
        "lineNumber": 25,
        "author": {
          "gitId": "JustinnT"
        },
        "content": "    public static final int TASK_EVENT_AT \u003d 0;"
      },
      {
        "lineNumber": 26,
        "author": {
          "gitId": "JustinnT"
        },
        "content": "    public static final int DUKE_COMMAND \u003d 0;"
      },
      {
        "lineNumber": 27,
        "author": {
          "gitId": "JustinnT"
        },
        "content": ""
      },
      {
        "lineNumber": 28,
        "author": {
          "gitId": "JustinnT"
        },
        "content": "    static Storage myTasks \u003d new Storage();"
      },
      {
        "lineNumber": 29,
        "author": {
          "gitId": "JustinnT"
        },
        "content": ""
      },
      {
        "lineNumber": 30,
        "author": {
          "gitId": "JustinnT"
        },
        "content": "    public static void start() {"
      },
      {
        "lineNumber": 31,
        "author": {
          "gitId": "-"
        },
        "content": "        String logo \u003d \" ____        _        \\n\""
      },
      {
        "lineNumber": 32,
        "author": {
          "gitId": "-"
        },
        "content": "                + \"|  _ \\\\ _   _| | _____ \\n\""
      },
      {
        "lineNumber": 33,
        "author": {
          "gitId": "-"
        },
        "content": "                + \"| | | | | | | |/ / _ \\\\\\n\""
      },
      {
        "lineNumber": 34,
        "author": {
          "gitId": "-"
        },
        "content": "                + \"| |_| | |_| |   \u003c  __/\\n\""
      },
      {
        "lineNumber": 35,
        "author": {
          "gitId": "-"
        },
        "content": "                + \"|____/ \\\\__,_|_|\\\\_\\\\___|\\n\";"
      },
      {
        "lineNumber": 36,
        "author": {
          "gitId": "JustinnT"
        },
        "content": "        Printer.printStart(logo);"
      },
      {
        "lineNumber": 37,
        "author": {
          "gitId": "JustinnT"
        },
        "content": "    }"
      },
      {
        "lineNumber": 38,
        "author": {
          "gitId": "JustinnT"
        },
        "content": ""
      },
      {
        "lineNumber": 39,
        "author": {
          "gitId": "JustinnT"
        },
        "content": "    public static void exits() {"
      },
      {
        "lineNumber": 40,
        "author": {
          "gitId": "JustinnT"
        },
        "content": "        Printer.printLines();"
      },
      {
        "lineNumber": 41,
        "author": {
          "gitId": "JustinnT"
        },
        "content": "        Printer.printIndentation();"
      },
      {
        "lineNumber": 42,
        "author": {
          "gitId": "JustinnT"
        },
        "content": "        Printer.printBye();"
      },
      {
        "lineNumber": 43,
        "author": {
          "gitId": "JustinnT"
        },
        "content": "        Printer.printLines();"
      },
      {
        "lineNumber": 44,
        "author": {
          "gitId": "JustinnT"
        },
        "content": ""
      },
      {
        "lineNumber": 45,
        "author": {
          "gitId": "JustinnT"
        },
        "content": "        System.exit(0);"
      },
      {
        "lineNumber": 46,
        "author": {
          "gitId": "JustinnT"
        },
        "content": "    }"
      },
      {
        "lineNumber": 47,
        "author": {
          "gitId": "JustinnT"
        },
        "content": ""
      },
      {
        "lineNumber": 48,
        "author": {
          "gitId": "JustinnT"
        },
        "content": "    public static Task readFromUser() {"
      },
      {
        "lineNumber": 49,
        "author": {
          "gitId": "JustinnT"
        },
        "content": "        Scanner in \u003d new Scanner(System.in);"
      },
      {
        "lineNumber": 50,
        "author": {
          "gitId": "JustinnT"
        },
        "content": ""
      },
      {
        "lineNumber": 51,
        "author": {
          "gitId": "JustinnT"
        },
        "content": "        String userInput \u003d in.nextLine();"
      },
      {
        "lineNumber": 52,
        "author": {
          "gitId": "JustinnT"
        },
        "content": ""
      },
      {
        "lineNumber": 53,
        "author": {
          "gitId": "JustinnT"
        },
        "content": "        return new Task(userInput);"
      },
      {
        "lineNumber": 54,
        "author": {
          "gitId": "JustinnT"
        },
        "content": "    }"
      },
      {
        "lineNumber": 55,
        "author": {
          "gitId": "JustinnT"
        },
        "content": ""
      },
      {
        "lineNumber": 56,
        "author": {
          "gitId": "JustinnT"
        },
        "content": "    public static void echoUntilBye() {"
      },
      {
        "lineNumber": 57,
        "author": {
          "gitId": "JustinnT"
        },
        "content": "        boolean isBye \u003d false;"
      },
      {
        "lineNumber": 58,
        "author": {
          "gitId": "JustinnT"
        },
        "content": "        while (!isBye) {"
      },
      {
        "lineNumber": 59,
        "author": {
          "gitId": "JustinnT"
        },
        "content": "            Task task \u003d readFromUser();"
      },
      {
        "lineNumber": 60,
        "author": {
          "gitId": "JustinnT"
        },
        "content": "            List\u003cString\u003e commands \u003d Parser.parseCommand(task.description);"
      },
      {
        "lineNumber": 61,
        "author": {
          "gitId": "JustinnT"
        },
        "content": "            String command \u003d commands.get(DUKE_COMMAND);"
      },
      {
        "lineNumber": 62,
        "author": {
          "gitId": "JustinnT"
        },
        "content": ""
      },
      {
        "lineNumber": 63,
        "author": {
          "gitId": "JustinnT"
        },
        "content": "            String descriptionAndDeadline;"
      },
      {
        "lineNumber": 64,
        "author": {
          "gitId": "JustinnT"
        },
        "content": "            String description;"
      },
      {
        "lineNumber": 65,
        "author": {
          "gitId": "JustinnT"
        },
        "content": "            String deadline;"
      },
      {
        "lineNumber": 66,
        "author": {
          "gitId": "JustinnT"
        },
        "content": ""
      },
      {
        "lineNumber": 67,
        "author": {
          "gitId": "JustinnT"
        },
        "content": "            String descriptionAndEventAt;"
      },
      {
        "lineNumber": 68,
        "author": {
          "gitId": "JustinnT"
        },
        "content": "            String eventAt;"
      },
      {
        "lineNumber": 69,
        "author": {
          "gitId": "JustinnT"
        },
        "content": ""
      },
      {
        "lineNumber": 70,
        "author": {
          "gitId": "JustinnT"
        },
        "content": "            List\u003cString\u003e separated;"
      },
      {
        "lineNumber": 71,
        "author": {
          "gitId": "JustinnT"
        },
        "content": ""
      },
      {
        "lineNumber": 72,
        "author": {
          "gitId": "JustinnT"
        },
        "content": "            switch (command) {"
      },
      {
        "lineNumber": 73,
        "author": {
          "gitId": "JustinnT"
        },
        "content": "            case \"bye\":"
      },
      {
        "lineNumber": 74,
        "author": {
          "gitId": "JustinnT"
        },
        "content": "                isBye \u003d true;"
      },
      {
        "lineNumber": 75,
        "author": {
          "gitId": "JustinnT"
        },
        "content": "                exits();"
      },
      {
        "lineNumber": 76,
        "author": {
          "gitId": "JustinnT"
        },
        "content": ""
      },
      {
        "lineNumber": 77,
        "author": {
          "gitId": "JustinnT"
        },
        "content": "            case \"list\":"
      },
      {
        "lineNumber": 78,
        "author": {
          "gitId": "JustinnT"
        },
        "content": "                myTasks.displayTasks();"
      },
      {
        "lineNumber": 79,
        "author": {
          "gitId": "JustinnT"
        },
        "content": "                continue;"
      },
      {
        "lineNumber": 80,
        "author": {
          "gitId": "JustinnT"
        },
        "content": ""
      },
      {
        "lineNumber": 81,
        "author": {
          "gitId": "JustinnT"
        },
        "content": "            case \"done\":"
      },
      {
        "lineNumber": 82,
        "author": {
          "gitId": "JustinnT"
        },
        "content": "                int index \u003d Integer.parseInt(commands.get(LIST_INDEX));"
      },
      {
        "lineNumber": 83,
        "author": {
          "gitId": "JustinnT"
        },
        "content": "                try {"
      },
      {
        "lineNumber": 84,
        "author": {
          "gitId": "JustinnT"
        },
        "content": "                    Task t \u003d myTasks.getTask(index);"
      },
      {
        "lineNumber": 85,
        "author": {
          "gitId": "JustinnT"
        },
        "content": "                    t.markAsDone();"
      },
      {
        "lineNumber": 86,
        "author": {
          "gitId": "JustinnT"
        },
        "content": "                    Printer.printConfirmationMessage(t);"
      },
      {
        "lineNumber": 87,
        "author": {
          "gitId": "JustinnT"
        },
        "content": ""
      },
      {
        "lineNumber": 88,
        "author": {
          "gitId": "JustinnT"
        },
        "content": "                } catch (IndexOutOfBoundsException e) {"
      },
      {
        "lineNumber": 89,
        "author": {
          "gitId": "JustinnT"
        },
        "content": "                    Printer.printError(); //TODO add custom error message when accessing OFB index"
      },
      {
        "lineNumber": 90,
        "author": {
          "gitId": "JustinnT"
        },
        "content": "                } continue;"
      },
      {
        "lineNumber": 91,
        "author": {
          "gitId": "JustinnT"
        },
        "content": ""
      },
      {
        "lineNumber": 92,
        "author": {
          "gitId": "JustinnT"
        },
        "content": "            case \"todo\":"
      },
      {
        "lineNumber": 93,
        "author": {
          "gitId": "JustinnT"
        },
        "content": "                try {"
      },
      {
        "lineNumber": 94,
        "author": {
          "gitId": "JustinnT"
        },
        "content": "                    description \u003d commands.get(TASK_DESCRIPTION);"
      },
      {
        "lineNumber": 95,
        "author": {
          "gitId": "JustinnT"
        },
        "content": "                    description \u003d description.trim();"
      },
      {
        "lineNumber": 96,
        "author": {
          "gitId": "JustinnT"
        },
        "content": ""
      },
      {
        "lineNumber": 97,
        "author": {
          "gitId": "JustinnT"
        },
        "content": "                    DukeExceptionHandler.isBlank(description);"
      },
      {
        "lineNumber": 98,
        "author": {
          "gitId": "JustinnT"
        },
        "content": ""
      },
      {
        "lineNumber": 99,
        "author": {
          "gitId": "JustinnT"
        },
        "content": "                    ToDo toDoTask \u003d new ToDo(description);"
      },
      {
        "lineNumber": 100,
        "author": {
          "gitId": "JustinnT"
        },
        "content": "                    myTasks.storeTasks(toDoTask);"
      },
      {
        "lineNumber": 101,
        "author": {
          "gitId": "JustinnT"
        },
        "content": "                    Printer.printConfirmationMessage(toDoTask);"
      },
      {
        "lineNumber": 102,
        "author": {
          "gitId": "JustinnT"
        },
        "content": ""
      },
      {
        "lineNumber": 103,
        "author": {
          "gitId": "JustinnT"
        },
        "content": "                } catch (IndexOutOfBoundsException | BlankStringException e) {"
      },
      {
        "lineNumber": 104,
        "author": {
          "gitId": "JustinnT"
        },
        "content": "                    Printer.printEmptyDescriptionError(command);"
      },
      {
        "lineNumber": 105,
        "author": {
          "gitId": "JustinnT"
        },
        "content": "                    Printer.printHint(command);"
      },
      {
        "lineNumber": 106,
        "author": {
          "gitId": "JustinnT"
        },
        "content": "                } continue;"
      },
      {
        "lineNumber": 107,
        "author": {
          "gitId": "JustinnT"
        },
        "content": ""
      },
      {
        "lineNumber": 108,
        "author": {
          "gitId": "JustinnT"
        },
        "content": "            case \"deadline\":"
      },
      {
        "lineNumber": 109,
        "author": {
          "gitId": "JustinnT"
        },
        "content": "                try {"
      },
      {
        "lineNumber": 110,
        "author": {
          "gitId": "JustinnT"
        },
        "content": "                    descriptionAndDeadline \u003d commands.get(TASK_DESCRIPTION_AND_DATE);"
      },
      {
        "lineNumber": 111,
        "author": {
          "gitId": "JustinnT"
        },
        "content": "                    separated \u003d Parser.parseDeadlineDate(descriptionAndDeadline);"
      },
      {
        "lineNumber": 112,
        "author": {
          "gitId": "JustinnT"
        },
        "content": ""
      },
      {
        "lineNumber": 113,
        "author": {
          "gitId": "JustinnT"
        },
        "content": "                    description \u003d separated.get(TASK_DESCRIPTION);"
      },
      {
        "lineNumber": 114,
        "author": {
          "gitId": "JustinnT"
        },
        "content": "                    deadline \u003d separated.get(TASK_DEADLINE);"
      },
      {
        "lineNumber": 115,
        "author": {
          "gitId": "JustinnT"
        },
        "content": "                    description \u003d description.trim();"
      },
      {
        "lineNumber": 116,
        "author": {
          "gitId": "JustinnT"
        },
        "content": "                    deadline \u003d deadline.trim();"
      },
      {
        "lineNumber": 117,
        "author": {
          "gitId": "JustinnT"
        },
        "content": ""
      },
      {
        "lineNumber": 118,
        "author": {
          "gitId": "JustinnT"
        },
        "content": "                    DukeExceptionHandler.isBlank(description);"
      },
      {
        "lineNumber": 119,
        "author": {
          "gitId": "JustinnT"
        },
        "content": "                    DukeExceptionHandler.isBlank(deadline);"
      },
      {
        "lineNumber": 120,
        "author": {
          "gitId": "JustinnT"
        },
        "content": ""
      },
      {
        "lineNumber": 121,
        "author": {
          "gitId": "JustinnT"
        },
        "content": "                    Deadline deadlineTask \u003d new Deadline(description, deadline);"
      },
      {
        "lineNumber": 122,
        "author": {
          "gitId": "JustinnT"
        },
        "content": "                    myTasks.storeTasks(deadlineTask);"
      },
      {
        "lineNumber": 123,
        "author": {
          "gitId": "JustinnT"
        },
        "content": "                    Printer.printConfirmationMessage(deadlineTask);"
      },
      {
        "lineNumber": 124,
        "author": {
          "gitId": "JustinnT"
        },
        "content": ""
      },
      {
        "lineNumber": 125,
        "author": {
          "gitId": "JustinnT"
        },
        "content": "                } catch (IndexOutOfBoundsException | BlankStringException e) {"
      },
      {
        "lineNumber": 126,
        "author": {
          "gitId": "JustinnT"
        },
        "content": "                    Printer.printFormatError(command);"
      },
      {
        "lineNumber": 127,
        "author": {
          "gitId": "JustinnT"
        },
        "content": "                    Printer.printHint(command);"
      },
      {
        "lineNumber": 128,
        "author": {
          "gitId": "JustinnT"
        },
        "content": "                } continue;"
      },
      {
        "lineNumber": 129,
        "author": {
          "gitId": "JustinnT"
        },
        "content": ""
      },
      {
        "lineNumber": 130,
        "author": {
          "gitId": "JustinnT"
        },
        "content": "            case \"event\":"
      },
      {
        "lineNumber": 131,
        "author": {
          "gitId": "JustinnT"
        },
        "content": "                try {"
      },
      {
        "lineNumber": 132,
        "author": {
          "gitId": "JustinnT"
        },
        "content": "                    descriptionAndEventAt \u003d commands.get(TASK_DESCRIPTION_AND_DATE);"
      },
      {
        "lineNumber": 133,
        "author": {
          "gitId": "JustinnT"
        },
        "content": "                    separated \u003d Parser.parseEventAt(descriptionAndEventAt);"
      },
      {
        "lineNumber": 134,
        "author": {
          "gitId": "JustinnT"
        },
        "content": ""
      },
      {
        "lineNumber": 135,
        "author": {
          "gitId": "JustinnT"
        },
        "content": "                    description \u003d separated.get(TASK_DESCRIPTION);"
      },
      {
        "lineNumber": 136,
        "author": {
          "gitId": "JustinnT"
        },
        "content": "                    eventAt \u003d separated.get(TASK_EVENT_AT);"
      },
      {
        "lineNumber": 137,
        "author": {
          "gitId": "JustinnT"
        },
        "content": "                    description \u003d description.trim();"
      },
      {
        "lineNumber": 138,
        "author": {
          "gitId": "JustinnT"
        },
        "content": "                    eventAt \u003d eventAt.trim();"
      },
      {
        "lineNumber": 139,
        "author": {
          "gitId": "JustinnT"
        },
        "content": ""
      },
      {
        "lineNumber": 140,
        "author": {
          "gitId": "JustinnT"
        },
        "content": "                    DukeExceptionHandler.isBlank(description);"
      },
      {
        "lineNumber": 141,
        "author": {
          "gitId": "JustinnT"
        },
        "content": "                    DukeExceptionHandler.isBlank(eventAt);"
      },
      {
        "lineNumber": 142,
        "author": {
          "gitId": "JustinnT"
        },
        "content": ""
      },
      {
        "lineNumber": 143,
        "author": {
          "gitId": "JustinnT"
        },
        "content": "                    Event eventTask \u003d new Event(description, eventAt);"
      },
      {
        "lineNumber": 144,
        "author": {
          "gitId": "JustinnT"
        },
        "content": "                    myTasks.storeTasks(eventTask);"
      },
      {
        "lineNumber": 145,
        "author": {
          "gitId": "JustinnT"
        },
        "content": "                    Printer.printConfirmationMessage(eventTask);"
      },
      {
        "lineNumber": 146,
        "author": {
          "gitId": "JustinnT"
        },
        "content": "                    continue;"
      },
      {
        "lineNumber": 147,
        "author": {
          "gitId": "JustinnT"
        },
        "content": "                } catch (IndexOutOfBoundsException | BlankStringException e) {"
      },
      {
        "lineNumber": 148,
        "author": {
          "gitId": "JustinnT"
        },
        "content": "                    Printer.printFormatError(command);"
      },
      {
        "lineNumber": 149,
        "author": {
          "gitId": "JustinnT"
        },
        "content": "                    Printer.printHint(command);"
      },
      {
        "lineNumber": 150,
        "author": {
          "gitId": "JustinnT"
        },
        "content": "                } continue;"
      },
      {
        "lineNumber": 151,
        "author": {
          "gitId": "JustinnT"
        },
        "content": ""
      },
      {
        "lineNumber": 152,
        "author": {
          "gitId": "JustinnT"
        },
        "content": "            default:"
      },
      {
        "lineNumber": 153,
        "author": {
          "gitId": "JustinnT"
        },
        "content": "                Printer.printUnknownCommandError(command); //TODO add custom error message when received unlisted commands"
      },
      {
        "lineNumber": 154,
        "author": {
          "gitId": "JustinnT"
        },
        "content": "            }"
      },
      {
        "lineNumber": 155,
        "author": {
          "gitId": "JustinnT"
        },
        "content": "        }"
      },
      {
        "lineNumber": 156,
        "author": {
          "gitId": "JustinnT"
        },
        "content": "    }"
      },
      {
        "lineNumber": 157,
        "author": {
          "gitId": "JustinnT"
        },
        "content": ""
      },
      {
        "lineNumber": 158,
        "author": {
          "gitId": "-"
        },
        "content": "    public static void main(String[] args) {"
      },
      {
        "lineNumber": 159,
        "author": {
          "gitId": "JustinnT"
        },
        "content": "        start();"
      },
      {
        "lineNumber": 160,
        "author": {
          "gitId": "JustinnT"
        },
        "content": "        Printer.printLines();"
      },
      {
        "lineNumber": 161,
        "author": {
          "gitId": "JustinnT"
        },
        "content": "        Printer.printGreetings();"
      },
      {
        "lineNumber": 162,
        "author": {
          "gitId": "JustinnT"
        },
        "content": "        Printer.printLines();"
      },
      {
        "lineNumber": 163,
        "author": {
          "gitId": "JustinnT"
        },
        "content": "        echoUntilBye();"
      },
      {
        "lineNumber": 164,
        "author": {
          "gitId": "-"
        },
        "content": "    }"
      },
      {
        "lineNumber": 165,
        "author": {
          "gitId": "-"
        },
        "content": "}"
      }
    ],
    "authorContributionMap": {
      "JustinnT": 156,
      "-": 9
    }
  },
  {
    "path": "src/main/java/DukeExceptionHandler.java",
    "fileType": "java",
    "lines": [
      {
        "lineNumber": 1,
        "author": {
          "gitId": "JustinnT"
        },
        "content": "public class DukeExceptionHandler {"
      },
      {
        "lineNumber": 2,
        "author": {
          "gitId": "JustinnT"
        },
        "content": "    public static void isBlank(String description) throws BlankStringException {"
      },
      {
        "lineNumber": 3,
        "author": {
          "gitId": "JustinnT"
        },
        "content": "        if (description.isBlank()) {"
      },
      {
        "lineNumber": 4,
        "author": {
          "gitId": "JustinnT"
        },
        "content": "            throw new BlankStringException();"
      },
      {
        "lineNumber": 5,
        "author": {
          "gitId": "JustinnT"
        },
        "content": "        }"
      },
      {
        "lineNumber": 6,
        "author": {
          "gitId": "JustinnT"
        },
        "content": "    }"
      },
      {
        "lineNumber": 7,
        "author": {
          "gitId": "JustinnT"
        },
        "content": ""
      },
      {
        "lineNumber": 8,
        "author": {
          "gitId": "JustinnT"
        },
        "content": "    public static void containsBy(String descriptionAndDate) throws DeadlineDateException {"
      },
      {
        "lineNumber": 9,
        "author": {
          "gitId": "JustinnT"
        },
        "content": "        if (!descriptionAndDate.contains(\" /by \")) {"
      },
      {
        "lineNumber": 10,
        "author": {
          "gitId": "JustinnT"
        },
        "content": "            throw new DeadlineDateException();"
      },
      {
        "lineNumber": 11,
        "author": {
          "gitId": "JustinnT"
        },
        "content": "        }"
      },
      {
        "lineNumber": 12,
        "author": {
          "gitId": "JustinnT"
        },
        "content": "    }"
      },
      {
        "lineNumber": 13,
        "author": {
          "gitId": "JustinnT"
        },
        "content": "}"
      }
    ],
    "authorContributionMap": {
      "JustinnT": 13
    }
  },
  {
    "path": "src/main/java/Event.java",
    "fileType": "java",
    "lines": [
      {
        "lineNumber": 1,
        "author": {
          "gitId": "JustinnT"
        },
        "content": "public class Event extends Task {"
      },
      {
        "lineNumber": 2,
        "author": {
          "gitId": "JustinnT"
        },
        "content": "    protected String icon;"
      },
      {
        "lineNumber": 3,
        "author": {
          "gitId": "JustinnT"
        },
        "content": "    protected String deadLine;"
      },
      {
        "lineNumber": 4,
        "author": {
          "gitId": "JustinnT"
        },
        "content": ""
      },
      {
        "lineNumber": 5,
        "author": {
          "gitId": "JustinnT"
        },
        "content": "    public Event(String description, String deadLine){"
      },
      {
        "lineNumber": 6,
        "author": {
          "gitId": "JustinnT"
        },
        "content": "        super(description);"
      },
      {
        "lineNumber": 7,
        "author": {
          "gitId": "JustinnT"
        },
        "content": "        this.deadLine \u003d deadLine;"
      },
      {
        "lineNumber": 8,
        "author": {
          "gitId": "JustinnT"
        },
        "content": "        icon \u003d \"[E]\";"
      },
      {
        "lineNumber": 9,
        "author": {
          "gitId": "JustinnT"
        },
        "content": "    }"
      },
      {
        "lineNumber": 10,
        "author": {
          "gitId": "JustinnT"
        },
        "content": ""
      },
      {
        "lineNumber": 11,
        "author": {
          "gitId": "JustinnT"
        },
        "content": "    public String toString() {"
      },
      {
        "lineNumber": 12,
        "author": {
          "gitId": "JustinnT"
        },
        "content": "        String toPrint \u003d super.toString();"
      },
      {
        "lineNumber": 13,
        "author": {
          "gitId": "JustinnT"
        },
        "content": "        toPrint \u003d String.format(\"%s%s (at: %s)\", this.icon, toPrint, this.deadLine);"
      },
      {
        "lineNumber": 14,
        "author": {
          "gitId": "JustinnT"
        },
        "content": "        return toPrint;"
      },
      {
        "lineNumber": 15,
        "author": {
          "gitId": "JustinnT"
        },
        "content": "    }"
      },
      {
        "lineNumber": 16,
        "author": {
          "gitId": "JustinnT"
        },
        "content": "}"
      }
    ],
    "authorContributionMap": {
      "JustinnT": 16
    }
  },
  {
    "path": "src/main/java/Parser.java",
    "fileType": "java",
    "lines": [
      {
        "lineNumber": 1,
        "author": {
          "gitId": "JustinnT"
        },
        "content": "import java.util.ArrayList;"
      },
      {
        "lineNumber": 2,
        "author": {
          "gitId": "JustinnT"
        },
        "content": "import java.util.Arrays;"
      },
      {
        "lineNumber": 3,
        "author": {
          "gitId": "JustinnT"
        },
        "content": "import java.util.Collections;"
      },
      {
        "lineNumber": 4,
        "author": {
          "gitId": "JustinnT"
        },
        "content": "import java.util.List;"
      },
      {
        "lineNumber": 5,
        "author": {
          "gitId": "JustinnT"
        },
        "content": ""
      },
      {
        "lineNumber": 6,
        "author": {
          "gitId": "JustinnT"
        },
        "content": "public class Parser {"
      },
      {
        "lineNumber": 7,
        "author": {
          "gitId": "JustinnT"
        },
        "content": "    public static List\u003cString\u003e parseCommand(String description) {"
      },
      {
        "lineNumber": 8,
        "author": {
          "gitId": "JustinnT"
        },
        "content": "        List\u003cString\u003e commands \u003d new ArrayList\u003c\u003e(Arrays.asList(description.split(\" \", Duke.LIMIT)));"
      },
      {
        "lineNumber": 9,
        "author": {
          "gitId": "JustinnT"
        },
        "content": "        return commands;"
      },
      {
        "lineNumber": 10,
        "author": {
          "gitId": "JustinnT"
        },
        "content": "    }"
      },
      {
        "lineNumber": 11,
        "author": {
          "gitId": "JustinnT"
        },
        "content": ""
      },
      {
        "lineNumber": 12,
        "author": {
          "gitId": "JustinnT"
        },
        "content": "    public static List\u003cString\u003e parseDeadlineDate(String descriptionAndDate)  {"
      },
      {
        "lineNumber": 13,
        "author": {
          "gitId": "JustinnT"
        },
        "content": "        List\u003cString\u003e separated \u003d new ArrayList\u003c\u003e(Arrays.asList(descriptionAndDate.split(\" /by \", Duke.LIMIT)));"
      },
      {
        "lineNumber": 14,
        "author": {
          "gitId": "JustinnT"
        },
        "content": "        Collections.reverse(separated);"
      },
      {
        "lineNumber": 15,
        "author": {
          "gitId": "JustinnT"
        },
        "content": "        return separated;"
      },
      {
        "lineNumber": 16,
        "author": {
          "gitId": "JustinnT"
        },
        "content": "    }"
      },
      {
        "lineNumber": 17,
        "author": {
          "gitId": "JustinnT"
        },
        "content": ""
      },
      {
        "lineNumber": 18,
        "author": {
          "gitId": "JustinnT"
        },
        "content": "    public static List\u003cString\u003e parseEventAt(String descriptionAndDate){"
      },
      {
        "lineNumber": 19,
        "author": {
          "gitId": "JustinnT"
        },
        "content": "        List\u003cString\u003e separated \u003d new ArrayList\u003c\u003e(Arrays.asList(descriptionAndDate.split(\" /at \", Duke.LIMIT)));"
      },
      {
        "lineNumber": 20,
        "author": {
          "gitId": "JustinnT"
        },
        "content": "        Collections.reverse(separated);"
      },
      {
        "lineNumber": 21,
        "author": {
          "gitId": "JustinnT"
        },
        "content": "        return separated;"
      },
      {
        "lineNumber": 22,
        "author": {
          "gitId": "JustinnT"
        },
        "content": "    }"
      },
      {
        "lineNumber": 23,
        "author": {
          "gitId": "JustinnT"
        },
        "content": ""
      },
      {
        "lineNumber": 24,
        "author": {
          "gitId": "JustinnT"
        },
        "content": "}"
      }
    ],
    "authorContributionMap": {
      "JustinnT": 24
    }
  },
  {
    "path": "src/main/java/Printer.java",
    "fileType": "java",
    "lines": [
      {
        "lineNumber": 1,
        "author": {
          "gitId": "JustinnT"
        },
        "content": "import java.util.List;"
      },
      {
        "lineNumber": 2,
        "author": {
          "gitId": "JustinnT"
        },
        "content": ""
      },
      {
        "lineNumber": 3,
        "author": {
          "gitId": "JustinnT"
        },
        "content": "public class Printer {"
      },
      {
        "lineNumber": 4,
        "author": {
          "gitId": "JustinnT"
        },
        "content": "    public static final String ANSI_RESET \u003d \"\\u001B[0m\";"
      },
      {
        "lineNumber": 5,
        "author": {
          "gitId": "JustinnT"
        },
        "content": "    public static final String ANSI_BLACK \u003d \"\\u001B[30m\";"
      },
      {
        "lineNumber": 6,
        "author": {
          "gitId": "JustinnT"
        },
        "content": "    public static final String ANSI_RED \u003d \"\\u001B[31m\";"
      },
      {
        "lineNumber": 7,
        "author": {
          "gitId": "JustinnT"
        },
        "content": "    public static final String ANSI_GREEN \u003d \"\\u001B[32m\";"
      },
      {
        "lineNumber": 8,
        "author": {
          "gitId": "JustinnT"
        },
        "content": "    public static final String ANSI_YELLOW \u003d \"\\u001B[33m\";"
      },
      {
        "lineNumber": 9,
        "author": {
          "gitId": "JustinnT"
        },
        "content": "    public static final String ANSI_BLUE \u003d \"\\u001B[34m\";"
      },
      {
        "lineNumber": 10,
        "author": {
          "gitId": "JustinnT"
        },
        "content": "    public static final String ANSI_PURPLE \u003d \"\\u001B[35m\";"
      },
      {
        "lineNumber": 11,
        "author": {
          "gitId": "JustinnT"
        },
        "content": "    public static final String ANSI_CYAN \u003d \"\\u001B[36m\";"
      },
      {
        "lineNumber": 12,
        "author": {
          "gitId": "JustinnT"
        },
        "content": "    public static final String ANSI_WHITE \u003d \"\\u001B[37m\";"
      },
      {
        "lineNumber": 13,
        "author": {
          "gitId": "JustinnT"
        },
        "content": ""
      },
      {
        "lineNumber": 14,
        "author": {
          "gitId": "JustinnT"
        },
        "content": "    public static void printIndentation() {"
      },
      {
        "lineNumber": 15,
        "author": {
          "gitId": "JustinnT"
        },
        "content": "        System.out.print(\"    \");"
      },
      {
        "lineNumber": 16,
        "author": {
          "gitId": "JustinnT"
        },
        "content": "    }"
      },
      {
        "lineNumber": 17,
        "author": {
          "gitId": "JustinnT"
        },
        "content": ""
      },
      {
        "lineNumber": 18,
        "author": {
          "gitId": "JustinnT"
        },
        "content": "    public static void printStart(String logo) {"
      },
      {
        "lineNumber": 19,
        "author": {
          "gitId": "JustinnT"
        },
        "content": "        System.out.println(\"Hello from\\n\" + logo);"
      },
      {
        "lineNumber": 20,
        "author": {
          "gitId": "JustinnT"
        },
        "content": "    }"
      },
      {
        "lineNumber": 21,
        "author": {
          "gitId": "JustinnT"
        },
        "content": ""
      },
      {
        "lineNumber": 22,
        "author": {
          "gitId": "JustinnT"
        },
        "content": "    public static void printGreetings() {"
      },
      {
        "lineNumber": 23,
        "author": {
          "gitId": "JustinnT"
        },
        "content": "        printIndentation();"
      },
      {
        "lineNumber": 24,
        "author": {
          "gitId": "JustinnT"
        },
        "content": "        System.out.println(\"Hello! I\u0027m Duke (￣▽￣*)ゞ\");"
      },
      {
        "lineNumber": 25,
        "author": {
          "gitId": "JustinnT"
        },
        "content": "        printIndentation();"
      },
      {
        "lineNumber": 26,
        "author": {
          "gitId": "JustinnT"
        },
        "content": "        System.out.println(\"What can I do for you?\");"
      },
      {
        "lineNumber": 27,
        "author": {
          "gitId": "JustinnT"
        },
        "content": "    }"
      },
      {
        "lineNumber": 28,
        "author": {
          "gitId": "JustinnT"
        },
        "content": ""
      },
      {
        "lineNumber": 29,
        "author": {
          "gitId": "JustinnT"
        },
        "content": "    public static void printLines() {"
      },
      {
        "lineNumber": 30,
        "author": {
          "gitId": "JustinnT"
        },
        "content": "        printIndentation();"
      },
      {
        "lineNumber": 31,
        "author": {
          "gitId": "JustinnT"
        },
        "content": "        System.out.print(\"---------------------------------------\");"
      },
      {
        "lineNumber": 32,
        "author": {
          "gitId": "JustinnT"
        },
        "content": "        System.out.println(\"---------------------------------------\");"
      },
      {
        "lineNumber": 33,
        "author": {
          "gitId": "JustinnT"
        },
        "content": "    }"
      },
      {
        "lineNumber": 34,
        "author": {
          "gitId": "JustinnT"
        },
        "content": ""
      },
      {
        "lineNumber": 35,
        "author": {
          "gitId": "JustinnT"
        },
        "content": "    public static void printBye() {"
      },
      {
        "lineNumber": 36,
        "author": {
          "gitId": "JustinnT"
        },
        "content": "        System.out.println(\"Bye ~ Hope to see you again soon! o(〒﹏〒)o\");"
      },
      {
        "lineNumber": 37,
        "author": {
          "gitId": "JustinnT"
        },
        "content": "    }"
      },
      {
        "lineNumber": 38,
        "author": {
          "gitId": "JustinnT"
        },
        "content": ""
      },
      {
        "lineNumber": 39,
        "author": {
          "gitId": "JustinnT"
        },
        "content": "    public static void printConfirmationMessage(String text) {"
      },
      {
        "lineNumber": 40,
        "author": {
          "gitId": "JustinnT"
        },
        "content": "        printLines();"
      },
      {
        "lineNumber": 41,
        "author": {
          "gitId": "JustinnT"
        },
        "content": "        printIndentation();"
      },
      {
        "lineNumber": 42,
        "author": {
          "gitId": "JustinnT"
        },
        "content": "        System.out.println(\"Added: \" + text);"
      },
      {
        "lineNumber": 43,
        "author": {
          "gitId": "JustinnT"
        },
        "content": "        printLines();"
      },
      {
        "lineNumber": 44,
        "author": {
          "gitId": "JustinnT"
        },
        "content": "    }"
      },
      {
        "lineNumber": 45,
        "author": {
          "gitId": "JustinnT"
        },
        "content": ""
      },
      {
        "lineNumber": 46,
        "author": {
          "gitId": "JustinnT"
        },
        "content": "    public static void printConfirmationMessage(Task task) {"
      },
      {
        "lineNumber": 47,
        "author": {
          "gitId": "JustinnT"
        },
        "content": "        printLines();"
      },
      {
        "lineNumber": 48,
        "author": {
          "gitId": "JustinnT"
        },
        "content": "        printIndentation();"
      },
      {
        "lineNumber": 49,
        "author": {
          "gitId": "JustinnT"
        },
        "content": "        System.out.printf(\"Nice! I\u0027ve marked this task as done ヽ(・∀・)ﾉ :\\n\");"
      },
      {
        "lineNumber": 50,
        "author": {
          "gitId": "JustinnT"
        },
        "content": "        printIndentation();"
      },
      {
        "lineNumber": 51,
        "author": {
          "gitId": "JustinnT"
        },
        "content": "        System.out.printf(\"  %s\\n\", task);"
      },
      {
        "lineNumber": 52,
        "author": {
          "gitId": "JustinnT"
        },
        "content": "        printLines();"
      },
      {
        "lineNumber": 53,
        "author": {
          "gitId": "JustinnT"
        },
        "content": "    }"
      },
      {
        "lineNumber": 54,
        "author": {
          "gitId": "JustinnT"
        },
        "content": ""
      },
      {
        "lineNumber": 55,
        "author": {
          "gitId": "JustinnT"
        },
        "content": "    public static void printConfirmationMessage(ToDo task) {"
      },
      {
        "lineNumber": 56,
        "author": {
          "gitId": "JustinnT"
        },
        "content": "        printLines();"
      },
      {
        "lineNumber": 57,
        "author": {
          "gitId": "JustinnT"
        },
        "content": "        printIndentation();"
      },
      {
        "lineNumber": 58,
        "author": {
          "gitId": "JustinnT"
        },
        "content": "        System.out.println(\"Got it! I\u0027ve added this task ＠＾◡＾) :\");"
      },
      {
        "lineNumber": 59,
        "author": {
          "gitId": "JustinnT"
        },
        "content": "        printIndentation();"
      },
      {
        "lineNumber": 60,
        "author": {
          "gitId": "JustinnT"
        },
        "content": "        System.out.println(\"  \" + task);"
      },
      {
        "lineNumber": 61,
        "author": {
          "gitId": "JustinnT"
        },
        "content": "        printIndentation();"
      },
      {
        "lineNumber": 62,
        "author": {
          "gitId": "JustinnT"
        },
        "content": "        System.out.printf(\"Now you have %d tasks in the list\\n\", Storage.getSize());"
      },
      {
        "lineNumber": 63,
        "author": {
          "gitId": "JustinnT"
        },
        "content": "        printLines();"
      },
      {
        "lineNumber": 64,
        "author": {
          "gitId": "JustinnT"
        },
        "content": "    }"
      },
      {
        "lineNumber": 65,
        "author": {
          "gitId": "JustinnT"
        },
        "content": ""
      },
      {
        "lineNumber": 66,
        "author": {
          "gitId": "JustinnT"
        },
        "content": "    public static void printConfirmationMessage(Deadline task) {"
      },
      {
        "lineNumber": 67,
        "author": {
          "gitId": "JustinnT"
        },
        "content": "        printLines();"
      },
      {
        "lineNumber": 68,
        "author": {
          "gitId": "JustinnT"
        },
        "content": "        printIndentation();"
      },
      {
        "lineNumber": 69,
        "author": {
          "gitId": "JustinnT"
        },
        "content": "        System.out.println(\"Oh a deadline huh! Don\u0027t worry, I have added this task \u003c(￣︶￣)\u003e :\");"
      },
      {
        "lineNumber": 70,
        "author": {
          "gitId": "JustinnT"
        },
        "content": "        printIndentation();"
      },
      {
        "lineNumber": 71,
        "author": {
          "gitId": "JustinnT"
        },
        "content": "        System.out.println(\"  \" + task);"
      },
      {
        "lineNumber": 72,
        "author": {
          "gitId": "JustinnT"
        },
        "content": "        printIndentation();"
      },
      {
        "lineNumber": 73,
        "author": {
          "gitId": "JustinnT"
        },
        "content": "        System.out.printf(\"Now you have %d tasks in the list\\n\", Storage.getSize());"
      },
      {
        "lineNumber": 74,
        "author": {
          "gitId": "JustinnT"
        },
        "content": "        printLines();"
      },
      {
        "lineNumber": 75,
        "author": {
          "gitId": "JustinnT"
        },
        "content": "    }"
      },
      {
        "lineNumber": 76,
        "author": {
          "gitId": "JustinnT"
        },
        "content": ""
      },
      {
        "lineNumber": 77,
        "author": {
          "gitId": "JustinnT"
        },
        "content": "    public static void printConfirmationMessage(Event task) {"
      },
      {
        "lineNumber": 78,
        "author": {
          "gitId": "JustinnT"
        },
        "content": "        printLines();"
      },
      {
        "lineNumber": 79,
        "author": {
          "gitId": "JustinnT"
        },
        "content": "        printIndentation();"
      },
      {
        "lineNumber": 80,
        "author": {
          "gitId": "JustinnT"
        },
        "content": "        System.out.println(\"Huuu what a busy guy! I have marked this in your list~ \u003c(￣︶￣)\u003e :\");"
      },
      {
        "lineNumber": 81,
        "author": {
          "gitId": "JustinnT"
        },
        "content": "        printIndentation();"
      },
      {
        "lineNumber": 82,
        "author": {
          "gitId": "JustinnT"
        },
        "content": "        System.out.println(\"  \" + task);"
      },
      {
        "lineNumber": 83,
        "author": {
          "gitId": "JustinnT"
        },
        "content": "        printIndentation();"
      },
      {
        "lineNumber": 84,
        "author": {
          "gitId": "JustinnT"
        },
        "content": "        System.out.printf(\"Now you have %d tasks in the list\\n\", Storage.getSize());"
      },
      {
        "lineNumber": 85,
        "author": {
          "gitId": "JustinnT"
        },
        "content": "        printLines();"
      },
      {
        "lineNumber": 86,
        "author": {
          "gitId": "JustinnT"
        },
        "content": "    }"
      },
      {
        "lineNumber": 87,
        "author": {
          "gitId": "JustinnT"
        },
        "content": ""
      },
      {
        "lineNumber": 88,
        "author": {
          "gitId": "JustinnT"
        },
        "content": "    public static void printTasks(List\u003cTask\u003e myList) {"
      },
      {
        "lineNumber": 89,
        "author": {
          "gitId": "JustinnT"
        },
        "content": "        printLines();"
      },
      {
        "lineNumber": 90,
        "author": {
          "gitId": "JustinnT"
        },
        "content": "        printIndentation();"
      },
      {
        "lineNumber": 91,
        "author": {
          "gitId": "JustinnT"
        },
        "content": "        if (myList.isEmpty()) {"
      },
      {
        "lineNumber": 92,
        "author": {
          "gitId": "JustinnT"
        },
        "content": "            System.out.println(\"List is empty (°ロ°) !\");"
      },
      {
        "lineNumber": 93,
        "author": {
          "gitId": "JustinnT"
        },
        "content": "            return;"
      },
      {
        "lineNumber": 94,
        "author": {
          "gitId": "JustinnT"
        },
        "content": "        }"
      },
      {
        "lineNumber": 95,
        "author": {
          "gitId": "JustinnT"
        },
        "content": "        System.out.println(\"Here\u0027s your list (◕‿◕)♡ ~ \");"
      },
      {
        "lineNumber": 96,
        "author": {
          "gitId": "JustinnT"
        },
        "content": "        for (int i \u003d 0; i \u003c myList.size(); i++) {"
      },
      {
        "lineNumber": 97,
        "author": {
          "gitId": "JustinnT"
        },
        "content": "            printIndentation();"
      },
      {
        "lineNumber": 98,
        "author": {
          "gitId": "JustinnT"
        },
        "content": "            Task temp \u003d myList.get(i);"
      },
      {
        "lineNumber": 99,
        "author": {
          "gitId": "JustinnT"
        },
        "content": "            System.out.printf(\"%d. %s\\n\", i + 1, temp);"
      },
      {
        "lineNumber": 100,
        "author": {
          "gitId": "JustinnT"
        },
        "content": "        }"
      },
      {
        "lineNumber": 101,
        "author": {
          "gitId": "JustinnT"
        },
        "content": "        printLines();"
      },
      {
        "lineNumber": 102,
        "author": {
          "gitId": "JustinnT"
        },
        "content": "    }"
      },
      {
        "lineNumber": 103,
        "author": {
          "gitId": "JustinnT"
        },
        "content": ""
      },
      {
        "lineNumber": 104,
        "author": {
          "gitId": "JustinnT"
        },
        "content": "    public static void printError() {"
      },
      {
        "lineNumber": 105,
        "author": {
          "gitId": "JustinnT"
        },
        "content": "        printLines();"
      },
      {
        "lineNumber": 106,
        "author": {
          "gitId": "JustinnT"
        },
        "content": "        printIndentation();"
      },
      {
        "lineNumber": 107,
        "author": {
          "gitId": "JustinnT"
        },
        "content": "        System.out.println(\"Error.. ٩(× ×)۶\");"
      },
      {
        "lineNumber": 108,
        "author": {
          "gitId": "JustinnT"
        },
        "content": "        printLines();"
      },
      {
        "lineNumber": 109,
        "author": {
          "gitId": "JustinnT"
        },
        "content": "    }"
      },
      {
        "lineNumber": 110,
        "author": {
          "gitId": "JustinnT"
        },
        "content": ""
      },
      {
        "lineNumber": 111,
        "author": {
          "gitId": "JustinnT"
        },
        "content": "    public static void printEmptyDescriptionError(String command) {"
      },
      {
        "lineNumber": 112,
        "author": {
          "gitId": "JustinnT"
        },
        "content": "        printLines();"
      },
      {
        "lineNumber": 113,
        "author": {
          "gitId": "JustinnT"
        },
        "content": "        printIndentation();"
      },
      {
        "lineNumber": 114,
        "author": {
          "gitId": "JustinnT"
        },
        "content": "        System.out.println(\"Σ(°ロ°) The description of \" + command + \" cannot be empty!~ ٩(× ×)۶ \");"
      },
      {
        "lineNumber": 115,
        "author": {
          "gitId": "JustinnT"
        },
        "content": "    }"
      },
      {
        "lineNumber": 116,
        "author": {
          "gitId": "JustinnT"
        },
        "content": ""
      },
      {
        "lineNumber": 117,
        "author": {
          "gitId": "JustinnT"
        },
        "content": "    public static void printFormatError(String command) {"
      },
      {
        "lineNumber": 118,
        "author": {
          "gitId": "JustinnT"
        },
        "content": "        printLines();"
      },
      {
        "lineNumber": 119,
        "author": {
          "gitId": "JustinnT"
        },
        "content": "        printIndentation();"
      },
      {
        "lineNumber": 120,
        "author": {
          "gitId": "JustinnT"
        },
        "content": "        System.out.println(\"Σ(°ロ°) There seems to be some problem with the format of \" + command + \" !~ ٩(× ×)۶ \");"
      },
      {
        "lineNumber": 121,
        "author": {
          "gitId": "JustinnT"
        },
        "content": ""
      },
      {
        "lineNumber": 122,
        "author": {
          "gitId": "JustinnT"
        },
        "content": "    }"
      },
      {
        "lineNumber": 123,
        "author": {
          "gitId": "JustinnT"
        },
        "content": ""
      },
      {
        "lineNumber": 124,
        "author": {
          "gitId": "JustinnT"
        },
        "content": "    public static void printHint(String command) {"
      },
      {
        "lineNumber": 125,
        "author": {
          "gitId": "JustinnT"
        },
        "content": "        printIndentation();"
      },
      {
        "lineNumber": 126,
        "author": {
          "gitId": "JustinnT"
        },
        "content": "        System.out.printf(\"Here\u0027s a hint on how %s%s%s works:\\n\\n\", ANSI_BLUE, command, ANSI_RESET);"
      },
      {
        "lineNumber": 127,
        "author": {
          "gitId": "JustinnT"
        },
        "content": ""
      },
      {
        "lineNumber": 128,
        "author": {
          "gitId": "JustinnT"
        },
        "content": "        printIndentation();"
      },
      {
        "lineNumber": 129,
        "author": {
          "gitId": "JustinnT"
        },
        "content": "        printIndentation();"
      },
      {
        "lineNumber": 130,
        "author": {
          "gitId": "JustinnT"
        },
        "content": ""
      },
      {
        "lineNumber": 131,
        "author": {
          "gitId": "JustinnT"
        },
        "content": "        switch(command) {"
      },
      {
        "lineNumber": 132,
        "author": {
          "gitId": "JustinnT"
        },
        "content": "        case \"event\":"
      },
      {
        "lineNumber": 133,
        "author": {
          "gitId": "JustinnT"
        },
        "content": "            System.out.println(ANSI_BLUE + command + ANSI_RESET + \"(space)\u003ctask\u003e(space)/at(space)\u003cat\u003e\");"
      },
      {
        "lineNumber": 134,
        "author": {
          "gitId": "JustinnT"
        },
        "content": "            printIndentation();"
      },
      {
        "lineNumber": 135,
        "author": {
          "gitId": "JustinnT"
        },
        "content": "            printIndentation();"
      },
      {
        "lineNumber": 136,
        "author": {
          "gitId": "JustinnT"
        },
        "content": "            System.out.println(\"Example: \" + ANSI_BLUE + \"event\" + ANSI_RESET + \" team meeting /at 2 August 2-4pm\");"
      },
      {
        "lineNumber": 137,
        "author": {
          "gitId": "JustinnT"
        },
        "content": "            break;"
      },
      {
        "lineNumber": 138,
        "author": {
          "gitId": "JustinnT"
        },
        "content": ""
      },
      {
        "lineNumber": 139,
        "author": {
          "gitId": "JustinnT"
        },
        "content": "        case \"todo\" :"
      },
      {
        "lineNumber": 140,
        "author": {
          "gitId": "JustinnT"
        },
        "content": "            System.out.println(ANSI_BLUE + command + ANSI_RESET + \"(space)\u003ctask\u003e\");"
      },
      {
        "lineNumber": 141,
        "author": {
          "gitId": "JustinnT"
        },
        "content": "            printIndentation();"
      },
      {
        "lineNumber": 142,
        "author": {
          "gitId": "JustinnT"
        },
        "content": "            printIndentation();"
      },
      {
        "lineNumber": 143,
        "author": {
          "gitId": "JustinnT"
        },
        "content": "            System.out.println(\"Example: \" + ANSI_BLUE + \"todo\" + ANSI_RESET + \" read book\");"
      },
      {
        "lineNumber": 144,
        "author": {
          "gitId": "JustinnT"
        },
        "content": "            break;"
      },
      {
        "lineNumber": 145,
        "author": {
          "gitId": "JustinnT"
        },
        "content": ""
      },
      {
        "lineNumber": 146,
        "author": {
          "gitId": "JustinnT"
        },
        "content": "        case \"deadline\":"
      },
      {
        "lineNumber": 147,
        "author": {
          "gitId": "JustinnT"
        },
        "content": "            System.out.println(ANSI_BLUE + command + ANSI_RESET + \"(space)\u003ctask\u003e(space)/by(space)\u003cdate\u003e\");"
      },
      {
        "lineNumber": 148,
        "author": {
          "gitId": "JustinnT"
        },
        "content": "            printIndentation();"
      },
      {
        "lineNumber": 149,
        "author": {
          "gitId": "JustinnT"
        },
        "content": "            printIndentation();"
      },
      {
        "lineNumber": 150,
        "author": {
          "gitId": "JustinnT"
        },
        "content": "            System.out.println(\"Example: \" + ANSI_BLUE + \"deadline\" + ANSI_RESET + \" read book /by Sunday\");"
      },
      {
        "lineNumber": 151,
        "author": {
          "gitId": "JustinnT"
        },
        "content": "            break;"
      },
      {
        "lineNumber": 152,
        "author": {
          "gitId": "JustinnT"
        },
        "content": "        }"
      },
      {
        "lineNumber": 153,
        "author": {
          "gitId": "JustinnT"
        },
        "content": "        printLines();"
      },
      {
        "lineNumber": 154,
        "author": {
          "gitId": "JustinnT"
        },
        "content": "    }"
      },
      {
        "lineNumber": 155,
        "author": {
          "gitId": "JustinnT"
        },
        "content": ""
      },
      {
        "lineNumber": 156,
        "author": {
          "gitId": "JustinnT"
        },
        "content": "    public static void printUnknownCommandError(String command) {"
      },
      {
        "lineNumber": 157,
        "author": {
          "gitId": "JustinnT"
        },
        "content": "        printLines();"
      },
      {
        "lineNumber": 158,
        "author": {
          "gitId": "JustinnT"
        },
        "content": "        printIndentation();"
      },
      {
        "lineNumber": 159,
        "author": {
          "gitId": "JustinnT"
        },
        "content": "        System.out.printf(\"I\u0027m sorry I don\u0027t understand this command: %s%s%s *(\u003eд\u003c)*\\n\", ANSI_RED, command, ANSI_RESET);"
      },
      {
        "lineNumber": 160,
        "author": {
          "gitId": "JustinnT"
        },
        "content": "        printLines();"
      },
      {
        "lineNumber": 161,
        "author": {
          "gitId": "JustinnT"
        },
        "content": "    }"
      },
      {
        "lineNumber": 162,
        "author": {
          "gitId": "JustinnT"
        },
        "content": "}"
      }
    ],
    "authorContributionMap": {
      "JustinnT": 162
    }
  },
  {
    "path": "src/main/java/Storage.java",
    "fileType": "java",
    "lines": [
      {
        "lineNumber": 1,
        "author": {
          "gitId": "JustinnT"
        },
        "content": "import java.util.ArrayList;"
      },
      {
        "lineNumber": 2,
        "author": {
          "gitId": "JustinnT"
        },
        "content": "import java.util.List;"
      },
      {
        "lineNumber": 3,
        "author": {
          "gitId": "JustinnT"
        },
        "content": ""
      },
      {
        "lineNumber": 4,
        "author": {
          "gitId": "JustinnT"
        },
        "content": "public class Storage {"
      },
      {
        "lineNumber": 5,
        "author": {
          "gitId": "JustinnT"
        },
        "content": "    private static List\u003cTask\u003e myTasks \u003d new ArrayList\u003c\u003e();"
      },
      {
        "lineNumber": 6,
        "author": {
          "gitId": "JustinnT"
        },
        "content": ""
      },
      {
        "lineNumber": 7,
        "author": {
          "gitId": "JustinnT"
        },
        "content": "    public void storeTasks(Task task) {"
      },
      {
        "lineNumber": 8,
        "author": {
          "gitId": "JustinnT"
        },
        "content": "        myTasks.add(task);"
      },
      {
        "lineNumber": 9,
        "author": {
          "gitId": "JustinnT"
        },
        "content": "    }"
      },
      {
        "lineNumber": 10,
        "author": {
          "gitId": "JustinnT"
        },
        "content": ""
      },
      {
        "lineNumber": 11,
        "author": {
          "gitId": "JustinnT"
        },
        "content": "    public void displayTasks() {"
      },
      {
        "lineNumber": 12,
        "author": {
          "gitId": "JustinnT"
        },
        "content": "        Printer.printTasks(myTasks);"
      },
      {
        "lineNumber": 13,
        "author": {
          "gitId": "JustinnT"
        },
        "content": "    }"
      },
      {
        "lineNumber": 14,
        "author": {
          "gitId": "JustinnT"
        },
        "content": ""
      },
      {
        "lineNumber": 15,
        "author": {
          "gitId": "JustinnT"
        },
        "content": "    public Task getTask(int index) {"
      },
      {
        "lineNumber": 16,
        "author": {
          "gitId": "JustinnT"
        },
        "content": "        try {"
      },
      {
        "lineNumber": 17,
        "author": {
          "gitId": "JustinnT"
        },
        "content": "            return myTasks.get(index - 1);"
      },
      {
        "lineNumber": 18,
        "author": {
          "gitId": "JustinnT"
        },
        "content": "        } catch(IndexOutOfBoundsException e) {"
      },
      {
        "lineNumber": 19,
        "author": {
          "gitId": "JustinnT"
        },
        "content": "            throw e;"
      },
      {
        "lineNumber": 20,
        "author": {
          "gitId": "JustinnT"
        },
        "content": "        }"
      },
      {
        "lineNumber": 21,
        "author": {
          "gitId": "JustinnT"
        },
        "content": "    }"
      },
      {
        "lineNumber": 22,
        "author": {
          "gitId": "JustinnT"
        },
        "content": "    public static int getSize() {"
      },
      {
        "lineNumber": 23,
        "author": {
          "gitId": "JustinnT"
        },
        "content": "        return myTasks.size();"
      },
      {
        "lineNumber": 24,
        "author": {
          "gitId": "JustinnT"
        },
        "content": "    }"
      },
      {
        "lineNumber": 25,
        "author": {
          "gitId": "JustinnT"
        },
        "content": "}"
      }
    ],
    "authorContributionMap": {
      "JustinnT": 25
    }
  },
  {
    "path": "src/main/java/Task.java",
    "fileType": "java",
    "lines": [
      {
        "lineNumber": 1,
        "author": {
          "gitId": "JustinnT"
        },
        "content": "public class Task {"
      },
      {
        "lineNumber": 2,
        "author": {
          "gitId": "JustinnT"
        },
        "content": "    protected String description;"
      },
      {
        "lineNumber": 3,
        "author": {
          "gitId": "JustinnT"
        },
        "content": "    protected boolean isDone;"
      },
      {
        "lineNumber": 4,
        "author": {
          "gitId": "JustinnT"
        },
        "content": ""
      },
      {
        "lineNumber": 5,
        "author": {
          "gitId": "JustinnT"
        },
        "content": "    public Task(String description) {"
      },
      {
        "lineNumber": 6,
        "author": {
          "gitId": "JustinnT"
        },
        "content": "        this.description \u003d description;"
      },
      {
        "lineNumber": 7,
        "author": {
          "gitId": "JustinnT"
        },
        "content": "        this.isDone \u003d false;"
      },
      {
        "lineNumber": 8,
        "author": {
          "gitId": "JustinnT"
        },
        "content": "    }"
      },
      {
        "lineNumber": 9,
        "author": {
          "gitId": "JustinnT"
        },
        "content": ""
      },
      {
        "lineNumber": 10,
        "author": {
          "gitId": "JustinnT"
        },
        "content": "    public String getDescription() {"
      },
      {
        "lineNumber": 11,
        "author": {
          "gitId": "JustinnT"
        },
        "content": "        String description \u003d this.description;"
      },
      {
        "lineNumber": 12,
        "author": {
          "gitId": "JustinnT"
        },
        "content": "        return description;"
      },
      {
        "lineNumber": 13,
        "author": {
          "gitId": "JustinnT"
        },
        "content": "    }"
      },
      {
        "lineNumber": 14,
        "author": {
          "gitId": "JustinnT"
        },
        "content": ""
      },
      {
        "lineNumber": 15,
        "author": {
          "gitId": "JustinnT"
        },
        "content": "    public String getStatusIcon() {"
      },
      {
        "lineNumber": 16,
        "author": {
          "gitId": "JustinnT"
        },
        "content": "        return (isDone ? \"\\u2713\" : \"\\u2718\");"
      },
      {
        "lineNumber": 17,
        "author": {
          "gitId": "JustinnT"
        },
        "content": "    }"
      },
      {
        "lineNumber": 18,
        "author": {
          "gitId": "JustinnT"
        },
        "content": ""
      },
      {
        "lineNumber": 19,
        "author": {
          "gitId": "JustinnT"
        },
        "content": "    public void markAsDone() {"
      },
      {
        "lineNumber": 20,
        "author": {
          "gitId": "JustinnT"
        },
        "content": "        this.isDone \u003d true;"
      },
      {
        "lineNumber": 21,
        "author": {
          "gitId": "JustinnT"
        },
        "content": "    }"
      },
      {
        "lineNumber": 22,
        "author": {
          "gitId": "JustinnT"
        },
        "content": ""
      },
      {
        "lineNumber": 23,
        "author": {
          "gitId": "JustinnT"
        },
        "content": "    public String toString() {"
      },
      {
        "lineNumber": 24,
        "author": {
          "gitId": "JustinnT"
        },
        "content": "        String symbol \u003d getStatusIcon();"
      },
      {
        "lineNumber": 25,
        "author": {
          "gitId": "JustinnT"
        },
        "content": "        String toPrint \u003d String.format(\"[%s] %s\", symbol, this.description );"
      },
      {
        "lineNumber": 26,
        "author": {
          "gitId": "JustinnT"
        },
        "content": "        return toPrint;"
      },
      {
        "lineNumber": 27,
        "author": {
          "gitId": "JustinnT"
        },
        "content": "    }"
      },
      {
        "lineNumber": 28,
        "author": {
          "gitId": "JustinnT"
        },
        "content": "}"
      }
    ],
    "authorContributionMap": {
      "JustinnT": 28
    }
  },
  {
    "path": "src/main/java/ToDo.java",
    "fileType": "java",
    "lines": [
      {
        "lineNumber": 1,
        "author": {
          "gitId": "JustinnT"
        },
        "content": "public class ToDo extends Task {"
      },
      {
        "lineNumber": 2,
        "author": {
          "gitId": "JustinnT"
        },
        "content": "    protected String icon;"
      },
      {
        "lineNumber": 3,
        "author": {
          "gitId": "JustinnT"
        },
        "content": ""
      },
      {
        "lineNumber": 4,
        "author": {
          "gitId": "JustinnT"
        },
        "content": "    public ToDo(String description) {"
      },
      {
        "lineNumber": 5,
        "author": {
          "gitId": "JustinnT"
        },
        "content": "        super(description);"
      },
      {
        "lineNumber": 6,
        "author": {
          "gitId": "JustinnT"
        },
        "content": "        icon \u003d \"[T]\";"
      },
      {
        "lineNumber": 7,
        "author": {
          "gitId": "JustinnT"
        },
        "content": "    }"
      },
      {
        "lineNumber": 8,
        "author": {
          "gitId": "JustinnT"
        },
        "content": "    public String toString() {"
      },
      {
        "lineNumber": 9,
        "author": {
          "gitId": "JustinnT"
        },
        "content": "        String toPrint \u003d super.toString();"
      },
      {
        "lineNumber": 10,
        "author": {
          "gitId": "JustinnT"
        },
        "content": "        toPrint \u003d String.format(\"%s%s\", this.icon, toPrint);"
      },
      {
        "lineNumber": 11,
        "author": {
          "gitId": "JustinnT"
        },
        "content": "        return toPrint;"
      },
      {
        "lineNumber": 12,
        "author": {
          "gitId": "JustinnT"
        },
        "content": "    }"
      },
      {
        "lineNumber": 13,
        "author": {
          "gitId": "JustinnT"
        },
        "content": "}"
      }
    ],
    "authorContributionMap": {
      "JustinnT": 13
    }
  }
]
