[
  {
    "path": "src/main/java/Duke.java",
    "fileType": "java",
    "lines": [
      {
        "lineNumber": 1,
        "author": {
          "gitId": "JustinnT"
        },
        "content": "/**"
      },
      {
        "lineNumber": 2,
        "author": {
          "gitId": "JustinnT"
        },
        "content": " *  CS2113T Semester 2 AY19/20"
      },
      {
        "lineNumber": 3,
        "author": {
          "gitId": "JustinnT"
        },
        "content": " *  Individual Project"
      },
      {
        "lineNumber": 4,
        "author": {
          "gitId": "JustinnT"
        },
        "content": " *"
      },
      {
        "lineNumber": 5,
        "author": {
          "gitId": "JustinnT"
        },
        "content": " *  Project Duke is a educational software project designed to take you through"
      },
      {
        "lineNumber": 6,
        "author": {
          "gitId": "JustinnT"
        },
        "content": " *      the steps of building a small software incrementally,"
      },
      {
        "lineNumber": 7,
        "author": {
          "gitId": "JustinnT"
        },
        "content": " *      while applying as many Java and SE techniques as possible along the way."
      },
      {
        "lineNumber": 8,
        "author": {
          "gitId": "JustinnT"
        },
        "content": " *"
      },
      {
        "lineNumber": 9,
        "author": {
          "gitId": "JustinnT"
        },
        "content": " *  The project aims to build a product named Duke, a Personal Assistant Chatbot that"
      },
      {
        "lineNumber": 10,
        "author": {
          "gitId": "JustinnT"
        },
        "content": " *      helps a person to keep track of various things. The name Duke was chosen as a placeholder name,"
      },
      {
        "lineNumber": 11,
        "author": {
          "gitId": "JustinnT"
        },
        "content": " *      in honor of Duke, the Java Mascot. You may give it any other name and personality you wish."
      },
      {
        "lineNumber": 12,
        "author": {
          "gitId": "JustinnT"
        },
        "content": " *"
      },
      {
        "lineNumber": 13,
        "author": {
          "gitId": "JustinnT"
        },
        "content": " *  @file/s: Duke.java Printer.java Storage.java Task.java"
      },
      {
        "lineNumber": 14,
        "author": {
          "gitId": "JustinnT"
        },
        "content": " *  @author: Tan Zheng Fu Justin"
      },
      {
        "lineNumber": 15,
        "author": {
          "gitId": "JustinnT"
        },
        "content": " */"
      },
      {
        "lineNumber": 16,
        "author": {
          "gitId": "JustinnT"
        },
        "content": ""
      },
      {
        "lineNumber": 17,
        "author": {
          "gitId": "JustinnT"
        },
        "content": "import java.util.Scanner;"
      },
      {
        "lineNumber": 18,
        "author": {
          "gitId": "JustinnT"
        },
        "content": ""
      },
      {
        "lineNumber": 19,
        "author": {
          "gitId": "-"
        },
        "content": "public class Duke {"
      },
      {
        "lineNumber": 20,
        "author": {
          "gitId": "JustinnT"
        },
        "content": "    static Storage myTasks \u003d new Storage();"
      },
      {
        "lineNumber": 21,
        "author": {
          "gitId": "JustinnT"
        },
        "content": ""
      },
      {
        "lineNumber": 22,
        "author": {
          "gitId": "JustinnT"
        },
        "content": "    public static void start() {"
      },
      {
        "lineNumber": 23,
        "author": {
          "gitId": "-"
        },
        "content": "        String logo \u003d \" ____        _        \\n\""
      },
      {
        "lineNumber": 24,
        "author": {
          "gitId": "-"
        },
        "content": "                + \"|  _ \\\\ _   _| | _____ \\n\""
      },
      {
        "lineNumber": 25,
        "author": {
          "gitId": "-"
        },
        "content": "                + \"| | | | | | | |/ / _ \\\\\\n\""
      },
      {
        "lineNumber": 26,
        "author": {
          "gitId": "-"
        },
        "content": "                + \"| |_| | |_| |   \u003c  __/\\n\""
      },
      {
        "lineNumber": 27,
        "author": {
          "gitId": "-"
        },
        "content": "                + \"|____/ \\\\__,_|_|\\\\_\\\\___|\\n\";"
      },
      {
        "lineNumber": 28,
        "author": {
          "gitId": "JustinnT"
        },
        "content": "        Printer.printStart(logo);"
      },
      {
        "lineNumber": 29,
        "author": {
          "gitId": "JustinnT"
        },
        "content": "    }"
      },
      {
        "lineNumber": 30,
        "author": {
          "gitId": "JustinnT"
        },
        "content": ""
      },
      {
        "lineNumber": 31,
        "author": {
          "gitId": "JustinnT"
        },
        "content": "    public static void exits() {"
      },
      {
        "lineNumber": 32,
        "author": {
          "gitId": "JustinnT"
        },
        "content": "        Printer.printLines();"
      },
      {
        "lineNumber": 33,
        "author": {
          "gitId": "JustinnT"
        },
        "content": "        Printer.printIndentation();"
      },
      {
        "lineNumber": 34,
        "author": {
          "gitId": "JustinnT"
        },
        "content": "        Printer.printBye();"
      },
      {
        "lineNumber": 35,
        "author": {
          "gitId": "JustinnT"
        },
        "content": "        Printer.printLines();"
      },
      {
        "lineNumber": 36,
        "author": {
          "gitId": "JustinnT"
        },
        "content": "    }"
      },
      {
        "lineNumber": 37,
        "author": {
          "gitId": "JustinnT"
        },
        "content": ""
      },
      {
        "lineNumber": 38,
        "author": {
          "gitId": "JustinnT"
        },
        "content": "    public static Task readFromUser() {"
      },
      {
        "lineNumber": 39,
        "author": {
          "gitId": "JustinnT"
        },
        "content": "        Scanner in \u003d new Scanner(System.in);"
      },
      {
        "lineNumber": 40,
        "author": {
          "gitId": "JustinnT"
        },
        "content": "        String userInput;"
      },
      {
        "lineNumber": 41,
        "author": {
          "gitId": "JustinnT"
        },
        "content": ""
      },
      {
        "lineNumber": 42,
        "author": {
          "gitId": "JustinnT"
        },
        "content": "        userInput \u003d in.nextLine();"
      },
      {
        "lineNumber": 43,
        "author": {
          "gitId": "JustinnT"
        },
        "content": "        Task task \u003d new Task(userInput);"
      },
      {
        "lineNumber": 44,
        "author": {
          "gitId": "JustinnT"
        },
        "content": ""
      },
      {
        "lineNumber": 45,
        "author": {
          "gitId": "JustinnT"
        },
        "content": "        return task;"
      },
      {
        "lineNumber": 46,
        "author": {
          "gitId": "JustinnT"
        },
        "content": "    }"
      },
      {
        "lineNumber": 47,
        "author": {
          "gitId": "JustinnT"
        },
        "content": ""
      },
      {
        "lineNumber": 48,
        "author": {
          "gitId": "JustinnT"
        },
        "content": "    public static String[] parseCommand(String description) {"
      },
      {
        "lineNumber": 49,
        "author": {
          "gitId": "JustinnT"
        },
        "content": "        String[] commands \u003d description.split(\" \");"
      },
      {
        "lineNumber": 50,
        "author": {
          "gitId": "JustinnT"
        },
        "content": "        return commands;"
      },
      {
        "lineNumber": 51,
        "author": {
          "gitId": "JustinnT"
        },
        "content": "    }"
      },
      {
        "lineNumber": 52,
        "author": {
          "gitId": "JustinnT"
        },
        "content": ""
      },
      {
        "lineNumber": 53,
        "author": {
          "gitId": "JustinnT"
        },
        "content": "    public static void echoUntilBye() {"
      },
      {
        "lineNumber": 54,
        "author": {
          "gitId": "JustinnT"
        },
        "content": "        boolean isBye \u003d false;"
      },
      {
        "lineNumber": 55,
        "author": {
          "gitId": "JustinnT"
        },
        "content": "        while (!isBye) {"
      },
      {
        "lineNumber": 56,
        "author": {
          "gitId": "JustinnT"
        },
        "content": "            Task task \u003d readFromUser();"
      },
      {
        "lineNumber": 57,
        "author": {
          "gitId": "JustinnT"
        },
        "content": "            String[] commands \u003d parseCommand(task.description);"
      },
      {
        "lineNumber": 58,
        "author": {
          "gitId": "JustinnT"
        },
        "content": "            String command \u003d commands[0];"
      },
      {
        "lineNumber": 59,
        "author": {
          "gitId": "JustinnT"
        },
        "content": "            switch (command) {"
      },
      {
        "lineNumber": 60,
        "author": {
          "gitId": "JustinnT"
        },
        "content": "            case \"bye\":"
      },
      {
        "lineNumber": 61,
        "author": {
          "gitId": "JustinnT"
        },
        "content": "                isBye \u003d true;"
      },
      {
        "lineNumber": 62,
        "author": {
          "gitId": "JustinnT"
        },
        "content": "                exits();"
      },
      {
        "lineNumber": 63,
        "author": {
          "gitId": "JustinnT"
        },
        "content": "                continue;"
      },
      {
        "lineNumber": 64,
        "author": {
          "gitId": "JustinnT"
        },
        "content": "            case \"list\":"
      },
      {
        "lineNumber": 65,
        "author": {
          "gitId": "JustinnT"
        },
        "content": "                myTasks.displayTasks();"
      },
      {
        "lineNumber": 66,
        "author": {
          "gitId": "JustinnT"
        },
        "content": "                continue;"
      },
      {
        "lineNumber": 67,
        "author": {
          "gitId": "JustinnT"
        },
        "content": "            case \"done\":"
      },
      {
        "lineNumber": 68,
        "author": {
          "gitId": "JustinnT"
        },
        "content": "                int index \u003d Integer.parseInt(commands[1]);"
      },
      {
        "lineNumber": 69,
        "author": {
          "gitId": "JustinnT"
        },
        "content": "                Task t \u003d myTasks.getTask(index);"
      },
      {
        "lineNumber": 70,
        "author": {
          "gitId": "JustinnT"
        },
        "content": "                if (Task.isValid(t)) {"
      },
      {
        "lineNumber": 71,
        "author": {
          "gitId": "JustinnT"
        },
        "content": "                    t.markAsDone();"
      },
      {
        "lineNumber": 72,
        "author": {
          "gitId": "JustinnT"
        },
        "content": "                    Printer.printConfirmationMessage(t);"
      },
      {
        "lineNumber": 73,
        "author": {
          "gitId": "JustinnT"
        },
        "content": "                } else {"
      },
      {
        "lineNumber": 74,
        "author": {
          "gitId": "JustinnT"
        },
        "content": "                    Printer.printError();"
      },
      {
        "lineNumber": 75,
        "author": {
          "gitId": "JustinnT"
        },
        "content": "                }"
      },
      {
        "lineNumber": 76,
        "author": {
          "gitId": "JustinnT"
        },
        "content": "                continue;"
      },
      {
        "lineNumber": 77,
        "author": {
          "gitId": "JustinnT"
        },
        "content": ""
      },
      {
        "lineNumber": 78,
        "author": {
          "gitId": "JustinnT"
        },
        "content": "            default:"
      },
      {
        "lineNumber": 79,
        "author": {
          "gitId": "JustinnT"
        },
        "content": "                myTasks.storeTasks(task);"
      },
      {
        "lineNumber": 80,
        "author": {
          "gitId": "JustinnT"
        },
        "content": "                Printer.printConfirmationMessage(task.description);"
      },
      {
        "lineNumber": 81,
        "author": {
          "gitId": "JustinnT"
        },
        "content": "            }"
      },
      {
        "lineNumber": 82,
        "author": {
          "gitId": "JustinnT"
        },
        "content": "        }"
      },
      {
        "lineNumber": 83,
        "author": {
          "gitId": "JustinnT"
        },
        "content": "    }"
      },
      {
        "lineNumber": 84,
        "author": {
          "gitId": "JustinnT"
        },
        "content": ""
      },
      {
        "lineNumber": 85,
        "author": {
          "gitId": "-"
        },
        "content": "    public static void main(String[] args) {"
      },
      {
        "lineNumber": 86,
        "author": {
          "gitId": "JustinnT"
        },
        "content": "        start();"
      },
      {
        "lineNumber": 87,
        "author": {
          "gitId": "JustinnT"
        },
        "content": "        Printer.printLines();"
      },
      {
        "lineNumber": 88,
        "author": {
          "gitId": "JustinnT"
        },
        "content": "        Printer.printGreetings();"
      },
      {
        "lineNumber": 89,
        "author": {
          "gitId": "JustinnT"
        },
        "content": "        Printer.printLines();"
      },
      {
        "lineNumber": 90,
        "author": {
          "gitId": "JustinnT"
        },
        "content": "        echoUntilBye();"
      },
      {
        "lineNumber": 91,
        "author": {
          "gitId": "-"
        },
        "content": "    }"
      },
      {
        "lineNumber": 92,
        "author": {
          "gitId": "-"
        },
        "content": "}"
      }
    ],
    "authorContributionMap": {
      "JustinnT": 83,
      "-": 9
    }
  },
  {
    "path": "src/main/java/Printer.java",
    "fileType": "java",
    "lines": [
      {
        "lineNumber": 1,
        "author": {
          "gitId": "JustinnT"
        },
        "content": "import java.util.List;"
      },
      {
        "lineNumber": 2,
        "author": {
          "gitId": "JustinnT"
        },
        "content": ""
      },
      {
        "lineNumber": 3,
        "author": {
          "gitId": "JustinnT"
        },
        "content": "public class Printer {"
      },
      {
        "lineNumber": 4,
        "author": {
          "gitId": "JustinnT"
        },
        "content": "    public static void printIndentation() {"
      },
      {
        "lineNumber": 5,
        "author": {
          "gitId": "JustinnT"
        },
        "content": "        System.out.print(\"    \");"
      },
      {
        "lineNumber": 6,
        "author": {
          "gitId": "JustinnT"
        },
        "content": "    }"
      },
      {
        "lineNumber": 7,
        "author": {
          "gitId": "JustinnT"
        },
        "content": ""
      },
      {
        "lineNumber": 8,
        "author": {
          "gitId": "JustinnT"
        },
        "content": "    public static void printStart(String logo) {"
      },
      {
        "lineNumber": 9,
        "author": {
          "gitId": "JustinnT"
        },
        "content": "        System.out.println(\"Hello from\\n\" + logo);"
      },
      {
        "lineNumber": 10,
        "author": {
          "gitId": "JustinnT"
        },
        "content": "    }"
      },
      {
        "lineNumber": 11,
        "author": {
          "gitId": "JustinnT"
        },
        "content": ""
      },
      {
        "lineNumber": 12,
        "author": {
          "gitId": "JustinnT"
        },
        "content": "    public static void printGreetings() {"
      },
      {
        "lineNumber": 13,
        "author": {
          "gitId": "JustinnT"
        },
        "content": "        printIndentation();"
      },
      {
        "lineNumber": 14,
        "author": {
          "gitId": "JustinnT"
        },
        "content": "        System.out.println(\"Hello! I\u0027m Duke\");"
      },
      {
        "lineNumber": 15,
        "author": {
          "gitId": "JustinnT"
        },
        "content": "        printIndentation();"
      },
      {
        "lineNumber": 16,
        "author": {
          "gitId": "JustinnT"
        },
        "content": "        System.out.println(\"What can I do for you?\");"
      },
      {
        "lineNumber": 17,
        "author": {
          "gitId": "JustinnT"
        },
        "content": "    }"
      },
      {
        "lineNumber": 18,
        "author": {
          "gitId": "JustinnT"
        },
        "content": ""
      },
      {
        "lineNumber": 19,
        "author": {
          "gitId": "JustinnT"
        },
        "content": "    public static void printLines() {"
      },
      {
        "lineNumber": 20,
        "author": {
          "gitId": "JustinnT"
        },
        "content": "        printIndentation();"
      },
      {
        "lineNumber": 21,
        "author": {
          "gitId": "JustinnT"
        },
        "content": "        System.out.println(\"---------------------------------------\");"
      },
      {
        "lineNumber": 22,
        "author": {
          "gitId": "JustinnT"
        },
        "content": "    }"
      },
      {
        "lineNumber": 23,
        "author": {
          "gitId": "JustinnT"
        },
        "content": ""
      },
      {
        "lineNumber": 24,
        "author": {
          "gitId": "JustinnT"
        },
        "content": "    public static void printBye() {"
      },
      {
        "lineNumber": 25,
        "author": {
          "gitId": "JustinnT"
        },
        "content": "        System.out.println(\"Bye. Hope to see you again soon!\");"
      },
      {
        "lineNumber": 26,
        "author": {
          "gitId": "JustinnT"
        },
        "content": "    }"
      },
      {
        "lineNumber": 27,
        "author": {
          "gitId": "JustinnT"
        },
        "content": ""
      },
      {
        "lineNumber": 28,
        "author": {
          "gitId": "JustinnT"
        },
        "content": "    public static void printConfirmationMessage(String text) {"
      },
      {
        "lineNumber": 29,
        "author": {
          "gitId": "JustinnT"
        },
        "content": "        printLines();"
      },
      {
        "lineNumber": 30,
        "author": {
          "gitId": "JustinnT"
        },
        "content": "        printIndentation();"
      },
      {
        "lineNumber": 31,
        "author": {
          "gitId": "JustinnT"
        },
        "content": "        System.out.println(\"Added: \" + text);"
      },
      {
        "lineNumber": 32,
        "author": {
          "gitId": "JustinnT"
        },
        "content": "        printLines();"
      },
      {
        "lineNumber": 33,
        "author": {
          "gitId": "JustinnT"
        },
        "content": "    }"
      },
      {
        "lineNumber": 34,
        "author": {
          "gitId": "JustinnT"
        },
        "content": ""
      },
      {
        "lineNumber": 35,
        "author": {
          "gitId": "JustinnT"
        },
        "content": "    public static void printConfirmationMessage(Task task) {"
      },
      {
        "lineNumber": 36,
        "author": {
          "gitId": "JustinnT"
        },
        "content": "        printLines();"
      },
      {
        "lineNumber": 37,
        "author": {
          "gitId": "JustinnT"
        },
        "content": "        printIndentation();"
      },
      {
        "lineNumber": 38,
        "author": {
          "gitId": "JustinnT"
        },
        "content": "        System.out.printf(\"Nice! I\u0027ve marked this task as done:\\n\");"
      },
      {
        "lineNumber": 39,
        "author": {
          "gitId": "JustinnT"
        },
        "content": "        printIndentation();"
      },
      {
        "lineNumber": 40,
        "author": {
          "gitId": "JustinnT"
        },
        "content": "        System.out.printf(\"  [%s] %s\\n\", task.getStatusIcon(), task.getDescription());"
      },
      {
        "lineNumber": 41,
        "author": {
          "gitId": "JustinnT"
        },
        "content": "        printLines();"
      },
      {
        "lineNumber": 42,
        "author": {
          "gitId": "JustinnT"
        },
        "content": "    }"
      },
      {
        "lineNumber": 43,
        "author": {
          "gitId": "JustinnT"
        },
        "content": ""
      },
      {
        "lineNumber": 44,
        "author": {
          "gitId": "JustinnT"
        },
        "content": "    public static void printTasks(List\u003cTask\u003e myList) {"
      },
      {
        "lineNumber": 45,
        "author": {
          "gitId": "JustinnT"
        },
        "content": "        printLines();"
      },
      {
        "lineNumber": 46,
        "author": {
          "gitId": "JustinnT"
        },
        "content": "        if (myList.isEmpty()) {"
      },
      {
        "lineNumber": 47,
        "author": {
          "gitId": "JustinnT"
        },
        "content": "            printIndentation();"
      },
      {
        "lineNumber": 48,
        "author": {
          "gitId": "JustinnT"
        },
        "content": "            System.out.println(\"List is empty.\");"
      },
      {
        "lineNumber": 49,
        "author": {
          "gitId": "JustinnT"
        },
        "content": "        }"
      },
      {
        "lineNumber": 50,
        "author": {
          "gitId": "JustinnT"
        },
        "content": "        else {"
      },
      {
        "lineNumber": 51,
        "author": {
          "gitId": "JustinnT"
        },
        "content": "            for (int i \u003d 0; i \u003c myList.size(); i++) {"
      },
      {
        "lineNumber": 52,
        "author": {
          "gitId": "JustinnT"
        },
        "content": "                printIndentation();"
      },
      {
        "lineNumber": 53,
        "author": {
          "gitId": "JustinnT"
        },
        "content": "                Task temp \u003d myList.get(i);"
      },
      {
        "lineNumber": 54,
        "author": {
          "gitId": "JustinnT"
        },
        "content": "                String symbol \u003d temp.getStatusIcon();"
      },
      {
        "lineNumber": 55,
        "author": {
          "gitId": "JustinnT"
        },
        "content": "                System.out.printf(\"%d.[%s] %s\\n\", i + 1, symbol, temp.getDescription());"
      },
      {
        "lineNumber": 56,
        "author": {
          "gitId": "JustinnT"
        },
        "content": "            }"
      },
      {
        "lineNumber": 57,
        "author": {
          "gitId": "JustinnT"
        },
        "content": "        }"
      },
      {
        "lineNumber": 58,
        "author": {
          "gitId": "JustinnT"
        },
        "content": "        printLines();"
      },
      {
        "lineNumber": 59,
        "author": {
          "gitId": "JustinnT"
        },
        "content": "    }"
      },
      {
        "lineNumber": 60,
        "author": {
          "gitId": "JustinnT"
        },
        "content": ""
      },
      {
        "lineNumber": 61,
        "author": {
          "gitId": "JustinnT"
        },
        "content": "    public static void printError() {"
      },
      {
        "lineNumber": 62,
        "author": {
          "gitId": "JustinnT"
        },
        "content": "        printLines();"
      },
      {
        "lineNumber": 63,
        "author": {
          "gitId": "JustinnT"
        },
        "content": "        printIndentation();"
      },
      {
        "lineNumber": 64,
        "author": {
          "gitId": "JustinnT"
        },
        "content": "        System.out.println(\"Error.. ;-;\");"
      },
      {
        "lineNumber": 65,
        "author": {
          "gitId": "JustinnT"
        },
        "content": "        printLines();"
      },
      {
        "lineNumber": 66,
        "author": {
          "gitId": "JustinnT"
        },
        "content": "    }"
      },
      {
        "lineNumber": 67,
        "author": {
          "gitId": "JustinnT"
        },
        "content": "}"
      }
    ],
    "authorContributionMap": {
      "JustinnT": 67
    }
  },
  {
    "path": "src/main/java/Storage.java",
    "fileType": "java",
    "lines": [
      {
        "lineNumber": 1,
        "author": {
          "gitId": "JustinnT"
        },
        "content": "import java.util.ArrayList;"
      },
      {
        "lineNumber": 2,
        "author": {
          "gitId": "JustinnT"
        },
        "content": "import java.util.List;"
      },
      {
        "lineNumber": 3,
        "author": {
          "gitId": "JustinnT"
        },
        "content": ""
      },
      {
        "lineNumber": 4,
        "author": {
          "gitId": "JustinnT"
        },
        "content": "public class Storage {"
      },
      {
        "lineNumber": 5,
        "author": {
          "gitId": "JustinnT"
        },
        "content": "    private List\u003cTask\u003e myTasks \u003d new ArrayList\u003c\u003e();"
      },
      {
        "lineNumber": 6,
        "author": {
          "gitId": "JustinnT"
        },
        "content": ""
      },
      {
        "lineNumber": 7,
        "author": {
          "gitId": "JustinnT"
        },
        "content": "    public void storeTasks(Task task) {"
      },
      {
        "lineNumber": 8,
        "author": {
          "gitId": "JustinnT"
        },
        "content": "        myTasks.add(task);"
      },
      {
        "lineNumber": 9,
        "author": {
          "gitId": "JustinnT"
        },
        "content": "    }"
      },
      {
        "lineNumber": 10,
        "author": {
          "gitId": "JustinnT"
        },
        "content": ""
      },
      {
        "lineNumber": 11,
        "author": {
          "gitId": "JustinnT"
        },
        "content": "    public void displayTasks() {"
      },
      {
        "lineNumber": 12,
        "author": {
          "gitId": "JustinnT"
        },
        "content": "        Printer.printTasks(myTasks);"
      },
      {
        "lineNumber": 13,
        "author": {
          "gitId": "JustinnT"
        },
        "content": "    }"
      },
      {
        "lineNumber": 14,
        "author": {
          "gitId": "JustinnT"
        },
        "content": ""
      },
      {
        "lineNumber": 15,
        "author": {
          "gitId": "JustinnT"
        },
        "content": "    public Task getTask(int index) {"
      },
      {
        "lineNumber": 16,
        "author": {
          "gitId": "JustinnT"
        },
        "content": "        try {"
      },
      {
        "lineNumber": 17,
        "author": {
          "gitId": "JustinnT"
        },
        "content": "            return myTasks.get(index - 1);"
      },
      {
        "lineNumber": 18,
        "author": {
          "gitId": "JustinnT"
        },
        "content": "        }"
      },
      {
        "lineNumber": 19,
        "author": {
          "gitId": "JustinnT"
        },
        "content": "        catch(Exception e) {"
      },
      {
        "lineNumber": 20,
        "author": {
          "gitId": "JustinnT"
        },
        "content": "            return null;"
      },
      {
        "lineNumber": 21,
        "author": {
          "gitId": "JustinnT"
        },
        "content": "        }"
      },
      {
        "lineNumber": 22,
        "author": {
          "gitId": "JustinnT"
        },
        "content": "    }"
      },
      {
        "lineNumber": 23,
        "author": {
          "gitId": "JustinnT"
        },
        "content": "}"
      }
    ],
    "authorContributionMap": {
      "JustinnT": 23
    }
  },
  {
    "path": "src/main/java/Task.java",
    "fileType": "java",
    "lines": [
      {
        "lineNumber": 1,
        "author": {
          "gitId": "JustinnT"
        },
        "content": "public class Task {"
      },
      {
        "lineNumber": 2,
        "author": {
          "gitId": "JustinnT"
        },
        "content": "    protected String description;"
      },
      {
        "lineNumber": 3,
        "author": {
          "gitId": "JustinnT"
        },
        "content": "    protected boolean isDone;"
      },
      {
        "lineNumber": 4,
        "author": {
          "gitId": "JustinnT"
        },
        "content": ""
      },
      {
        "lineNumber": 5,
        "author": {
          "gitId": "JustinnT"
        },
        "content": "    public Task(String description) {"
      },
      {
        "lineNumber": 6,
        "author": {
          "gitId": "JustinnT"
        },
        "content": "        this.description \u003d description;"
      },
      {
        "lineNumber": 7,
        "author": {
          "gitId": "JustinnT"
        },
        "content": "        this.isDone \u003d false;"
      },
      {
        "lineNumber": 8,
        "author": {
          "gitId": "JustinnT"
        },
        "content": "    }"
      },
      {
        "lineNumber": 9,
        "author": {
          "gitId": "JustinnT"
        },
        "content": ""
      },
      {
        "lineNumber": 10,
        "author": {
          "gitId": "JustinnT"
        },
        "content": "    public String getDescription() {"
      },
      {
        "lineNumber": 11,
        "author": {
          "gitId": "JustinnT"
        },
        "content": "        String description \u003d this.description;"
      },
      {
        "lineNumber": 12,
        "author": {
          "gitId": "JustinnT"
        },
        "content": "        return description;"
      },
      {
        "lineNumber": 13,
        "author": {
          "gitId": "JustinnT"
        },
        "content": "    }"
      },
      {
        "lineNumber": 14,
        "author": {
          "gitId": "JustinnT"
        },
        "content": ""
      },
      {
        "lineNumber": 15,
        "author": {
          "gitId": "JustinnT"
        },
        "content": "    public String getStatusIcon() {"
      },
      {
        "lineNumber": 16,
        "author": {
          "gitId": "JustinnT"
        },
        "content": "        return (isDone ? \"\\u2713\" : \"\\u2718\");"
      },
      {
        "lineNumber": 17,
        "author": {
          "gitId": "JustinnT"
        },
        "content": "    }"
      },
      {
        "lineNumber": 18,
        "author": {
          "gitId": "JustinnT"
        },
        "content": ""
      },
      {
        "lineNumber": 19,
        "author": {
          "gitId": "JustinnT"
        },
        "content": "    public void markAsDone() {"
      },
      {
        "lineNumber": 20,
        "author": {
          "gitId": "JustinnT"
        },
        "content": "        this.isDone \u003d true;"
      },
      {
        "lineNumber": 21,
        "author": {
          "gitId": "JustinnT"
        },
        "content": "    }"
      },
      {
        "lineNumber": 22,
        "author": {
          "gitId": "JustinnT"
        },
        "content": "    public static boolean isValid(Task task) {"
      },
      {
        "lineNumber": 23,
        "author": {
          "gitId": "JustinnT"
        },
        "content": "        return task !\u003d null;"
      },
      {
        "lineNumber": 24,
        "author": {
          "gitId": "JustinnT"
        },
        "content": "    }"
      },
      {
        "lineNumber": 25,
        "author": {
          "gitId": "JustinnT"
        },
        "content": ""
      },
      {
        "lineNumber": 26,
        "author": {
          "gitId": "JustinnT"
        },
        "content": "}"
      }
    ],
    "authorContributionMap": {
      "JustinnT": 26
    }
  }
]
