{
  "authorDailyContributionsMap": {
    "JustinnT": [
      {
        "insertions": 15,
        "deletions": 0,
        "date": "2020-01-21",
        "commitResults": [
          {
            "hash": "f42ae0a7fc944bbfb7670bf073543d3c4c4f9940",
            "messageTitle": "Added greeting and exit methods",
            "messageBody": "",
            "tags": [
              "Level-0"
            ],
            "insertions": 15,
            "deletions": 0
          }
        ]
      },
      {
        "insertions": 52,
        "deletions": 2,
        "date": "2020-01-28",
        "commitResults": [
          {
            "hash": "bfc9993b9036efa29b7539c46ab0a0cd9182134d",
            "messageTitle": "Add echoUntilBye class for Level-1",
            "messageBody": "",
            "tags": [
              "Level-1"
            ],
            "insertions": 36,
            "deletions": 1
          },
          {
            "hash": "fa62ed7dc912a5fc798235aece8a931b0225ce4a",
            "messageTitle": "Add list to store userInput",
            "messageBody": "",
            "insertions": 16,
            "deletions": 1
          }
        ]
      },
      {
        "insertions": 240,
        "deletions": 105,
        "date": "2020-01-31",
        "commitResults": [
          {
            "hash": "de3a29ad3a6c075d85e0f5dccbb1e27aab15d2e2",
            "messageTitle": "Add introduction comments",
            "messageBody": "",
            "insertions": 16,
            "deletions": 5
          },
          {
            "hash": "80562eb0b45295b118f365352f2f6ec0486af1ae",
            "messageTitle": "Refractor print methods into new Printer class",
            "messageBody": "",
            "insertions": 47,
            "deletions": 31
          },
          {
            "hash": "8ef614ef44f93c45d46f4602342c85733e473350",
            "messageTitle": "combine printer methods",
            "messageBody": "",
            "insertions": 3,
            "deletions": 0
          },
          {
            "hash": "4989098ef25ec85e43ca205c82ba0158f5bffa2f",
            "messageTitle": "Added method to print tasks",
            "messageBody": "",
            "insertions": 11,
            "deletions": 0
          },
          {
            "hash": "70e53d288e74f9f9759c7f9c2606f2e038b28dce",
            "messageTitle": "add feature to store and print userinputs into/from a string",
            "messageBody": "",
            "tags": [
              "Level-2"
            ],
            "insertions": 33,
            "deletions": 16
          },
          {
            "hash": "eb8183adf8f2918f3d89bb2e7825840b2e9ff306",
            "messageTitle": "Fix infinite loop bug in method echoUntilBye",
            "messageBody": "",
            "insertions": 4,
            "deletions": 3
          },
          {
            "hash": "7ce34146fa33c709b55261f755bd5296aa0c38ac",
            "messageTitle": "implement new class to store userinput as tasks",
            "messageBody": "",
            "insertions": 19,
            "deletions": 0
          },
          {
            "hash": "32fa901674ac03e7b34eaaa2f983ed3b686e8871",
            "messageTitle": "Change parameter types due change of userinput type",
            "messageBody": "",
            "insertions": 3,
            "deletions": 3
          },
          {
            "hash": "c0ddd93eebf3a5f55ef72f13ef5ae9195348d55c",
            "messageTitle": "change parameter type due to userinput type",
            "messageBody": "",
            "insertions": 1,
            "deletions": 0
          },
          {
            "hash": "e1132786202f7f4fdfff5d2e804eea31d336fa43",
            "messageTitle": "implemente printing symbols",
            "messageBody": "",
            "insertions": 3,
            "deletions": 2
          },
          {
            "hash": "039b06e15d65b3c86b666f1d0067b8ec507e3c6b",
            "messageTitle": "changed userInput to store in new class type Task",
            "messageBody": "",
            "insertions": 15,
            "deletions": 7
          },
          {
            "hash": "86ce064f11b2f16d4811bb5fabcc2912eab7bded",
            "messageTitle": "Add new printing message on printing empty list",
            "messageBody": "",
            "insertions": 10,
            "deletions": 4
          },
          {
            "hash": "279c23bd1332db827017a626bf8f146f347edde9",
            "messageTitle": "add print error method",
            "messageBody": "",
            "insertions": 15,
            "deletions": 0
          },
          {
            "hash": "a56eecbd733920038a178a5c914cb830f8552f4c",
            "messageTitle": "add method to mark task as done",
            "messageBody": "",
            "insertions": 3,
            "deletions": 0
          },
          {
            "hash": "f33a405fb8af8dcdcfcf0581d50a0e04b782f64b",
            "messageTitle": "add method to check if task is valid for exception handling",
            "messageBody": "",
            "insertions": 4,
            "deletions": 0
          },
          {
            "hash": "567d0271b7730db21c860d7ab286306b3fa8ac51",
            "messageTitle": "renamed method to better reflect its function",
            "messageBody": "",
            "insertions": 1,
            "deletions": 1
          },
          {
            "hash": "a936dae140d2a00a5bc9c1c99be69cb094a889ef",
            "messageTitle": "add try catch statement to catch outofbounds exception",
            "messageBody": "",
            "insertions": 9,
            "deletions": 0
          },
          {
            "hash": "1f0054294910eea8b4fd62f188997c80c1ebf2f9",
            "messageTitle": "implemented method to mark as done",
            "messageBody": "",
            "tags": [
              "Level-3",
              "A-Classes"
            ],
            "insertions": 18,
            "deletions": 11
          },
          {
            "hash": "3042ebf2345cd53c30eeaf9e3f700e7b911d2c4e",
            "messageTitle": "Refractor code to follow java coding standards",
            "messageBody": "",
            "insertions": 14,
            "deletions": 13
          },
          {
            "hash": "0165792cc256a6d51ea0b21c0b0b875a65a8cb6a",
            "messageTitle": "Deleted extra line",
            "messageBody": "",
            "insertions": 0,
            "deletions": 1
          },
          {
            "hash": "0430f629eaaa80b09da00d6ee6b7d15bf106fdac",
            "messageTitle": "Refractor if-else statement",
            "messageBody": "",
            "insertions": 1,
            "deletions": 2
          },
          {
            "hash": "e7d092d581c234f4b52496c4da6ab6cc66981014",
            "messageTitle": "add try-catch statement for exception handling",
            "messageBody": "",
            "tags": [
              "A-CodingStandard"
            ],
            "insertions": 10,
            "deletions": 6
          }
        ]
      },
      {
        "insertions": 40,
        "deletions": 7,
        "date": "2020-02-04",
        "commitResults": [
          {
            "hash": "2cf8d6c9793213797eb4dfb2beb6917dc778b9a7",
            "messageTitle": "added todo class inheriting from Task",
            "messageBody": "",
            "insertions": 8,
            "deletions": 0
          },
          {
            "hash": "1ae10244f283f70ff1bbe97dff63f13743b558a1",
            "messageTitle": "overloaded toString in Task and used that to print out Tasks instead.",
            "messageBody": "",
            "insertions": 6,
            "deletions": 2
          },
          {
            "hash": "ca35d97c6c61a65e8da6fc23b5f02b8a93514bd3",
            "messageTitle": "added new feature to add todo task",
            "messageBody": "",
            "insertions": 15,
            "deletions": 3
          },
          {
            "hash": "37cb07d4f8e5939d7c049dbb114a7ca707ed2897",
            "messageTitle": "overloaded printConfirmationMessage method in Printer class to print specific message for todo clas",
            "messageBody": "",
            "tags": [
              "Level-4_add"
            ],
            "insertions": 11,
            "deletions": 2
          }
        ]
      },
      {
        "insertions": 185,
        "deletions": 73,
        "date": "2020-02-08",
        "commitResults": [
          {
            "hash": "c75238dde19b9f13b4ad02dcf9be78ea8fe5911d",
            "messageTitle": "(incomplete) added events class to enable creation of new sub-type of Tasks",
            "messageBody": "",
            "insertions": 3,
            "deletions": 0
          },
          {
            "hash": "5c800143407d4f444b1bfee72812083ecb1ddb8d",
            "messageTitle": "added support for tracking of todo task",
            "messageBody": "",
            "insertions": 12,
            "deletions": 7
          },
          {
            "hash": "4c80cb8bd8b2592368d90ff0cf9d02391e539ea9",
            "messageTitle": "remove extra try catch statement",
            "messageBody": "",
            "insertions": 18,
            "deletions": 22
          },
          {
            "hash": "4a5fc9425c3f69e447fc83bacb1e9052ce36bb96",
            "messageTitle": "introduced constants for magic numbers",
            "messageBody": "",
            "insertions": 7,
            "deletions": 3
          },
          {
            "hash": "76b2560b8e4bfd20be2ecff9ff700f15072ecb0c",
            "messageTitle": "added deadline task",
            "messageBody": "",
            "insertions": 10,
            "deletions": 0
          },
          {
            "hash": "2533ea0f51ea953f413eeda9b5c99bfe77efd94d",
            "messageTitle": "changes constant names",
            "messageBody": "",
            "insertions": 14,
            "deletions": 15
          },
          {
            "hash": "2bacb7a39ec0482e8150832114c89b8e85a40d24",
            "messageTitle": "added message for deadline and personalized printer",
            "messageBody": "",
            "insertions": 18,
            "deletions": 5
          },
          {
            "hash": "ed507b4f23c58773333a95c369928fb0c0ccfded",
            "messageTitle": "added parser class to parse user input",
            "messageBody": "",
            "insertions": 18,
            "deletions": 0
          },
          {
            "hash": "280e1a57ef96616c00a4a495b534af5c8f6ec527",
            "messageTitle": "changed to static list to access outside of class",
            "messageBody": "",
            "insertions": 4,
            "deletions": 1
          },
          {
            "hash": "b336949f00c03ecc2a890ae2cf0160e806e1538d",
            "messageTitle": "added deadline class",
            "messageBody": "",
            "tags": [
              "Level-4_deadlines"
            ],
            "insertions": 17,
            "deletions": 3
          },
          {
            "hash": "a5cdbc313f1a972a11d92ffb755a4d497f00a395",
            "messageTitle": "added functionality to at event type tasks",
            "messageBody": "",
            "tags": [
              "Level-4+events",
              "Level-4",
              "A-Inheritance"
            ],
            "insertions": 50,
            "deletions": 4
          },
          {
            "hash": "109c61389db673638e7ea1b4205dd85b3c6d91a1",
            "messageTitle": "personalized printing messages",
            "messageBody": "",
            "insertions": 2,
            "deletions": 1
          },
          {
            "hash": "a8b00ed4bdd5a586fde22cae349f2c556ff42b14",
            "messageTitle": "added a new constant",
            "messageBody": "",
            "insertions": 3,
            "deletions": 2
          },
          {
            "hash": "eb3d17c19e1392a904cd3f2c911e07538d2362b7",
            "messageTitle": "refractor code",
            "messageBody": "",
            "tags": [
              "A-CodeQuality"
            ],
            "insertions": 9,
            "deletions": 10
          }
        ]
      },
      {
        "insertions": 171,
        "deletions": 60,
        "date": "2020-02-09",
        "commitResults": [
          {
            "hash": "4e1bd770f086a668e64cbed856e71b493382b995",
            "messageTitle": "add functionalities to handle more errors",
            "messageBody": "",
            "insertions": 56,
            "deletions": 20
          },
          {
            "hash": "2d96ff4a5ee51cdd4ce234c1292e8d3cffb1ff32",
            "messageTitle": "added comments",
            "messageBody": "",
            "insertions": 1,
            "deletions": 1
          },
          {
            "hash": "5edc8b6ec605f7b434274ea85c8e157bbc0e3b00",
            "messageTitle": "remove comment",
            "messageBody": "",
            "insertions": 1,
            "deletions": 1
          },
          {
            "hash": "725c05cd8d52a08637baf5b64ae13451740fee27",
            "messageTitle": "testing for branch",
            "messageBody": "",
            "insertions": 1,
            "deletions": 1
          },
          {
            "hash": "63f424b3842794f1fd1520a86aeeab79952d0d60",
            "messageTitle": "test brach 2",
            "messageBody": "",
            "insertions": 2,
            "deletions": 1
          },
          {
            "hash": "e50b44d319fcf546390299c21b4ebf4fb40bca4f",
            "messageTitle": "add custom print message for exception handling",
            "messageBody": "",
            "tags": [
              "v0.01",
              "Level-5"
            ],
            "insertions": 110,
            "deletions": 36
          }
        ]
      },
      {
        "insertions": 327,
        "deletions": 104,
        "date": "2020-02-22",
        "commitResults": [
          {
            "hash": "6451c9dbe84c0700eca1bb4987a4d7b296ba91e0",
            "messageTitle": "refractor code",
            "messageBody": "",
            "insertions": 10,
            "deletions": 5
          },
          {
            "hash": "8c411ab45e7dd943489e4fd334df6b0d24b3d74e",
            "messageTitle": "added delete functionality",
            "messageBody": "",
            "insertions": 59,
            "deletions": 6
          },
          {
            "hash": "0069b3bf785f947abb9277cb20fd60f6250025a9",
            "messageTitle": "refractor printer class",
            "messageBody": "",
            "insertions": 34,
            "deletions": 59
          },
          {
            "hash": "a28c87b9faccd9d46d5d8a9805635ee352a3ab37",
            "messageTitle": "refractor printer class",
            "messageBody": "",
            "insertions": 11,
            "deletions": 12
          },
          {
            "hash": "a629b3f6f40a0e117ed4f2f5f8d3144800e452f3",
            "messageTitle": "Added level 7 save",
            "messageBody": "",
            "insertions": 213,
            "deletions": 22
          }
        ]
      },
      {
        "insertions": 819,
        "deletions": 252,
        "date": "2020-02-23",
        "commitResults": [
          {
            "hash": "8ed8add152971b045d368cc8be79fb6c042923d1",
            "messageTitle": "refractor code",
            "messageBody": "",
            "insertions": 9,
            "deletions": 9
          },
          {
            "hash": "44c81f863c5d616fedb63d58c602e60ff9ed301f",
            "messageTitle": "Increment more OOP",
            "messageBody": "",
            "tags": [
              "A-MoreOOP"
            ],
            "insertions": 293,
            "deletions": 205
          },
          {
            "hash": "c8c0737c35c60b86cbe5f7cefba51422cc71da78",
            "messageTitle": "added find for level-9",
            "messageBody": "",
            "tags": [
              "Level-9"
            ],
            "insertions": 111,
            "deletions": 4
          },
          {
            "hash": "2cc378d223fcef6fa25b79c987267434323e086e",
            "messageTitle": "added A-JavaDoc",
            "messageBody": "",
            "insertions": 333,
            "deletions": 10
          },
          {
            "hash": "43b53d6417966b5dbadd8fedc257aa54c770fe8c",
            "messageTitle": "fix index out of bounds exception for find command",
            "messageBody": "",
            "tags": [
              "A-Jar"
            ],
            "insertions": 1,
            "deletions": 1
          },
          {
            "hash": "0f0c99af50cbb02883a5fd9afa339ac8a124ef37",
            "messageTitle": "A-packages",
            "messageBody": "",
            "tags": [
              "A-Packages"
            ],
            "insertions": 72,
            "deletions": 23
          }
        ]
      },
      {
        "insertions": 434,
        "deletions": 97,
        "date": "2020-02-24",
        "commitResults": [
          {
            "hash": "b5b9c392fb88c0c82c48db09c495f7d3af245679",
            "messageTitle": "Moved into different packages",
            "messageBody": "",
            "insertions": 239,
            "deletions": 72
          },
          {
            "hash": "83257dc60389a9a2f9cd23a32466f530c44f5713",
            "messageTitle": "test user guide",
            "messageBody": "",
            "insertions": 70,
            "deletions": 3
          },
          {
            "hash": "92e89cee97d4a0cdf296a3980198dd697adb6938",
            "messageTitle": "refractor variable name to reflect more accurately on what Find does",
            "messageBody": "",
            "insertions": 4,
            "deletions": 4
          },
          {
            "hash": "84523ee98dec4bbb80e74b2c581889cc91e9b96d",
            "messageTitle": "added custom error message for done command",
            "messageBody": "",
            "insertions": 16,
            "deletions": 2
          },
          {
            "hash": "111afbbfcf545ad71e578a2636481e94cfd5485f",
            "messageTitle": "add user guide",
            "messageBody": "",
            "tags": [
              "v0.2",
              "A-UserGuide",
              "A-Release"
            ],
            "insertions": 105,
            "deletions": 16
          }
        ]
      }
    ]
  },
  "authorFinalContributionMap": {
    "JustinnT": 1586
  },
  "authorFileTypeContributionMap": {
    "JustinnT": {
      "java": 1429,
      "md": 157,
      "fxml": 0,
      "sh": 0,
      "bat": 0,
      "gradle": 0,
      "txt": 0
    }
  },
  "authorContributionVariance": {
    "JustinnT": 38421.54
  },
  "authorDisplayNameMap": {
    "JustinnT": "CS2113T-T13-3 TAN ..STIN"
  }
}
