{
  "authorDailyContributionsMap": {
    "JustinnT": [
      {
        "insertions": 15,
        "deletions": 0,
        "date": "2020-01-21",
        "commitResults": [
          {
            "hash": "f42ae0a7fc944bbfb7670bf073543d3c4c4f9940",
            "messageTitle": "Added greeting and exit methods",
            "messageBody": "",
            "insertions": 15,
            "deletions": 0
          }
        ]
      },
      {
        "insertions": 52,
        "deletions": 2,
        "date": "2020-01-28",
        "commitResults": [
          {
            "hash": "bfc9993b9036efa29b7539c46ab0a0cd9182134d",
            "messageTitle": "Add echoUntilBye class for Level-1",
            "messageBody": "",
            "tags": [
              "Level-1"
            ],
            "insertions": 36,
            "deletions": 1
          },
          {
            "hash": "fa62ed7dc912a5fc798235aece8a931b0225ce4a",
            "messageTitle": "Add list to store userInput",
            "messageBody": "",
            "insertions": 16,
            "deletions": 1
          }
        ]
      }
    ]
  },
  "authorFinalContributionMap": {
    "JustinnT": 65
  },
  "authorFileTypeContributionMap": {
    "JustinnT": {
      "java": 65,
      "md": 0,
      "fxml": 0,
      "sh": 0,
      "bat": 0,
      "gradle": 0,
      "txt": 0
    }
  },
  "authorContributionVariance": {
    "JustinnT": 177.71484
  },
  "authorDisplayNameMap": {
    "JustinnT": "TAN ..STIN"
  }
}
