[
  {
    "path": "src/main/java/Deadline.java",
    "fileType": "java",
    "lines": [
      {
        "lineNumber": 1,
        "author": {
          "gitId": "alwayshuizhen"
        },
        "content": "public class Deadline extends Task {"
      },
      {
        "lineNumber": 2,
        "author": {
          "gitId": "alwayshuizhen"
        },
        "content": "    protected String by;"
      },
      {
        "lineNumber": 3,
        "author": {
          "gitId": "alwayshuizhen"
        },
        "content": ""
      },
      {
        "lineNumber": 4,
        "author": {
          "gitId": "alwayshuizhen"
        },
        "content": "    public Deadline(String description, String by) {"
      },
      {
        "lineNumber": 5,
        "author": {
          "gitId": "alwayshuizhen"
        },
        "content": "        super(description);"
      },
      {
        "lineNumber": 6,
        "author": {
          "gitId": "alwayshuizhen"
        },
        "content": "        this.by \u003d by;"
      },
      {
        "lineNumber": 7,
        "author": {
          "gitId": "alwayshuizhen"
        },
        "content": "        this.itemType \u003d \u0027D\u0027;"
      },
      {
        "lineNumber": 8,
        "author": {
          "gitId": "alwayshuizhen"
        },
        "content": "    }"
      },
      {
        "lineNumber": 9,
        "author": {
          "gitId": "alwayshuizhen"
        },
        "content": ""
      },
      {
        "lineNumber": 10,
        "author": {
          "gitId": "alwayshuizhen"
        },
        "content": "    @Override"
      },
      {
        "lineNumber": 11,
        "author": {
          "gitId": "alwayshuizhen"
        },
        "content": "    public String printObject() {"
      },
      {
        "lineNumber": 12,
        "author": {
          "gitId": "alwayshuizhen"
        },
        "content": "        return (\"[\" + itemType + \"][\" + getStatusIcon() +\"] \"+ description + \" (by: \" + by + \")\");"
      },
      {
        "lineNumber": 13,
        "author": {
          "gitId": "alwayshuizhen"
        },
        "content": "    }"
      },
      {
        "lineNumber": 14,
        "author": {
          "gitId": "alwayshuizhen"
        },
        "content": "}"
      }
    ],
    "authorContributionMap": {
      "alwayshuizhen": 14
    }
  },
  {
    "path": "src/main/java/Duke.java",
    "fileType": "java",
    "lines": [
      {
        "lineNumber": 1,
        "author": {
          "gitId": "alwayshuizhen"
        },
        "content": "import java.util.Scanner;"
      },
      {
        "lineNumber": 2,
        "author": {
          "gitId": "-"
        },
        "content": "public class Duke {"
      },
      {
        "lineNumber": 3,
        "author": {
          "gitId": "alwayshuizhen"
        },
        "content": "    public static void printTaskList(Task[] taskList, int counter){"
      },
      {
        "lineNumber": 4,
        "author": {
          "gitId": "alwayshuizhen"
        },
        "content": "        for (int i \u003d 0; i \u003c counter; i++) {"
      },
      {
        "lineNumber": 5,
        "author": {
          "gitId": "alwayshuizhen"
        },
        "content": "            System.out.println(i + 1 + \". \" + taskList[i].printObject());"
      },
      {
        "lineNumber": 6,
        "author": {
          "gitId": "alwayshuizhen"
        },
        "content": "        }"
      },
      {
        "lineNumber": 7,
        "author": {
          "gitId": "alwayshuizhen"
        },
        "content": "    }"
      },
      {
        "lineNumber": 8,
        "author": {
          "gitId": "alwayshuizhen"
        },
        "content": ""
      },
      {
        "lineNumber": 9,
        "author": {
          "gitId": "alwayshuizhen"
        },
        "content": "    public static void markTaskAsDone(Task[] taskList, String cmd){"
      },
      {
        "lineNumber": 10,
        "author": {
          "gitId": "alwayshuizhen"
        },
        "content": "        int index \u003d Integer.parseInt(cmd.substring(cmd.length() - 1)) - 1;"
      },
      {
        "lineNumber": 11,
        "author": {
          "gitId": "alwayshuizhen"
        },
        "content": "        taskList[index].setDone();"
      },
      {
        "lineNumber": 12,
        "author": {
          "gitId": "alwayshuizhen"
        },
        "content": "        System.out.println(\"Nice! I\u0027ve marked this task as done: \" + taskList[index].printObject());"
      },
      {
        "lineNumber": 13,
        "author": {
          "gitId": "alwayshuizhen"
        },
        "content": "    }"
      },
      {
        "lineNumber": 14,
        "author": {
          "gitId": "alwayshuizhen"
        },
        "content": ""
      },
      {
        "lineNumber": 15,
        "author": {
          "gitId": "alwayshuizhen"
        },
        "content": "    public static Todo createToDo(String cmd, int counter) {"
      },
      {
        "lineNumber": 16,
        "author": {
          "gitId": "alwayshuizhen"
        },
        "content": "        Todo item \u003d new Todo(cmd.substring(5));"
      },
      {
        "lineNumber": 17,
        "author": {
          "gitId": "alwayshuizhen"
        },
        "content": "        System.out.println(\"Got it. I\u0027ve added this task: \" + item.printObject());"
      },
      {
        "lineNumber": 18,
        "author": {
          "gitId": "alwayshuizhen"
        },
        "content": "        System.out.println(\"Now you have \"+ (counter+1) +\" tasks in the list.\");"
      },
      {
        "lineNumber": 19,
        "author": {
          "gitId": "alwayshuizhen"
        },
        "content": "        return item;"
      },
      {
        "lineNumber": 20,
        "author": {
          "gitId": "alwayshuizhen"
        },
        "content": "    }"
      },
      {
        "lineNumber": 21,
        "author": {
          "gitId": "alwayshuizhen"
        },
        "content": ""
      },
      {
        "lineNumber": 22,
        "author": {
          "gitId": "alwayshuizhen"
        },
        "content": "    public static Event createEvent(String cmd, int counter) {"
      },
      {
        "lineNumber": 23,
        "author": {
          "gitId": "alwayshuizhen"
        },
        "content": "        int indexOfAt \u003d cmd.indexOf(\"/at\");"
      },
      {
        "lineNumber": 24,
        "author": {
          "gitId": "alwayshuizhen"
        },
        "content": "        String eventDescription \u003d cmd.substring(6, indexOfAt-1);"
      },
      {
        "lineNumber": 25,
        "author": {
          "gitId": "alwayshuizhen"
        },
        "content": "        String eventDate \u003d cmd.substring(indexOfAt+4);"
      },
      {
        "lineNumber": 26,
        "author": {
          "gitId": "alwayshuizhen"
        },
        "content": "        Event item \u003d new Event(eventDescription, eventDate);"
      },
      {
        "lineNumber": 27,
        "author": {
          "gitId": "alwayshuizhen"
        },
        "content": "        System.out.println(\"Got it. I\u0027ve added this task: \" + item.printObject());"
      },
      {
        "lineNumber": 28,
        "author": {
          "gitId": "alwayshuizhen"
        },
        "content": "        System.out.println(\"Now you have \"+ (counter+1) +\" tasks in the list.\");"
      },
      {
        "lineNumber": 29,
        "author": {
          "gitId": "alwayshuizhen"
        },
        "content": "        return item;"
      },
      {
        "lineNumber": 30,
        "author": {
          "gitId": "alwayshuizhen"
        },
        "content": "    }"
      },
      {
        "lineNumber": 31,
        "author": {
          "gitId": "alwayshuizhen"
        },
        "content": ""
      },
      {
        "lineNumber": 32,
        "author": {
          "gitId": "alwayshuizhen"
        },
        "content": "    public static Deadline createDeadline(String cmd, int counter) {"
      },
      {
        "lineNumber": 33,
        "author": {
          "gitId": "alwayshuizhen"
        },
        "content": "        int indexOfBy \u003d cmd.indexOf(\"/by\");"
      },
      {
        "lineNumber": 34,
        "author": {
          "gitId": "alwayshuizhen"
        },
        "content": "        String deadlineDesc \u003d cmd.substring(9, indexOfBy-1);"
      },
      {
        "lineNumber": 35,
        "author": {
          "gitId": "alwayshuizhen"
        },
        "content": "        String deadlineDate \u003d cmd.substring(indexOfBy+4);"
      },
      {
        "lineNumber": 36,
        "author": {
          "gitId": "alwayshuizhen"
        },
        "content": "        Deadline item \u003d new Deadline(deadlineDesc, deadlineDate);"
      },
      {
        "lineNumber": 37,
        "author": {
          "gitId": "alwayshuizhen"
        },
        "content": "        System.out.println(\"Got it. I\u0027ve added this task: \" + item.printObject());"
      },
      {
        "lineNumber": 38,
        "author": {
          "gitId": "alwayshuizhen"
        },
        "content": "        System.out.println(\"Now you have \"+ (counter+1) +\" tasks in the list.\");"
      },
      {
        "lineNumber": 39,
        "author": {
          "gitId": "alwayshuizhen"
        },
        "content": "        return item;"
      },
      {
        "lineNumber": 40,
        "author": {
          "gitId": "alwayshuizhen"
        },
        "content": "    }"
      },
      {
        "lineNumber": 41,
        "author": {
          "gitId": "alwayshuizhen"
        },
        "content": ""
      },
      {
        "lineNumber": 42,
        "author": {
          "gitId": "-"
        },
        "content": "    public static void main(String[] args) {"
      },
      {
        "lineNumber": 43,
        "author": {
          "gitId": "-"
        },
        "content": "        String logo \u003d \" ____        _        \\n\""
      },
      {
        "lineNumber": 44,
        "author": {
          "gitId": "-"
        },
        "content": "                + \"|  _ \\\\ _   _| | _____ \\n\""
      },
      {
        "lineNumber": 45,
        "author": {
          "gitId": "-"
        },
        "content": "                + \"| | | | | | | |/ / _ \\\\\\n\""
      },
      {
        "lineNumber": 46,
        "author": {
          "gitId": "-"
        },
        "content": "                + \"| |_| | |_| |   \u003c  __/\\n\""
      },
      {
        "lineNumber": 47,
        "author": {
          "gitId": "alwayshuizhen"
        },
        "content": "                + \"|____/ \\\\__,_|_|\\\\_\\\\___| \";"
      },
      {
        "lineNumber": 48,
        "author": {
          "gitId": "alwayshuizhen"
        },
        "content": "        System.out.println(logo + \" says hello :)\");"
      },
      {
        "lineNumber": 49,
        "author": {
          "gitId": "alwayshuizhen"
        },
        "content": "        System.out.println(\"\\nWhat can i do for you?\");"
      },
      {
        "lineNumber": 50,
        "author": {
          "gitId": "alwayshuizhen"
        },
        "content": "        Task[] taskList \u003d new Task[100];"
      },
      {
        "lineNumber": 51,
        "author": {
          "gitId": "alwayshuizhen"
        },
        "content": "        int counter \u003d 0;"
      },
      {
        "lineNumber": 52,
        "author": {
          "gitId": "alwayshuizhen"
        },
        "content": "        Scanner myObj \u003d new Scanner(System.in);"
      },
      {
        "lineNumber": 53,
        "author": {
          "gitId": "alwayshuizhen"
        },
        "content": "        String cmd;"
      },
      {
        "lineNumber": 54,
        "author": {
          "gitId": "alwayshuizhen"
        },
        "content": "        cmd \u003d myObj.nextLine();"
      },
      {
        "lineNumber": 55,
        "author": {
          "gitId": "alwayshuizhen"
        },
        "content": "        while (!cmd.equals(\"bye\")) {"
      },
      {
        "lineNumber": 56,
        "author": {
          "gitId": "alwayshuizhen"
        },
        "content": "            if (cmd.equals(\"list\")) {"
      },
      {
        "lineNumber": 57,
        "author": {
          "gitId": "alwayshuizhen"
        },
        "content": "                printTaskList(taskList, counter);"
      },
      {
        "lineNumber": 58,
        "author": {
          "gitId": "alwayshuizhen"
        },
        "content": "            } else if (cmd.substring(0,4).equals(\"done\")) {"
      },
      {
        "lineNumber": 59,
        "author": {
          "gitId": "alwayshuizhen"
        },
        "content": "                markTaskAsDone(taskList, cmd);"
      },
      {
        "lineNumber": 60,
        "author": {
          "gitId": "alwayshuizhen"
        },
        "content": "            }else if (cmd.substring(0,4).equals(\"todo\")){"
      },
      {
        "lineNumber": 61,
        "author": {
          "gitId": "alwayshuizhen"
        },
        "content": "                taskList[counter] \u003d createToDo(cmd, counter);"
      },
      {
        "lineNumber": 62,
        "author": {
          "gitId": "alwayshuizhen"
        },
        "content": "                counter++;"
      },
      {
        "lineNumber": 63,
        "author": {
          "gitId": "alwayshuizhen"
        },
        "content": "            } else if (cmd.substring(0,5).equals(\"event\")) {"
      },
      {
        "lineNumber": 64,
        "author": {
          "gitId": "alwayshuizhen"
        },
        "content": "                taskList[counter] \u003d createEvent(cmd, counter);"
      },
      {
        "lineNumber": 65,
        "author": {
          "gitId": "alwayshuizhen"
        },
        "content": "                counter++;"
      },
      {
        "lineNumber": 66,
        "author": {
          "gitId": "alwayshuizhen"
        },
        "content": "            } else if (cmd.substring(0,8).equals(\"deadline\")) {"
      },
      {
        "lineNumber": 67,
        "author": {
          "gitId": "alwayshuizhen"
        },
        "content": "                taskList[counter] \u003d createDeadline(cmd, counter);"
      },
      {
        "lineNumber": 68,
        "author": {
          "gitId": "alwayshuizhen"
        },
        "content": "                counter++;"
      },
      {
        "lineNumber": 69,
        "author": {
          "gitId": "alwayshuizhen"
        },
        "content": "            } else {"
      },
      {
        "lineNumber": 70,
        "author": {
          "gitId": "alwayshuizhen"
        },
        "content": "                System.out.printf(\"error :(\");"
      },
      {
        "lineNumber": 71,
        "author": {
          "gitId": "alwayshuizhen"
        },
        "content": "            }"
      },
      {
        "lineNumber": 72,
        "author": {
          "gitId": "alwayshuizhen"
        },
        "content": "            cmd \u003d myObj.nextLine();"
      },
      {
        "lineNumber": 73,
        "author": {
          "gitId": "alwayshuizhen"
        },
        "content": "        }"
      },
      {
        "lineNumber": 74,
        "author": {
          "gitId": "alwayshuizhen"
        },
        "content": "        System.out.println(\"Bye bye! Talk to me again soon!\");"
      },
      {
        "lineNumber": 75,
        "author": {
          "gitId": "-"
        },
        "content": "    }"
      },
      {
        "lineNumber": 76,
        "author": {
          "gitId": "-"
        },
        "content": "}"
      }
    ],
    "authorContributionMap": {
      "alwayshuizhen": 68,
      "-": 8
    }
  },
  {
    "path": "src/main/java/Event.java",
    "fileType": "java",
    "lines": [
      {
        "lineNumber": 1,
        "author": {
          "gitId": "alwayshuizhen"
        },
        "content": "public class Event extends Task {"
      },
      {
        "lineNumber": 2,
        "author": {
          "gitId": "alwayshuizhen"
        },
        "content": "    protected String eventDate;"
      },
      {
        "lineNumber": 3,
        "author": {
          "gitId": "alwayshuizhen"
        },
        "content": "    public Event(String description, String eventDate) {"
      },
      {
        "lineNumber": 4,
        "author": {
          "gitId": "alwayshuizhen"
        },
        "content": "        super(description);"
      },
      {
        "lineNumber": 5,
        "author": {
          "gitId": "alwayshuizhen"
        },
        "content": "        this.eventDate \u003d eventDate;"
      },
      {
        "lineNumber": 6,
        "author": {
          "gitId": "alwayshuizhen"
        },
        "content": "        this.itemType \u003d \u0027E\u0027;"
      },
      {
        "lineNumber": 7,
        "author": {
          "gitId": "alwayshuizhen"
        },
        "content": "    }"
      },
      {
        "lineNumber": 8,
        "author": {
          "gitId": "alwayshuizhen"
        },
        "content": ""
      },
      {
        "lineNumber": 9,
        "author": {
          "gitId": "alwayshuizhen"
        },
        "content": "    @Override"
      },
      {
        "lineNumber": 10,
        "author": {
          "gitId": "alwayshuizhen"
        },
        "content": "    public String printObject() {"
      },
      {
        "lineNumber": 11,
        "author": {
          "gitId": "alwayshuizhen"
        },
        "content": "        return (\"[\" + itemType + \"][\" + getStatusIcon() +\"] \"+ description + \" (at: \" + eventDate + \")\");"
      },
      {
        "lineNumber": 12,
        "author": {
          "gitId": "alwayshuizhen"
        },
        "content": "    }"
      },
      {
        "lineNumber": 13,
        "author": {
          "gitId": "alwayshuizhen"
        },
        "content": "}"
      }
    ],
    "authorContributionMap": {
      "alwayshuizhen": 13
    }
  },
  {
    "path": "src/main/java/Task.java",
    "fileType": "java",
    "lines": [
      {
        "lineNumber": 1,
        "author": {
          "gitId": "alwayshuizhen"
        },
        "content": "public class Task {"
      },
      {
        "lineNumber": 2,
        "author": {
          "gitId": "alwayshuizhen"
        },
        "content": "    protected String description;"
      },
      {
        "lineNumber": 3,
        "author": {
          "gitId": "alwayshuizhen"
        },
        "content": "    protected boolean isDone;"
      },
      {
        "lineNumber": 4,
        "author": {
          "gitId": "alwayshuizhen"
        },
        "content": "    protected char itemType;"
      },
      {
        "lineNumber": 5,
        "author": {
          "gitId": "alwayshuizhen"
        },
        "content": "    public Task(String description) {"
      },
      {
        "lineNumber": 6,
        "author": {
          "gitId": "alwayshuizhen"
        },
        "content": "        this.description \u003d description;"
      },
      {
        "lineNumber": 7,
        "author": {
          "gitId": "alwayshuizhen"
        },
        "content": "        this.isDone \u003d false;"
      },
      {
        "lineNumber": 8,
        "author": {
          "gitId": "alwayshuizhen"
        },
        "content": "    }"
      },
      {
        "lineNumber": 9,
        "author": {
          "gitId": "alwayshuizhen"
        },
        "content": ""
      },
      {
        "lineNumber": 10,
        "author": {
          "gitId": "alwayshuizhen"
        },
        "content": "    public String getStatusIcon() {"
      },
      {
        "lineNumber": 11,
        "author": {
          "gitId": "alwayshuizhen"
        },
        "content": "        return (isDone ? \"\\u2713\" : \"\\u2718\"); //return tick or X symbols"
      },
      {
        "lineNumber": 12,
        "author": {
          "gitId": "alwayshuizhen"
        },
        "content": "    }"
      },
      {
        "lineNumber": 13,
        "author": {
          "gitId": "alwayshuizhen"
        },
        "content": ""
      },
      {
        "lineNumber": 14,
        "author": {
          "gitId": "alwayshuizhen"
        },
        "content": "    public void setDone() {"
      },
      {
        "lineNumber": 15,
        "author": {
          "gitId": "alwayshuizhen"
        },
        "content": "        this.isDone \u003d true;"
      },
      {
        "lineNumber": 16,
        "author": {
          "gitId": "alwayshuizhen"
        },
        "content": "    }"
      },
      {
        "lineNumber": 17,
        "author": {
          "gitId": "alwayshuizhen"
        },
        "content": ""
      },
      {
        "lineNumber": 18,
        "author": {
          "gitId": "alwayshuizhen"
        },
        "content": "    public String printObject(){"
      },
      {
        "lineNumber": 19,
        "author": {
          "gitId": "alwayshuizhen"
        },
        "content": "        return \"\\0\";"
      },
      {
        "lineNumber": 20,
        "author": {
          "gitId": "alwayshuizhen"
        },
        "content": "    }"
      },
      {
        "lineNumber": 21,
        "author": {
          "gitId": "alwayshuizhen"
        },
        "content": "}"
      }
    ],
    "authorContributionMap": {
      "alwayshuizhen": 21
    }
  },
  {
    "path": "src/main/java/Todo.java",
    "fileType": "java",
    "lines": [
      {
        "lineNumber": 1,
        "author": {
          "gitId": "alwayshuizhen"
        },
        "content": "public class Todo extends Task {"
      },
      {
        "lineNumber": 2,
        "author": {
          "gitId": "alwayshuizhen"
        },
        "content": "    public Todo(String description) {"
      },
      {
        "lineNumber": 3,
        "author": {
          "gitId": "alwayshuizhen"
        },
        "content": "        super(description);"
      },
      {
        "lineNumber": 4,
        "author": {
          "gitId": "alwayshuizhen"
        },
        "content": "        this.itemType \u003d \u0027T\u0027;"
      },
      {
        "lineNumber": 5,
        "author": {
          "gitId": "alwayshuizhen"
        },
        "content": "    }"
      },
      {
        "lineNumber": 6,
        "author": {
          "gitId": "alwayshuizhen"
        },
        "content": ""
      },
      {
        "lineNumber": 7,
        "author": {
          "gitId": "alwayshuizhen"
        },
        "content": "    @Override"
      },
      {
        "lineNumber": 8,
        "author": {
          "gitId": "alwayshuizhen"
        },
        "content": "    public String printObject() {"
      },
      {
        "lineNumber": 9,
        "author": {
          "gitId": "alwayshuizhen"
        },
        "content": "        return (\"[\" + itemType + \"][\" + getStatusIcon() +\"] \"+ description);"
      },
      {
        "lineNumber": 10,
        "author": {
          "gitId": "alwayshuizhen"
        },
        "content": "    }"
      },
      {
        "lineNumber": 11,
        "author": {
          "gitId": "alwayshuizhen"
        },
        "content": "}"
      }
    ],
    "authorContributionMap": {
      "alwayshuizhen": 11
    }
  },
  {
    "path": "text-ui-test/input.txt",
    "fileType": "txt",
    "lines": [
      {
        "lineNumber": 1,
        "author": {
          "gitId": "alwayshuizhen"
        },
        "content": "todo read book"
      },
      {
        "lineNumber": 2,
        "author": {
          "gitId": "alwayshuizhen"
        },
        "content": "deadline return book /by june 6th"
      },
      {
        "lineNumber": 3,
        "author": {
          "gitId": "alwayshuizhen"
        },
        "content": "event project meeting /at Aug 6th 2-4pm"
      },
      {
        "lineNumber": 4,
        "author": {
          "gitId": "alwayshuizhen"
        },
        "content": "todo join sports club"
      },
      {
        "lineNumber": 5,
        "author": {
          "gitId": "alwayshuizhen"
        },
        "content": "todo borrow book"
      },
      {
        "lineNumber": 6,
        "author": {
          "gitId": "alwayshuizhen"
        },
        "content": "deadline return book /by Sunday"
      },
      {
        "lineNumber": 7,
        "author": {
          "gitId": "alwayshuizhen"
        },
        "content": "event project meeting /at Mon 2-4pm"
      },
      {
        "lineNumber": 8,
        "author": {
          "gitId": "alwayshuizhen"
        },
        "content": "list"
      },
      {
        "lineNumber": 9,
        "author": {
          "gitId": "alwayshuizhen"
        },
        "content": "done 1"
      },
      {
        "lineNumber": 10,
        "author": {
          "gitId": "alwayshuizhen"
        },
        "content": "done 4"
      },
      {
        "lineNumber": 11,
        "author": {
          "gitId": "alwayshuizhen"
        },
        "content": "list"
      },
      {
        "lineNumber": 12,
        "author": {
          "gitId": "alwayshuizhen"
        },
        "content": "bye"
      }
    ],
    "authorContributionMap": {
      "alwayshuizhen": 12
    }
  },
  {
    "path": "text-ui-test/runtest.bat",
    "fileType": "bat",
    "lines": [
      {
        "lineNumber": 1,
        "author": {
          "gitId": "alwayshuizhen"
        },
        "content": "@ECHO OFF"
      },
      {
        "lineNumber": 2,
        "author": {
          "gitId": "alwayshuizhen"
        },
        "content": ""
      },
      {
        "lineNumber": 3,
        "author": {
          "gitId": "alwayshuizhen"
        },
        "content": "REM create bin directory if it doesn\u0027t exist"
      },
      {
        "lineNumber": 4,
        "author": {
          "gitId": "alwayshuizhen"
        },
        "content": "if not exist ..\\bin mkdir ..\\bin"
      },
      {
        "lineNumber": 5,
        "author": {
          "gitId": "alwayshuizhen"
        },
        "content": ""
      },
      {
        "lineNumber": 6,
        "author": {
          "gitId": "alwayshuizhen"
        },
        "content": "REM delete output from previous run"
      },
      {
        "lineNumber": 7,
        "author": {
          "gitId": "alwayshuizhen"
        },
        "content": "del ACTUAL.TXT"
      },
      {
        "lineNumber": 8,
        "author": {
          "gitId": "alwayshuizhen"
        },
        "content": ""
      },
      {
        "lineNumber": 9,
        "author": {
          "gitId": "alwayshuizhen"
        },
        "content": "REM compile the code into the bin folder"
      },
      {
        "lineNumber": 10,
        "author": {
          "gitId": "alwayshuizhen"
        },
        "content": "javac  -cp ..\\src -Xlint:none -d ..\\bin ..\\src\\main\\java\\*.java"
      },
      {
        "lineNumber": 11,
        "author": {
          "gitId": "alwayshuizhen"
        },
        "content": "IF ERRORLEVEL 1 ("
      },
      {
        "lineNumber": 12,
        "author": {
          "gitId": "alwayshuizhen"
        },
        "content": "    echo ********** BUILD FAILURE **********"
      },
      {
        "lineNumber": 13,
        "author": {
          "gitId": "alwayshuizhen"
        },
        "content": "    exit /b 1"
      },
      {
        "lineNumber": 14,
        "author": {
          "gitId": "alwayshuizhen"
        },
        "content": ")"
      },
      {
        "lineNumber": 15,
        "author": {
          "gitId": "alwayshuizhen"
        },
        "content": "REM no error here, errorlevel \u003d\u003d 0"
      },
      {
        "lineNumber": 16,
        "author": {
          "gitId": "alwayshuizhen"
        },
        "content": ""
      },
      {
        "lineNumber": 17,
        "author": {
          "gitId": "alwayshuizhen"
        },
        "content": "REM run the program, feed commands from input.txt file and redirect the output to the ACTUAL.TXT"
      },
      {
        "lineNumber": 18,
        "author": {
          "gitId": "alwayshuizhen"
        },
        "content": "java -Dfile.encoding\u003dUTF8 -classpath ..\\bin Duke \u003c input.txt \u003e ACTUAL.TXT"
      },
      {
        "lineNumber": 19,
        "author": {
          "gitId": "alwayshuizhen"
        },
        "content": ""
      },
      {
        "lineNumber": 20,
        "author": {
          "gitId": "alwayshuizhen"
        },
        "content": "REM compare the output to the expected output"
      },
      {
        "lineNumber": 21,
        "author": {
          "gitId": "alwayshuizhen"
        },
        "content": "FC ACTUAL.TXT EXPECTED.TXT"
      }
    ],
    "authorContributionMap": {
      "alwayshuizhen": 21
    }
  }
]
