{
  "authorDailyContributionsMap": {
    "A11riseforme": [
      {
        "insertions": 25,
        "deletions": 1,
        "date": "2020-01-18",
        "commitResults": [
          {
            "hash": "7fd52c5cc9cb1128e4e75332ec5bcdd3e1811df0",
            "messageTitle": "Level 1. Greet, Echo, Exit",
            "messageBody": "",
            "tags": [
              "Level-0"
            ],
            "insertions": 25,
            "deletions": 1
          }
        ]
      },
      {
        "insertions": 29,
        "deletions": 21,
        "date": "2020-01-27",
        "commitResults": [
          {
            "hash": "53a4e43616932f973bcd7466af65e464b843dd94",
            "messageTitle": "more structured level-1",
            "messageBody": "",
            "tags": [
              "Level-1"
            ],
            "insertions": 29,
            "deletions": 21
          }
        ]
      },
      {
        "insertions": 85,
        "deletions": 21,
        "date": "2020-01-28",
        "commitResults": [
          {
            "hash": "152c1411248f4de1b132c6a43df610300c24df01",
            "messageTitle": "abstract Task class",
            "messageBody": "",
            "tags": [
              "Level-2",
              "A-Classes"
            ],
            "insertions": 61,
            "deletions": 16
          },
          {
            "hash": "41d8542975284a8ecf1bafab98957a6fc9f5b68a",
            "messageTitle": "add markAsDone() method, complete level-3",
            "messageBody": "",
            "tags": [
              "Level-3",
              "A-CodingStandard"
            ],
            "insertions": 24,
            "deletions": 5
          }
        ]
      },
      {
        "insertions": 104,
        "deletions": 73,
        "date": "2020-01-31",
        "commitResults": [
          {
            "hash": "89511fffba3a8211b42c232d1cba2c35a6ddba8b",
            "messageTitle": "replace magical literal",
            "messageBody": "",
            "insertions": 4,
            "deletions": 2
          },
          {
            "hash": "22e45ab7a14a531deaa125354d59852cb8c9d892",
            "messageTitle": "replace strings by constants",
            "messageBody": "",
            "insertions": 34,
            "deletions": 27
          },
          {
            "hash": "97a40cb7c3e01afbf022f24b4ee5dc2af70f546c",
            "messageTitle": "abstract out TaskManager class",
            "messageBody": "",
            "insertions": 66,
            "deletions": 44
          }
        ]
      },
      {
        "insertions": 265,
        "deletions": 53,
        "date": "2020-02-01",
        "commitResults": [
          {
            "hash": "d9604e2741e076610f83518f54d2bb9410eed631",
            "messageTitle": "add Deadline,Event,Todo classes inherited from Task class",
            "messageBody": "",
            "tags": [
              "Level-4",
              "A-Inheritance"
            ],
            "insertions": 116,
            "deletions": 6
          },
          {
            "hash": "0dda35dcce90d55032c703884c38f708c9c6c948",
            "messageTitle": "replace splitCommands() by several functions",
            "messageBody": "",
            "insertions": 51,
            "deletions": 33
          },
          {
            "hash": "72879ff264d61bee8847d929a338b88543f754f6",
            "messageTitle": "add text-ui-test case",
            "messageBody": "",
            "tags": [
              "A-TextUiTesting"
            ],
            "insertions": 84,
            "deletions": 0
          },
          {
            "hash": "4a69e9ee3132c6ebac1cce2c25e1d66a9d6e960b",
            "messageTitle": "update ACTUAL.txt EXPECTED.txt",
            "messageBody": "",
            "tags": [
              "A-CodeQuality"
            ],
            "insertions": 14,
            "deletions": 14
          }
        ]
      },
      {
        "insertions": 92,
        "deletions": 50,
        "date": "2020-02-08",
        "commitResults": [
          {
            "hash": "f9dbe82818ee01e7a92423816008d3f04e3cc306",
            "messageTitle": "organize into packages",
            "messageBody": "",
            "tags": [
              "A-Packages"
            ],
            "insertions": 39,
            "deletions": 20
          },
          {
            "hash": "be855d6527c1d2bb8747ba9aefacf1312c9fe1d4",
            "messageTitle": "add respondToUnknownCommand() method",
            "messageBody": "",
            "insertions": 33,
            "deletions": 24
          },
          {
            "hash": "2e0808fd25d82be77b5f5d9c8fd07522c6978885",
            "messageTitle": "add exception handler for non-existed task id",
            "messageBody": "",
            "insertions": 10,
            "deletions": 4
          },
          {
            "hash": "800494412a9e83652ce1998b2f60a2b1ab7bb2ae",
            "messageTitle": "add exception handler for task id not provided or invalid",
            "messageBody": "",
            "insertions": 10,
            "deletions": 2
          }
        ]
      },
      {
        "insertions": 107,
        "deletions": 63,
        "date": "2020-02-09",
        "commitResults": [
          {
            "hash": "dd7fdad255b54dae42c81766adef4fa2d94d58a9",
            "messageTitle": "add exception handler for time/description not provided",
            "messageBody": "",
            "tags": [
              "A-Exceptions"
            ],
            "insertions": 107,
            "deletions": 63
          }
        ]
      },
      {
        "insertions": 208,
        "deletions": 133,
        "date": "2020-02-13",
        "commitResults": [
          {
            "hash": "443dd56463f04cdd266de238166cd01ef3705979",
            "messageTitle": "move a reusable line into method",
            "messageBody": "",
            "insertions": 1,
            "deletions": 2
          },
          {
            "hash": "e7366fcbfb774e358b30b36ed19a9edd027e91ea",
            "messageTitle": "using ArrayList to store tasks",
            "messageBody": "",
            "tags": [
              "A-Collections"
            ],
            "insertions": 15,
            "deletions": 20
          },
          {
            "hash": "484279fd1b331f93e2c7f6ad63c045971eee309b",
            "messageTitle": "minor bugs fixes",
            "messageBody": "",
            "insertions": 7,
            "deletions": 20
          },
          {
            "hash": "bafdc4dcdd9ee3411b09dca3cb136e7c425f8786",
            "messageTitle": "add delete task feature",
            "messageBody": "",
            "insertions": 39,
            "deletions": 16
          },
          {
            "hash": "2d232832165fded33bb0c3f6967fd17b234abb65",
            "messageTitle": "add data file to load from",
            "messageBody": "",
            "insertions": 0,
            "deletions": 0
          },
          {
            "hash": "befd9007db2f218a4315dbc73181e656d0a5df37",
            "messageTitle": "implement saveDataToFile method to save tasks info as json",
            "messageBody": "",
            "insertions": 46,
            "deletions": 32
          },
          {
            "hash": "e20871f8ac7ec9d37a74207ddf3e5870e755dd53",
            "messageTitle": "use ArrayList to store tasks so that gson can dump as a whole",
            "messageBody": "",
            "insertions": 29,
            "deletions": 29
          },
          {
            "hash": "bdec1fb5b9a8b79156c20187ea4b5cab0d0211fc",
            "messageTitle": "implement loadDataFromFile method to load tasks from json",
            "messageBody": "",
            "insertions": 71,
            "deletions": 14
          }
        ]
      },
      {
        "insertions": 247,
        "deletions": 124,
        "date": "2020-02-14",
        "commitResults": [
          {
            "hash": "2926a57409637b76b2dc73fda294f99fc1142db8",
            "messageTitle": "enable shortcut command",
            "messageBody": "",
            "insertions": 45,
            "deletions": 22
          },
          {
            "hash": "66cf34a3e91ae37b9e31d54478931c3311b5af3f",
            "messageTitle": "fix the bug of \u0027attribute loss\u0027 after conversion from json to objects",
            "messageBody": "",
            "insertions": 117,
            "deletions": 35
          },
          {
            "hash": "14d9768f2007159f52d182146584f3dcaaa5380e",
            "messageTitle": "extract out convertDummyTaskToSpecificTask method",
            "messageBody": "",
            "insertions": 55,
            "deletions": 46
          },
          {
            "hash": "4910c51c9199c6127616b2d0de27ce940e0ba2a4",
            "messageTitle": "minor fixes",
            "messageBody": "",
            "insertions": 10,
            "deletions": 13
          },
          {
            "hash": "4c5f4fbc3526b7acbb74ea1e3bb5bcaa813f1ead",
            "messageTitle": "implement build jar",
            "messageBody": "",
            "insertions": 1,
            "deletions": 1
          },
          {
            "hash": "ba19fca3cacc40a51cb45db51ad2f82ad8db21d6",
            "messageTitle": "replace unicode constant by normal characters",
            "messageBody": "",
            "insertions": 4,
            "deletions": 4
          },
          {
            "hash": "8fa04fa645d47204c5cd292793756e10cc3cb45b",
            "messageTitle": "add prompt before loading from and saving to file",
            "messageBody": "",
            "insertions": 12,
            "deletions": 0
          },
          {
            "hash": "f1cfecac0dbdda8739919d62c63d4a940eb5add7",
            "messageTitle": "minor bug fixes",
            "messageBody": "",
            "tags": [
              "A-Jar"
            ],
            "insertions": 3,
            "deletions": 3
          }
        ]
      },
      {
        "insertions": 44,
        "deletions": 23,
        "date": "2020-02-15",
        "commitResults": [
          {
            "hash": "e3f64083050931be5a4eeca6e6a5ab1275967e6d",
            "messageTitle": "extract out methods to print error and success message",
            "messageBody": "",
            "insertions": 36,
            "deletions": 21
          },
          {
            "hash": "224f423755b262efa9e3136dbe808e8b4ebed3ac",
            "messageTitle": "set up gradle to build and run Duke",
            "messageBody": "",
            "tags": [
              "A-Gradle"
            ],
            "insertions": 5,
            "deletions": 1
          },
          {
            "hash": "231e55107307137aff8d7059f4e9552bdc010c22",
            "messageTitle": "get rid of mass import",
            "messageBody": "",
            "insertions": 3,
            "deletions": 1
          }
        ]
      },
      {
        "insertions": 135,
        "deletions": 48,
        "date": "2020-02-19",
        "commitResults": [
          {
            "hash": "5ecdee3d1176fc607cf8b844f1a9d1dd26046d7f",
            "messageTitle": "integrated Shadow into gradle to build jar",
            "messageBody": "",
            "insertions": 13,
            "deletions": 0
          },
          {
            "hash": "6683018f3ec2fc943965c335c6c50c2657f748ef",
            "messageTitle": "move tasks.txt out, avoiding detecting if folder exists",
            "messageBody": "",
            "insertions": 1,
            "deletions": 3
          },
          {
            "hash": "6cc7da70cf31c4467c1a37bfb964f36371f38a97",
            "messageTitle": "use one function to extract commandWord and afterCommand",
            "messageBody": "",
            "insertions": 31,
            "deletions": 10
          },
          {
            "hash": "e9ad86b5ce626c2252c75339170c57393d5f0bed",
            "messageTitle": "add help command to help users to learn commnads",
            "messageBody": "",
            "insertions": 53,
            "deletions": 1
          },
          {
            "hash": "f0e6bc2b8ec880154b4fc90f3cc4ac2aa8fa09d9",
            "messageTitle": "minor changes to align with the coding standard",
            "messageBody": "",
            "tags": [
              "v0.2"
            ],
            "insertions": 36,
            "deletions": 33
          },
          {
            "hash": "d7f3b684f83a6f4b3d519053b75c9d54979c1e5d",
            "messageTitle": "update gradle shadowJar version number",
            "messageBody": "",
            "insertions": 1,
            "deletions": 1
          }
        ]
      },
      {
        "insertions": 17,
        "deletions": 13,
        "date": "2020-02-22",
        "commitResults": [
          {
            "hash": "b3be96bd6313eecdaf28edb5d1ce76bda4304206",
            "messageTitle": "make sure line length is no more than 120 chars",
            "messageBody": "",
            "insertions": 17,
            "deletions": 13
          }
        ]
      },
      {
        "insertions": 799,
        "deletions": 51,
        "date": "2020-02-24",
        "commitResults": [
          {
            "hash": "9ff35c26c810e8f798fc0ace685b43cabc44e3e9",
            "messageTitle": "Make the code more OOP",
            "messageBody": "",
            "tags": [
              "A-MoreOOP"
            ],
            "insertions": 799,
            "deletions": 51
          }
        ]
      },
      {
        "insertions": 60,
        "deletions": 460,
        "date": "2020-02-25",
        "commitResults": [
          {
            "hash": "4b6736408f7a9fe04a81ec50217575425957e3c7",
            "messageTitle": "delete unused code",
            "messageBody": "",
            "insertions": 60,
            "deletions": 460
          }
        ]
      }
    ]
  },
  "authorFinalContributionMap": {
    "A11riseforme": 1110
  },
  "authorFileTypeContributionMap": {
    "A11riseforme": {
      "java": 1006,
      "md": 2,
      "fxml": 0,
      "sh": 0,
      "bat": 21,
      "gradle": 18,
      "txt": 63
    }
  },
  "authorContributionVariance": {
    "A11riseforme": 27873.18
  },
  "authorDisplayNameMap": {
    "A11riseforme": "CS2113T-T13-2 YANG..LONG"
  }
}
