{
  "authorDailyContributionsMap": {
    "NyanWunPaing": [
      {
        "insertions": 22,
        "deletions": 6,
        "date": "2020-01-19",
        "commitResults": [
          {
            "hash": "73b9d0bb9947e5707ac6a9df6f83b8dc493dc9c1",
            "messageTitle": "Add Increment",
            "messageBody": "",
            "tags": [
              "Level-1"
            ],
            "insertions": 22,
            "deletions": 6
          }
        ]
      },
      {
        "insertions": 11,
        "deletions": 3,
        "date": "2020-01-20",
        "commitResults": [
          {
            "hash": "adb5cd2ab4a315521844f215d4490329cc92cbbf",
            "messageTitle": "Add Increments ( level-2 )",
            "messageBody": "",
            "tags": [
              "Level-2"
            ],
            "insertions": 11,
            "deletions": 3
          }
        ]
      },
      {
        "insertions": 33,
        "deletions": 8,
        "date": "2020-01-21",
        "commitResults": [
          {
            "hash": "083aea03fb26025b82b0c27101fc97c00a34b37a",
            "messageTitle": "Add Increments ( level-3 )",
            "messageBody": "",
            "insertions": 33,
            "deletions": 8
          }
        ]
      },
      {
        "insertions": 44,
        "deletions": 25,
        "date": "2020-01-28",
        "commitResults": [
          {
            "hash": "517e94ef0a3bf4594618ca0bee82ad62fa80ac84",
            "messageTitle": "Add Exception",
            "messageBody": "",
            "tags": [
              "Level-3"
            ],
            "insertions": 44,
            "deletions": 25
          }
        ]
      },
      {
        "insertions": 154,
        "deletions": 38,
        "date": "2020-02-01",
        "commitResults": [
          {
            "hash": "25c977f3beec2a28bd44133649bf8c81b7e26af2",
            "messageTitle": "Add Increments Add todo, event, deadline extended class Update code to comply with Coding Standards",
            "messageBody": "",
            "tags": [
              "Level-4"
            ],
            "insertions": 154,
            "deletions": 38
          }
        ]
      },
      {
        "insertions": 143,
        "deletions": 77,
        "date": "2020-02-09",
        "commitResults": [
          {
            "hash": "f6f4f6c2119ede5f327a6ef072b33b1afb6d1d08",
            "messageTitle": "Add coding-standard",
            "messageBody": "",
            "tags": [
              "A-CodingStandard"
            ],
            "insertions": 1,
            "deletions": 1
          },
          {
            "hash": "f09b7fab64011846a52d3f6c532f8904e52170e0",
            "messageTitle": "Add CodeQuality",
            "messageBody": "",
            "tags": [
              "CodeQuality",
              "A-CodeQuality"
            ],
            "insertions": 10,
            "deletions": 12
          },
          {
            "hash": "eee0491866062df52b741d8f4bf8ac6b9faa8ee9",
            "messageTitle": "Add TextUiTesting",
            "messageBody": "",
            "tags": [
              "TextUiTesting",
              "A-TextUiTesting"
            ],
            "insertions": 28,
            "deletions": 0
          },
          {
            "hash": "973f67c7b9637074239c7921169b63b2d22d11c3",
            "messageTitle": "Add Packet",
            "messageBody": "",
            "tags": [
              "branch-Level-5",
              "A-Packages"
            ],
            "insertions": 97,
            "deletions": 59
          },
          {
            "hash": "c2bff0ea3251fc149ea5d71f334ace0fcbd888ae",
            "messageTitle": "Add exceptions",
            "messageBody": "",
            "tags": [
              "A-Exceptions"
            ],
            "insertions": 5,
            "deletions": 2
          },
          {
            "hash": "2f6d2b05c1d61cbd175f77f8a047e4e94780d844",
            "messageTitle": "Update Level-5",
            "messageBody": "",
            "tags": [
              "Level-5"
            ],
            "insertions": 2,
            "deletions": 3
          }
        ]
      },
      {
        "insertions": 81,
        "deletions": 6,
        "date": "2020-02-15",
        "commitResults": [
          {
            "hash": "78381c66b2f81aac0dab707c989240458dc37f4b",
            "messageTitle": "Add remove",
            "messageBody": "",
            "insertions": 30,
            "deletions": 1
          },
          {
            "hash": "fa598d41b206cc08d4916f6fc593a92ae722cc9c",
            "messageTitle": "Add save",
            "messageBody": "",
            "insertions": 46,
            "deletions": 0
          },
          {
            "hash": "22d621ea74067ecb0eecb43694a752b35a9ff7b0",
            "messageTitle": "Resolve conflict",
            "messageBody": "",
            "tags": [
              "Level-7",
              "Level-6"
            ],
            "insertions": 5,
            "deletions": 5
          }
        ]
      },
      {
        "insertions": 10,
        "deletions": 14,
        "date": "2020-02-16",
        "commitResults": [
          {
            "hash": "5eed10cc5bf67f3bb61e298e432ed81d02dbd9a8",
            "messageTitle": "Add jar",
            "messageBody": "",
            "tags": [
              "v0.1"
            ],
            "insertions": 10,
            "deletions": 14
          }
        ]
      }
    ]
  },
  "authorFinalContributionMap": {
    "NyanWunPaing": 330
  },
  "authorFileTypeContributionMap": {
    "NyanWunPaing": {
      "java": 296,
      "md": 0,
      "fxml": 0,
      "sh": 0,
      "bat": 21,
      "gradle": 0,
      "txt": 13
    }
  },
  "authorContributionVariance": {
    "NyanWunPaing": 2508.9465
  },
  "authorDisplayNameMap": {
    "NyanWunPaing": "CS2113T-T12-2 NYAN..AING"
  }
}
