[
  {
    "path": "src/main/java/Duke.java",
    "fileType": "java",
    "lines": [
      {
        "lineNumber": 1,
        "author": {
          "gitId": "dejunnn"
        },
        "content": "import java.util.Scanner;"
      },
      {
        "lineNumber": 2,
        "author": {
          "gitId": "dejunnn"
        },
        "content": "import java.util.List;"
      },
      {
        "lineNumber": 3,
        "author": {
          "gitId": "dejunnn"
        },
        "content": "import java.util.ArrayList;"
      },
      {
        "lineNumber": 4,
        "author": {
          "gitId": "dejunnn"
        },
        "content": ""
      },
      {
        "lineNumber": 5,
        "author": {
          "gitId": "-"
        },
        "content": "public class Duke {"
      },
      {
        "lineNumber": 6,
        "author": {
          "gitId": "-"
        },
        "content": "    public static void main(String[] args) {"
      },
      {
        "lineNumber": 7,
        "author": {
          "gitId": "-"
        },
        "content": "        String logo \u003d \" ____        _        \\n\""
      },
      {
        "lineNumber": 8,
        "author": {
          "gitId": "-"
        },
        "content": "                + \"|  _ \\\\ _   _| | _____ \\n\""
      },
      {
        "lineNumber": 9,
        "author": {
          "gitId": "-"
        },
        "content": "                + \"| | | | | | | |/ / _ \\\\\\n\""
      },
      {
        "lineNumber": 10,
        "author": {
          "gitId": "-"
        },
        "content": "                + \"| |_| | |_| |   \u003c  __/\\n\""
      },
      {
        "lineNumber": 11,
        "author": {
          "gitId": "-"
        },
        "content": "                + \"|____/ \\\\__,_|_|\\\\_\\\\___|\\n\";"
      },
      {
        "lineNumber": 12,
        "author": {
          "gitId": "-"
        },
        "content": "        System.out.println(\"Hello from\\n\" + logo);"
      },
      {
        "lineNumber": 13,
        "author": {
          "gitId": "dejunnn"
        },
        "content": ""
      },
      {
        "lineNumber": 14,
        "author": {
          "gitId": "dejunnn"
        },
        "content": "        System.out.println(\"____________________________________________________________\");"
      },
      {
        "lineNumber": 15,
        "author": {
          "gitId": "dejunnn"
        },
        "content": "        System.out.println(\"Hello! I\u0027m Duke\");"
      },
      {
        "lineNumber": 16,
        "author": {
          "gitId": "dejunnn"
        },
        "content": "        System.out.println(\"What can I do for you?\");"
      },
      {
        "lineNumber": 17,
        "author": {
          "gitId": "dejunnn"
        },
        "content": "        System.out.println(\"____________________________________________________________\");"
      },
      {
        "lineNumber": 18,
        "author": {
          "gitId": "dejunnn"
        },
        "content": ""
      },
      {
        "lineNumber": 19,
        "author": {
          "gitId": "dejunnn"
        },
        "content": "        Scanner sc \u003d new Scanner(System.in);"
      },
      {
        "lineNumber": 20,
        "author": {
          "gitId": "dejunnn"
        },
        "content": "        List\u003cTask\u003e tasks \u003d new ArrayList\u003cTask\u003e();"
      },
      {
        "lineNumber": 21,
        "author": {
          "gitId": "dejunnn"
        },
        "content": "        Boolean exitProgram \u003d false;"
      },
      {
        "lineNumber": 22,
        "author": {
          "gitId": "dejunnn"
        },
        "content": ""
      },
      {
        "lineNumber": 23,
        "author": {
          "gitId": "dejunnn"
        },
        "content": "        do {"
      },
      {
        "lineNumber": 24,
        "author": {
          "gitId": "dejunnn"
        },
        "content": "            String input \u003d sc.nextLine();"
      },
      {
        "lineNumber": 25,
        "author": {
          "gitId": "dejunnn"
        },
        "content": "            String[] inputArray \u003d input.split(\" \");"
      },
      {
        "lineNumber": 26,
        "author": {
          "gitId": "dejunnn"
        },
        "content": ""
      },
      {
        "lineNumber": 27,
        "author": {
          "gitId": "dejunnn"
        },
        "content": "            System.out.println(\"____________________________________________________________\");"
      },
      {
        "lineNumber": 28,
        "author": {
          "gitId": "dejunnn"
        },
        "content": ""
      },
      {
        "lineNumber": 29,
        "author": {
          "gitId": "dejunnn"
        },
        "content": "            if (input.equals(\"list\")) {"
      },
      {
        "lineNumber": 30,
        "author": {
          "gitId": "dejunnn"
        },
        "content": "                System.out.println(\"Here are the tasks in your list:\");"
      },
      {
        "lineNumber": 31,
        "author": {
          "gitId": "dejunnn"
        },
        "content": "                int counter \u003d 0;"
      },
      {
        "lineNumber": 32,
        "author": {
          "gitId": "dejunnn"
        },
        "content": "                for (Task task : tasks) {"
      },
      {
        "lineNumber": 33,
        "author": {
          "gitId": "dejunnn"
        },
        "content": "                    counter++;"
      },
      {
        "lineNumber": 34,
        "author": {
          "gitId": "dejunnn"
        },
        "content": "                    System.out.println(counter + \".[\" + task.getStatusIcon() + \"] \" + task);"
      },
      {
        "lineNumber": 35,
        "author": {
          "gitId": "dejunnn"
        },
        "content": "                }"
      },
      {
        "lineNumber": 36,
        "author": {
          "gitId": "dejunnn"
        },
        "content": "            } else if (inputArray[0].equals(\"done\")) {"
      },
      {
        "lineNumber": 37,
        "author": {
          "gitId": "dejunnn"
        },
        "content": "                Task doneTask \u003d tasks.get(Integer.parseInt(inputArray[1]) - 1);"
      },
      {
        "lineNumber": 38,
        "author": {
          "gitId": "dejunnn"
        },
        "content": "                doneTask.isDone \u003d true;"
      },
      {
        "lineNumber": 39,
        "author": {
          "gitId": "dejunnn"
        },
        "content": "                System.out.println(\"Nice! I\u0027ve marked this task as done:\");"
      },
      {
        "lineNumber": 40,
        "author": {
          "gitId": "dejunnn"
        },
        "content": "                System.out.println(\"[\" + doneTask.getStatusIcon() + \"] \" + doneTask);"
      },
      {
        "lineNumber": 41,
        "author": {
          "gitId": "dejunnn"
        },
        "content": "            } else if (input.equals(\"bye\")) {"
      },
      {
        "lineNumber": 42,
        "author": {
          "gitId": "dejunnn"
        },
        "content": "                System.out.println(\"Bye. Hope to see you again soon!\");"
      },
      {
        "lineNumber": 43,
        "author": {
          "gitId": "dejunnn"
        },
        "content": "                exitProgram \u003d true;"
      },
      {
        "lineNumber": 44,
        "author": {
          "gitId": "dejunnn"
        },
        "content": "            } else {"
      },
      {
        "lineNumber": 45,
        "author": {
          "gitId": "dejunnn"
        },
        "content": "                Task newTask \u003d new Task(input);"
      },
      {
        "lineNumber": 46,
        "author": {
          "gitId": "dejunnn"
        },
        "content": "                tasks.add(newTask);"
      },
      {
        "lineNumber": 47,
        "author": {
          "gitId": "dejunnn"
        },
        "content": "                System.out.println(\"added: \" + newTask);"
      },
      {
        "lineNumber": 48,
        "author": {
          "gitId": "dejunnn"
        },
        "content": "            }"
      },
      {
        "lineNumber": 49,
        "author": {
          "gitId": "dejunnn"
        },
        "content": ""
      },
      {
        "lineNumber": 50,
        "author": {
          "gitId": "dejunnn"
        },
        "content": "            System.out.println(\"____________________________________________________________\");"
      },
      {
        "lineNumber": 51,
        "author": {
          "gitId": "dejunnn"
        },
        "content": ""
      },
      {
        "lineNumber": 52,
        "author": {
          "gitId": "dejunnn"
        },
        "content": "        } while (!exitProgram);"
      },
      {
        "lineNumber": 53,
        "author": {
          "gitId": "dejunnn"
        },
        "content": ""
      },
      {
        "lineNumber": 54,
        "author": {
          "gitId": "-"
        },
        "content": "    }"
      },
      {
        "lineNumber": 55,
        "author": {
          "gitId": "-"
        },
        "content": "}"
      }
    ],
    "authorContributionMap": {
      "dejunnn": 45,
      "-": 10
    }
  },
  {
    "path": "src/main/java/Task.java",
    "fileType": "java",
    "lines": [
      {
        "lineNumber": 1,
        "author": {
          "gitId": "dejunnn"
        },
        "content": "public class Task {"
      },
      {
        "lineNumber": 2,
        "author": {
          "gitId": "dejunnn"
        },
        "content": "    protected String description;"
      },
      {
        "lineNumber": 3,
        "author": {
          "gitId": "dejunnn"
        },
        "content": "    protected boolean isDone;"
      },
      {
        "lineNumber": 4,
        "author": {
          "gitId": "dejunnn"
        },
        "content": ""
      },
      {
        "lineNumber": 5,
        "author": {
          "gitId": "dejunnn"
        },
        "content": "    public Task(String description) {"
      },
      {
        "lineNumber": 6,
        "author": {
          "gitId": "dejunnn"
        },
        "content": "        this.description \u003d description;"
      },
      {
        "lineNumber": 7,
        "author": {
          "gitId": "dejunnn"
        },
        "content": "        this.isDone \u003d false;"
      },
      {
        "lineNumber": 8,
        "author": {
          "gitId": "dejunnn"
        },
        "content": "    }"
      },
      {
        "lineNumber": 9,
        "author": {
          "gitId": "dejunnn"
        },
        "content": ""
      },
      {
        "lineNumber": 10,
        "author": {
          "gitId": "dejunnn"
        },
        "content": "    public String getStatusIcon() {"
      },
      {
        "lineNumber": 11,
        "author": {
          "gitId": "dejunnn"
        },
        "content": "        return (isDone ? \"\\u2713\" : \"\\u2718\"); //return tick or X symbols"
      },
      {
        "lineNumber": 12,
        "author": {
          "gitId": "dejunnn"
        },
        "content": "    }"
      },
      {
        "lineNumber": 13,
        "author": {
          "gitId": "dejunnn"
        },
        "content": ""
      },
      {
        "lineNumber": 14,
        "author": {
          "gitId": "dejunnn"
        },
        "content": "    public String toString() {"
      },
      {
        "lineNumber": 15,
        "author": {
          "gitId": "dejunnn"
        },
        "content": "        return this.description;"
      },
      {
        "lineNumber": 16,
        "author": {
          "gitId": "dejunnn"
        },
        "content": "    }"
      },
      {
        "lineNumber": 17,
        "author": {
          "gitId": "dejunnn"
        },
        "content": ""
      },
      {
        "lineNumber": 18,
        "author": {
          "gitId": "dejunnn"
        },
        "content": "}"
      }
    ],
    "authorContributionMap": {
      "dejunnn": 18
    }
  }
]
