{
  "authorDailyContributionsMap": {
    "dejunnn": [
      {
        "insertions": 8,
        "deletions": 0,
        "date": "2020-01-21",
        "commitResults": [
          {
            "hash": "5f9575417d50353f90ecdc45ef04684e4966db50",
            "messageTitle": "Add Increment Level-0",
            "messageBody": "",
            "tags": [
              "Level-0"
            ],
            "insertions": 8,
            "deletions": 0
          }
        ]
      },
      {
        "insertions": 83,
        "deletions": 28,
        "date": "2020-01-29",
        "commitResults": [
          {
            "hash": "1712ba3d6d46419590b07358fea7bc8733dc34d3",
            "messageTitle": "Added Increment Level-1",
            "messageBody": "",
            "tags": [
              "Level-1"
            ],
            "insertions": 14,
            "deletions": 0
          },
          {
            "hash": "7fb8c64b964882c234c08b7d9963d09bfabe1ec2",
            "messageTitle": "Added Increment Level-2",
            "messageBody": "",
            "tags": [
              "Level-2"
            ],
            "insertions": 17,
            "deletions": 3
          },
          {
            "hash": "0fa791dbe6b0f1d4e91df79e58fc729674a0c765",
            "messageTitle": "Added Increment Level-3",
            "messageBody": "",
            "tags": [
              "Level-3"
            ],
            "insertions": 38,
            "deletions": 12
          },
          {
            "hash": "9ebec4fa1ea53271ab6c675ad4437772a4ebbe39",
            "messageTitle": "Added Increment A-CodingStandard Amended previous Increments to resolve case \"bye\" printing issue",
            "messageBody": "",
            "tags": [
              "A-CodingStandard"
            ],
            "insertions": 14,
            "deletions": 13
          }
        ]
      },
      {
        "insertions": 133,
        "deletions": 49,
        "date": "2020-02-04",
        "commitResults": [
          {
            "hash": "808dd993da60766dc2486e9f418911e65d4c25d3",
            "messageTitle": "Added Increment Level-4",
            "messageBody": "",
            "tags": [
              "Level-4"
            ],
            "insertions": 80,
            "deletions": 17
          },
          {
            "hash": "eeca7c6e5f6316a6acc5a47582a7294dc42d9a56",
            "messageTitle": "Added Increment A-CodeQuality",
            "messageBody": "",
            "tags": [
              "A-CodeQuality"
            ],
            "insertions": 53,
            "deletions": 32
          }
        ]
      },
      {
        "insertions": 26,
        "deletions": 13,
        "date": "2020-02-11",
        "commitResults": [
          {
            "hash": "ae39535203d581c1f106550ec8c70966f42ca1d0",
            "messageTitle": "Added Increment Level-5",
            "messageBody": "",
            "tags": [
              "Level-5"
            ],
            "insertions": 26,
            "deletions": 13
          }
        ]
      },
      {
        "insertions": 37,
        "deletions": 0,
        "date": "2020-02-18",
        "commitResults": [
          {
            "hash": "7cfffd60591d65507ad5950dca138ad55e35446d",
            "messageTitle": "Added Increment Level-6",
            "messageBody": "",
            "tags": [
              "Level-6"
            ],
            "insertions": 11,
            "deletions": 0
          },
          {
            "hash": "f4a1fbb6299e30191343c0dacaee3dcfb38afb3d",
            "messageTitle": "Added Increment Level-7",
            "messageBody": "",
            "tags": [
              "Level-7"
            ],
            "insertions": 26,
            "deletions": 0
          }
        ]
      },
      {
        "insertions": 94,
        "deletions": 80,
        "date": "2020-02-25",
        "commitResults": [
          {
            "hash": "4d4126c92b319dc51ab2376356b27745034cf32d",
            "messageTitle": "Added Increment A-Packages",
            "messageBody": "",
            "tags": [
              "A-Packages"
            ],
            "insertions": 26,
            "deletions": 4
          },
          {
            "hash": "0cbd22a3cecf8087565c2bfa00908e8162c26fa6",
            "messageTitle": "Improved Coding Standard",
            "messageBody": "",
            "tags": [
              "A-Inheritance",
              "A-Exceptions",
              "A-Classes"
            ],
            "insertions": 68,
            "deletions": 76
          }
        ]
      },
      {
        "insertions": 741,
        "deletions": 195,
        "date": "2020-02-28",
        "commitResults": [
          {
            "hash": "8d1e54372fdead50c744b42e0c13a72c888776e3",
            "messageTitle": "Added Increment A-MoreOOP and redid code base",
            "messageBody": "",
            "tags": [
              "A-MoreOOP"
            ],
            "insertions": 521,
            "deletions": 153
          },
          {
            "hash": "6a37f6509debafe62e77ad21789d35d15d59c835",
            "messageTitle": "Added Increment Level-8",
            "messageBody": "",
            "tags": [
              "Level-8"
            ],
            "insertions": 14,
            "deletions": 2
          },
          {
            "hash": "d060ea52b93e4725a4e1c8f2a0342e185998285c",
            "messageTitle": "Added Increment Level-9",
            "messageBody": "",
            "tags": [
              "Level-9"
            ],
            "insertions": 58,
            "deletions": 0
          },
          {
            "hash": "29129c1338cf861e7a17ac52fd9f67044e23826d",
            "messageTitle": "Added Help, Clear commands and minor improvements",
            "messageBody": "",
            "insertions": 121,
            "deletions": 13
          },
          {
            "hash": "cbf32adb02625fc553ccbed141d5d36ec93c2927",
            "messageTitle": "Made minor file name changes",
            "messageBody": "",
            "insertions": 27,
            "deletions": 27
          }
        ]
      },
      {
        "insertions": 34,
        "deletions": 1,
        "date": "2020-02-29",
        "commitResults": [
          {
            "hash": "c11c116c28b61ec15de59a02a50c40b4a28cc5bf",
            "messageTitle": "Minor edits to saving and created separate branch for Level 9",
            "messageBody": "",
            "insertions": 34,
            "deletions": 1
          }
        ]
      }
    ]
  },
  "authorFinalContributionMap": {
    "dejunnn": 802
  },
  "authorFileTypeContributionMap": {
    "dejunnn": {
      "java": 799,
      "md": 2,
      "fxml": 0,
      "sh": 0,
      "bat": 0,
      "gradle": 0,
      "txt": 1
    }
  },
  "authorContributionVariance": {
    "dejunnn": 18911.166
  },
  "authorDisplayNameMap": {
    "dejunnn": "CS2113-T15-4 TAN .. JUN"
  }
}
