[
  {
    "path": "src/main/java/Duke.java",
    "fileType": "java",
    "lines": [
      {
        "lineNumber": 1,
        "author": {
          "gitId": "JLoh579"
        },
        "content": "import java.util.Scanner;"
      },
      {
        "lineNumber": 2,
        "author": {
          "gitId": "JLoh579"
        },
        "content": ""
      },
      {
        "lineNumber": 3,
        "author": {
          "gitId": "-"
        },
        "content": "public class Duke {"
      },
      {
        "lineNumber": 4,
        "author": {
          "gitId": "-"
        },
        "content": "    public static void main(String[] args) {"
      },
      {
        "lineNumber": 5,
        "author": {
          "gitId": "JLoh579"
        },
        "content": "        printGreeting();"
      },
      {
        "lineNumber": 6,
        "author": {
          "gitId": "JLoh579"
        },
        "content": "        echoCommands();"
      },
      {
        "lineNumber": 7,
        "author": {
          "gitId": "JLoh579"
        },
        "content": "        printExitMessage();"
      },
      {
        "lineNumber": 8,
        "author": {
          "gitId": "JLoh579"
        },
        "content": "    }"
      },
      {
        "lineNumber": 9,
        "author": {
          "gitId": "JLoh579"
        },
        "content": ""
      },
      {
        "lineNumber": 10,
        "author": {
          "gitId": "JLoh579"
        },
        "content": "    private static void echoCommands() {"
      },
      {
        "lineNumber": 11,
        "author": {
          "gitId": "JLoh579"
        },
        "content": "        String line;"
      },
      {
        "lineNumber": 12,
        "author": {
          "gitId": "JLoh579"
        },
        "content": "        Scanner in \u003d new Scanner(System.in);"
      },
      {
        "lineNumber": 13,
        "author": {
          "gitId": "JLoh579"
        },
        "content": "        while(true) {"
      },
      {
        "lineNumber": 14,
        "author": {
          "gitId": "JLoh579"
        },
        "content": "            line \u003d in.nextLine();"
      },
      {
        "lineNumber": 15,
        "author": {
          "gitId": "JLoh579"
        },
        "content": "            if (line.equals(\"bye\")) {"
      },
      {
        "lineNumber": 16,
        "author": {
          "gitId": "JLoh579"
        },
        "content": "                break;"
      },
      {
        "lineNumber": 17,
        "author": {
          "gitId": "JLoh579"
        },
        "content": "            }"
      },
      {
        "lineNumber": 18,
        "author": {
          "gitId": "JLoh579"
        },
        "content": "            System.out.println(\"    \" + line);"
      },
      {
        "lineNumber": 19,
        "author": {
          "gitId": "JLoh579"
        },
        "content": "        }"
      },
      {
        "lineNumber": 20,
        "author": {
          "gitId": "JLoh579"
        },
        "content": "    }"
      },
      {
        "lineNumber": 21,
        "author": {
          "gitId": "JLoh579"
        },
        "content": ""
      },
      {
        "lineNumber": 22,
        "author": {
          "gitId": "JLoh579"
        },
        "content": "    private static void printExitMessage() {"
      },
      {
        "lineNumber": 23,
        "author": {
          "gitId": "JLoh579"
        },
        "content": "        System.out.println(\"    Bye. Hope to see you again soon!\");"
      },
      {
        "lineNumber": 24,
        "author": {
          "gitId": "-"
        },
        "content": "    }"
      },
      {
        "lineNumber": 25,
        "author": {
          "gitId": "JLoh579"
        },
        "content": ""
      },
      {
        "lineNumber": 26,
        "author": {
          "gitId": "JLoh579"
        },
        "content": "    private static void printGreeting() {"
      },
      {
        "lineNumber": 27,
        "author": {
          "gitId": "JLoh579"
        },
        "content": "        System.out.println(\"    Hello I\u0027m Yapyap.\");"
      },
      {
        "lineNumber": 28,
        "author": {
          "gitId": "JLoh579"
        },
        "content": "        System.out.println(\"    What can I do for you?\");"
      },
      {
        "lineNumber": 29,
        "author": {
          "gitId": "-"
        },
        "content": "    }"
      },
      {
        "lineNumber": 30,
        "author": {
          "gitId": "-"
        },
        "content": "}"
      }
    ],
    "authorContributionMap": {
      "JLoh579": 25,
      "-": 5
    }
  }
]
