{
  "authorDailyContributionsMap": {
    "JLoh579": [
      {
        "insertions": 2,
        "deletions": 0,
        "date": "2020-01-27",
        "commitResults": [
          {
            "hash": "9082c90720ca7a4ea3419af8bf45c7a269f319c3",
            "messageTitle": "Implement skeletal version of Duke",
            "messageBody": "",
            "tags": [
              "Level-0"
            ],
            "insertions": 2,
            "deletions": 0
          }
        ]
      },
      {
        "insertions": 26,
        "deletions": 8,
        "date": "2020-01-31",
        "commitResults": [
          {
            "hash": "778bc2958aed62d17b2af6456e8ce1f332a7f378",
            "messageTitle": "Add greet, echo, exit functionality",
            "messageBody": "",
            "tags": [
              "Level-1"
            ],
            "insertions": 26,
            "deletions": 8
          }
        ]
      },
      {
        "insertions": 15,
        "deletions": 6,
        "date": "2020-02-04",
        "commitResults": [
          {
            "hash": "9d2e4511a3d4040bc6457b506d487061a73fbaad",
            "messageTitle": "Implement add and list functionality",
            "messageBody": "",
            "tags": [
              "Level-2"
            ],
            "insertions": 15,
            "deletions": 6
          }
        ]
      },
      {
        "insertions": 45,
        "deletions": 10,
        "date": "2020-02-05",
        "commitResults": [
          {
            "hash": "704fd081cff569ab5c0eeeba57aa3196d12e0541",
            "messageTitle": "Add the ability to mark tasks as done.",
            "messageBody": "",
            "tags": [
              "Level-3",
              "A-CodingStandard",
              "A-Classes"
            ],
            "insertions": 45,
            "deletions": 10
          }
        ]
      },
      {
        "insertions": 141,
        "deletions": 34,
        "date": "2020-02-09",
        "commitResults": [
          {
            "hash": "22f80e7bf64897724e5297cb7f1b1203f2b9fe2e",
            "messageTitle": "Add support for tracking three types of tasks: todos, deadlines, events",
            "messageBody": "",
            "tags": [
              "Level-4",
              "A-Inheritance"
            ],
            "insertions": 141,
            "deletions": 34
          }
        ]
      },
      {
        "insertions": 61,
        "deletions": 1,
        "date": "2020-02-16",
        "commitResults": [
          {
            "hash": "64c000966b3955e34cc3d7d5299d22583a52f4dd",
            "messageTitle": "Add automated text ui testing, minor cosmetic change",
            "messageBody": "",
            "tags": [
              "A-TextUiTesting"
            ],
            "insertions": 61,
            "deletions": 1
          }
        ]
      }
    ]
  },
  "authorFinalContributionMap": {
    "JLoh579": 236
  },
  "authorFileTypeContributionMap": {
    "JLoh579": {
      "java": 176,
      "md": 0,
      "fxml": 0,
      "sh": 0,
      "bat": 21,
      "gradle": 0,
      "txt": 39
    }
  },
  "authorContributionVariance": {
    "JLoh579": 1017.57056
  },
  "authorDisplayNameMap": {
    "JLoh579": "CS2113T-T13-1 LOH ..SHUA"
  }
}
