{
  "authorDailyContributionsMap": {
    "synCKun": [
      {
        "insertions": 7,
        "deletions": 0,
        "date": "2020-02-01",
        "commitResults": [
          {
            "hash": "57c454fab42f014fbb59095605055ab67664256e",
            "messageTitle": "Implement level 0: Greet",
            "messageBody": "",
            "tags": [
              "Level-0"
            ],
            "insertions": 7,
            "deletions": 0
          }
        ]
      },
      {
        "insertions": 43,
        "deletions": 20,
        "date": "2020-02-10",
        "commitResults": [
          {
            "hash": "c17db3d083a88fe7734110a61791638fb0c47ebd",
            "messageTitle": "Implement level 1: Greet, Echo, Exit",
            "messageBody": "",
            "tags": [
              "Level-1"
            ],
            "insertions": 18,
            "deletions": 12
          },
          {
            "hash": "20b1a87be201f58c8015db609df7645427867fd1",
            "messageTitle": "Implement level 2: Add, List",
            "messageBody": "",
            "tags": [
              "Level-2"
            ],
            "insertions": 25,
            "deletions": 8
          }
        ]
      },
      {
        "insertions": 191,
        "deletions": 83,
        "date": "2020-02-11",
        "commitResults": [
          {
            "hash": "39507ad3002238efc05556d71f331baae702c48f",
            "messageTitle": "Implement level 3: Mark as Done",
            "messageBody": "",
            "tags": [
              "Level-3"
            ],
            "insertions": 19,
            "deletions": 4
          },
          {
            "hash": "b6b7e90bbc56832bd647442603146c06668b7438",
            "messageTitle": "Add text ui testing",
            "messageBody": "",
            "tags": [
              "A-TextUiTesting"
            ],
            "insertions": 61,
            "deletions": 0
          },
          {
            "hash": "1e4cc48bef5989857886837988544818c04b0965",
            "messageTitle": "Implement level 4: ToDos, Events, Deadlines",
            "messageBody": "",
            "tags": [
              "Level-4"
            ],
            "insertions": 48,
            "deletions": 33
          },
          {
            "hash": "6ee8719202edb7aec6df35963cbccbd3a0d96ac8",
            "messageTitle": "Improve code quality",
            "messageBody": "",
            "tags": [
              "A-CodingStandard",
              "A-CodeQuality"
            ],
            "insertions": 63,
            "deletions": 46
          }
        ]
      },
      {
        "insertions": 7,
        "deletions": 3,
        "date": "2020-02-12",
        "commitResults": [
          {
            "hash": "1e0b6f4b2e1e4579d1b3262bc1315aa31ba2328e",
            "messageTitle": "Refactor code",
            "messageBody": "",
            "insertions": 7,
            "deletions": 3
          }
        ]
      },
      {
        "insertions": 6,
        "deletions": 10,
        "date": "2020-02-13",
        "commitResults": [
          {
            "hash": "0142e7cdeda39ec29e674a4971bc143314404787",
            "messageTitle": "Refactor methods",
            "messageBody": "",
            "insertions": 6,
            "deletions": 10
          }
        ]
      },
      {
        "insertions": 137,
        "deletions": 54,
        "date": "2020-02-14",
        "commitResults": [
          {
            "hash": "a7bc565b193435c0cbc9a418dbeb937710d7b2d3",
            "messageTitle": "Adopt inheritance structure",
            "messageBody": "",
            "tags": [
              "A-Inheritance"
            ],
            "insertions": 53,
            "deletions": 44
          },
          {
            "hash": "ba91a1a8083a1aedec425e1d5fbedd7ec259eb41",
            "messageTitle": "Add exception handling for commands",
            "messageBody": "Handle empty and incomplete commands for \"todo\", \"event\" and \"deadline\", namely lacking tags \"/at\" or \"/by\".\n",
            "tags": [
              "A-Exceptions"
            ],
            "insertions": 84,
            "deletions": 10
          }
        ]
      },
      {
        "insertions": 39,
        "deletions": 11,
        "date": "2020-02-15",
        "commitResults": [
          {
            "hash": "a71e64347b7dfba795ae9d749468357e000c86c4",
            "messageTitle": "Reorganize classes into packages",
            "messageBody": "",
            "tags": [
              "A-Packages"
            ],
            "insertions": 28,
            "deletions": 6
          },
          {
            "hash": "4f16b6f5b3fd34fbe6f28d09061a626834f0c001",
            "messageTitle": "Add exception handling for \"done\" command",
            "messageBody": "",
            "insertions": 11,
            "deletions": 5
          }
        ]
      },
      {
        "insertions": 64,
        "deletions": 8,
        "date": "2020-02-16",
        "commitResults": [
          {
            "hash": "a31135b5b43fee21e46fe102640c3508d1f437f5",
            "messageTitle": "Add support for deleting tasks from the list",
            "messageBody": "",
            "insertions": 19,
            "deletions": 2
          },
          {
            "hash": "d778cbc60da65a88e5cc5b374824189f680865ed",
            "messageTitle": "Add ability to save list on harddrive",
            "messageBody": "",
            "insertions": 45,
            "deletions": 6
          }
        ]
      },
      {
        "insertions": 614,
        "deletions": 211,
        "date": "2020-02-25",
        "commitResults": [
          {
            "hash": "b6f3b1283a2c33cb0c061ea5574a90445cf3e2a9",
            "messageTitle": "reorganize code for more OOP",
            "messageBody": "",
            "tags": [
              "A-MoreOOP"
            ],
            "insertions": 614,
            "deletions": 211
          }
        ]
      }
    ]
  },
  "authorFinalContributionMap": {
    "synCKun": 717
  },
  "authorFileTypeContributionMap": {
    "synCKun": {
      "java": 656,
      "md": 0,
      "fxml": 0,
      "sh": 0,
      "bat": 21,
      "gradle": 0,
      "txt": 40
    }
  },
  "authorContributionVariance": {
    "synCKun": 17103.56
  },
  "authorDisplayNameMap": {
    "synCKun": "CS2113T-T12-1 WEI .. KUN"
  }
}
