[
  {
    "path": "src/main/java/Deadline.java",
    "fileType": "java",
    "lines": [
      {
        "lineNumber": 1,
        "author": {
          "gitId": "chengTzeNing"
        },
        "content": "public class Deadline extends Task {"
      },
      {
        "lineNumber": 2,
        "author": {
          "gitId": "chengTzeNing"
        },
        "content": "    private String latestDate;"
      },
      {
        "lineNumber": 3,
        "author": {
          "gitId": "chengTzeNing"
        },
        "content": ""
      },
      {
        "lineNumber": 4,
        "author": {
          "gitId": "chengTzeNing"
        },
        "content": "    public Deadline(String userInput) {"
      },
      {
        "lineNumber": 5,
        "author": {
          "gitId": "chengTzeNing"
        },
        "content": "        super(userInput.substring(0, userInput.indexOf(\" /\")));"
      },
      {
        "lineNumber": 6,
        "author": {
          "gitId": "chengTzeNing"
        },
        "content": "        this.latestDate \u003d userInput.substring(userInput.indexOf(\"/\") + 4);"
      },
      {
        "lineNumber": 7,
        "author": {
          "gitId": "chengTzeNing"
        },
        "content": "    }"
      },
      {
        "lineNumber": 8,
        "author": {
          "gitId": "chengTzeNing"
        },
        "content": ""
      },
      {
        "lineNumber": 9,
        "author": {
          "gitId": "chengTzeNing"
        },
        "content": "    @Override"
      },
      {
        "lineNumber": 10,
        "author": {
          "gitId": "chengTzeNing"
        },
        "content": "    public String toString() {"
      },
      {
        "lineNumber": 11,
        "author": {
          "gitId": "chengTzeNing"
        },
        "content": "        return String.format(\"[D][%c] %s (by: %s)\", isDone() ? \u0027✓\u0027 : \u0027✗\u0027, taskName, latestDate);"
      },
      {
        "lineNumber": 12,
        "author": {
          "gitId": "chengTzeNing"
        },
        "content": "    }"
      },
      {
        "lineNumber": 13,
        "author": {
          "gitId": "chengTzeNing"
        },
        "content": "}"
      }
    ],
    "authorContributionMap": {
      "chengTzeNing": 13
    }
  },
  {
    "path": "src/main/java/Duke.java",
    "fileType": "java",
    "lines": [
      {
        "lineNumber": 1,
        "author": {
          "gitId": "chengTzeNing"
        },
        "content": "import java.util.Scanner;"
      },
      {
        "lineNumber": 2,
        "author": {
          "gitId": "chengTzeNing"
        },
        "content": "import java.util.ArrayList;"
      },
      {
        "lineNumber": 3,
        "author": {
          "gitId": "chengTzeNing"
        },
        "content": ""
      },
      {
        "lineNumber": 4,
        "author": {
          "gitId": "-"
        },
        "content": "public class Duke {"
      },
      {
        "lineNumber": 5,
        "author": {
          "gitId": "chengTzeNing"
        },
        "content": "    static ArrayList\u003cTask\u003e tasks \u003d new ArrayList\u003c\u003e();"
      },
      {
        "lineNumber": 6,
        "author": {
          "gitId": "chengTzeNing"
        },
        "content": ""
      },
      {
        "lineNumber": 7,
        "author": {
          "gitId": "chengTzeNing"
        },
        "content": "    public static void printTasks() {"
      },
      {
        "lineNumber": 8,
        "author": {
          "gitId": "chengTzeNing"
        },
        "content": "        System.out.println(\"Here are the tasks in your list:\");"
      },
      {
        "lineNumber": 9,
        "author": {
          "gitId": "chengTzeNing"
        },
        "content": "        for (Task task : tasks) {"
      },
      {
        "lineNumber": 10,
        "author": {
          "gitId": "chengTzeNing"
        },
        "content": "            System.out.println(String.format(\"%d. %s\", task.getTaskId(), task.toString()));"
      },
      {
        "lineNumber": 11,
        "author": {
          "gitId": "chengTzeNing"
        },
        "content": "        }"
      },
      {
        "lineNumber": 12,
        "author": {
          "gitId": "chengTzeNing"
        },
        "content": "    }"
      },
      {
        "lineNumber": 13,
        "author": {
          "gitId": "chengTzeNing"
        },
        "content": ""
      },
      {
        "lineNumber": 14,
        "author": {
          "gitId": "chengTzeNing"
        },
        "content": "    public static void inputChecker(String userInput) throws IndexOutOfBoundsException, IllegalArgumentException {"
      },
      {
        "lineNumber": 15,
        "author": {
          "gitId": "chengTzeNing"
        },
        "content": "        if (userInput.startsWith(\"list\")) {"
      },
      {
        "lineNumber": 16,
        "author": {
          "gitId": "chengTzeNing"
        },
        "content": "            printTasks();"
      },
      {
        "lineNumber": 17,
        "author": {
          "gitId": "chengTzeNing"
        },
        "content": "        } else if (userInput.startsWith(\"done\")) {"
      },
      {
        "lineNumber": 18,
        "author": {
          "gitId": "chengTzeNing"
        },
        "content": "            tasks.get(Integer.parseInt(Character.toString("
      },
      {
        "lineNumber": 19,
        "author": {
          "gitId": "chengTzeNing"
        },
        "content": "                    userInput.charAt(userInput.length() - 1))) - 1).setDone();"
      },
      {
        "lineNumber": 20,
        "author": {
          "gitId": "chengTzeNing"
        },
        "content": "        } else if (userInput.startsWith(\"todo\")) {"
      },
      {
        "lineNumber": 21,
        "author": {
          "gitId": "chengTzeNing"
        },
        "content": "            Task task \u003d new ToDo(userInput.substring(5));"
      },
      {
        "lineNumber": 22,
        "author": {
          "gitId": "chengTzeNing"
        },
        "content": "            tasks.add(task);"
      },
      {
        "lineNumber": 23,
        "author": {
          "gitId": "chengTzeNing"
        },
        "content": "            System.out.println(\"Got it. I\u0027ve added this task:\\n  \" + task.toString()"
      },
      {
        "lineNumber": 24,
        "author": {
          "gitId": "chengTzeNing"
        },
        "content": "                    + String.format(\"\\nNow you have %d tasks in the list.\", Task.getTotalNumOfTasks()));"
      },
      {
        "lineNumber": 25,
        "author": {
          "gitId": "chengTzeNing"
        },
        "content": "        } else if (userInput.startsWith(\"deadline\")) {"
      },
      {
        "lineNumber": 26,
        "author": {
          "gitId": "chengTzeNing"
        },
        "content": "            Task task \u003d new Deadline(userInput.substring(9));"
      },
      {
        "lineNumber": 27,
        "author": {
          "gitId": "chengTzeNing"
        },
        "content": "            tasks.add(task);"
      },
      {
        "lineNumber": 28,
        "author": {
          "gitId": "chengTzeNing"
        },
        "content": "            System.out.println(\"Got it. I\u0027ve added this task:\\n  \" + task.toString()"
      },
      {
        "lineNumber": 29,
        "author": {
          "gitId": "chengTzeNing"
        },
        "content": "                    + String.format(\"\\nNow you have %d tasks in the list.\", Task.getTotalNumOfTasks()));"
      },
      {
        "lineNumber": 30,
        "author": {
          "gitId": "chengTzeNing"
        },
        "content": "        } else if (userInput.startsWith(\"event\")) {"
      },
      {
        "lineNumber": 31,
        "author": {
          "gitId": "chengTzeNing"
        },
        "content": "            Task task \u003d new Event(userInput.substring(6));"
      },
      {
        "lineNumber": 32,
        "author": {
          "gitId": "chengTzeNing"
        },
        "content": "            tasks.add(task);"
      },
      {
        "lineNumber": 33,
        "author": {
          "gitId": "chengTzeNing"
        },
        "content": "            System.out.println(\"Got it. I\u0027ve added this task:\\n  \" + task.toString()"
      },
      {
        "lineNumber": 34,
        "author": {
          "gitId": "chengTzeNing"
        },
        "content": "                    + String.format(\"\\nNow you have %d tasks in the list.\", Task.getTotalNumOfTasks()));"
      },
      {
        "lineNumber": 35,
        "author": {
          "gitId": "chengTzeNing"
        },
        "content": "        } else {"
      },
      {
        "lineNumber": 36,
        "author": {
          "gitId": "chengTzeNing"
        },
        "content": "            throw new IllegalArgumentException();"
      },
      {
        "lineNumber": 37,
        "author": {
          "gitId": "chengTzeNing"
        },
        "content": "        }"
      },
      {
        "lineNumber": 38,
        "author": {
          "gitId": "chengTzeNing"
        },
        "content": "    }"
      },
      {
        "lineNumber": 39,
        "author": {
          "gitId": "chengTzeNing"
        },
        "content": ""
      },
      {
        "lineNumber": 40,
        "author": {
          "gitId": "chengTzeNing"
        },
        "content": "    public static void printLogo() {"
      },
      {
        "lineNumber": 41,
        "author": {
          "gitId": "-"
        },
        "content": "        String logo \u003d \" ____        _        \\n\""
      },
      {
        "lineNumber": 42,
        "author": {
          "gitId": "chengTzeNing"
        },
        "content": "                + \"|  _ \\\\ _   _| | __ __ \\n\""
      },
      {
        "lineNumber": 43,
        "author": {
          "gitId": "-"
        },
        "content": "                + \"| | | | | | | |/ / _ \\\\\\n\""
      },
      {
        "lineNumber": 44,
        "author": {
          "gitId": "-"
        },
        "content": "                + \"| |_| | |_| |   \u003c  __/\\n\""
      },
      {
        "lineNumber": 45,
        "author": {
          "gitId": "-"
        },
        "content": "                + \"|____/ \\\\__,_|_|\\\\_\\\\___|\\n\";"
      },
      {
        "lineNumber": 46,
        "author": {
          "gitId": "-"
        },
        "content": "        System.out.println(\"Hello from\\n\" + logo);"
      },
      {
        "lineNumber": 47,
        "author": {
          "gitId": "chengTzeNing"
        },
        "content": "        System.out.println(\"Hello! I\u0027m Duke\\nWhat can I do for you?\");"
      },
      {
        "lineNumber": 48,
        "author": {
          "gitId": "chengTzeNing"
        },
        "content": "    }"
      },
      {
        "lineNumber": 49,
        "author": {
          "gitId": "chengTzeNing"
        },
        "content": ""
      },
      {
        "lineNumber": 50,
        "author": {
          "gitId": "chengTzeNing"
        },
        "content": "    public static void main(String[] args) {"
      },
      {
        "lineNumber": 51,
        "author": {
          "gitId": "chengTzeNing"
        },
        "content": "        printLogo();"
      },
      {
        "lineNumber": 52,
        "author": {
          "gitId": "chengTzeNing"
        },
        "content": "        Scanner scan \u003d new Scanner(System.in);"
      },
      {
        "lineNumber": 53,
        "author": {
          "gitId": "chengTzeNing"
        },
        "content": "        String userInput \u003d scan.nextLine();"
      },
      {
        "lineNumber": 54,
        "author": {
          "gitId": "chengTzeNing"
        },
        "content": "        while (!userInput.equals(\"bye\")) {"
      },
      {
        "lineNumber": 55,
        "author": {
          "gitId": "chengTzeNing"
        },
        "content": "            try {"
      },
      {
        "lineNumber": 56,
        "author": {
          "gitId": "chengTzeNing"
        },
        "content": "                inputChecker(userInput);"
      },
      {
        "lineNumber": 57,
        "author": {
          "gitId": "chengTzeNing"
        },
        "content": "            } catch (IndexOutOfBoundsException e) {"
      },
      {
        "lineNumber": 58,
        "author": {
          "gitId": "chengTzeNing"
        },
        "content": "                System.out.println(\"You have given the wrong number of arguments\\n\" +"
      },
      {
        "lineNumber": 59,
        "author": {
          "gitId": "chengTzeNing"
        },
        "content": "                        \"Please try again or input \\\"bye\\\" to exit\");"
      },
      {
        "lineNumber": 60,
        "author": {
          "gitId": "chengTzeNing"
        },
        "content": "            } catch (IllegalArgumentException e) {"
      },
      {
        "lineNumber": 61,
        "author": {
          "gitId": "chengTzeNing"
        },
        "content": "                System.out.println(\"Sorry I don\u0027t understand that command. Here is the list of commands available\\n\""
      },
      {
        "lineNumber": 62,
        "author": {
          "gitId": "chengTzeNing"
        },
        "content": "                        + \"\\\"bye\\\": to exit\\n\\\"list\\\": to show the list of all your tasks\\n\\\"todo\\\": add a todo\\n\" +"
      },
      {
        "lineNumber": 63,
        "author": {
          "gitId": "chengTzeNing"
        },
        "content": "                        \"\\\"deadline\\\": add a deadline\\n\\\"event\\\": add an event\\n\" +"
      },
      {
        "lineNumber": 64,
        "author": {
          "gitId": "chengTzeNing"
        },
        "content": "                        \"\\\"done\\\": check off a task on your list\");"
      },
      {
        "lineNumber": 65,
        "author": {
          "gitId": "chengTzeNing"
        },
        "content": "            }"
      },
      {
        "lineNumber": 66,
        "author": {
          "gitId": "chengTzeNing"
        },
        "content": "            userInput \u003d scan.nextLine();"
      },
      {
        "lineNumber": 67,
        "author": {
          "gitId": "chengTzeNing"
        },
        "content": "        }"
      },
      {
        "lineNumber": 68,
        "author": {
          "gitId": "chengTzeNing"
        },
        "content": "        System.out.println(\"Bye. Hope to see you again soon!\");"
      },
      {
        "lineNumber": 69,
        "author": {
          "gitId": "-"
        },
        "content": "    }"
      },
      {
        "lineNumber": 70,
        "author": {
          "gitId": "-"
        },
        "content": "}"
      }
    ],
    "authorContributionMap": {
      "chengTzeNing": 62,
      "-": 8
    }
  },
  {
    "path": "src/main/java/Event.java",
    "fileType": "java",
    "lines": [
      {
        "lineNumber": 1,
        "author": {
          "gitId": "chengTzeNing"
        },
        "content": "public class Event extends Task {"
      },
      {
        "lineNumber": 2,
        "author": {
          "gitId": "chengTzeNing"
        },
        "content": "    private String eventDetails;"
      },
      {
        "lineNumber": 3,
        "author": {
          "gitId": "chengTzeNing"
        },
        "content": ""
      },
      {
        "lineNumber": 4,
        "author": {
          "gitId": "chengTzeNing"
        },
        "content": "    public Event(String userInput) {"
      },
      {
        "lineNumber": 5,
        "author": {
          "gitId": "chengTzeNing"
        },
        "content": "        super(userInput.substring(0, userInput.indexOf(\" /\")));"
      },
      {
        "lineNumber": 6,
        "author": {
          "gitId": "chengTzeNing"
        },
        "content": "        this.eventDetails \u003d userInput.substring(userInput.indexOf(\"/\") + 4);"
      },
      {
        "lineNumber": 7,
        "author": {
          "gitId": "chengTzeNing"
        },
        "content": "    }"
      },
      {
        "lineNumber": 8,
        "author": {
          "gitId": "chengTzeNing"
        },
        "content": ""
      },
      {
        "lineNumber": 9,
        "author": {
          "gitId": "chengTzeNing"
        },
        "content": "    @Override"
      },
      {
        "lineNumber": 10,
        "author": {
          "gitId": "chengTzeNing"
        },
        "content": "    public String toString() {"
      },
      {
        "lineNumber": 11,
        "author": {
          "gitId": "chengTzeNing"
        },
        "content": "        return String.format(\"[E][%c] %s (at: %s)\", isDone() ? \u0027✓\u0027 : \u0027✗\u0027, taskName, eventDetails);"
      },
      {
        "lineNumber": 12,
        "author": {
          "gitId": "chengTzeNing"
        },
        "content": "    }"
      },
      {
        "lineNumber": 13,
        "author": {
          "gitId": "chengTzeNing"
        },
        "content": "}"
      }
    ],
    "authorContributionMap": {
      "chengTzeNing": 13
    }
  },
  {
    "path": "src/main/java/Task.java",
    "fileType": "java",
    "lines": [
      {
        "lineNumber": 1,
        "author": {
          "gitId": "chengTzeNing"
        },
        "content": "public class Task {"
      },
      {
        "lineNumber": 2,
        "author": {
          "gitId": "chengTzeNing"
        },
        "content": "    protected String taskName;"
      },
      {
        "lineNumber": 3,
        "author": {
          "gitId": "chengTzeNing"
        },
        "content": "    protected boolean isDone;"
      },
      {
        "lineNumber": 4,
        "author": {
          "gitId": "chengTzeNing"
        },
        "content": "    protected int taskId;"
      },
      {
        "lineNumber": 5,
        "author": {
          "gitId": "chengTzeNing"
        },
        "content": "    protected static int totalNumOfTasks \u003d 0;"
      },
      {
        "lineNumber": 6,
        "author": {
          "gitId": "chengTzeNing"
        },
        "content": ""
      },
      {
        "lineNumber": 7,
        "author": {
          "gitId": "chengTzeNing"
        },
        "content": "    public Task(String taskName) {"
      },
      {
        "lineNumber": 8,
        "author": {
          "gitId": "chengTzeNing"
        },
        "content": "        this.taskName \u003d taskName;"
      },
      {
        "lineNumber": 9,
        "author": {
          "gitId": "chengTzeNing"
        },
        "content": "        this.isDone \u003d false;"
      },
      {
        "lineNumber": 10,
        "author": {
          "gitId": "chengTzeNing"
        },
        "content": "        this.taskId \u003d ++this.totalNumOfTasks;"
      },
      {
        "lineNumber": 11,
        "author": {
          "gitId": "chengTzeNing"
        },
        "content": "    }"
      },
      {
        "lineNumber": 12,
        "author": {
          "gitId": "chengTzeNing"
        },
        "content": ""
      },
      {
        "lineNumber": 13,
        "author": {
          "gitId": "chengTzeNing"
        },
        "content": "    public void setDone() {"
      },
      {
        "lineNumber": 14,
        "author": {
          "gitId": "chengTzeNing"
        },
        "content": "        this.isDone \u003d true;"
      },
      {
        "lineNumber": 15,
        "author": {
          "gitId": "chengTzeNing"
        },
        "content": "        System.out.println(\"Nice! I\u0027ve marked this task as done:\\n\" +"
      },
      {
        "lineNumber": 16,
        "author": {
          "gitId": "chengTzeNing"
        },
        "content": "                String.format(\"[✓] %s\", this.taskName));"
      },
      {
        "lineNumber": 17,
        "author": {
          "gitId": "chengTzeNing"
        },
        "content": "    }"
      },
      {
        "lineNumber": 18,
        "author": {
          "gitId": "chengTzeNing"
        },
        "content": ""
      },
      {
        "lineNumber": 19,
        "author": {
          "gitId": "chengTzeNing"
        },
        "content": "    public int getTaskId() {"
      },
      {
        "lineNumber": 20,
        "author": {
          "gitId": "chengTzeNing"
        },
        "content": "        return taskId;"
      },
      {
        "lineNumber": 21,
        "author": {
          "gitId": "chengTzeNing"
        },
        "content": "    }"
      },
      {
        "lineNumber": 22,
        "author": {
          "gitId": "chengTzeNing"
        },
        "content": ""
      },
      {
        "lineNumber": 23,
        "author": {
          "gitId": "chengTzeNing"
        },
        "content": "    public boolean isDone() {"
      },
      {
        "lineNumber": 24,
        "author": {
          "gitId": "chengTzeNing"
        },
        "content": "        return isDone;"
      },
      {
        "lineNumber": 25,
        "author": {
          "gitId": "chengTzeNing"
        },
        "content": "    }"
      },
      {
        "lineNumber": 26,
        "author": {
          "gitId": "chengTzeNing"
        },
        "content": ""
      },
      {
        "lineNumber": 27,
        "author": {
          "gitId": "chengTzeNing"
        },
        "content": "    public String getTaskName() {"
      },
      {
        "lineNumber": 28,
        "author": {
          "gitId": "chengTzeNing"
        },
        "content": "        return taskName;"
      },
      {
        "lineNumber": 29,
        "author": {
          "gitId": "chengTzeNing"
        },
        "content": "    }"
      },
      {
        "lineNumber": 30,
        "author": {
          "gitId": "chengTzeNing"
        },
        "content": ""
      },
      {
        "lineNumber": 31,
        "author": {
          "gitId": "chengTzeNing"
        },
        "content": "    public static int getTotalNumOfTasks() {"
      },
      {
        "lineNumber": 32,
        "author": {
          "gitId": "chengTzeNing"
        },
        "content": "        return totalNumOfTasks;"
      },
      {
        "lineNumber": 33,
        "author": {
          "gitId": "chengTzeNing"
        },
        "content": "    }"
      },
      {
        "lineNumber": 34,
        "author": {
          "gitId": "chengTzeNing"
        },
        "content": "}"
      }
    ],
    "authorContributionMap": {
      "chengTzeNing": 34
    }
  },
  {
    "path": "src/main/java/ToDo.java",
    "fileType": "java",
    "lines": [
      {
        "lineNumber": 1,
        "author": {
          "gitId": "chengTzeNing"
        },
        "content": "public class ToDo extends Task {"
      },
      {
        "lineNumber": 2,
        "author": {
          "gitId": "chengTzeNing"
        },
        "content": "    public ToDo(String taskName) {"
      },
      {
        "lineNumber": 3,
        "author": {
          "gitId": "chengTzeNing"
        },
        "content": "        super(taskName);"
      },
      {
        "lineNumber": 4,
        "author": {
          "gitId": "chengTzeNing"
        },
        "content": "    }"
      },
      {
        "lineNumber": 5,
        "author": {
          "gitId": "chengTzeNing"
        },
        "content": ""
      },
      {
        "lineNumber": 6,
        "author": {
          "gitId": "chengTzeNing"
        },
        "content": "    @Override"
      },
      {
        "lineNumber": 7,
        "author": {
          "gitId": "chengTzeNing"
        },
        "content": "    public String toString() {"
      },
      {
        "lineNumber": 8,
        "author": {
          "gitId": "chengTzeNing"
        },
        "content": "        return String.format(\"[T][%c] %s\", isDone() ? \u0027✓\u0027 : \u0027✗\u0027, taskName);"
      },
      {
        "lineNumber": 9,
        "author": {
          "gitId": "chengTzeNing"
        },
        "content": "    }"
      },
      {
        "lineNumber": 10,
        "author": {
          "gitId": "chengTzeNing"
        },
        "content": "}"
      }
    ],
    "authorContributionMap": {
      "chengTzeNing": 10
    }
  }
]
