{
  "authorDailyContributionsMap": {
    "chengTzeNing": [
      {
        "insertions": 2,
        "deletions": 6,
        "date": "2020-01-21",
        "commitResults": [
          {
            "hash": "be01343ffd530a87fcfde5536b0a956d88c727bd",
            "messageTitle": "Change duke to greet",
            "messageBody": "",
            "tags": [
              "Level2"
            ],
            "insertions": 2,
            "deletions": 6
          }
        ]
      },
      {
        "insertions": 6,
        "deletions": 0,
        "date": "2020-01-30",
        "commitResults": [
          {
            "hash": "fbf3a39d8c27f36a20b975d1598993ed6855abe0",
            "messageTitle": "Add String \"Duke\"",
            "messageBody": "",
            "insertions": 6,
            "deletions": 0
          }
        ]
      },
      {
        "insertions": 30,
        "deletions": 2,
        "date": "2020-01-31",
        "commitResults": [
          {
            "hash": "1c2741619975f5f04e7b1ff2ee75966c1bc695d0",
            "messageTitle": "Add checked items on list",
            "messageBody": "",
            "tags": [
              "Level4",
              "Level3",
              "Level1-4"
            ],
            "insertions": 30,
            "deletions": 2
          }
        ]
      },
      {
        "insertions": 96,
        "deletions": 4,
        "date": "2020-02-03",
        "commitResults": [
          {
            "hash": "a33dfcdbab0e149727bb24d9d2a4eed9979e618e",
            "messageTitle": "Add Level 4 increment",
            "messageBody": "",
            "tags": [
              "Level-4"
            ],
            "insertions": 96,
            "deletions": 4
          }
        ]
      },
      {
        "insertions": 27,
        "deletions": 34,
        "date": "2020-02-06",
        "commitResults": [
          {
            "hash": "a542137c244b99935d2837c30379f70b4a971117",
            "messageTitle": "Touch up Level 4 increment",
            "messageBody": "",
            "insertions": 13,
            "deletions": 13
          },
          {
            "hash": "26b35eb2087c99f2ac0be6ebaec5d5a10f5eca5f",
            "messageTitle": "Neaten \"if else\" conditions",
            "messageBody": "",
            "insertions": 14,
            "deletions": 21
          }
        ]
      },
      {
        "insertions": 6,
        "deletions": 6,
        "date": "2020-02-09",
        "commitResults": [
          {
            "hash": "dad0e8ac66349f33b7b8248d6542fbaed8b859e2",
            "messageTitle": "Change conditional statements to \"startsWith\" string method",
            "messageBody": "",
            "tags": [
              "Level5",
              "A-CodingStandard"
            ],
            "insertions": 6,
            "deletions": 6
          }
        ]
      },
      {
        "insertions": 42,
        "deletions": 22,
        "date": "2020-02-11",
        "commitResults": [
          {
            "hash": "da534c2e93eca9d5f61331ae30d921b51b916a98",
            "messageTitle": "Throw exceptions",
            "messageBody": "",
            "insertions": 42,
            "deletions": 22
          }
        ]
      },
      {
        "insertions": 37,
        "deletions": 11,
        "date": "2020-02-13",
        "commitResults": [
          {
            "hash": "cdaf1d1050b584758f0c5fd718d846f6ff6abc81",
            "messageTitle": "Add idk what",
            "messageBody": "",
            "tags": [
              "Level1"
            ],
            "insertions": 1,
            "deletions": 6
          },
          {
            "hash": "016a60c306d39d18cd644e10ca2ebb8735f93bd5",
            "messageTitle": "Attempt to add TextUiTesting but failed",
            "messageBody": "",
            "tags": [
              "A-TestUiTesting"
            ],
            "insertions": 21,
            "deletions": 0
          },
          {
            "hash": "8e898b31e84b3dd345242c80adba563a3bdbb870",
            "messageTitle": "Change \"Duke\" logo to \"Hi\"",
            "messageBody": "",
            "insertions": 6,
            "deletions": 1
          },
          {
            "hash": "a2017c207b89271f0e3e444835837ca46c8a46d9",
            "messageTitle": "Add \"OIOIOIO\"",
            "messageBody": "",
            "insertions": 1,
            "deletions": 0
          },
          {
            "hash": "2c7f3448758c6caf95bdfbb6f86680b0a9eb84f6",
            "messageTitle": "Add list of commands to greeting",
            "messageBody": "",
            "insertions": 4,
            "deletions": 0
          },
          {
            "hash": "447777df05ffe425cbd26f713f4c94e50269de7e",
            "messageTitle": "Edit last statement",
            "messageBody": "",
            "insertions": 1,
            "deletions": 1
          },
          {
            "hash": "8607dbf64c104d21bf3a543043061bc182d1a44e",
            "messageTitle": "Add \"Singapore\"",
            "messageBody": "",
            "insertions": 1,
            "deletions": 1
          },
          {
            "hash": "35a5861e6876cc35bc5c912bc81c30b0357069a4",
            "messageTitle": "Add \"Jurong\"",
            "messageBody": "",
            "insertions": 1,
            "deletions": 1
          },
          {
            "hash": "feb25686717c48e8322bcee53801238401135c54",
            "messageTitle": "Delete \"Jurong\"",
            "messageBody": "",
            "insertions": 1,
            "deletions": 1
          }
        ]
      },
      {
        "insertions": 4,
        "deletions": 3,
        "date": "2020-02-18",
        "commitResults": [
          {
            "hash": "eaa4979639798cbf8135801c896d7fef4ca5fe59",
            "messageTitle": "Chang back to Duke",
            "messageBody": "",
            "insertions": 4,
            "deletions": 3
          }
        ]
      },
      {
        "insertions": 13,
        "deletions": 1,
        "date": "2020-02-24",
        "commitResults": [
          {
            "hash": "b602d58a13d319521060b782ab32732c8bf39f0f",
            "messageTitle": "Attempt at adding level 6 increment (but it fails on me)",
            "messageBody": "",
            "insertions": 13,
            "deletions": 1
          }
        ]
      },
      {
        "insertions": 23,
        "deletions": 28,
        "date": "2020-02-29",
        "commitResults": [
          {
            "hash": "2685652ac3a2a75f5d50503c67eb15c98d6fc915",
            "messageTitle": "Add incomplete Level 6 increment",
            "messageBody": "",
            "tags": [
              "branch-Level-6"
            ],
            "insertions": 14,
            "deletions": 28
          },
          {
            "hash": "a29ddcf78d26031e2550730ca23eac2edc8d039d",
            "messageTitle": "Add Level 7 increment through PrintWriter",
            "messageBody": "",
            "tags": [
              "branch-Level-7"
            ],
            "insertions": 9,
            "deletions": 0
          }
        ]
      },
      {
        "insertions": 16,
        "deletions": 13,
        "date": "2020-03-01",
        "commitResults": [
          {
            "hash": "88e44fa9a4c28f020d7fadb2b5a6ebd5b44987e3",
            "messageTitle": "Add Code Quality increment",
            "messageBody": "",
            "insertions": 16,
            "deletions": 13
          }
        ]
      }
    ]
  },
  "authorFinalContributionMap": {
    "chengTzeNing": 174
  },
  "authorFileTypeContributionMap": {
    "chengTzeNing": {
      "java": 153,
      "md": 0,
      "fxml": 0,
      "sh": 0,
      "bat": 21,
      "gradle": 0,
      "txt": 0
    }
  },
  "authorContributionVariance": {
    "chengTzeNing": 434.02774
  },
  "authorDisplayNameMap": {
    "chengTzeNing": "CS2113-T15-3 CHEN..NING"
  }
}
