[
  {
    "path": "src/main/java/Deadline.java",
    "fileType": "java",
    "lines": [
      {
        "lineNumber": 1,
        "author": {
          "gitId": "quinnyyy"
        },
        "content": "public class Deadline extends Task {"
      },
      {
        "lineNumber": 2,
        "author": {
          "gitId": "quinnyyy"
        },
        "content": "    protected String dueDateTime;"
      },
      {
        "lineNumber": 3,
        "author": {
          "gitId": "quinnyyy"
        },
        "content": ""
      },
      {
        "lineNumber": 4,
        "author": {
          "gitId": "quinnyyy"
        },
        "content": "    public Deadline(String description, String dueDateTime) {"
      },
      {
        "lineNumber": 5,
        "author": {
          "gitId": "quinnyyy"
        },
        "content": "        super(description);"
      },
      {
        "lineNumber": 6,
        "author": {
          "gitId": "quinnyyy"
        },
        "content": "        this.dueDateTime \u003d dueDateTime;"
      },
      {
        "lineNumber": 7,
        "author": {
          "gitId": "quinnyyy"
        },
        "content": "    }"
      },
      {
        "lineNumber": 8,
        "author": {
          "gitId": "quinnyyy"
        },
        "content": ""
      },
      {
        "lineNumber": 9,
        "author": {
          "gitId": "quinnyyy"
        },
        "content": "    public static boolean validateUserInput(String userInput) {"
      },
      {
        "lineNumber": 10,
        "author": {
          "gitId": "quinnyyy"
        },
        "content": "        if (!userInput.contains(\" /by \")) {"
      },
      {
        "lineNumber": 11,
        "author": {
          "gitId": "quinnyyy"
        },
        "content": "            return false;"
      },
      {
        "lineNumber": 12,
        "author": {
          "gitId": "quinnyyy"
        },
        "content": "        } else if (userInput.indexOf(\" /by \") + 5 \u003e userInput.length() - 1) {"
      },
      {
        "lineNumber": 13,
        "author": {
          "gitId": "quinnyyy"
        },
        "content": "            return false;"
      },
      {
        "lineNumber": 14,
        "author": {
          "gitId": "quinnyyy"
        },
        "content": "        }"
      },
      {
        "lineNumber": 15,
        "author": {
          "gitId": "quinnyyy"
        },
        "content": "        return true;"
      },
      {
        "lineNumber": 16,
        "author": {
          "gitId": "quinnyyy"
        },
        "content": "    }"
      },
      {
        "lineNumber": 17,
        "author": {
          "gitId": "quinnyyy"
        },
        "content": ""
      },
      {
        "lineNumber": 18,
        "author": {
          "gitId": "quinnyyy"
        },
        "content": "    @Override"
      },
      {
        "lineNumber": 19,
        "author": {
          "gitId": "quinnyyy"
        },
        "content": "    public String toString() {"
      },
      {
        "lineNumber": 20,
        "author": {
          "gitId": "quinnyyy"
        },
        "content": "        return \"[D][\" + getStatusIcon() + \"] \" + description + \" (by: \" + dueDateTime + \")\";"
      },
      {
        "lineNumber": 21,
        "author": {
          "gitId": "quinnyyy"
        },
        "content": "    }"
      },
      {
        "lineNumber": 22,
        "author": {
          "gitId": "quinnyyy"
        },
        "content": "}"
      }
    ],
    "authorContributionMap": {
      "quinnyyy": 22
    }
  },
  {
    "path": "src/main/java/Duke.java",
    "fileType": "java",
    "lines": [
      {
        "lineNumber": 1,
        "author": {
          "gitId": "-"
        },
        "content": "public class Duke {"
      },
      {
        "lineNumber": 2,
        "author": {
          "gitId": "quinnyyy"
        },
        "content": "    public static final String END_STRING \u003d \"bye\";"
      },
      {
        "lineNumber": 3,
        "author": {
          "gitId": "quinnyyy"
        },
        "content": ""
      },
      {
        "lineNumber": 4,
        "author": {
          "gitId": "-"
        },
        "content": "    public static void main(String[] args) {"
      },
      {
        "lineNumber": 5,
        "author": {
          "gitId": "quinnyyy"
        },
        "content": "        Ui.initializeUi();"
      },
      {
        "lineNumber": 6,
        "author": {
          "gitId": "quinnyyy"
        },
        "content": "        Ui.greet();"
      },
      {
        "lineNumber": 7,
        "author": {
          "gitId": "quinnyyy"
        },
        "content": ""
      },
      {
        "lineNumber": 8,
        "author": {
          "gitId": "quinnyyy"
        },
        "content": "        TaskManager myTaskManager \u003d new TaskManager();"
      },
      {
        "lineNumber": 9,
        "author": {
          "gitId": "quinnyyy"
        },
        "content": "        String userInput \u003d Ui.getNextLine();"
      },
      {
        "lineNumber": 10,
        "author": {
          "gitId": "quinnyyy"
        },
        "content": ""
      },
      {
        "lineNumber": 11,
        "author": {
          "gitId": "quinnyyy"
        },
        "content": "        while (!userInput.equals(END_STRING)) {"
      },
      {
        "lineNumber": 12,
        "author": {
          "gitId": "quinnyyy"
        },
        "content": "            myTaskManager.executeUserInput(userInput);"
      },
      {
        "lineNumber": 13,
        "author": {
          "gitId": "quinnyyy"
        },
        "content": "            userInput \u003d Ui.getNextLine();"
      },
      {
        "lineNumber": 14,
        "author": {
          "gitId": "quinnyyy"
        },
        "content": "        }"
      },
      {
        "lineNumber": 15,
        "author": {
          "gitId": "quinnyyy"
        },
        "content": ""
      },
      {
        "lineNumber": 16,
        "author": {
          "gitId": "quinnyyy"
        },
        "content": "        Ui.sayGoodbye();"
      },
      {
        "lineNumber": 17,
        "author": {
          "gitId": "-"
        },
        "content": "    }"
      },
      {
        "lineNumber": 18,
        "author": {
          "gitId": "-"
        },
        "content": "}"
      }
    ],
    "authorContributionMap": {
      "quinnyyy": 14,
      "-": 4
    }
  },
  {
    "path": "src/main/java/Event.java",
    "fileType": "java",
    "lines": [
      {
        "lineNumber": 1,
        "author": {
          "gitId": "quinnyyy"
        },
        "content": "public class Event extends Task {"
      },
      {
        "lineNumber": 2,
        "author": {
          "gitId": "quinnyyy"
        },
        "content": "    protected String startEndDateTime;"
      },
      {
        "lineNumber": 3,
        "author": {
          "gitId": "quinnyyy"
        },
        "content": ""
      },
      {
        "lineNumber": 4,
        "author": {
          "gitId": "quinnyyy"
        },
        "content": "    public Event(String description, String startEndDateTime) {"
      },
      {
        "lineNumber": 5,
        "author": {
          "gitId": "quinnyyy"
        },
        "content": "        super(description);"
      },
      {
        "lineNumber": 6,
        "author": {
          "gitId": "quinnyyy"
        },
        "content": "        this.startEndDateTime \u003d startEndDateTime;"
      },
      {
        "lineNumber": 7,
        "author": {
          "gitId": "quinnyyy"
        },
        "content": "    }"
      },
      {
        "lineNumber": 8,
        "author": {
          "gitId": "quinnyyy"
        },
        "content": ""
      },
      {
        "lineNumber": 9,
        "author": {
          "gitId": "quinnyyy"
        },
        "content": "    public static boolean validateUserInput(String userInput) {"
      },
      {
        "lineNumber": 10,
        "author": {
          "gitId": "quinnyyy"
        },
        "content": "        if (!userInput.contains(\" /at \")) {"
      },
      {
        "lineNumber": 11,
        "author": {
          "gitId": "quinnyyy"
        },
        "content": "            return false;"
      },
      {
        "lineNumber": 12,
        "author": {
          "gitId": "quinnyyy"
        },
        "content": "        } else if (userInput.indexOf(\" /at \") + 5 \u003e userInput.length() - 1) {"
      },
      {
        "lineNumber": 13,
        "author": {
          "gitId": "quinnyyy"
        },
        "content": "            return false;"
      },
      {
        "lineNumber": 14,
        "author": {
          "gitId": "quinnyyy"
        },
        "content": "        }"
      },
      {
        "lineNumber": 15,
        "author": {
          "gitId": "quinnyyy"
        },
        "content": "        return true;"
      },
      {
        "lineNumber": 16,
        "author": {
          "gitId": "quinnyyy"
        },
        "content": "    }"
      },
      {
        "lineNumber": 17,
        "author": {
          "gitId": "quinnyyy"
        },
        "content": ""
      },
      {
        "lineNumber": 18,
        "author": {
          "gitId": "quinnyyy"
        },
        "content": "    @Override"
      },
      {
        "lineNumber": 19,
        "author": {
          "gitId": "quinnyyy"
        },
        "content": "    public String toString() {"
      },
      {
        "lineNumber": 20,
        "author": {
          "gitId": "quinnyyy"
        },
        "content": "        return \"[E][\" + getStatusIcon() + \"] \" + description + \" (at: \" + startEndDateTime + \")\";"
      },
      {
        "lineNumber": 21,
        "author": {
          "gitId": "quinnyyy"
        },
        "content": "    }"
      },
      {
        "lineNumber": 22,
        "author": {
          "gitId": "quinnyyy"
        },
        "content": "}"
      }
    ],
    "authorContributionMap": {
      "quinnyyy": 22
    }
  },
  {
    "path": "src/main/java/Task.java",
    "fileType": "java",
    "lines": [
      {
        "lineNumber": 1,
        "author": {
          "gitId": "quinnyyy"
        },
        "content": "public abstract class Task {"
      },
      {
        "lineNumber": 2,
        "author": {
          "gitId": "quinnyyy"
        },
        "content": "    protected boolean isDone;"
      },
      {
        "lineNumber": 3,
        "author": {
          "gitId": "quinnyyy"
        },
        "content": "    protected String description;"
      },
      {
        "lineNumber": 4,
        "author": {
          "gitId": "quinnyyy"
        },
        "content": ""
      },
      {
        "lineNumber": 5,
        "author": {
          "gitId": "quinnyyy"
        },
        "content": "    public Task(String description) {"
      },
      {
        "lineNumber": 6,
        "author": {
          "gitId": "quinnyyy"
        },
        "content": "        setDescription(description);"
      },
      {
        "lineNumber": 7,
        "author": {
          "gitId": "quinnyyy"
        },
        "content": "        setIsDone(false);"
      },
      {
        "lineNumber": 8,
        "author": {
          "gitId": "quinnyyy"
        },
        "content": "    }"
      },
      {
        "lineNumber": 9,
        "author": {
          "gitId": "quinnyyy"
        },
        "content": ""
      },
      {
        "lineNumber": 10,
        "author": {
          "gitId": "quinnyyy"
        },
        "content": "    // getStatusIcon() is from the website"
      },
      {
        "lineNumber": 11,
        "author": {
          "gitId": "quinnyyy"
        },
        "content": "    protected String getStatusIcon() {"
      },
      {
        "lineNumber": 12,
        "author": {
          "gitId": "quinnyyy"
        },
        "content": "        return (isDone ? \"\\u2713\" : \"\\u2718\"); //return tick or X symbols"
      },
      {
        "lineNumber": 13,
        "author": {
          "gitId": "quinnyyy"
        },
        "content": "    }"
      },
      {
        "lineNumber": 14,
        "author": {
          "gitId": "quinnyyy"
        },
        "content": ""
      },
      {
        "lineNumber": 15,
        "author": {
          "gitId": "quinnyyy"
        },
        "content": "    public String getDescription() {"
      },
      {
        "lineNumber": 16,
        "author": {
          "gitId": "quinnyyy"
        },
        "content": "        return description;"
      },
      {
        "lineNumber": 17,
        "author": {
          "gitId": "quinnyyy"
        },
        "content": "    }"
      },
      {
        "lineNumber": 18,
        "author": {
          "gitId": "quinnyyy"
        },
        "content": ""
      },
      {
        "lineNumber": 19,
        "author": {
          "gitId": "quinnyyy"
        },
        "content": "    public boolean getIsDone() {"
      },
      {
        "lineNumber": 20,
        "author": {
          "gitId": "quinnyyy"
        },
        "content": "        return isDone;"
      },
      {
        "lineNumber": 21,
        "author": {
          "gitId": "quinnyyy"
        },
        "content": "    }"
      },
      {
        "lineNumber": 22,
        "author": {
          "gitId": "quinnyyy"
        },
        "content": ""
      },
      {
        "lineNumber": 23,
        "author": {
          "gitId": "quinnyyy"
        },
        "content": "    public void setDescription(String description) {"
      },
      {
        "lineNumber": 24,
        "author": {
          "gitId": "quinnyyy"
        },
        "content": "        this.description \u003d description;"
      },
      {
        "lineNumber": 25,
        "author": {
          "gitId": "quinnyyy"
        },
        "content": "    }"
      },
      {
        "lineNumber": 26,
        "author": {
          "gitId": "quinnyyy"
        },
        "content": ""
      },
      {
        "lineNumber": 27,
        "author": {
          "gitId": "quinnyyy"
        },
        "content": "    public void setIsDone(boolean isDone) {"
      },
      {
        "lineNumber": 28,
        "author": {
          "gitId": "quinnyyy"
        },
        "content": "        this.isDone \u003d isDone;"
      },
      {
        "lineNumber": 29,
        "author": {
          "gitId": "quinnyyy"
        },
        "content": "    }"
      },
      {
        "lineNumber": 30,
        "author": {
          "gitId": "quinnyyy"
        },
        "content": "}"
      }
    ],
    "authorContributionMap": {
      "quinnyyy": 30
    }
  },
  {
    "path": "src/main/java/TaskManager.java",
    "fileType": "java",
    "lines": [
      {
        "lineNumber": 1,
        "author": {
          "gitId": "quinnyyy"
        },
        "content": "import java.util.ArrayList;"
      },
      {
        "lineNumber": 2,
        "author": {
          "gitId": "quinnyyy"
        },
        "content": ""
      },
      {
        "lineNumber": 3,
        "author": {
          "gitId": "quinnyyy"
        },
        "content": "public class TaskManager {"
      },
      {
        "lineNumber": 4,
        "author": {
          "gitId": "quinnyyy"
        },
        "content": "    protected ArrayList\u003cTask\u003e tasks;"
      },
      {
        "lineNumber": 5,
        "author": {
          "gitId": "quinnyyy"
        },
        "content": ""
      },
      {
        "lineNumber": 6,
        "author": {
          "gitId": "quinnyyy"
        },
        "content": "    public TaskManager() {"
      },
      {
        "lineNumber": 7,
        "author": {
          "gitId": "quinnyyy"
        },
        "content": "        tasks \u003d new ArrayList\u003c\u003e();"
      },
      {
        "lineNumber": 8,
        "author": {
          "gitId": "quinnyyy"
        },
        "content": "    }"
      },
      {
        "lineNumber": 9,
        "author": {
          "gitId": "quinnyyy"
        },
        "content": ""
      },
      {
        "lineNumber": 10,
        "author": {
          "gitId": "quinnyyy"
        },
        "content": "    public void executeUserInput(String userInput) {"
      },
      {
        "lineNumber": 11,
        "author": {
          "gitId": "quinnyyy"
        },
        "content": "        String command;"
      },
      {
        "lineNumber": 12,
        "author": {
          "gitId": "quinnyyy"
        },
        "content": "        if (userInput.contains(\" \")) {"
      },
      {
        "lineNumber": 13,
        "author": {
          "gitId": "quinnyyy"
        },
        "content": "            command \u003d userInput.substring(0, userInput.indexOf(\" \"));"
      },
      {
        "lineNumber": 14,
        "author": {
          "gitId": "quinnyyy"
        },
        "content": "        } else {"
      },
      {
        "lineNumber": 15,
        "author": {
          "gitId": "quinnyyy"
        },
        "content": "            command \u003d userInput;"
      },
      {
        "lineNumber": 16,
        "author": {
          "gitId": "quinnyyy"
        },
        "content": "        }"
      },
      {
        "lineNumber": 17,
        "author": {
          "gitId": "quinnyyy"
        },
        "content": ""
      },
      {
        "lineNumber": 18,
        "author": {
          "gitId": "quinnyyy"
        },
        "content": "        if (!validateInput(command, userInput)) {"
      },
      {
        "lineNumber": 19,
        "author": {
          "gitId": "quinnyyy"
        },
        "content": "            Ui.printPretty(\"Sorry, couldn\u0027t recognize this input format\");"
      },
      {
        "lineNumber": 20,
        "author": {
          "gitId": "quinnyyy"
        },
        "content": "            return;"
      },
      {
        "lineNumber": 21,
        "author": {
          "gitId": "quinnyyy"
        },
        "content": "        }"
      },
      {
        "lineNumber": 22,
        "author": {
          "gitId": "quinnyyy"
        },
        "content": ""
      },
      {
        "lineNumber": 23,
        "author": {
          "gitId": "quinnyyy"
        },
        "content": "        if (command.equals(\"list\")) {"
      },
      {
        "lineNumber": 24,
        "author": {
          "gitId": "quinnyyy"
        },
        "content": "            listTasks();"
      },
      {
        "lineNumber": 25,
        "author": {
          "gitId": "quinnyyy"
        },
        "content": "        } else if (command.equals(\"todo\") || command.equals(\"deadline\") || command.equals(\"event\")) {"
      },
      {
        "lineNumber": 26,
        "author": {
          "gitId": "quinnyyy"
        },
        "content": "            Task newTask \u003d getTaskFromUserInput(command, userInput);"
      },
      {
        "lineNumber": 27,
        "author": {
          "gitId": "quinnyyy"
        },
        "content": "            if (newTask \u003d\u003d null) {"
      },
      {
        "lineNumber": 28,
        "author": {
          "gitId": "quinnyyy"
        },
        "content": "                Ui.printPretty(\"Sorry, couldn\u0027t recognize this input format\");"
      },
      {
        "lineNumber": 29,
        "author": {
          "gitId": "quinnyyy"
        },
        "content": "            } else {"
      },
      {
        "lineNumber": 30,
        "author": {
          "gitId": "quinnyyy"
        },
        "content": "                addTask(newTask);"
      },
      {
        "lineNumber": 31,
        "author": {
          "gitId": "quinnyyy"
        },
        "content": "            }"
      },
      {
        "lineNumber": 32,
        "author": {
          "gitId": "quinnyyy"
        },
        "content": "        } else {"
      },
      {
        "lineNumber": 33,
        "author": {
          "gitId": "quinnyyy"
        },
        "content": "            Ui.printPretty(\"Sorry, couldn\u0027t recognize this input format\");"
      },
      {
        "lineNumber": 34,
        "author": {
          "gitId": "quinnyyy"
        },
        "content": "        }"
      },
      {
        "lineNumber": 35,
        "author": {
          "gitId": "quinnyyy"
        },
        "content": "    }"
      },
      {
        "lineNumber": 36,
        "author": {
          "gitId": "quinnyyy"
        },
        "content": ""
      },
      {
        "lineNumber": 37,
        "author": {
          "gitId": "quinnyyy"
        },
        "content": "    protected boolean validateInput(String command, String userInput) {"
      },
      {
        "lineNumber": 38,
        "author": {
          "gitId": "quinnyyy"
        },
        "content": "        if (command.equals(\"todo\")) {"
      },
      {
        "lineNumber": 39,
        "author": {
          "gitId": "quinnyyy"
        },
        "content": "            return ToDo.validateUserInput(userInput);"
      },
      {
        "lineNumber": 40,
        "author": {
          "gitId": "quinnyyy"
        },
        "content": "        } else if (command.equals(\"deadline\")) {"
      },
      {
        "lineNumber": 41,
        "author": {
          "gitId": "quinnyyy"
        },
        "content": "            return Deadline.validateUserInput(userInput);"
      },
      {
        "lineNumber": 42,
        "author": {
          "gitId": "quinnyyy"
        },
        "content": "        } else if (command.equals(\"event\")) {"
      },
      {
        "lineNumber": 43,
        "author": {
          "gitId": "quinnyyy"
        },
        "content": "            return Event.validateUserInput(userInput);"
      },
      {
        "lineNumber": 44,
        "author": {
          "gitId": "quinnyyy"
        },
        "content": "        } else if (command.equals(\"list\")) {"
      },
      {
        "lineNumber": 45,
        "author": {
          "gitId": "quinnyyy"
        },
        "content": "            return true; // If command is list then anything after doesn\u0027t affect functionality"
      },
      {
        "lineNumber": 46,
        "author": {
          "gitId": "quinnyyy"
        },
        "content": "        }"
      },
      {
        "lineNumber": 47,
        "author": {
          "gitId": "quinnyyy"
        },
        "content": ""
      },
      {
        "lineNumber": 48,
        "author": {
          "gitId": "quinnyyy"
        },
        "content": "        return false; // Unrecognized command"
      },
      {
        "lineNumber": 49,
        "author": {
          "gitId": "quinnyyy"
        },
        "content": "    }"
      },
      {
        "lineNumber": 50,
        "author": {
          "gitId": "quinnyyy"
        },
        "content": ""
      },
      {
        "lineNumber": 51,
        "author": {
          "gitId": "quinnyyy"
        },
        "content": "    protected Task getTaskFromUserInput(String taskType, String userInput) {"
      },
      {
        "lineNumber": 52,
        "author": {
          "gitId": "quinnyyy"
        },
        "content": "        if (userInput \u003d\u003d null) {"
      },
      {
        "lineNumber": 53,
        "author": {
          "gitId": "quinnyyy"
        },
        "content": "            return null;"
      },
      {
        "lineNumber": 54,
        "author": {
          "gitId": "quinnyyy"
        },
        "content": "        }"
      },
      {
        "lineNumber": 55,
        "author": {
          "gitId": "quinnyyy"
        },
        "content": ""
      },
      {
        "lineNumber": 56,
        "author": {
          "gitId": "quinnyyy"
        },
        "content": "        String description;"
      },
      {
        "lineNumber": 57,
        "author": {
          "gitId": "quinnyyy"
        },
        "content": "        switch(taskType) {"
      },
      {
        "lineNumber": 58,
        "author": {
          "gitId": "quinnyyy"
        },
        "content": "        case \"todo\":"
      },
      {
        "lineNumber": 59,
        "author": {
          "gitId": "quinnyyy"
        },
        "content": "            description \u003d userInput.substring(userInput.indexOf(\" \") + 1);"
      },
      {
        "lineNumber": 60,
        "author": {
          "gitId": "quinnyyy"
        },
        "content": "            return new ToDo(description);"
      },
      {
        "lineNumber": 61,
        "author": {
          "gitId": "quinnyyy"
        },
        "content": "        case \"deadline\":"
      },
      {
        "lineNumber": 62,
        "author": {
          "gitId": "quinnyyy"
        },
        "content": "            description \u003d userInput.substring(userInput.indexOf(\" \") + 1, userInput.indexOf(\" /by \"));"
      },
      {
        "lineNumber": 63,
        "author": {
          "gitId": "quinnyyy"
        },
        "content": "            String dueDateTime \u003d userInput.substring(userInput.indexOf(\" /by \") + 5);"
      },
      {
        "lineNumber": 64,
        "author": {
          "gitId": "quinnyyy"
        },
        "content": "            return new Deadline(description, dueDateTime);"
      },
      {
        "lineNumber": 65,
        "author": {
          "gitId": "quinnyyy"
        },
        "content": "        case \"event\":"
      },
      {
        "lineNumber": 66,
        "author": {
          "gitId": "quinnyyy"
        },
        "content": "            description \u003d userInput.substring(userInput.indexOf(\" \") + 1, userInput.indexOf(\" /at \"));"
      },
      {
        "lineNumber": 67,
        "author": {
          "gitId": "quinnyyy"
        },
        "content": "            String startEndDateTime \u003d userInput.substring(userInput.indexOf(\" /at \") + 5);"
      },
      {
        "lineNumber": 68,
        "author": {
          "gitId": "quinnyyy"
        },
        "content": "            return new Event(description, startEndDateTime);"
      },
      {
        "lineNumber": 69,
        "author": {
          "gitId": "quinnyyy"
        },
        "content": "        default:"
      },
      {
        "lineNumber": 70,
        "author": {
          "gitId": "quinnyyy"
        },
        "content": "            return null;"
      },
      {
        "lineNumber": 71,
        "author": {
          "gitId": "quinnyyy"
        },
        "content": "        }"
      },
      {
        "lineNumber": 72,
        "author": {
          "gitId": "quinnyyy"
        },
        "content": "    }"
      },
      {
        "lineNumber": 73,
        "author": {
          "gitId": "quinnyyy"
        },
        "content": ""
      },
      {
        "lineNumber": 74,
        "author": {
          "gitId": "quinnyyy"
        },
        "content": "    protected void addTask(Task newTask) {"
      },
      {
        "lineNumber": 75,
        "author": {
          "gitId": "quinnyyy"
        },
        "content": "        tasks.add(newTask);"
      },
      {
        "lineNumber": 76,
        "author": {
          "gitId": "quinnyyy"
        },
        "content": ""
      },
      {
        "lineNumber": 77,
        "author": {
          "gitId": "quinnyyy"
        },
        "content": "        String message \u003d \"Added this task:\" + System.lineSeparator() + newTask.toString() + System.lineSeparator() +"
      },
      {
        "lineNumber": 78,
        "author": {
          "gitId": "quinnyyy"
        },
        "content": "                \"Now you have \" + tasks.size() + \" tasks in the list\";"
      },
      {
        "lineNumber": 79,
        "author": {
          "gitId": "quinnyyy"
        },
        "content": "        Ui.printPretty(message);"
      },
      {
        "lineNumber": 80,
        "author": {
          "gitId": "quinnyyy"
        },
        "content": "    }"
      },
      {
        "lineNumber": 81,
        "author": {
          "gitId": "quinnyyy"
        },
        "content": ""
      },
      {
        "lineNumber": 82,
        "author": {
          "gitId": "quinnyyy"
        },
        "content": "    protected void listTasks() {"
      },
      {
        "lineNumber": 83,
        "author": {
          "gitId": "quinnyyy"
        },
        "content": "        String message \u003d \"These are your tasks:\" + System.lineSeparator();"
      },
      {
        "lineNumber": 84,
        "author": {
          "gitId": "quinnyyy"
        },
        "content": "        for (int i \u003d 0; i \u003c tasks.size(); i++) {"
      },
      {
        "lineNumber": 85,
        "author": {
          "gitId": "quinnyyy"
        },
        "content": "            String lineEnd \u003d i \u003d\u003d tasks.size() - 1 ? \"\" : System.lineSeparator(); // Do this so no extra newline"
      },
      {
        "lineNumber": 86,
        "author": {
          "gitId": "quinnyyy"
        },
        "content": "            message +\u003d (String.format(\"%d. %s\", i + 1, tasks.get(i).toString()) + lineEnd);"
      },
      {
        "lineNumber": 87,
        "author": {
          "gitId": "quinnyyy"
        },
        "content": "        }"
      },
      {
        "lineNumber": 88,
        "author": {
          "gitId": "quinnyyy"
        },
        "content": ""
      },
      {
        "lineNumber": 89,
        "author": {
          "gitId": "quinnyyy"
        },
        "content": "        Ui.printPretty(message);"
      },
      {
        "lineNumber": 90,
        "author": {
          "gitId": "quinnyyy"
        },
        "content": "    }"
      },
      {
        "lineNumber": 91,
        "author": {
          "gitId": "quinnyyy"
        },
        "content": "}"
      }
    ],
    "authorContributionMap": {
      "quinnyyy": 91
    }
  },
  {
    "path": "src/main/java/ToDo.java",
    "fileType": "java",
    "lines": [
      {
        "lineNumber": 1,
        "author": {
          "gitId": "quinnyyy"
        },
        "content": "public class ToDo extends Task {"
      },
      {
        "lineNumber": 2,
        "author": {
          "gitId": "quinnyyy"
        },
        "content": "    public ToDo(String description) {"
      },
      {
        "lineNumber": 3,
        "author": {
          "gitId": "quinnyyy"
        },
        "content": "        super(description);"
      },
      {
        "lineNumber": 4,
        "author": {
          "gitId": "quinnyyy"
        },
        "content": "    }"
      },
      {
        "lineNumber": 5,
        "author": {
          "gitId": "quinnyyy"
        },
        "content": ""
      },
      {
        "lineNumber": 6,
        "author": {
          "gitId": "quinnyyy"
        },
        "content": "    public static boolean validateUserInput(String userInput) {"
      },
      {
        "lineNumber": 7,
        "author": {
          "gitId": "quinnyyy"
        },
        "content": "        if (!userInput.contains(\" \")) {"
      },
      {
        "lineNumber": 8,
        "author": {
          "gitId": "quinnyyy"
        },
        "content": "            return false;"
      },
      {
        "lineNumber": 9,
        "author": {
          "gitId": "quinnyyy"
        },
        "content": "        } else if (userInput.indexOf(\" \") + 1 \u003e userInput.length() - 1) {"
      },
      {
        "lineNumber": 10,
        "author": {
          "gitId": "quinnyyy"
        },
        "content": "            return false;"
      },
      {
        "lineNumber": 11,
        "author": {
          "gitId": "quinnyyy"
        },
        "content": "        }"
      },
      {
        "lineNumber": 12,
        "author": {
          "gitId": "quinnyyy"
        },
        "content": "        return true;"
      },
      {
        "lineNumber": 13,
        "author": {
          "gitId": "quinnyyy"
        },
        "content": "    }"
      },
      {
        "lineNumber": 14,
        "author": {
          "gitId": "quinnyyy"
        },
        "content": ""
      },
      {
        "lineNumber": 15,
        "author": {
          "gitId": "quinnyyy"
        },
        "content": "    @Override"
      },
      {
        "lineNumber": 16,
        "author": {
          "gitId": "quinnyyy"
        },
        "content": "    public String toString() {"
      },
      {
        "lineNumber": 17,
        "author": {
          "gitId": "quinnyyy"
        },
        "content": "        return \"[T][\" + getStatusIcon() + \"] \" + description;"
      },
      {
        "lineNumber": 18,
        "author": {
          "gitId": "quinnyyy"
        },
        "content": "    }"
      },
      {
        "lineNumber": 19,
        "author": {
          "gitId": "quinnyyy"
        },
        "content": "}"
      }
    ],
    "authorContributionMap": {
      "quinnyyy": 19
    }
  },
  {
    "path": "src/main/java/Ui.java",
    "fileType": "java",
    "lines": [
      {
        "lineNumber": 1,
        "author": {
          "gitId": "quinnyyy"
        },
        "content": "import java.util.Scanner;"
      },
      {
        "lineNumber": 2,
        "author": {
          "gitId": "quinnyyy"
        },
        "content": ""
      },
      {
        "lineNumber": 3,
        "author": {
          "gitId": "quinnyyy"
        },
        "content": "public class Ui {"
      },
      {
        "lineNumber": 4,
        "author": {
          "gitId": "quinnyyy"
        },
        "content": "    protected static Scanner scannerObject;"
      },
      {
        "lineNumber": 5,
        "author": {
          "gitId": "quinnyyy"
        },
        "content": ""
      },
      {
        "lineNumber": 6,
        "author": {
          "gitId": "quinnyyy"
        },
        "content": "    public static void initializeUi() {"
      },
      {
        "lineNumber": 7,
        "author": {
          "gitId": "quinnyyy"
        },
        "content": "        scannerObject \u003d new Scanner(System.in);"
      },
      {
        "lineNumber": 8,
        "author": {
          "gitId": "quinnyyy"
        },
        "content": "    }"
      },
      {
        "lineNumber": 9,
        "author": {
          "gitId": "quinnyyy"
        },
        "content": ""
      },
      {
        "lineNumber": 10,
        "author": {
          "gitId": "quinnyyy"
        },
        "content": "    protected static void displayLineSeparator() {"
      },
      {
        "lineNumber": 11,
        "author": {
          "gitId": "quinnyyy"
        },
        "content": "        System.out.println(\"~~~~~~~~~~~~~~~~~~~~~~~~~~~~~~~~~~~~~~\");"
      },
      {
        "lineNumber": 12,
        "author": {
          "gitId": "quinnyyy"
        },
        "content": "    }"
      },
      {
        "lineNumber": 13,
        "author": {
          "gitId": "quinnyyy"
        },
        "content": ""
      },
      {
        "lineNumber": 14,
        "author": {
          "gitId": "quinnyyy"
        },
        "content": "    public static void greet() {"
      },
      {
        "lineNumber": 15,
        "author": {
          "gitId": "quinnyyy"
        },
        "content": "        System.out.println();"
      },
      {
        "lineNumber": 16,
        "author": {
          "gitId": "quinnyyy"
        },
        "content": "        displayLineSeparator();"
      },
      {
        "lineNumber": 17,
        "author": {
          "gitId": "quinnyyy"
        },
        "content": "        System.out.println(\"Hello! This is Quinn\u0027s chat bot\");"
      },
      {
        "lineNumber": 18,
        "author": {
          "gitId": "quinnyyy"
        },
        "content": "        System.out.println(\"Currently support todo, deadline, event\");"
      },
      {
        "lineNumber": 19,
        "author": {
          "gitId": "quinnyyy"
        },
        "content": "        System.out.println(\"Example usage:\");"
      },
      {
        "lineNumber": 20,
        "author": {
          "gitId": "quinnyyy"
        },
        "content": "        System.out.println(\"todo math homework\");"
      },
      {
        "lineNumber": 21,
        "author": {
          "gitId": "quinnyyy"
        },
        "content": "        System.out.println(\"deadline finish math homework /by Monday\");"
      },
      {
        "lineNumber": 22,
        "author": {
          "gitId": "quinnyyy"
        },
        "content": "        System.out.println(\"event math class /at Monday 8am-10am\");"
      },
      {
        "lineNumber": 23,
        "author": {
          "gitId": "quinnyyy"
        },
        "content": "        System.out.println(\"Type \\\"list\\\" to display a list of your tasks\");"
      },
      {
        "lineNumber": 24,
        "author": {
          "gitId": "quinnyyy"
        },
        "content": "        System.out.println(\"Type \\\"\" + Duke.END_STRING + \"\\\" to exit\");"
      },
      {
        "lineNumber": 25,
        "author": {
          "gitId": "quinnyyy"
        },
        "content": "        displayLineSeparator();"
      },
      {
        "lineNumber": 26,
        "author": {
          "gitId": "quinnyyy"
        },
        "content": "        System.out.println();"
      },
      {
        "lineNumber": 27,
        "author": {
          "gitId": "quinnyyy"
        },
        "content": "    }"
      },
      {
        "lineNumber": 28,
        "author": {
          "gitId": "quinnyyy"
        },
        "content": ""
      },
      {
        "lineNumber": 29,
        "author": {
          "gitId": "quinnyyy"
        },
        "content": "    public static void sayGoodbye() {"
      },
      {
        "lineNumber": 30,
        "author": {
          "gitId": "quinnyyy"
        },
        "content": "        System.out.println();"
      },
      {
        "lineNumber": 31,
        "author": {
          "gitId": "quinnyyy"
        },
        "content": "        displayLineSeparator();"
      },
      {
        "lineNumber": 32,
        "author": {
          "gitId": "quinnyyy"
        },
        "content": "        System.out.println(\"Leaving so soon? :(\");"
      },
      {
        "lineNumber": 33,
        "author": {
          "gitId": "quinnyyy"
        },
        "content": "        displayLineSeparator();"
      },
      {
        "lineNumber": 34,
        "author": {
          "gitId": "quinnyyy"
        },
        "content": "        System.out.println();"
      },
      {
        "lineNumber": 35,
        "author": {
          "gitId": "quinnyyy"
        },
        "content": "    }"
      },
      {
        "lineNumber": 36,
        "author": {
          "gitId": "quinnyyy"
        },
        "content": ""
      },
      {
        "lineNumber": 37,
        "author": {
          "gitId": "quinnyyy"
        },
        "content": "    public static void printPretty(String message) {"
      },
      {
        "lineNumber": 38,
        "author": {
          "gitId": "quinnyyy"
        },
        "content": "        System.out.println();"
      },
      {
        "lineNumber": 39,
        "author": {
          "gitId": "quinnyyy"
        },
        "content": "        displayLineSeparator();"
      },
      {
        "lineNumber": 40,
        "author": {
          "gitId": "quinnyyy"
        },
        "content": "        System.out.println(message);"
      },
      {
        "lineNumber": 41,
        "author": {
          "gitId": "quinnyyy"
        },
        "content": "        displayLineSeparator();"
      },
      {
        "lineNumber": 42,
        "author": {
          "gitId": "quinnyyy"
        },
        "content": "        System.out.println();"
      },
      {
        "lineNumber": 43,
        "author": {
          "gitId": "quinnyyy"
        },
        "content": "    }"
      },
      {
        "lineNumber": 44,
        "author": {
          "gitId": "quinnyyy"
        },
        "content": ""
      },
      {
        "lineNumber": 45,
        "author": {
          "gitId": "quinnyyy"
        },
        "content": "    public static String getNextLine() {"
      },
      {
        "lineNumber": 46,
        "author": {
          "gitId": "quinnyyy"
        },
        "content": "        return scannerObject.nextLine();"
      },
      {
        "lineNumber": 47,
        "author": {
          "gitId": "quinnyyy"
        },
        "content": "    }"
      },
      {
        "lineNumber": 48,
        "author": {
          "gitId": "quinnyyy"
        },
        "content": ""
      },
      {
        "lineNumber": 49,
        "author": {
          "gitId": "quinnyyy"
        },
        "content": "}"
      }
    ],
    "authorContributionMap": {
      "quinnyyy": 49
    }
  }
]
