[
  {
    "path": "src/main/java/Duke.java",
    "fileType": "java",
    "lines": [
      {
        "lineNumber": 1,
        "author": {
          "gitId": "quinnyyy"
        },
        "content": "import java.util.Scanner;"
      },
      {
        "lineNumber": 2,
        "author": {
          "gitId": "quinnyyy"
        },
        "content": "import java.util.ArrayList;"
      },
      {
        "lineNumber": 3,
        "author": {
          "gitId": "quinnyyy"
        },
        "content": ""
      },
      {
        "lineNumber": 4,
        "author": {
          "gitId": "-"
        },
        "content": "public class Duke {"
      },
      {
        "lineNumber": 5,
        "author": {
          "gitId": "quinnyyy"
        },
        "content": "    private static final String greeting \u003d \"Hello! This is Quinn\u0027s chat bot.\\n\" +"
      },
      {
        "lineNumber": 6,
        "author": {
          "gitId": "quinnyyy"
        },
        "content": "            \"Type something to add it to the list\\n\" +"
      },
      {
        "lineNumber": 7,
        "author": {
          "gitId": "quinnyyy"
        },
        "content": "            \"Type \\\"list\\\" to display your items\\n\" +"
      },
      {
        "lineNumber": 8,
        "author": {
          "gitId": "quinnyyy"
        },
        "content": "            \"Type \\\"bye\\\" to exit\";"
      },
      {
        "lineNumber": 9,
        "author": {
          "gitId": "quinnyyy"
        },
        "content": "    private static final String byeMessage \u003d \"Leaving so soon? :(\";"
      },
      {
        "lineNumber": 10,
        "author": {
          "gitId": "quinnyyy"
        },
        "content": "    private static ArrayList\u003cTask\u003e tasks;"
      },
      {
        "lineNumber": 11,
        "author": {
          "gitId": "quinnyyy"
        },
        "content": ""
      },
      {
        "lineNumber": 12,
        "author": {
          "gitId": "quinnyyy"
        },
        "content": "    private static void printMessagePretty(String message) {"
      },
      {
        "lineNumber": 13,
        "author": {
          "gitId": "quinnyyy"
        },
        "content": "        String lineSeparator \u003d \"~~~~~~~~~~~~~~~~~~~~~~~~~~~~~~~~~~~~\";"
      },
      {
        "lineNumber": 14,
        "author": {
          "gitId": "quinnyyy"
        },
        "content": "        System.out.println(\"\\n\" + lineSeparator);"
      },
      {
        "lineNumber": 15,
        "author": {
          "gitId": "quinnyyy"
        },
        "content": "        System.out.println(message);"
      },
      {
        "lineNumber": 16,
        "author": {
          "gitId": "quinnyyy"
        },
        "content": "        System.out.println(lineSeparator + \"\\n\");"
      },
      {
        "lineNumber": 17,
        "author": {
          "gitId": "quinnyyy"
        },
        "content": "    }"
      },
      {
        "lineNumber": 18,
        "author": {
          "gitId": "quinnyyy"
        },
        "content": ""
      },
      {
        "lineNumber": 19,
        "author": {
          "gitId": "quinnyyy"
        },
        "content": "    private static void printItems() {"
      },
      {
        "lineNumber": 20,
        "author": {
          "gitId": "quinnyyy"
        },
        "content": "        String itemsString \u003d \"\";"
      },
      {
        "lineNumber": 21,
        "author": {
          "gitId": "quinnyyy"
        },
        "content": "        for (int i \u003d 0; i \u003c tasks.size(); i++) {"
      },
      {
        "lineNumber": 22,
        "author": {
          "gitId": "quinnyyy"
        },
        "content": "            Task currentTask \u003d tasks.get(i);"
      },
      {
        "lineNumber": 23,
        "author": {
          "gitId": "quinnyyy"
        },
        "content": "            String lineEnd \u003d i \u003d\u003d tasks.size() - 1 ? \"\" : \"\\n\";"
      },
      {
        "lineNumber": 24,
        "author": {
          "gitId": "quinnyyy"
        },
        "content": "            itemsString +\u003d String.format(\"%d) [%s] %s%s\", i + 1, currentTask.getStatusIcon(),"
      },
      {
        "lineNumber": 25,
        "author": {
          "gitId": "quinnyyy"
        },
        "content": "                    currentTask.getDescription(), lineEnd);"
      },
      {
        "lineNumber": 26,
        "author": {
          "gitId": "quinnyyy"
        },
        "content": "        }"
      },
      {
        "lineNumber": 27,
        "author": {
          "gitId": "quinnyyy"
        },
        "content": "        printMessagePretty(itemsString);"
      },
      {
        "lineNumber": 28,
        "author": {
          "gitId": "quinnyyy"
        },
        "content": "    }"
      },
      {
        "lineNumber": 29,
        "author": {
          "gitId": "quinnyyy"
        },
        "content": ""
      },
      {
        "lineNumber": 30,
        "author": {
          "gitId": "-"
        },
        "content": "    public static void main(String[] args) {"
      },
      {
        "lineNumber": 31,
        "author": {
          "gitId": "quinnyyy"
        },
        "content": "        tasks \u003d new ArrayList\u003cTask\u003e();"
      },
      {
        "lineNumber": 32,
        "author": {
          "gitId": "quinnyyy"
        },
        "content": "        Scanner scannerObject \u003d new Scanner(System.in);"
      },
      {
        "lineNumber": 33,
        "author": {
          "gitId": "quinnyyy"
        },
        "content": "        String userInput \u003d \"\";"
      },
      {
        "lineNumber": 34,
        "author": {
          "gitId": "quinnyyy"
        },
        "content": ""
      },
      {
        "lineNumber": 35,
        "author": {
          "gitId": "quinnyyy"
        },
        "content": "        printMessagePretty(greeting);"
      },
      {
        "lineNumber": 36,
        "author": {
          "gitId": "quinnyyy"
        },
        "content": "        while (true) {"
      },
      {
        "lineNumber": 37,
        "author": {
          "gitId": "quinnyyy"
        },
        "content": "            userInput \u003d scannerObject.nextLine();"
      },
      {
        "lineNumber": 38,
        "author": {
          "gitId": "quinnyyy"
        },
        "content": "            if (userInput.equals(\"bye\")) {"
      },
      {
        "lineNumber": 39,
        "author": {
          "gitId": "quinnyyy"
        },
        "content": "                break;"
      },
      {
        "lineNumber": 40,
        "author": {
          "gitId": "quinnyyy"
        },
        "content": "            } else if (userInput.equals(\"list\")) {"
      },
      {
        "lineNumber": 41,
        "author": {
          "gitId": "quinnyyy"
        },
        "content": "                printItems();"
      },
      {
        "lineNumber": 42,
        "author": {
          "gitId": "quinnyyy"
        },
        "content": "            } else if (userInput.startsWith(\"done\")) {"
      },
      {
        "lineNumber": 43,
        "author": {
          "gitId": "quinnyyy"
        },
        "content": "                // Should do some more error checking here... maybe later"
      },
      {
        "lineNumber": 44,
        "author": {
          "gitId": "quinnyyy"
        },
        "content": "                int index \u003d Integer.parseInt(userInput.substring(5)) - 1;"
      },
      {
        "lineNumber": 45,
        "author": {
          "gitId": "quinnyyy"
        },
        "content": "                Task chosenTask \u003d tasks.get(index);"
      },
      {
        "lineNumber": 46,
        "author": {
          "gitId": "quinnyyy"
        },
        "content": "                chosenTask.setIsDone(true);"
      },
      {
        "lineNumber": 47,
        "author": {
          "gitId": "quinnyyy"
        },
        "content": "                String doneMessage \u003d chosenTask.getDescription() + \"\\n\" +"
      },
      {
        "lineNumber": 48,
        "author": {
          "gitId": "quinnyyy"
        },
        "content": "                        \"has been marked as done! [\" + chosenTask.getStatusIcon() + \"]\";"
      },
      {
        "lineNumber": 49,
        "author": {
          "gitId": "quinnyyy"
        },
        "content": "                printMessagePretty(doneMessage);"
      },
      {
        "lineNumber": 50,
        "author": {
          "gitId": "quinnyyy"
        },
        "content": "            } else {"
      },
      {
        "lineNumber": 51,
        "author": {
          "gitId": "quinnyyy"
        },
        "content": "                Task newTask \u003d new Task(userInput);"
      },
      {
        "lineNumber": 52,
        "author": {
          "gitId": "quinnyyy"
        },
        "content": "                tasks.add(newTask);"
      },
      {
        "lineNumber": 53,
        "author": {
          "gitId": "quinnyyy"
        },
        "content": "                printMessagePretty(\"added: \" + newTask.getDescription());"
      },
      {
        "lineNumber": 54,
        "author": {
          "gitId": "quinnyyy"
        },
        "content": "            }"
      },
      {
        "lineNumber": 55,
        "author": {
          "gitId": "quinnyyy"
        },
        "content": "        }"
      },
      {
        "lineNumber": 56,
        "author": {
          "gitId": "quinnyyy"
        },
        "content": "        printMessagePretty(byeMessage);"
      },
      {
        "lineNumber": 57,
        "author": {
          "gitId": "-"
        },
        "content": "    }"
      },
      {
        "lineNumber": 58,
        "author": {
          "gitId": "-"
        },
        "content": "}"
      }
    ],
    "authorContributionMap": {
      "quinnyyy": 54,
      "-": 4
    }
  },
  {
    "path": "src/main/java/Task.java",
    "fileType": "java",
    "lines": [
      {
        "lineNumber": 1,
        "author": {
          "gitId": "quinnyyy"
        },
        "content": "public class Task {"
      },
      {
        "lineNumber": 2,
        "author": {
          "gitId": "quinnyyy"
        },
        "content": "    private boolean isDone;"
      },
      {
        "lineNumber": 3,
        "author": {
          "gitId": "quinnyyy"
        },
        "content": "    private String description;"
      },
      {
        "lineNumber": 4,
        "author": {
          "gitId": "quinnyyy"
        },
        "content": ""
      },
      {
        "lineNumber": 5,
        "author": {
          "gitId": "quinnyyy"
        },
        "content": "    Task(String description) {"
      },
      {
        "lineNumber": 6,
        "author": {
          "gitId": "quinnyyy"
        },
        "content": "        setDescription(description);"
      },
      {
        "lineNumber": 7,
        "author": {
          "gitId": "quinnyyy"
        },
        "content": "        setIsDone(false);"
      },
      {
        "lineNumber": 8,
        "author": {
          "gitId": "quinnyyy"
        },
        "content": "    }"
      },
      {
        "lineNumber": 9,
        "author": {
          "gitId": "quinnyyy"
        },
        "content": ""
      },
      {
        "lineNumber": 10,
        "author": {
          "gitId": "quinnyyy"
        },
        "content": "    // From the website"
      },
      {
        "lineNumber": 11,
        "author": {
          "gitId": "quinnyyy"
        },
        "content": "    public String getStatusIcon() {"
      },
      {
        "lineNumber": 12,
        "author": {
          "gitId": "quinnyyy"
        },
        "content": "        return (isDone ? \"\\u2713\" : \"\\u2718\"); //return tick or X symbols"
      },
      {
        "lineNumber": 13,
        "author": {
          "gitId": "quinnyyy"
        },
        "content": "    }"
      },
      {
        "lineNumber": 14,
        "author": {
          "gitId": "quinnyyy"
        },
        "content": ""
      },
      {
        "lineNumber": 15,
        "author": {
          "gitId": "quinnyyy"
        },
        "content": "    public String getDescription() {"
      },
      {
        "lineNumber": 16,
        "author": {
          "gitId": "quinnyyy"
        },
        "content": "        return description;"
      },
      {
        "lineNumber": 17,
        "author": {
          "gitId": "quinnyyy"
        },
        "content": "    }"
      },
      {
        "lineNumber": 18,
        "author": {
          "gitId": "quinnyyy"
        },
        "content": ""
      },
      {
        "lineNumber": 19,
        "author": {
          "gitId": "quinnyyy"
        },
        "content": "    public boolean getIsDone() {"
      },
      {
        "lineNumber": 20,
        "author": {
          "gitId": "quinnyyy"
        },
        "content": "        return isDone;"
      },
      {
        "lineNumber": 21,
        "author": {
          "gitId": "quinnyyy"
        },
        "content": "    }"
      },
      {
        "lineNumber": 22,
        "author": {
          "gitId": "quinnyyy"
        },
        "content": ""
      },
      {
        "lineNumber": 23,
        "author": {
          "gitId": "quinnyyy"
        },
        "content": "    public void setDescription(String description) {"
      },
      {
        "lineNumber": 24,
        "author": {
          "gitId": "quinnyyy"
        },
        "content": "        this.description \u003d description;"
      },
      {
        "lineNumber": 25,
        "author": {
          "gitId": "quinnyyy"
        },
        "content": "    }"
      },
      {
        "lineNumber": 26,
        "author": {
          "gitId": "quinnyyy"
        },
        "content": ""
      },
      {
        "lineNumber": 27,
        "author": {
          "gitId": "quinnyyy"
        },
        "content": "    public void setIsDone(boolean isDone) {"
      },
      {
        "lineNumber": 28,
        "author": {
          "gitId": "quinnyyy"
        },
        "content": "        this.isDone \u003d isDone;"
      },
      {
        "lineNumber": 29,
        "author": {
          "gitId": "quinnyyy"
        },
        "content": "    }"
      },
      {
        "lineNumber": 30,
        "author": {
          "gitId": "quinnyyy"
        },
        "content": ""
      },
      {
        "lineNumber": 31,
        "author": {
          "gitId": "quinnyyy"
        },
        "content": "}"
      }
    ],
    "authorContributionMap": {
      "quinnyyy": 31
    }
  }
]
