{
  "authorDailyContributionsMap": {
    "brandoncjh": [
      {
        "insertions": 8,
        "deletions": 0,
        "date": "2020-01-22",
        "commitResults": [
          {
            "hash": "8c7f78edc6e9060a0bd3d74cf52a3b613652f2bd",
            "messageTitle": "added greet user and exit message",
            "messageBody": "",
            "tags": [
              "Level-0"
            ],
            "insertions": 8,
            "deletions": 0
          }
        ]
      },
      {
        "insertions": 30,
        "deletions": 11,
        "date": "2020-01-25",
        "commitResults": [
          {
            "hash": "368ddec3860d32a69095d8af1d7da3dcf975336c",
            "messageTitle": "added required echo function, removed Duke logo, customised display",
            "messageBody": "",
            "tags": [
              "Level-1"
            ],
            "insertions": 30,
            "deletions": 11
          }
        ]
      },
      {
        "insertions": 40,
        "deletions": 10,
        "date": "2020-01-26",
        "commitResults": [
          {
            "hash": "015bf2563f4cd07e8542ff560a556cddc9be1019",
            "messageTitle": "added list functionailty, moved intro/goodbye messages to separate methods",
            "messageBody": "",
            "insertions": 31,
            "deletions": 8
          },
          {
            "hash": "875a015a8dedcb004b8db498bcbef85c191aa5a4",
            "messageTitle": "updated list functionality: include empty list case",
            "messageBody": "",
            "tags": [
              "Level-2"
            ],
            "insertions": 9,
            "deletions": 2
          }
        ]
      },
      {
        "insertions": 62,
        "deletions": 13,
        "date": "2020-01-27",
        "commitResults": [
          {
            "hash": "4e63a1856e11c94799a29944531d94b39e51f8f3",
            "messageTitle": "added MarkAsDone functionality",
            "messageBody": "",
            "tags": [
              "Level-3",
              "A-Classes"
            ],
            "insertions": 62,
            "deletions": 13
          }
        ]
      },
      {
        "insertions": 236,
        "deletions": 50,
        "date": "2020-02-01",
        "commitResults": [
          {
            "hash": "496d5cfaa5769cc9dffe398b9720b59d4d9256fd",
            "messageTitle": "edited code to conform to Java coding standard; added Todo, Event, Deadline",
            "messageBody": "",
            "tags": [
              "Level-4",
              "A-Inheritance",
              "A-CodingStandard"
            ],
            "insertions": 119,
            "deletions": 44
          },
          {
            "hash": "d55e92a2c9420fd11c2ac87ef04854d24aae673b",
            "messageTitle": "added files for automated UI testing; refactored Duke to support UI testing",
            "messageBody": "",
            "tags": [
              "A-TextUiTesting"
            ],
            "insertions": 117,
            "deletions": 6
          }
        ]
      }
    ]
  },
  "authorFinalContributionMap": {
    "brandoncjh": 298
  },
  "authorFileTypeContributionMap": {
    "brandoncjh": {
      "java": 190,
      "md": 0,
      "fxml": 0,
      "sh": 0,
      "bat": 23,
      "gradle": 0,
      "txt": 85
    }
  },
  "authorContributionVariance": {
    "brandoncjh": 4054.3
  },
  "authorDisplayNameMap": {
    "brandoncjh": "CS2113T-T13-3 CHON..NDON"
  }
}
