{
  "authorDailyContributionsMap": {
    "brandoncjh": [
      {
        "insertions": 8,
        "deletions": 0,
        "date": "2020-01-22",
        "commitResults": [
          {
            "hash": "8c7f78edc6e9060a0bd3d74cf52a3b613652f2bd",
            "messageTitle": "added greet user and exit message",
            "messageBody": "",
            "tags": [
              "Level-0"
            ],
            "insertions": 8,
            "deletions": 0
          }
        ]
      },
      {
        "insertions": 30,
        "deletions": 11,
        "date": "2020-01-25",
        "commitResults": [
          {
            "hash": "368ddec3860d32a69095d8af1d7da3dcf975336c",
            "messageTitle": "added required echo function, removed Duke logo, customised display",
            "messageBody": "",
            "tags": [
              "Level-1"
            ],
            "insertions": 30,
            "deletions": 11
          }
        ]
      },
      {
        "insertions": 40,
        "deletions": 10,
        "date": "2020-01-26",
        "commitResults": [
          {
            "hash": "015bf2563f4cd07e8542ff560a556cddc9be1019",
            "messageTitle": "added list functionailty, moved intro/goodbye messages to separate methods",
            "messageBody": "",
            "insertions": 31,
            "deletions": 8
          },
          {
            "hash": "875a015a8dedcb004b8db498bcbef85c191aa5a4",
            "messageTitle": "updated list functionality: include empty list case",
            "messageBody": "",
            "tags": [
              "Level-2"
            ],
            "insertions": 9,
            "deletions": 2
          }
        ]
      },
      {
        "insertions": 62,
        "deletions": 13,
        "date": "2020-01-27",
        "commitResults": [
          {
            "hash": "4e63a1856e11c94799a29944531d94b39e51f8f3",
            "messageTitle": "added MarkAsDone functionality",
            "messageBody": "",
            "tags": [
              "Level-3",
              "A-Classes"
            ],
            "insertions": 62,
            "deletions": 13
          }
        ]
      },
      {
        "insertions": 236,
        "deletions": 50,
        "date": "2020-02-01",
        "commitResults": [
          {
            "hash": "496d5cfaa5769cc9dffe398b9720b59d4d9256fd",
            "messageTitle": "edited code to conform to Java coding standard; added Todo, Event, Deadline",
            "messageBody": "",
            "tags": [
              "Level-4",
              "A-Inheritance",
              "A-CodingStandard"
            ],
            "insertions": 119,
            "deletions": 44
          },
          {
            "hash": "d55e92a2c9420fd11c2ac87ef04854d24aae673b",
            "messageTitle": "added files for automated UI testing; refactored Duke to support UI testing",
            "messageBody": "",
            "tags": [
              "A-TextUiTesting"
            ],
            "insertions": 117,
            "deletions": 6
          }
        ]
      },
      {
        "insertions": 83,
        "deletions": 69,
        "date": "2020-02-04",
        "commitResults": [
          {
            "hash": "87803cbf3a4307d2078a2534b4095fd3a12e48b1",
            "messageTitle": "refactoring code for better readability and quality",
            "messageBody": "",
            "insertions": 78,
            "deletions": 64
          },
          {
            "hash": "5fe8a0826d1fcf0b213fa818445e86d5ffff7ce3",
            "messageTitle": "fix minor typo in variable name",
            "messageBody": "",
            "tags": [
              "A-CodeQuality"
            ],
            "insertions": 5,
            "deletions": 5
          }
        ]
      },
      {
        "insertions": 76,
        "deletions": 36,
        "date": "2020-02-09",
        "commitResults": [
          {
            "hash": "fc9646cdbcbf52b8663ba4fc85bfe8abeb64f6f2",
            "messageTitle": "added exception handling for the 2 minimal cases (specified on website) + 1 more exception (blank - not empty - remark field for event/deadline)",
            "messageBody": "",
            "insertions": 76,
            "deletions": 36
          }
        ]
      },
      {
        "insertions": 54,
        "deletions": 18,
        "date": "2020-02-10",
        "commitResults": [
          {
            "hash": "725af7d6bee83ee1843469fb1677e250b7cbd878",
            "messageTitle": "Handle additional exceptions: whitespace command input; todo with remark section; event/deadline ending after \" /\"",
            "messageBody": "",
            "insertions": 25,
            "deletions": 2
          },
          {
            "hash": "b9a908d22c509c4444e3b7a3544c8156c20a830e",
            "messageTitle": "Refactored code according to suggestions from PR review activity",
            "messageBody": "",
            "insertions": 29,
            "deletions": 16
          }
        ]
      },
      {
        "insertions": 266,
        "deletions": 13,
        "date": "2020-02-11",
        "commitResults": [
          {
            "hash": "3b1f5f794d4520362b13123b9174cbf9e230017c",
            "messageTitle": "moved class files to package \u0027data\u0027",
            "messageBody": "",
            "insertions": 266,
            "deletions": 13
          }
        ]
      },
      {
        "insertions": 274,
        "deletions": 42,
        "date": "2020-02-16",
        "commitResults": [
          {
            "hash": "522dcb94b7422a87987dd56331f8300028cff0f3",
            "messageTitle": "added delete (ie removeTask) functionality",
            "messageBody": "",
            "insertions": 101,
            "deletions": 24
          },
          {
            "hash": "ec96bc311c43af15f53ed9edd7e2951131775ee7",
            "messageTitle": "added load/save taskList to text file functionality",
            "messageBody": "",
            "insertions": 173,
            "deletions": 18
          }
        ]
      },
      {
        "insertions": 25,
        "deletions": 209,
        "date": "2020-02-19",
        "commitResults": [
          {
            "hash": "9d3d42d53e66885765c820291f9435ac3404f585",
            "messageTitle": "Adding gradle tutorial plugins to build.gradle",
            "messageBody": "",
            "tags": [
              "v0.2",
              "A-Gradle"
            ],
            "insertions": 25,
            "deletions": 209
          }
        ]
      },
      {
        "insertions": 24,
        "deletions": 19,
        "date": "2020-02-20",
        "commitResults": [
          {
            "hash": "b1180f476be548b0eb58d1df8b5be29e216f85fe",
            "messageTitle": "improved load/save functionality; allow jar file to create new duke.txt if it does not exist in directory where it is run",
            "messageBody": "",
            "tags": [
              "A-Jar"
            ],
            "insertions": 24,
            "deletions": 19
          }
        ]
      },
      {
        "insertions": 448,
        "deletions": 331,
        "date": "2020-02-23",
        "commitResults": [
          {
            "hash": "8b77b231d195fcbd2a3bc1c672e5fe5a3e305ded",
            "messageTitle": "Refactored project into minimum required classes",
            "messageBody": "",
            "insertions": 448,
            "deletions": 331
          }
        ]
      },
      {
        "insertions": 473,
        "deletions": 242,
        "date": "2020-02-24",
        "commitResults": [
          {
            "hash": "9fed35a9c6f32794ca11c1ea5a337401268c1aa0",
            "messageTitle": "added Command and MissingParameterException classes; refactored existing classes and Exceptions",
            "messageBody": "",
            "tags": [
              "A-MoreOOP"
            ],
            "insertions": 473,
            "deletions": 242
          }
        ]
      },
      {
        "insertions": 103,
        "deletions": 51,
        "date": "2020-02-25",
        "commitResults": [
          {
            "hash": "ba7d5f14bbb40f6131982eaa140c10c8767c87c8",
            "messageTitle": "added Find functionality; updated Messages and Task objects",
            "messageBody": "",
            "insertions": 103,
            "deletions": 51
          }
        ]
      },
      {
        "insertions": 287,
        "deletions": 59,
        "date": "2020-02-29",
        "commitResults": [
          {
            "hash": "d381600d2e489e265a3250f22b01065477fc3388",
            "messageTitle": "Added JavaDocs for classes",
            "messageBody": "",
            "insertions": 287,
            "deletions": 59
          }
        ]
      },
      {
        "insertions": 719,
        "deletions": 180,
        "date": "2020-03-01",
        "commitResults": [
          {
            "hash": "ebcf5bf4ca75dff0817bd058acd7af96156112e6",
            "messageTitle": "Added more JavaDocs comments; added \u0027help\u0027 command; rearranging classes into packages; updated README.md",
            "messageBody": "",
            "insertions": 552,
            "deletions": 122
          },
          {
            "hash": "4f5169df5b0df1d4dbe99207fbbbc045f77fa8c1",
            "messageTitle": "Update README.md; remove unicode characters from error messages",
            "messageBody": "",
            "insertions": 16,
            "deletions": 16
          },
          {
            "hash": "1de3ce1a030ab6a897a22cf01df2fb7ee8b4fc34",
            "messageTitle": "Update README.md",
            "messageBody": "",
            "insertions": 7,
            "deletions": 6
          },
          {
            "hash": "2c6b95fb497458871431c0d780f0a6c6ef73dcb9",
            "messageTitle": "Added \u0027clear\u0027 command; updated JavaDocs and README.md",
            "messageBody": "",
            "insertions": 99,
            "deletions": 22
          },
          {
            "hash": "c5c8c30a7d4cf9a09f21b1ec7e6bde805caee1ea",
            "messageTitle": "Updated find functionality: ensure consistency between results list and original list; updated JavaDocs and README.md",
            "messageBody": "",
            "tags": [
              "v1.0"
            ],
            "insertions": 45,
            "deletions": 14
          }
        ]
      },
      {
        "insertions": 10,
        "deletions": 0,
        "date": "2020-03-02",
        "commitResults": [
          {
            "hash": "1f60457833dee0e9c9f07f59d48cac685ad28c42",
            "messageTitle": "updated Ui and Duke classes; updated JavaDocs",
            "messageBody": "",
            "tags": [
              "v1.1",
              "A-UserGuide",
              "A-Release",
              "A-JavaDoc"
            ],
            "insertions": 10,
            "deletions": 0
          }
        ]
      },
      {
        "insertions": 16,
        "deletions": 14,
        "date": "2020-03-03",
        "commitResults": [
          {
            "hash": "2b80cae4fba181f89532b92d5217ddd1b3d20b23",
            "messageTitle": "Update README.md; update Messages",
            "messageBody": "",
            "insertions": 9,
            "deletions": 1
          },
          {
            "hash": "3f73c1ad1a9d97d106765a6d589194463b7511c8",
            "messageTitle": "Update README.md",
            "messageBody": "",
            "insertions": 7,
            "deletions": 13
          }
        ]
      }
    ]
  },
  "authorFinalContributionMap": {
    "brandoncjh": 1912
  },
  "authorFileTypeContributionMap": {
    "brandoncjh": {
      "java": 1418,
      "md": 303,
      "fxml": 0,
      "sh": 0,
      "bat": 23,
      "gradle": 24,
      "txt": 144
    }
  },
  "authorContributionVariance": {
    "brandoncjh": 39655.227
  },
  "authorDisplayNameMap": {
    "brandoncjh": "CS2113T-T13-3 CHON..NDON"
  }
}
