{
  "authorDailyContributionsMap": {
    "rsanchez-macias": [
      {
        "insertions": 1,
        "deletions": 5,
        "date": "2020-01-15",
        "commitResults": [
          {
            "hash": "2846ffe5e1e0cd74f5b302918ce3bf526b3c1a02",
            "messageTitle": "Change logo of the project",
            "messageBody": "",
            "insertions": 1,
            "deletions": 5
          }
        ]
      },
      {
        "insertions": 83,
        "deletions": 2,
        "date": "2020-01-19",
        "commitResults": [
          {
            "hash": "a783c29b8230e1851d76b15971312df05ea9def5",
            "messageTitle": "Add iP L1 increment as stated by Week 2 guidelines",
            "messageBody": "",
            "tags": [
              "Level-1"
            ],
            "insertions": 83,
            "deletions": 2
          }
        ]
      },
      {
        "insertions": 138,
        "deletions": 24,
        "date": "2020-01-26",
        "commitResults": [
          {
            "hash": "ce04c9c4d4a74d22333c83ee9aaeeb14a9687599",
            "messageTitle": "Add Level-2 increment: ability to add and list tasks",
            "messageBody": "",
            "tags": [
              "Level-2"
            ],
            "insertions": 46,
            "deletions": 7
          },
          {
            "hash": "bd2ee141f294efecf1538c8b8b0a1e8fd8efc499",
            "messageTitle": "Add Level-3 increment: Being able to mark tasks as done",
            "messageBody": "",
            "insertions": 4,
            "deletions": 0
          },
          {
            "hash": "cdeb63f1842f062b225774d739ac05266eb227c5",
            "messageTitle": "Add Level-3 increment: Being able to mark tasks as completed",
            "messageBody": "",
            "tags": [
              "Level-3"
            ],
            "insertions": 84,
            "deletions": 13
          },
          {
            "hash": "d2769881b13d6d8b33e94d7189148de47d46eff0",
            "messageTitle": "Add A-CodingStandard increment: tweaked code to hopefully follow coding standards",
            "messageBody": "",
            "tags": [
              "A-CodingStandard"
            ],
            "insertions": 4,
            "deletions": 4
          }
        ]
      },
      {
        "insertions": 482,
        "deletions": 46,
        "date": "2020-02-04",
        "commitResults": [
          {
            "hash": "03e9d5587b808e612a31746554ffcbb8add86084",
            "messageTitle": "Add Level-4 increment: Being able to organize tasks into three different subcategories",
            "messageBody": "",
            "tags": [
              "Level-4"
            ],
            "insertions": 346,
            "deletions": 33
          },
          {
            "hash": "27fb3b06a2b119700c46fea02ed9146339840752",
            "messageTitle": "Add A-TextUiTesting: new directory containing test cases for the project so far",
            "messageBody": "",
            "tags": [
              "A-TextUiTesting"
            ],
            "insertions": 136,
            "deletions": 13
          }
        ]
      },
      {
        "insertions": 492,
        "deletions": 334,
        "date": "2020-02-09",
        "commitResults": [
          {
            "hash": "4c0e6daa52024bcb4fd7ad30c92b5a032f7046a9",
            "messageTitle": "Refactor code: add task manager and a UI class. Still need to refactor code that handles commands",
            "messageBody": "",
            "tags": [
              "A-CodeQuality"
            ],
            "insertions": 382,
            "deletions": 285
          },
          {
            "hash": "77bf5ff04c3138c73858056c16775320dec5bf2f",
            "messageTitle": "Implement minimal exceptions to handle errors for empty todo description and invalid command",
            "messageBody": "",
            "insertions": 110,
            "deletions": 49
          }
        ]
      },
      {
        "insertions": 37,
        "deletions": 10,
        "date": "2020-02-10",
        "commitResults": [
          {
            "hash": "e4951f7fef10043fc0fd463db79a318f15dd20de",
            "messageTitle": "Divide classes into packages. Command package needs more work",
            "messageBody": "",
            "insertions": 37,
            "deletions": 10
          }
        ]
      },
      {
        "insertions": 97,
        "deletions": 6,
        "date": "2020-02-13",
        "commitResults": [
          {
            "hash": "8655ef5cdc9b108a459c775613c7c2b53f341098",
            "messageTitle": "Add Level-6 increment: support removing tasks from the list",
            "messageBody": "",
            "insertions": 97,
            "deletions": 6
          }
        ]
      },
      {
        "insertions": 377,
        "deletions": 256,
        "date": "2020-02-14",
        "commitResults": [
          {
            "hash": "6a4f91b3dc09fca1cb15ae0cbe5a661e73029f1d",
            "messageTitle": "Refactor command types into classes and input processor into its own class",
            "messageBody": "",
            "insertions": 377,
            "deletions": 256
          }
        ]
      },
      {
        "insertions": 187,
        "deletions": 19,
        "date": "2020-02-15",
        "commitResults": [
          {
            "hash": "9c5beab9f1b14c148c02a413fca1682b8b2707c5",
            "messageTitle": "Add increment Level-6: Being able to save tasks in file",
            "messageBody": "",
            "insertions": 171,
            "deletions": 18
          },
          {
            "hash": "5d5b946bce48fb9492a8e4d0df33b38ca99d7688",
            "messageTitle": "Add A-Jar increment: create a directory to store data if not available",
            "messageBody": "",
            "tags": [
              "v0.1.0",
              "A-Jar"
            ],
            "insertions": 16,
            "deletions": 1
          }
        ]
      },
      {
        "insertions": 1737,
        "deletions": 632,
        "date": "2020-03-01",
        "commitResults": [
          {
            "hash": "d568da4d3e2d0506b26ad5db28cf509f11fc9204",
            "messageTitle": "Refactor UI methods into Messages class, and reorganize code accordingly",
            "messageBody": "",
            "insertions": 672,
            "deletions": 357
          },
          {
            "hash": "406df90775e6d18f3b5ec26676d3d7b0f2b78db3",
            "messageTitle": "Add debug mode to support the text-ui-test",
            "messageBody": "",
            "tags": [
              "A-MoreOOP"
            ],
            "insertions": 62,
            "deletions": 27
          },
          {
            "hash": "fc543d98dc4db3e58d9386e141186323d85507f0",
            "messageTitle": "Add date and time functionality to deadlines",
            "messageBody": "",
            "insertions": 236,
            "deletions": 27
          },
          {
            "hash": "9541b0bca947b633a1cc30a692197a28e19700d6",
            "messageTitle": "Add find command to program and edit script file to test it",
            "messageBody": "",
            "insertions": 90,
            "deletions": 7
          },
          {
            "hash": "70b102ec125bbb54b1a006ce96c586baf9dd4590",
            "messageTitle": "Add JavaDoc to at least half of non-private methods.",
            "messageBody": "",
            "insertions": 407,
            "deletions": 133
          },
          {
            "hash": "23ad99a3fe0501c81ba5721ed2a1bbe02be21c3a",
            "messageTitle": "Fix conflicts in the script file",
            "messageBody": "",
            "insertions": 6,
            "deletions": 7
          },
          {
            "hash": "b1ae6300462eb2373f332999c7b05625abf9124e",
            "messageTitle": "Add JavaDoc for Level-8 and Level-9 increments.",
            "messageBody": "",
            "insertions": 86,
            "deletions": 12
          },
          {
            "hash": "d7257eaad82faa554c6de4c7c2c76ed44c55041d",
            "messageTitle": "Add UG to README file",
            "messageBody": "",
            "tags": [
              "A-UserGuide"
            ],
            "insertions": 100,
            "deletions": 11
          },
          {
            "hash": "cbd5c9b14f429095e88f2aea49cf09dbf844e397",
            "messageTitle": "Link sections in UG and update help command",
            "messageBody": "",
            "insertions": 12,
            "deletions": 5
          },
          {
            "hash": "f24b71ef9e1d6a38443f6c40e09874000057fa9b",
            "messageTitle": "Update UG, fix typos",
            "messageBody": "",
            "insertions": 10,
            "deletions": 1
          },
          {
            "hash": "bd80e29f78be4d0a175bf875d2dc079bf23da38e",
            "messageTitle": "Suppress terminal warning given by Gson",
            "messageBody": "",
            "tags": [
              "v0.2.0"
            ],
            "insertions": 56,
            "deletions": 45
          }
        ]
      },
      {
        "insertions": 17,
        "deletions": 16,
        "date": "2020-03-02",
        "commitResults": [
          {
            "hash": "2d3b9b66f6a9da4db0164ad45eb4627f7b099a40",
            "messageTitle": "Change Unicode symbols to support visibility in Windows computer",
            "messageBody": "",
            "tags": [
              "A-Release"
            ],
            "insertions": 17,
            "deletions": 16
          }
        ]
      }
    ]
  },
  "authorFinalContributionMap": {
    "rsanchez-macias": 2324
  },
  "authorFileTypeContributionMap": {
    "rsanchez-macias": {
      "java": 2033,
      "md": 111,
      "fxml": 0,
      "sh": 45,
      "bat": 0,
      "gradle": 0,
      "txt": 135
    }
  },
  "authorContributionVariance": {
    "rsanchez-macias": 131283.16
  },
  "authorDisplayNameMap": {
    "rsanchez-macias": "CS2113-T14-3 SANC..ARDO"
  }
}
