{
  "authorDailyContributionsMap": {
    "rsanchez-macias": [
      {
        "insertions": 1,
        "deletions": 5,
        "date": "2020-01-15",
        "commitResults": [
          {
            "hash": "2846ffe5e1e0cd74f5b302918ce3bf526b3c1a02",
            "messageTitle": "Change logo of the project",
            "messageBody": "",
            "insertions": 1,
            "deletions": 5
          }
        ]
      },
      {
        "insertions": 83,
        "deletions": 2,
        "date": "2020-01-19",
        "commitResults": [
          {
            "hash": "a783c29b8230e1851d76b15971312df05ea9def5",
            "messageTitle": "Add iP L1 increment as stated by Week 2 guidelines",
            "messageBody": "",
            "tags": [
              "Level-1"
            ],
            "insertions": 83,
            "deletions": 2
          }
        ]
      },
      {
        "insertions": 138,
        "deletions": 24,
        "date": "2020-01-26",
        "commitResults": [
          {
            "hash": "ce04c9c4d4a74d22333c83ee9aaeeb14a9687599",
            "messageTitle": "Add Level-2 increment: ability to add and list tasks",
            "messageBody": "",
            "tags": [
              "Level-2"
            ],
            "insertions": 46,
            "deletions": 7
          },
          {
            "hash": "bd2ee141f294efecf1538c8b8b0a1e8fd8efc499",
            "messageTitle": "Add Level-3 increment: Being able to mark tasks as done",
            "messageBody": "",
            "insertions": 4,
            "deletions": 0
          },
          {
            "hash": "cdeb63f1842f062b225774d739ac05266eb227c5",
            "messageTitle": "Add Level-3 increment: Being able to mark tasks as completed",
            "messageBody": "",
            "tags": [
              "Level-3"
            ],
            "insertions": 84,
            "deletions": 13
          },
          {
            "hash": "d2769881b13d6d8b33e94d7189148de47d46eff0",
            "messageTitle": "Add A-CodingStandard increment: tweaked code to hopefully follow coding standards",
            "messageBody": "",
            "tags": [
              "A-CodingStandard"
            ],
            "insertions": 4,
            "deletions": 4
          }
        ]
      },
      {
        "insertions": 482,
        "deletions": 46,
        "date": "2020-02-04",
        "commitResults": [
          {
            "hash": "03e9d5587b808e612a31746554ffcbb8add86084",
            "messageTitle": "Add Level-4 increment: Being able to organize tasks into three different subcategories",
            "messageBody": "",
            "tags": [
              "Level-4"
            ],
            "insertions": 346,
            "deletions": 33
          },
          {
            "hash": "27fb3b06a2b119700c46fea02ed9146339840752",
            "messageTitle": "Add A-TextUiTesting: new directory containing test cases for the project so far",
            "messageBody": "",
            "tags": [
              "A-TextUiTesting"
            ],
            "insertions": 136,
            "deletions": 13
          }
        ]
      }
    ]
  },
  "authorFinalContributionMap": {
    "rsanchez-macias": 633
  },
  "authorFileTypeContributionMap": {
    "rsanchez-macias": {
      "java": 520,
      "md": 0,
      "fxml": 0,
      "sh": 34,
      "bat": 0,
      "gradle": 0,
      "txt": 79
    }
  },
  "authorContributionVariance": {
    "rsanchez-macias": 12424.737
  },
  "authorDisplayNameMap": {
    "rsanchez-macias": "CS2113-T14-3 SANC..ARDO"
  }
}
