{
  "authorDailyContributionsMap": {
    "wangqinNick": [
      {
        "insertions": 47,
        "deletions": 6,
        "date": "2020-01-17",
        "commitResults": [
          {
            "hash": "a98cf9996793e9198867aa0e1e87c6ca864dea9b",
            "messageTitle": "v1.0 add echo",
            "messageBody": "",
            "tags": [
              "Level-1",
              "Level-0"
            ],
            "insertions": 47,
            "deletions": 6
          }
        ]
      },
      {
        "insertions": 504,
        "deletions": 80,
        "date": "2020-01-22",
        "commitResults": [
          {
            "hash": "f028311a8f702c8fff3a5e0b515a1a183aa48ed3",
            "messageTitle": "Extract TextUi class",
            "messageBody": "",
            "insertions": 40,
            "deletions": 25
          },
          {
            "hash": "6d67bb115dfc030297eea5ad3ff198219fffd400",
            "messageTitle": "Abstract Parser class, Messages class, Command class",
            "messageBody": "",
            "insertions": 144,
            "deletions": 27
          },
          {
            "hash": "587ae628bcaa412c019c56db0c0a991d0c551081",
            "messageTitle": "Add add function",
            "messageBody": "",
            "insertions": 192,
            "deletions": 17
          },
          {
            "hash": "49ef42a0cb129d4ab945f8c95bf12084c274ebbc",
            "messageTitle": "Add list function [Level 2]",
            "messageBody": "",
            "tags": [
              "Level-2"
            ],
            "insertions": 60,
            "deletions": 7
          },
          {
            "hash": "d795532ce47ef69e0fa86c634ca1fe036a12baeb",
            "messageTitle": "Add done function [Level 3]",
            "messageBody": "",
            "tags": [
              "Level-3"
            ],
            "insertions": 68,
            "deletions": 4
          }
        ]
      },
      {
        "insertions": 408,
        "deletions": 71,
        "date": "2020-01-23",
        "commitResults": [
          {
            "hash": "226493bb17075fa0e5aab93f731fcf4963d771b0",
            "messageTitle": "Add Todo Task",
            "messageBody": "",
            "insertions": 125,
            "deletions": 39
          },
          {
            "hash": "4af20dd48e97ae7d1fe0dfe51177739e3478ca3a",
            "messageTitle": "Add class Deadline Task",
            "messageBody": "",
            "insertions": 102,
            "deletions": 25
          },
          {
            "hash": "d9f40396ee1895f1eff204436696c72988619729",
            "messageTitle": "Add class EventTask",
            "messageBody": "",
            "tags": [
              "A-Inheritance"
            ],
            "insertions": 4,
            "deletions": 0
          },
          {
            "hash": "5ccd52336c8d9abb4113da9050d21a1e75f58b9f",
            "messageTitle": "[Edited] Add class Event Task",
            "messageBody": "",
            "tags": [
              "A-Collections",
              "A-CodingStandard"
            ],
            "insertions": 83,
            "deletions": 7
          },
          {
            "hash": "d89e3ea7b4197f3769e9678fa0516c484bb678dc",
            "messageTitle": "Add package commands.add",
            "messageBody": "",
            "tags": [
              "A-Packages"
            ],
            "insertions": 94,
            "deletions": 0
          }
        ]
      },
      {
        "insertions": 0,
        "deletions": 94,
        "date": "2020-01-24",
        "commitResults": [
          {
            "hash": "88ccaacb11bb917f15b7698954ec9256846d48ab",
            "messageTitle": "[Edited] refine package commands.add",
            "messageBody": "",
            "tags": [
              "A-CodeQuality"
            ],
            "insertions": 0,
            "deletions": 94
          }
        ]
      },
      {
        "insertions": 35,
        "deletions": 0,
        "date": "2020-01-26",
        "commitResults": [
          {
            "hash": "761daa8a96438c5ea8b689ccdbae1d33be9d09f2",
            "messageTitle": "Add Text UI Testing [Not Working due to package issues]",
            "messageBody": "",
            "insertions": 35,
            "deletions": 0
          }
        ]
      },
      {
        "insertions": 307,
        "deletions": 36,
        "date": "2020-01-27",
        "commitResults": [
          {
            "hash": "bb6ad8a5ff008878e9761bc8ee661e8135fc486f",
            "messageTitle": "Add Help function",
            "messageBody": "",
            "insertions": 90,
            "deletions": 13
          },
          {
            "hash": "19347266f8fb11dac719fb199a947055b9019e52",
            "messageTitle": "Add Clear Command",
            "messageBody": "",
            "tags": [
              "Level-5"
            ],
            "insertions": 48,
            "deletions": 17
          },
          {
            "hash": "d9075cd0bb9fe3dc06c4ec6acafe55b2f9ffa117",
            "messageTitle": "Add Delete Function [Not Perfect]",
            "messageBody": "",
            "insertions": 12,
            "deletions": 0
          },
          {
            "hash": "b880add9d6464617dc31e101b33fafe55b37f66b",
            "messageTitle": "Add more func to Delete Function",
            "messageBody": "",
            "tags": [
              "Level-6"
            ],
            "insertions": 157,
            "deletions": 6
          }
        ]
      },
      {
        "insertions": 11,
        "deletions": 22,
        "date": "2020-01-30",
        "commitResults": [
          {
            "hash": "42fcc41bc712172be6290ca3ae05588cbca5ed82",
            "messageTitle": "clean up code",
            "messageBody": "",
            "tags": [
              "A-MoreOOP"
            ],
            "insertions": 11,
            "deletions": 22
          }
        ]
      },
      {
        "insertions": 440,
        "deletions": 126,
        "date": "2020-02-01",
        "commitResults": [
          {
            "hash": "7da099db3541c1e01df7c630fe354c13ff4f4514",
            "messageTitle": "Add Save (to file) [Level 7]",
            "messageBody": "",
            "tags": [
              "Level-7"
            ],
            "insertions": 179,
            "deletions": 17
          },
          {
            "hash": "023f9def8f770dbdd0bfb9b603145dab0ba2b094",
            "messageTitle": "Add Find function (have not edited the format)",
            "messageBody": "",
            "insertions": 95,
            "deletions": 75
          },
          {
            "hash": "d12b5ae4adb97204f8924a9e154a50546d4bed7b",
            "messageTitle": "Improve Find function",
            "messageBody": "",
            "insertions": 3,
            "deletions": 1
          },
          {
            "hash": "8a1d643318d849820c61b0aca259d2733e08da4d",
            "messageTitle": "Add Date Parse Only for Deadline Tasks [Level 8 Minimal]",
            "messageBody": "",
            "insertions": 128,
            "deletions": 6
          },
          {
            "hash": "1ebb042c5f9337a16a522485df1797f20fe53f43",
            "messageTitle": "Improve Date Parse for Deadline Tasks",
            "messageBody": "",
            "insertions": 35,
            "deletions": 27
          }
        ]
      },
      {
        "insertions": 116,
        "deletions": 39,
        "date": "2020-02-03",
        "commitResults": [
          {
            "hash": "3df331f0bab116c8898139579896a7e8d83fbbcf",
            "messageTitle": "abstract more methods",
            "messageBody": "",
            "insertions": 116,
            "deletions": 39
          }
        ]
      },
      {
        "insertions": 58,
        "deletions": 21,
        "date": "2020-02-04",
        "commitResults": [
          {
            "hash": "21ae69e9c3c9c4155a623f5ab34ba711ee64c3b8",
            "messageTitle": "Debug find function (fix auto-clear issue)",
            "messageBody": "",
            "insertions": 21,
            "deletions": 8
          },
          {
            "hash": "31521de46dd3b45edfb88365aaf5bf923a009e27",
            "messageTitle": "debug and clean Done / Delete function",
            "messageBody": "",
            "insertions": 37,
            "deletions": 13
          }
        ]
      },
      {
        "insertions": 444,
        "deletions": 200,
        "date": "2020-02-05",
        "commitResults": [
          {
            "hash": "393ce9a66cf431d486c3691e536258c230958ccc",
            "messageTitle": "Implement gradle -minimal level",
            "messageBody": "",
            "insertions": 1,
            "deletions": 1
          },
          {
            "hash": "52a9177ca6b2f9901064a50769c6d32012c959e1",
            "messageTitle": "Fixed exceptions-not-handled bug",
            "messageBody": "",
            "tags": [
              "A-Exceptions"
            ],
            "insertions": 3,
            "deletions": 3
          },
          {
            "hash": "984f0ce13913529b0091d0b656ff61f99b947891",
            "messageTitle": "implement gradle",
            "messageBody": "",
            "tags": [
              "A-Gradle"
            ],
            "insertions": 37,
            "deletions": 3
          },
          {
            "hash": "ae1c4994832abd3f4da985afce4244d1e684e323",
            "messageTitle": "Add echo v1.0",
            "messageBody": "",
            "insertions": 8,
            "deletions": 0
          },
          {
            "hash": "82fb76ee39c45c88227036cd50b89fe461628b8e",
            "messageTitle": "add echo v1.1",
            "messageBody": "",
            "insertions": 160,
            "deletions": 5
          },
          {
            "hash": "1040e6e70bb28e7f1834a7146cf6356e209f1950",
            "messageTitle": "Add Echo javaFX v1.5",
            "messageBody": "",
            "insertions": 29,
            "deletions": 2
          },
          {
            "hash": "84a81ca7a8f3fbead502f00c8746c1dee1436a30",
            "messageTitle": "clean up code",
            "messageBody": "",
            "insertions": 142,
            "deletions": 136
          },
          {
            "hash": "8ea03112776c02d9efd4a728234787a2c7b3f337",
            "messageTitle": "refactor javaFX methods",
            "messageBody": "",
            "insertions": 64,
            "deletions": 50
          }
        ]
      },
      {
        "insertions": 254,
        "deletions": 67,
        "date": "2020-02-06",
        "commitResults": [
          {
            "hash": "42e31b787a781263db0d0cdfd79d1c73ff120a50",
            "messageTitle": "clean up code",
            "messageBody": "",
            "insertions": 54,
            "deletions": 51
          },
          {
            "hash": "33f3c413bcf4d9a12d96a791f06a0f70baf45d40",
            "messageTitle": "Integrate GUI with Duke (still have bugs) v2.0",
            "messageBody": "",
            "insertions": 200,
            "deletions": 16
          }
        ]
      },
      {
        "insertions": 65,
        "deletions": 14,
        "date": "2020-02-07",
        "commitResults": [
          {
            "hash": "f345eee8cc20de6ec0b767d068fbb6e5e4bbdbc2",
            "messageTitle": "clean up",
            "messageBody": "",
            "insertions": 1,
            "deletions": 5
          },
          {
            "hash": "4a2578ddabb656123c270d99c07afa984ad37697",
            "messageTitle": "Add further text-ui",
            "messageBody": "",
            "insertions": 56,
            "deletions": 3
          },
          {
            "hash": "4a791889ee97ef85361d8441315625da3e2f8d3e",
            "messageTitle": "Update test ui file",
            "messageBody": "",
            "tags": [
              "A-TextUiTesting"
            ],
            "insertions": 8,
            "deletions": 6
          }
        ]
      },
      {
        "insertions": 239,
        "deletions": 140,
        "date": "2020-02-08",
        "commitResults": [
          {
            "hash": "c5796c11257e838f47b0d8af87ce20987882eb65",
            "messageTitle": "clean up",
            "messageBody": "",
            "insertions": 58,
            "deletions": 50
          },
          {
            "hash": "be00e66499d58803b088942f20e0b33c12a4bf2a",
            "messageTitle": "move print functions to message",
            "messageBody": "",
            "insertions": 4,
            "deletions": 11
          },
          {
            "hash": "c14c810c1cc3da04d3da7705a5fa7d2dab73b779",
            "messageTitle": "clean up print functions",
            "messageBody": "",
            "insertions": 1,
            "deletions": 1
          },
          {
            "hash": "4b5c6ce884a878449441a3313fdc310b065c9fe6",
            "messageTitle": "Update List function to be compatible with javaFX",
            "messageBody": "",
            "insertions": 24,
            "deletions": 17
          },
          {
            "hash": "219a22f6a80c2ec24ba5fb67fc5b638baf7cf78e",
            "messageTitle": "Update Find function to be compatible with javaFX",
            "messageBody": "",
            "tags": [
              "A-JavaFx"
            ],
            "insertions": 4,
            "deletions": 2
          },
          {
            "hash": "d0b0db4f12251538838ae49b19b317f400b05dad",
            "messageTitle": "Add taskIndex field to Task object",
            "messageBody": "",
            "insertions": 40,
            "deletions": 29
          },
          {
            "hash": "8319b6bc7948dc59861911d84d615ef68535f80f",
            "messageTitle": "Add taskID",
            "messageBody": "",
            "insertions": 41,
            "deletions": 26
          },
          {
            "hash": "52e8c8345df8fb86f2318a52f8f6b9c18791ac9f",
            "messageTitle": "Add two .fxml file in resources/view",
            "messageBody": "",
            "insertions": 67,
            "deletions": 4
          }
        ]
      }
    ]
  },
  "authorFinalContributionMap": {
    "wangqinNick": 2024
  },
  "authorFileTypeContributionMap": {
    "wangqinNick": {
      "java": 1856,
      "md": 0,
      "fxml": 35,
      "sh": 39,
      "bat": 0,
      "gradle": 39,
      "txt": 55
    }
  },
  "authorContributionVariance": {
    "wangqinNick": 43448.676
  },
  "authorDisplayNameMap": {
    "wangqinNick": "CS2113T-T13-2 WANG.. QIN"
  }
}
