{
  "authorDailyContributionsMap": {
    "wangqinNick": [
      {
        "insertions": 47,
        "deletions": 6,
        "date": "2020-01-17",
        "commitResults": [
          {
            "hash": "a98cf9996793e9198867aa0e1e87c6ca864dea9b",
            "messageTitle": "v1.0 add echo",
            "messageBody": "",
            "insertions": 47,
            "deletions": 6
          }
        ]
      },
      {
        "insertions": 504,
        "deletions": 80,
        "date": "2020-01-22",
        "commitResults": [
          {
            "hash": "f028311a8f702c8fff3a5e0b515a1a183aa48ed3",
            "messageTitle": "Extract TextUi class",
            "messageBody": "",
            "insertions": 40,
            "deletions": 25
          },
          {
            "hash": "6d67bb115dfc030297eea5ad3ff198219fffd400",
            "messageTitle": "Abstract Parser class, Messages class, Command class",
            "messageBody": "",
            "insertions": 144,
            "deletions": 27
          },
          {
            "hash": "587ae628bcaa412c019c56db0c0a991d0c551081",
            "messageTitle": "Add add function",
            "messageBody": "",
            "insertions": 192,
            "deletions": 17
          },
          {
            "hash": "49ef42a0cb129d4ab945f8c95bf12084c274ebbc",
            "messageTitle": "Add list function [Level 2]",
            "messageBody": "",
            "tags": [
              "Level-2"
            ],
            "insertions": 60,
            "deletions": 7
          },
          {
            "hash": "d795532ce47ef69e0fa86c634ca1fe036a12baeb",
            "messageTitle": "Add done function [Level 3]",
            "messageBody": "",
            "tags": [
              "Level-3"
            ],
            "insertions": 68,
            "deletions": 4
          }
        ]
      },
      {
        "insertions": 408,
        "deletions": 71,
        "date": "2020-01-23",
        "commitResults": [
          {
            "hash": "226493bb17075fa0e5aab93f731fcf4963d771b0",
            "messageTitle": "Add Todo Task",
            "messageBody": "",
            "insertions": 125,
            "deletions": 39
          },
          {
            "hash": "4af20dd48e97ae7d1fe0dfe51177739e3478ca3a",
            "messageTitle": "Add class Deadline Task",
            "messageBody": "",
            "insertions": 102,
            "deletions": 25
          },
          {
            "hash": "d9f40396ee1895f1eff204436696c72988619729",
            "messageTitle": "Add class EventTask",
            "messageBody": "",
            "insertions": 4,
            "deletions": 0
          },
          {
            "hash": "5ccd52336c8d9abb4113da9050d21a1e75f58b9f",
            "messageTitle": "[Edited] Add class Event Task",
            "messageBody": "",
            "insertions": 83,
            "deletions": 7
          },
          {
            "hash": "d89e3ea7b4197f3769e9678fa0516c484bb678dc",
            "messageTitle": "Add package commands.add",
            "messageBody": "",
            "insertions": 94,
            "deletions": 0
          }
        ]
      },
      {
        "insertions": 58,
        "deletions": 150,
        "date": "2020-01-24",
        "commitResults": [
          {
            "hash": "88ccaacb11bb917f15b7698954ec9256846d48ab",
            "messageTitle": "[Edited] refine package commands.add",
            "messageBody": "",
            "insertions": 0,
            "deletions": 94
          },
          {
            "hash": "f887d63a0b8ade43073bf7bdef7adc20d360a8ac",
            "messageTitle": "[Dangerous Edited] Follow the file/package structure of addressbok",
            "messageBody": "",
            "insertions": 58,
            "deletions": 56
          }
        ]
      }
    ]
  },
  "authorFinalContributionMap": {
    "wangqinNick": 718
  },
  "authorFileTypeContributionMap": {
    "wangqinNick": {
      "java": 718,
      "md": 0,
      "fxml": 0,
      "sh": 0,
      "bat": 0,
      "gradle": 0,
      "txt": 0
    }
  },
  "authorContributionVariance": {
    "wangqinNick": 39207.387
  },
  "authorDisplayNameMap": {
    "wangqinNick": "WANG.. QIN"
  }
}
