{
  "authorDailyContributionsMap": {
    "g-lilian": [
      {
        "insertions": 70,
        "deletions": 24,
        "date": "2020-01-20",
        "commitResults": [
          {
            "hash": "df78db4796de3f784cf724960969d897f9336536",
            "messageTitle": "Add L0: Greet user",
            "messageBody": "Duke greets the user and exits.\n",
            "tags": [
              "Level-0"
            ],
            "insertions": 11,
            "deletions": 0
          },
          {
            "hash": "ee5b0237f83994d840868a574741f16255f5ac4a",
            "messageTitle": "Customise personality",
            "messageBody": "",
            "insertions": 14,
            "deletions": 6
          },
          {
            "hash": "1b47fe03aff9314db6cd0b98c6a5779a646648df",
            "messageTitle": "Add L1: Echo, Exit",
            "messageBody": "Dook echoes user commands and exits when the command is \"bye\".\n",
            "tags": [
              "Level-1"
            ],
            "insertions": 9,
            "deletions": 0
          },
          {
            "hash": "cdb11fbe6973e190e5cde57e3145e44c2724da82",
            "messageTitle": "Add L2: Add, List",
            "messageBody": "Dook stores text entered by user and displays them when \"list\" command is entered,\n",
            "tags": [
              "Level-2"
            ],
            "insertions": 36,
            "deletions": 18
          }
        ]
      },
      {
        "insertions": 75,
        "deletions": 45,
        "date": "2020-01-25",
        "commitResults": [
          {
            "hash": "f7dd3043b279b49010cc826548a05ffa7e8c8e64",
            "messageTitle": "Add L3: Mark as Done",
            "messageBody": "Added ability to mark tasks as done and list the completion status of tasks.\n",
            "tags": [
              "Level-3"
            ],
            "insertions": 55,
            "deletions": 30
          },
          {
            "hash": "36e7d4434e99f3a0447de1f1b34493f012bc61b0",
            "messageTitle": "Comply with coding standard",
            "messageBody": "",
            "insertions": 20,
            "deletions": 15
          }
        ]
      },
      {
        "insertions": 39,
        "deletions": 24,
        "date": "2020-01-28",
        "commitResults": [
          {
            "hash": "ca28de3733b87589347c6fa5716f626900b796ca",
            "messageTitle": "Modify code style",
            "messageBody": "Edited to remove errors in code style, and added Task as new class.\n",
            "tags": [
              "A-CodingStandard"
            ],
            "insertions": 39,
            "deletions": 24
          }
        ]
      },
      {
        "insertions": 169,
        "deletions": 90,
        "date": "2020-02-01",
        "commitResults": [
          {
            "hash": "71213fef10d8fca6f3735c2db82d5520bf3f42fc",
            "messageTitle": "Add L4: ToDo, Event, Deadline",
            "messageBody": "Created subclasses for the different task types.\n",
            "tags": [
              "Level-4"
            ],
            "insertions": 137,
            "deletions": 54
          },
          {
            "hash": "07b99cca01f2f52170feae78927bc2046a0759e1",
            "messageTitle": "Improve code quality",
            "messageBody": "Refactored code and merged repetitive sections.\n",
            "tags": [
              "A-CodeQuality"
            ],
            "insertions": 32,
            "deletions": 36
          }
        ]
      },
      {
        "insertions": 157,
        "deletions": 96,
        "date": "2020-02-08",
        "commitResults": [
          {
            "hash": "1bac94c1dcd3ea801382b477b8b65fcf19381e36",
            "messageTitle": "Refactor UI messages",
            "messageBody": "Added UI class and moved UI code from Duke to UI class.\n",
            "insertions": 64,
            "deletions": 52
          },
          {
            "hash": "3dfdee04d88c9cb03f49a00ba917a7540104cf6b",
            "messageTitle": "Add L5: Handle Errors",
            "messageBody": "Added exceptions for invalid user input and missing task descriptions.\n",
            "insertions": 73,
            "deletions": 43
          },
          {
            "hash": "9b80d54b45f4772dbf85dbd45e586d13fbc3e325",
            "messageTitle": "Organise into packages",
            "messageBody": "Organised task-related classes and exceptions into packages.\n",
            "tags": [
              "A-Packages"
            ],
            "insertions": 20,
            "deletions": 1
          }
        ]
      },
      {
        "insertions": 45,
        "deletions": 21,
        "date": "2020-02-14",
        "commitResults": [
          {
            "hash": "62e7581c4e46fa074053d5bcf25043bb3ec4e70f",
            "messageTitle": "Use ArrayList",
            "messageBody": "Updated code to use ArrayList for tasks.\n",
            "tags": [
              "A-Collections"
            ],
            "insertions": 23,
            "deletions": 12
          },
          {
            "hash": "3473af481bddf592b72bf7d4f738acb48450a8e0",
            "messageTitle": "Add L6: Delete",
            "messageBody": "Added delete task functionality and exception handling when user tries to delete non-existent task.\n",
            "tags": [
              "Level-6"
            ],
            "insertions": 22,
            "deletions": 9
          }
        ]
      },
      {
        "insertions": 101,
        "deletions": 2,
        "date": "2020-02-15",
        "commitResults": [
          {
            "hash": "61e6d724dd5302074db44d21cd9f578e95882982",
            "messageTitle": "Add L7: Save",
            "messageBody": "Added load and save functionality.\n",
            "tags": [
              "Level-7"
            ],
            "insertions": 101,
            "deletions": 2
          }
        ]
      },
      {
        "insertions": 328,
        "deletions": 137,
        "date": "2020-02-25",
        "commitResults": [
          {
            "hash": "22d8d29493f1813772765efafed48821dcf17429",
            "messageTitle": "More OOP",
            "messageBody": "Performed major refactoring to make the code more OOP.\n",
            "tags": [
              "A-MoreOOP"
            ],
            "insertions": 315,
            "deletions": 135
          },
          {
            "hash": "dccb0084e64313a12d376285d3ddc8e46775331a",
            "messageTitle": "Add L8: Dates",
            "messageBody": "Enabled deadline tasks to understand dates and print them in a different format.\n",
            "tags": [
              "Level-8"
            ],
            "insertions": 13,
            "deletions": 2
          }
        ]
      },
      {
        "insertions": 385,
        "deletions": 91,
        "date": "2020-02-26",
        "commitResults": [
          {
            "hash": "5926a5f0905485b0b1512ab4e5a48fc18551d7e0",
            "messageTitle": "Add L9: Find",
            "messageBody": "Added find command that enables users to search for tasks based on matching words.\n",
            "tags": [
              "Level-9"
            ],
            "insertions": 48,
            "deletions": 11
          },
          {
            "hash": "858496bd2a834e70de12823e7b15ba5d239aa6b9",
            "messageTitle": "Add JavaDoc comments",
            "messageBody": "Included JavaDoc comments for classes and methods.\n",
            "tags": [
              "A-JavaDoc"
            ],
            "insertions": 143,
            "deletions": 15
          },
          {
            "hash": "11beb026726c3c2333c397cb903d2630a7c00302",
            "messageTitle": "Add user guide",
            "messageBody": "Added user guide with features and keywords.\n",
            "tags": [
              "A-UserGuide"
            ],
            "insertions": 144,
            "deletions": 6
          },
          {
            "hash": "d5d7605b9258b4a4495a6cd87a3b443635b2c7b5",
            "messageTitle": "Fix indentation",
            "messageBody": "Minor fix to correct format of expected outcome for \u0027todo\u0027 command.",
            "insertions": 4,
            "deletions": 4
          },
          {
            "hash": "eb515772de58a86bf9ed17b2cbeabf8ea8013659",
            "messageTitle": "Fix errors with exceptions",
            "messageBody": "Fixed multiple errors with exception handling, handled IndexOutOfBounds exceptions for add task commands.\n",
            "insertions": 46,
            "deletions": 55
          }
        ]
      },
      {
        "insertions": 129,
        "deletions": 20,
        "date": "2020-02-27",
        "commitResults": [
          {
            "hash": "23a54a9404fdd19f6dae39fd68dcd47390df2857",
            "messageTitle": "Add more JavaDoc comments.",
            "messageBody": "Included more comprehensive JavaDoc comments for more methods and constructors.\n",
            "tags": [
              "v0.2",
              "A-Release"
            ],
            "insertions": 119,
            "deletions": 10
          },
          {
            "hash": "a9bc3941061a9e595200690a84159fcf582c2539",
            "messageTitle": "Update README.md to clearer format",
            "messageBody": "Edited with more specific Usage instructions.",
            "insertions": 10,
            "deletions": 10
          }
        ]
      },
      {
        "insertions": 44,
        "deletions": 38,
        "date": "2020-02-28",
        "commitResults": [
          {
            "hash": "2b4634384c873c4b7232253567ca969061c0c9c5",
            "messageTitle": "Add classes into duke package",
            "messageBody": "Placed every class into a base package duke.\n",
            "insertions": 44,
            "deletions": 38
          }
        ]
      }
    ]
  },
  "authorFinalContributionMap": {
    "g-lilian": 970
  },
  "authorFileTypeContributionMap": {
    "g-lilian": {
      "java": 826,
      "md": 144,
      "fxml": 0,
      "sh": 0,
      "bat": 0,
      "gradle": 0,
      "txt": 0
    }
  },
  "authorContributionVariance": {
    "g-lilian": 11669.282
  },
  "authorDisplayNameMap": {
    "g-lilian": "CS2113-T14-1 GUO ..LIAN"
  }
}
