{
  "authorDailyContributionsMap": {
    "g-lilian": [
      {
        "insertions": 70,
        "deletions": 24,
        "date": "2020-01-20",
        "commitResults": [
          {
            "hash": "df78db4796de3f784cf724960969d897f9336536",
            "messageTitle": "Add L0: Greet user",
            "messageBody": "Duke greets the user and exits.\n",
            "tags": [
              "Level-0"
            ],
            "insertions": 11,
            "deletions": 0
          },
          {
            "hash": "ee5b0237f83994d840868a574741f16255f5ac4a",
            "messageTitle": "Customise personality",
            "messageBody": "",
            "insertions": 14,
            "deletions": 6
          },
          {
            "hash": "1b47fe03aff9314db6cd0b98c6a5779a646648df",
            "messageTitle": "Add L1: Echo, Exit",
            "messageBody": "Dook echoes user commands and exits when the command is \"bye\".\n",
            "tags": [
              "Level-1"
            ],
            "insertions": 9,
            "deletions": 0
          },
          {
            "hash": "cdb11fbe6973e190e5cde57e3145e44c2724da82",
            "messageTitle": "Add L2: Add, List",
            "messageBody": "Dook stores text entered by user and displays them when \"list\" command is entered,\n",
            "tags": [
              "Level-2"
            ],
            "insertions": 36,
            "deletions": 18
          }
        ]
      },
      {
        "insertions": 75,
        "deletions": 45,
        "date": "2020-01-25",
        "commitResults": [
          {
            "hash": "f7dd3043b279b49010cc826548a05ffa7e8c8e64",
            "messageTitle": "Add L3: Mark as Done",
            "messageBody": "Added ability to mark tasks as done and list the completion status of tasks.\n",
            "tags": [
              "Level-3"
            ],
            "insertions": 55,
            "deletions": 30
          },
          {
            "hash": "36e7d4434e99f3a0447de1f1b34493f012bc61b0",
            "messageTitle": "Comply with coding standard",
            "messageBody": "",
            "insertions": 20,
            "deletions": 15
          }
        ]
      },
      {
        "insertions": 39,
        "deletions": 24,
        "date": "2020-01-28",
        "commitResults": [
          {
            "hash": "ca28de3733b87589347c6fa5716f626900b796ca",
            "messageTitle": "Modify code style",
            "messageBody": "Edited to remove errors in code style, and added Task as new class.\n",
            "tags": [
              "A-CodingStandard"
            ],
            "insertions": 39,
            "deletions": 24
          }
        ]
      },
      {
        "insertions": 169,
        "deletions": 90,
        "date": "2020-02-01",
        "commitResults": [
          {
            "hash": "71213fef10d8fca6f3735c2db82d5520bf3f42fc",
            "messageTitle": "Add L4: ToDo, Event, Deadline",
            "messageBody": "Created subclasses for the different task types.\n",
            "tags": [
              "Level-4"
            ],
            "insertions": 137,
            "deletions": 54
          },
          {
            "hash": "07b99cca01f2f52170feae78927bc2046a0759e1",
            "messageTitle": "Improve code quality",
            "messageBody": "Refactored code and merged repetitive sections.\n",
            "tags": [
              "A-CodeQuality"
            ],
            "insertions": 32,
            "deletions": 36
          }
        ]
      },
      {
        "insertions": 157,
        "deletions": 96,
        "date": "2020-02-08",
        "commitResults": [
          {
            "hash": "1bac94c1dcd3ea801382b477b8b65fcf19381e36",
            "messageTitle": "Refactor UI messages",
            "messageBody": "Added UI class and moved UI code from Duke to UI class.\n",
            "insertions": 64,
            "deletions": 52
          },
          {
            "hash": "3dfdee04d88c9cb03f49a00ba917a7540104cf6b",
            "messageTitle": "Add L5: Handle Errors",
            "messageBody": "Added exceptions for invalid user input and missing task descriptions.\n",
            "insertions": 73,
            "deletions": 43
          },
          {
            "hash": "9b80d54b45f4772dbf85dbd45e586d13fbc3e325",
            "messageTitle": "Organise into packages",
            "messageBody": "Organised task-related classes and exceptions into packages.\n",
            "tags": [
              "A-Packages"
            ],
            "insertions": 20,
            "deletions": 1
          }
        ]
      }
    ]
  },
  "authorFinalContributionMap": {
    "g-lilian": 238
  },
  "authorFileTypeContributionMap": {
    "g-lilian": {
      "java": 238,
      "md": 0,
      "fxml": 0,
      "sh": 0,
      "bat": 0,
      "gradle": 0,
      "txt": 0
    }
  },
  "authorContributionVariance": {
    "g-lilian": 5008.8384
  },
  "authorDisplayNameMap": {
    "g-lilian": "CS2113-T14-1 GUO ..LIAN"
  }
}
