{
  "authorDailyContributionsMap": {
    "Jeremy733": [
      {
        "insertions": 46,
        "deletions": 2,
        "date": "2020-01-16",
        "commitResults": [
          {
            "hash": "6f54b9ae2580b7776c84f3606235ed39ea1e0ba7",
            "messageTitle": "upload chat method",
            "messageBody": "",
            "insertions": 45,
            "deletions": 1
          },
          {
            "hash": "164d067ab9c7d42c3bacad1e48fe6aee86635fbb",
            "messageTitle": "upload greeting",
            "messageBody": "",
            "insertions": 1,
            "deletions": 1
          }
        ]
      },
      {
        "insertions": 65,
        "deletions": 10,
        "date": "2020-01-28",
        "commitResults": [
          {
            "hash": "833cd89912734d1444583602ffc4cd1e876d6bbe",
            "messageTitle": "add Level-2",
            "messageBody": "",
            "tags": [
              "Level-2"
            ],
            "insertions": 65,
            "deletions": 10
          }
        ]
      },
      {
        "insertions": 60,
        "deletions": 16,
        "date": "2020-01-29",
        "commitResults": [
          {
            "hash": "a4ee980160531dd4bace9cdf56b480322a9d30ce",
            "messageTitle": "add Level-3",
            "messageBody": "",
            "tags": [
              "Level-3"
            ],
            "insertions": 60,
            "deletions": 16
          }
        ]
      }
    ]
  },
  "authorFinalContributionMap": {
    "Jeremy733": 142
  },
  "authorFileTypeContributionMap": {
    "Jeremy733": {
      "java": 142,
      "md": 0,
      "fxml": 0,
      "sh": 0,
      "bat": 0,
      "gradle": 0,
      "txt": 0
    }
  },
  "authorContributionVariance": {
    "Jeremy733": 669.1488
  },
  "authorDisplayNameMap": {
    "Jeremy733": "CS2113-T15-2 ZHAN..FANG"
  }
}
