{
  "authorDailyContributionsMap": {
    "Jeremy733": [
      {
        "insertions": 46,
        "deletions": 2,
        "date": "2020-01-16",
        "commitResults": [
          {
            "hash": "6f54b9ae2580b7776c84f3606235ed39ea1e0ba7",
            "messageTitle": "upload chat method",
            "messageBody": "",
            "insertions": 45,
            "deletions": 1
          },
          {
            "hash": "164d067ab9c7d42c3bacad1e48fe6aee86635fbb",
            "messageTitle": "upload greeting",
            "messageBody": "",
            "tags": [
              "Level-1"
            ],
            "insertions": 1,
            "deletions": 1
          }
        ]
      },
      {
        "insertions": 65,
        "deletions": 10,
        "date": "2020-01-28",
        "commitResults": [
          {
            "hash": "833cd89912734d1444583602ffc4cd1e876d6bbe",
            "messageTitle": "add Level-2",
            "messageBody": "",
            "tags": [
              "Level-2"
            ],
            "insertions": 65,
            "deletions": 10
          }
        ]
      },
      {
        "insertions": 60,
        "deletions": 16,
        "date": "2020-01-29",
        "commitResults": [
          {
            "hash": "a4ee980160531dd4bace9cdf56b480322a9d30ce",
            "messageTitle": "add Level-3",
            "messageBody": "",
            "tags": [
              "Level-3"
            ],
            "insertions": 60,
            "deletions": 16
          }
        ]
      },
      {
        "insertions": 99,
        "deletions": 14,
        "date": "2020-02-04",
        "commitResults": [
          {
            "hash": "869ee0c4d237296e12731578c8f7841dc12abafd",
            "messageTitle": "Level-4",
            "messageBody": "",
            "tags": [
              "Level-4"
            ],
            "insertions": 99,
            "deletions": 14
          }
        ]
      },
      {
        "insertions": 41,
        "deletions": 10,
        "date": "2020-02-05",
        "commitResults": [
          {
            "hash": "51a2c8f3e3331dcfc87b81d9bee75d4cfba61c7c",
            "messageTitle": "text-ui-test",
            "messageBody": "",
            "insertions": 35,
            "deletions": 2
          },
          {
            "hash": "4fae2b1dab955944b9e21e463c69e25685d29d1c",
            "messageTitle": "fix done task invalid inpout handing",
            "messageBody": "",
            "insertions": 6,
            "deletions": 8
          }
        ]
      },
      {
        "insertions": 87,
        "deletions": 39,
        "date": "2020-02-07",
        "commitResults": [
          {
            "hash": "7aa389ec1aa43d0e3de316629376a09e5afa685d",
            "messageTitle": "Error Handling",
            "messageBody": "",
            "tags": [
              "Level-5"
            ],
            "insertions": 59,
            "deletions": 17
          },
          {
            "hash": "0d81cf1d9c480e2250c26253e5ac446186715b17",
            "messageTitle": "more error handlings",
            "messageBody": "",
            "tags": [
              "Level-6",
              "A-Packages"
            ],
            "insertions": 28,
            "deletions": 22
          }
        ]
      },
      {
        "insertions": 0,
        "deletions": 3,
        "date": "2020-02-12",
        "commitResults": [
          {
            "hash": "97571efc77fb3e8c9b3c9b54720572aac1719c4a",
            "messageTitle": "fix variable name",
            "messageBody": "",
            "insertions": 0,
            "deletions": 3
          }
        ]
      },
      {
        "insertions": 33,
        "deletions": 1,
        "date": "2020-02-14",
        "commitResults": [
          {
            "hash": "f258fd957cd95015e971669b7797a5e017bde3dc",
            "messageTitle": "Level-6",
            "messageBody": "",
            "tags": [
              "A-TextUiTesting",
              "A-Collections",
              "A-CodingStandard",
              "A-CodeQuality"
            ],
            "insertions": 33,
            "deletions": 1
          }
        ]
      },
      {
        "insertions": 155,
        "deletions": 62,
        "date": "2020-02-17",
        "commitResults": [
          {
            "hash": "efe225f6d8c5ad1c4a50f31b083df704cfe3cc2e",
            "messageTitle": "Level-7",
            "messageBody": "",
            "insertions": 121,
            "deletions": 53
          },
          {
            "hash": "564de6aeabc9eb98ac2ca9de078fc8700c1a1377",
            "messageTitle": "txt file",
            "messageBody": "",
            "insertions": 4,
            "deletions": 0
          },
          {
            "hash": "983478effab57b8019da115d9bfb1107622c07c7",
            "messageTitle": "fix saving issue",
            "messageBody": "",
            "insertions": 4,
            "deletions": 3
          },
          {
            "hash": "f602e9156ee6dd9d2de6486c3ff0b1a145468ace",
            "messageTitle": "change file path",
            "messageBody": "",
            "tags": [
              "v0.1"
            ],
            "insertions": 6,
            "deletions": 2
          },
          {
            "hash": "4e0d7d7cdabe966662f897da42fcf306593b94a5",
            "messageTitle": "fix jar issue",
            "messageBody": "",
            "tags": [
              "Level-7",
              "A-Jar"
            ],
            "insertions": 20,
            "deletions": 4
          }
        ]
      }
    ]
  },
  "authorFinalContributionMap": {
    "Jeremy733": 428
  },
  "authorFileTypeContributionMap": {
    "Jeremy733": {
      "java": 382,
      "md": 0,
      "fxml": 0,
      "sh": 34,
      "bat": 0,
      "gradle": 0,
      "txt": 12
    }
  },
  "authorContributionVariance": {
    "Jeremy733": 2163.0642
  },
  "authorDisplayNameMap": {
    "Jeremy733": "CS2113-T15-2 ZHAN..FANG"
  }
}
