{
  "authorDailyContributionsMap": {
    "Jeremy733": [
      {
        "insertions": 46,
        "deletions": 2,
        "date": "2020-01-16",
        "commitResults": [
          {
            "hash": "6f54b9ae2580b7776c84f3606235ed39ea1e0ba7",
            "messageTitle": "upload chat method",
            "messageBody": "",
            "insertions": 45,
            "deletions": 1
          },
          {
            "hash": "164d067ab9c7d42c3bacad1e48fe6aee86635fbb",
            "messageTitle": "upload greeting",
            "messageBody": "",
            "insertions": 1,
            "deletions": 1
          }
        ]
      },
      {
        "insertions": 65,
        "deletions": 10,
        "date": "2020-01-28",
        "commitResults": [
          {
            "hash": "833cd89912734d1444583602ffc4cd1e876d6bbe",
            "messageTitle": "add Level-2",
            "messageBody": "",
            "tags": [
              "Level-2"
            ],
            "insertions": 65,
            "deletions": 10
          }
        ]
      },
      {
        "insertions": 60,
        "deletions": 16,
        "date": "2020-01-29",
        "commitResults": [
          {
            "hash": "a4ee980160531dd4bace9cdf56b480322a9d30ce",
            "messageTitle": "add Level-3",
            "messageBody": "",
            "tags": [
              "Level-3"
            ],
            "insertions": 60,
            "deletions": 16
          }
        ]
      },
      {
        "insertions": 99,
        "deletions": 14,
        "date": "2020-02-04",
        "commitResults": [
          {
            "hash": "869ee0c4d237296e12731578c8f7841dc12abafd",
            "messageTitle": "Level-4",
            "messageBody": "",
            "tags": [
              "Level-4"
            ],
            "insertions": 99,
            "deletions": 14
          }
        ]
      },
      {
        "insertions": 41,
        "deletions": 10,
        "date": "2020-02-05",
        "commitResults": [
          {
            "hash": "51a2c8f3e3331dcfc87b81d9bee75d4cfba61c7c",
            "messageTitle": "text-ui-test",
            "messageBody": "",
            "insertions": 35,
            "deletions": 2
          },
          {
            "hash": "4fae2b1dab955944b9e21e463c69e25685d29d1c",
            "messageTitle": "fix done task invalid inpout handing",
            "messageBody": "",
            "insertions": 6,
            "deletions": 8
          }
        ]
      }
    ]
  },
  "authorFinalContributionMap": {
    "Jeremy733": 258
  },
  "authorFileTypeContributionMap": {
    "Jeremy733": {
      "java": 223,
      "md": 0,
      "fxml": 0,
      "sh": 34,
      "bat": 0,
      "gradle": 0,
      "txt": 1
    }
  },
  "authorContributionVariance": {
    "Jeremy733": 982.6927
  },
  "authorDisplayNameMap": {
    "Jeremy733": "CS2113-T15-2 ZHAN..FANG"
  }
}
