{
  "authorDailyContributionsMap": {
    "kokjoon97": [
      {
        "insertions": 16,
        "deletions": 7,
        "date": "2020-01-16",
        "commitResults": [
          {
            "hash": "995de612e16542b76c1ab75b32424e9d70704eac",
            "messageTitle": "Rename Duke to Kok Joon",
            "messageBody": "",
            "insertions": 1,
            "deletions": 5
          },
          {
            "hash": "8b514ac0159d8eaece6ebbeb71a809a49147eeb7",
            "messageTitle": "Import Scanner, add greet, echo and exit",
            "messageBody": "",
            "tags": [
              "Level-1"
            ],
            "insertions": 15,
            "deletions": 2
          }
        ]
      },
      {
        "insertions": 59,
        "deletions": 19,
        "date": "2020-01-22",
        "commitResults": [
          {
            "hash": "192bf44cc9ffd3e445dfd528a814632a7e0104ae",
            "messageTitle": "Add function to store text and list when requested",
            "messageBody": "",
            "tags": [
              "Level-2"
            ],
            "insertions": 9,
            "deletions": 1
          },
          {
            "hash": "ac0c9c85989d421ef7b2f83c1a17a770f879cbbb",
            "messageTitle": "Add Task class",
            "messageBody": "",
            "tags": [
              "A-Classes"
            ],
            "insertions": 21,
            "deletions": 0
          },
          {
            "hash": "868de668e309d3a9d49d917dcc59218cdde7edd6",
            "messageTitle": "Add getDescription, mark-as-done function",
            "messageBody": "",
            "tags": [
              "Level-3"
            ],
            "insertions": 14,
            "deletions": 3
          },
          {
            "hash": "00238bb33a4b996cdba74b37739407a0b4ae6211",
            "messageTitle": "Tweak code to comply with coding standard",
            "messageBody": "",
            "tags": [
              "A-CodingStandard"
            ],
            "insertions": 15,
            "deletions": 15
          }
        ]
      },
      {
        "insertions": 257,
        "deletions": 68,
        "date": "2020-01-30",
        "commitResults": [
          {
            "hash": "0a6cccfe3cfa3a339c52e2496469e87bba7cb60c",
            "messageTitle": "Add ToDo, Event, Deadline classes",
            "messageBody": "",
            "tags": [
              "Level-4",
              "A-Inheritance"
            ],
            "insertions": 78,
            "deletions": 6
          },
          {
            "hash": "6b7798d6a990baa517ddb54c9428db091d432e43",
            "messageTitle": "Refactor the bulk of the main function",
            "messageBody": "",
            "tags": [
              "A-CodeQuality"
            ],
            "insertions": 115,
            "deletions": 55
          },
          {
            "hash": "6e6e16d205d89c8d14cdfd5cbea3bfe4be30364d",
            "messageTitle": "Remove magic strings",
            "messageBody": "",
            "tags": [
              "A-CodeQuality#2"
            ],
            "insertions": 14,
            "deletions": 7
          },
          {
            "hash": "9cc4ae361aed8a3e6b6555e2b88354a18f6c22ec",
            "messageTitle": "Add files for automated testing",
            "messageBody": "",
            "tags": [
              "A-TextUiTesting"
            ],
            "insertions": 50,
            "deletions": 0
          }
        ]
      },
      {
        "insertions": 131,
        "deletions": 36,
        "date": "2020-02-06",
        "commitResults": [
          {
            "hash": "0fc59931fc03e6bbd4829926d91d24992465f864",
            "messageTitle": "Add 4 checked exception classes",
            "messageBody": "",
            "insertions": 12,
            "deletions": 0
          },
          {
            "hash": "2ee81e8b7d058c95b4b901b6e101bb560a5ba614",
            "messageTitle": "Add exception handling, improve code quality",
            "messageBody": "",
            "insertions": 72,
            "deletions": 30
          },
          {
            "hash": "9627f9ee041f869f399161ebfc210a0b000056fb",
            "messageTitle": "Edit test cases to reflect exception cases",
            "messageBody": "",
            "insertions": 12,
            "deletions": 0
          },
          {
            "hash": "8f2fca1e32b32854131bdd025b9d4b019a13e880",
            "messageTitle": "Added duke,task,exception packages and edit runtest.bat",
            "messageBody": "",
            "insertions": 31,
            "deletions": 4
          },
          {
            "hash": "e922fdb0f2c64d8377b240fe8afe948dcd88b6c0",
            "messageTitle": "Remove more magic strings",
            "messageBody": "",
            "insertions": 4,
            "deletions": 2
          }
        ]
      },
      {
        "insertions": 194,
        "deletions": 75,
        "date": "2020-02-12",
        "commitResults": [
          {
            "hash": "197eba53a38f60cbbe8f3f32380146484e97c463",
            "messageTitle": "Add delete, implement collections, remove magic string",
            "messageBody": "",
            "insertions": 48,
            "deletions": 23
          },
          {
            "hash": "cf6862b05fa95c6aefcfde1557367531902b250d",
            "messageTitle": "Add save function",
            "messageBody": "",
            "insertions": 117,
            "deletions": 27
          },
          {
            "hash": "0824e0cf8b084d08bb3c2cee46198ab097cee814",
            "messageTitle": "Add duke.txt",
            "messageBody": "",
            "insertions": 3,
            "deletions": 0
          },
          {
            "hash": "3e9be32972484ce8cce49bb01028a08826347303",
            "messageTitle": "Removed use of UTF-8 symbols",
            "messageBody": "",
            "tags": [
              "v0.1",
              "A-Jar"
            ],
            "insertions": 26,
            "deletions": 25
          }
        ]
      }
    ]
  },
  "authorFinalContributionMap": {
    "kokjoon97": 472
  },
  "authorFileTypeContributionMap": {
    "kokjoon97": {
      "java": 388,
      "md": 2,
      "fxml": 0,
      "sh": 0,
      "bat": 21,
      "gradle": 0,
      "txt": 61
    }
  },
  "authorContributionVariance": {
    "kokjoon97": 6081.2515
  },
  "authorDisplayNameMap": {
    "kokjoon97": "CS2113T-T13-1 TAN ..JOON"
  }
}
