{
  "authorDailyContributionsMap": {
    "kokjoon97": [
      {
        "insertions": 16,
        "deletions": 7,
        "date": "2020-01-16",
        "commitResults": [
          {
            "hash": "995de612e16542b76c1ab75b32424e9d70704eac",
            "messageTitle": "Rename Duke to Kok Joon",
            "messageBody": "",
            "insertions": 1,
            "deletions": 5
          },
          {
            "hash": "8b514ac0159d8eaece6ebbeb71a809a49147eeb7",
            "messageTitle": "Import Scanner, add greet, echo and exit",
            "messageBody": "",
            "tags": [
              "Level-1"
            ],
            "insertions": 15,
            "deletions": 2
          }
        ]
      },
      {
        "insertions": 59,
        "deletions": 19,
        "date": "2020-01-22",
        "commitResults": [
          {
            "hash": "192bf44cc9ffd3e445dfd528a814632a7e0104ae",
            "messageTitle": "Add function to store text and list when requested",
            "messageBody": "",
            "tags": [
              "Level-2"
            ],
            "insertions": 9,
            "deletions": 1
          },
          {
            "hash": "ac0c9c85989d421ef7b2f83c1a17a770f879cbbb",
            "messageTitle": "Add Task class",
            "messageBody": "",
            "tags": [
              "A-Classes"
            ],
            "insertions": 21,
            "deletions": 0
          },
          {
            "hash": "868de668e309d3a9d49d917dcc59218cdde7edd6",
            "messageTitle": "Add getDescription, mark-as-done function",
            "messageBody": "",
            "tags": [
              "Level-3"
            ],
            "insertions": 14,
            "deletions": 3
          },
          {
            "hash": "00238bb33a4b996cdba74b37739407a0b4ae6211",
            "messageTitle": "Tweak code to comply with coding standard",
            "messageBody": "",
            "tags": [
              "A-CodingStandard"
            ],
            "insertions": 15,
            "deletions": 15
          }
        ]
      }
    ]
  },
  "authorFinalContributionMap": {
    "kokjoon97": 55
  },
  "authorFileTypeContributionMap": {
    "kokjoon97": {
      "java": 55,
      "md": 0,
      "fxml": 0,
      "sh": 0,
      "bat": 0,
      "gradle": 0,
      "txt": 0
    }
  },
  "authorContributionVariance": {
    "kokjoon97": 559.29004
  },
  "authorDisplayNameMap": {
    "kokjoon97": "TAN ..JOON"
  }
}
