[
  {
    "path": "README.md",
    "fileType": "md",
    "lines": [
      {
        "lineNumber": 1,
        "author": {
          "gitId": "-"
        },
        "content": "# Setting up"
      },
      {
        "lineNumber": 2,
        "author": {
          "gitId": "-"
        },
        "content": ""
      },
      {
        "lineNumber": 3,
        "author": {
          "gitId": "-"
        },
        "content": "**Prerequisites**"
      },
      {
        "lineNumber": 4,
        "author": {
          "gitId": "-"
        },
        "content": ""
      },
      {
        "lineNumber": 5,
        "author": {
          "gitId": "-"
        },
        "content": "* JDK 11"
      },
      {
        "lineNumber": 6,
        "author": {
          "gitId": "-"
        },
        "content": "* Recommended: IntelliJ IDE"
      },
      {
        "lineNumber": 7,
        "author": {
          "gitId": "-"
        },
        "content": "* Fork this repo to your GitHub account and clone the fork to your computer"
      },
      {
        "lineNumber": 8,
        "author": {
          "gitId": "-"
        },
        "content": ""
      },
      {
        "lineNumber": 9,
        "author": {
          "gitId": "-"
        },
        "content": "**Importing the project into IntelliJ**"
      },
      {
        "lineNumber": 10,
        "author": {
          "gitId": "-"
        },
        "content": ""
      },
      {
        "lineNumber": 11,
        "author": {
          "gitId": "-"
        },
        "content": "1. Open IntelliJ (if you are not in the welcome screen, click `File` \u003e `Close Project` to close the existing project dialog first)."
      },
      {
        "lineNumber": 12,
        "author": {
          "gitId": "-"
        },
        "content": "1. Set up the correct JDK version."
      },
      {
        "lineNumber": 13,
        "author": {
          "gitId": "-"
        },
        "content": "   * Click `Configure` \u003e `Structure for new Projects` (in older versions of Intellij:`Configure` \u003e `Project Defaults` \u003e `Project Structure`)."
      },
      {
        "lineNumber": 14,
        "author": {
          "gitId": "-"
        },
        "content": "   * If JDK 11 is listed in the drop down, select it. If it is not, click `New...` and select the directory where you installed JDK 11."
      },
      {
        "lineNumber": 15,
        "author": {
          "gitId": "-"
        },
        "content": "   * Click `OK`."
      },
      {
        "lineNumber": 16,
        "author": {
          "gitId": "-"
        },
        "content": "1. Click `Import Project`."
      },
      {
        "lineNumber": 17,
        "author": {
          "gitId": "-"
        },
        "content": "1. Locate the project directory and click `OK`."
      },
      {
        "lineNumber": 18,
        "author": {
          "gitId": "-"
        },
        "content": "1. Select `Create project from existing sources` and click `Next`."
      },
      {
        "lineNumber": 19,
        "author": {
          "gitId": "-"
        },
        "content": "1. Rename the project if you want. Click `Next`."
      },
      {
        "lineNumber": 20,
        "author": {
          "gitId": "-"
        },
        "content": "1. Ensure that your src folder is checked. Keep clicking `Next`."
      },
      {
        "lineNumber": 21,
        "author": {
          "gitId": "-"
        },
        "content": "1. Click `Finish`."
      },
      {
        "lineNumber": 22,
        "author": {
          "gitId": "-"
        },
        "content": ""
      },
      {
        "lineNumber": 23,
        "author": {
          "gitId": "-"
        },
        "content": "# Tutorials "
      },
      {
        "lineNumber": 24,
        "author": {
          "gitId": "-"
        },
        "content": ""
      },
      {
        "lineNumber": 25,
        "author": {
          "gitId": "DeetoMok"
        },
        "content": "src.main.java.Duke Increment | Tutorial"
      },
      {
        "lineNumber": 26,
        "author": {
          "gitId": "-"
        },
        "content": "---------------|---------------"
      },
      {
        "lineNumber": 27,
        "author": {
          "gitId": "-"
        },
        "content": "`A-Gradle` | [Gradle Tutorial](tutorials/gradleTutorial.md)"
      },
      {
        "lineNumber": 28,
        "author": {
          "gitId": "-"
        },
        "content": "`A-TextUiTesting` | [Text UI Testing Tutorial](tutorials/textUiTestingTutorial.md)"
      },
      {
        "lineNumber": 29,
        "author": {
          "gitId": "DeetoMok"
        },
        "content": "`Level-10` | JavaFX tutorials:\u003cbr\u003e→ [Part 1: Introduction to JavaFX][fx1]\u003cbr\u003e→ [Part 2: Creating a GUI for src.main.java.Duke][fx2]\u003cbr\u003e→ [Part 3: Interacting with the user][fx3]\u003cbr\u003e→ [Part 4: Introduction to FXML][fx4]"
      },
      {
        "lineNumber": 30,
        "author": {
          "gitId": "-"
        },
        "content": ""
      },
      {
        "lineNumber": 31,
        "author": {
          "gitId": "-"
        },
        "content": "[fx1]: \u003ctutorials/javaFxTutorialPart1.md\u003e"
      },
      {
        "lineNumber": 32,
        "author": {
          "gitId": "-"
        },
        "content": "[fx2]: \u003ctutorials/javaFxTutorialPart2.md\u003e"
      },
      {
        "lineNumber": 33,
        "author": {
          "gitId": "-"
        },
        "content": "[fx3]: \u003ctutorials/javaFxTutorialPart3.md\u003e"
      },
      {
        "lineNumber": 34,
        "author": {
          "gitId": "-"
        },
        "content": "[fx4]: \u003ctutorials/javaFxTutorialPart4.md\u003e"
      },
      {
        "lineNumber": 35,
        "author": {
          "gitId": "-"
        },
        "content": ""
      },
      {
        "lineNumber": 36,
        "author": {
          "gitId": "-"
        },
        "content": "# Feedback, Bug Reports"
      },
      {
        "lineNumber": 37,
        "author": {
          "gitId": "-"
        },
        "content": ""
      },
      {
        "lineNumber": 38,
        "author": {
          "gitId": "-"
        },
        "content": "* If you have feedback or bug reports, please post in [se-edu/duke issue tracker](https://github.com/se-edu/duke/issues)."
      },
      {
        "lineNumber": 39,
        "author": {
          "gitId": "-"
        },
        "content": "* We welcome pull requests too."
      }
    ],
    "authorContributionMap": {
      "DeetoMok": 2,
      "-": 37
    }
  },
  {
    "path": "src/main/java/Deadline.java",
    "fileType": "java",
    "lines": [
      {
        "lineNumber": 1,
        "author": {
          "gitId": "DeetoMok"
        },
        "content": "package src.main.java;"
      },
      {
        "lineNumber": 2,
        "author": {
          "gitId": "DeetoMok"
        },
        "content": ""
      },
      {
        "lineNumber": 3,
        "author": {
          "gitId": "DeetoMok"
        },
        "content": "public class Deadline extends Task {"
      },
      {
        "lineNumber": 4,
        "author": {
          "gitId": "DeetoMok"
        },
        "content": ""
      },
      {
        "lineNumber": 5,
        "author": {
          "gitId": "DeetoMok"
        },
        "content": "    public Deadline(String description) {"
      },
      {
        "lineNumber": 6,
        "author": {
          "gitId": "DeetoMok"
        },
        "content": "//        description \u003d description.substring(0, description.indexOf(\"/\")) +"
      },
      {
        "lineNumber": 7,
        "author": {
          "gitId": "DeetoMok"
        },
        "content": "//                description.substring(description.indexOf(\"/\"), description.length()) + \")\";"
      },
      {
        "lineNumber": 8,
        "author": {
          "gitId": "DeetoMok"
        },
        "content": "        super(description.substring(0, description.indexOf(\"/\")) + \"(\" +"
      },
      {
        "lineNumber": 9,
        "author": {
          "gitId": "DeetoMok"
        },
        "content": "                description.substring(description.indexOf(\"/\")+1, description.length()) + \")\");"
      },
      {
        "lineNumber": 10,
        "author": {
          "gitId": "DeetoMok"
        },
        "content": "    }"
      },
      {
        "lineNumber": 11,
        "author": {
          "gitId": "DeetoMok"
        },
        "content": ""
      },
      {
        "lineNumber": 12,
        "author": {
          "gitId": "DeetoMok"
        },
        "content": "    @Override"
      },
      {
        "lineNumber": 13,
        "author": {
          "gitId": "DeetoMok"
        },
        "content": "    public String toString(){"
      },
      {
        "lineNumber": 14,
        "author": {
          "gitId": "DeetoMok"
        },
        "content": ""
      },
      {
        "lineNumber": 15,
        "author": {
          "gitId": "DeetoMok"
        },
        "content": "        return \"[D][\" + getStatusIcon() + \"] \" + description;"
      },
      {
        "lineNumber": 16,
        "author": {
          "gitId": "DeetoMok"
        },
        "content": "    }"
      },
      {
        "lineNumber": 17,
        "author": {
          "gitId": "DeetoMok"
        },
        "content": "}"
      }
    ],
    "authorContributionMap": {
      "DeetoMok": 17
    }
  },
  {
    "path": "src/main/java/Duke.java",
    "fileType": "java",
    "lines": [
      {
        "lineNumber": 1,
        "author": {
          "gitId": "DeetoMok"
        },
        "content": "package src.main.java;"
      },
      {
        "lineNumber": 2,
        "author": {
          "gitId": "DeetoMok"
        },
        "content": "import java.nio.file.attribute.UserDefinedFileAttributeView;"
      },
      {
        "lineNumber": 3,
        "author": {
          "gitId": "DeetoMok"
        },
        "content": "import java.util.Scanner;"
      },
      {
        "lineNumber": 4,
        "author": {
          "gitId": "DeetoMok"
        },
        "content": "import java.util.ArrayList;"
      },
      {
        "lineNumber": 5,
        "author": {
          "gitId": "DeetoMok"
        },
        "content": ""
      },
      {
        "lineNumber": 6,
        "author": {
          "gitId": "-"
        },
        "content": "public class Duke {"
      },
      {
        "lineNumber": 7,
        "author": {
          "gitId": "DeetoMok"
        },
        "content": "    private static int todoSize\u003d0;"
      },
      {
        "lineNumber": 8,
        "author": {
          "gitId": "DeetoMok"
        },
        "content": "    public static void printSeparator() {"
      },
      {
        "lineNumber": 9,
        "author": {
          "gitId": "DeetoMok"
        },
        "content": "        System.out.println(\"----------------------------------------------\");"
      },
      {
        "lineNumber": 10,
        "author": {
          "gitId": "DeetoMok"
        },
        "content": "    }"
      },
      {
        "lineNumber": 11,
        "author": {
          "gitId": "DeetoMok"
        },
        "content": "    public static String logo \u003d \" ____        _        \\n\""
      },
      {
        "lineNumber": 12,
        "author": {
          "gitId": "-"
        },
        "content": "            + \"|  _ \\\\ _   _| | _____ \\n\""
      },
      {
        "lineNumber": 13,
        "author": {
          "gitId": "-"
        },
        "content": "            + \"| | | | | | | |/ / _ \\\\\\n\""
      },
      {
        "lineNumber": 14,
        "author": {
          "gitId": "-"
        },
        "content": "            + \"| |_| | |_| |   \u003c  __/\\n\""
      },
      {
        "lineNumber": 15,
        "author": {
          "gitId": "-"
        },
        "content": "            + \"|____/ \\\\__,_|_|\\\\_\\\\___|\\n\";"
      },
      {
        "lineNumber": 16,
        "author": {
          "gitId": "DeetoMok"
        },
        "content": "    public static void printWelcomeMessage() {"
      },
      {
        "lineNumber": 17,
        "author": {
          "gitId": "-"
        },
        "content": "        System.out.println(\"Hello from\\n\" + logo);"
      },
      {
        "lineNumber": 18,
        "author": {
          "gitId": "DeetoMok"
        },
        "content": "        printSeparator();"
      },
      {
        "lineNumber": 19,
        "author": {
          "gitId": "DeetoMok"
        },
        "content": "        System.out.println(\"Hello! I\u0027m Duke\");"
      },
      {
        "lineNumber": 20,
        "author": {
          "gitId": "DeetoMok"
        },
        "content": "        System.out.println(\"1. \\\"list\\\" to display To Do List\\n2. \\\"done [index]\\\" to mark as done\\n3. \\\"todo\\\" or \\\"deadline /by [date/time]\\\" or \\\"event /at [date/time]\\\" to add to list\\n4. \\\"bye\\\" to exit\");"
      },
      {
        "lineNumber": 21,
        "author": {
          "gitId": "DeetoMok"
        },
        "content": "        printSeparator();"
      },
      {
        "lineNumber": 22,
        "author": {
          "gitId": "DeetoMok"
        },
        "content": "    }"
      },
      {
        "lineNumber": 23,
        "author": {
          "gitId": "DeetoMok"
        },
        "content": ""
      },
      {
        "lineNumber": 24,
        "author": {
          "gitId": "DeetoMok"
        },
        "content": "    public static void main(String[] args) {"
      },
      {
        "lineNumber": 25,
        "author": {
          "gitId": "DeetoMok"
        },
        "content": "        printWelcomeMessage();"
      },
      {
        "lineNumber": 26,
        "author": {
          "gitId": "DeetoMok"
        },
        "content": "        String userInput;"
      },
      {
        "lineNumber": 27,
        "author": {
          "gitId": "DeetoMok"
        },
        "content": "        ArrayList\u003cTask\u003e toDoList \u003d new ArrayList\u003c\u003e();"
      },
      {
        "lineNumber": 28,
        "author": {
          "gitId": "DeetoMok"
        },
        "content": "        do {"
      },
      {
        "lineNumber": 29,
        "author": {
          "gitId": "DeetoMok"
        },
        "content": "            Scanner in \u003d new Scanner(System.in);"
      },
      {
        "lineNumber": 30,
        "author": {
          "gitId": "DeetoMok"
        },
        "content": "            userInput \u003d in.nextLine();"
      },
      {
        "lineNumber": 31,
        "author": {
          "gitId": "DeetoMok"
        },
        "content": "            //user checks list"
      },
      {
        "lineNumber": 32,
        "author": {
          "gitId": "DeetoMok"
        },
        "content": "            if (userInput.equalsIgnoreCase(\"list\")){"
      },
      {
        "lineNumber": 33,
        "author": {
          "gitId": "DeetoMok"
        },
        "content": "                if (toDoList.size() \u003e 0 ) {"
      },
      {
        "lineNumber": 34,
        "author": {
          "gitId": "DeetoMok"
        },
        "content": "                    printSeparator();"
      },
      {
        "lineNumber": 35,
        "author": {
          "gitId": "DeetoMok"
        },
        "content": "                    System.out.println(\"Here are the tasks in your list\");"
      },
      {
        "lineNumber": 36,
        "author": {
          "gitId": "DeetoMok"
        },
        "content": "                    for (int i \u003d 0; i \u003c toDoList.size(); i++) {"
      },
      {
        "lineNumber": 37,
        "author": {
          "gitId": "DeetoMok"
        },
        "content": "                        System.out.println(i + 1 + \". \" + toDoList.get(i).toString());"
      },
      {
        "lineNumber": 38,
        "author": {
          "gitId": "DeetoMok"
        },
        "content": "                    }"
      },
      {
        "lineNumber": 39,
        "author": {
          "gitId": "DeetoMok"
        },
        "content": "                    printSeparator();"
      },
      {
        "lineNumber": 40,
        "author": {
          "gitId": "DeetoMok"
        },
        "content": "                } else {"
      },
      {
        "lineNumber": 41,
        "author": {
          "gitId": "DeetoMok"
        },
        "content": "                    printSeparator();"
      },
      {
        "lineNumber": 42,
        "author": {
          "gitId": "DeetoMok"
        },
        "content": "                    System.out.println(\"Your list is empty bruhh\");"
      },
      {
        "lineNumber": 43,
        "author": {
          "gitId": "DeetoMok"
        },
        "content": "                    printSeparator();"
      },
      {
        "lineNumber": 44,
        "author": {
          "gitId": "DeetoMok"
        },
        "content": "                }"
      },
      {
        "lineNumber": 45,
        "author": {
          "gitId": "DeetoMok"
        },
        "content": ""
      },
      {
        "lineNumber": 46,
        "author": {
          "gitId": "DeetoMok"
        },
        "content": "            }else if (userInput.startsWith(\"done\")){"
      },
      {
        "lineNumber": 47,
        "author": {
          "gitId": "DeetoMok"
        },
        "content": "                try {"
      },
      {
        "lineNumber": 48,
        "author": {
          "gitId": "DeetoMok"
        },
        "content": "                    int indexCompleted \u003d Integer.parseInt(userInput.substring(5));"
      },
      {
        "lineNumber": 49,
        "author": {
          "gitId": "DeetoMok"
        },
        "content": "                    toDoList.get(indexCompleted - 1).markAsDone();"
      },
      {
        "lineNumber": 50,
        "author": {
          "gitId": "DeetoMok"
        },
        "content": "                    printSeparator();"
      },
      {
        "lineNumber": 51,
        "author": {
          "gitId": "DeetoMok"
        },
        "content": "                    System.out.println(\"Nice! I\u0027ve marked this task as done:\");"
      },
      {
        "lineNumber": 52,
        "author": {
          "gitId": "DeetoMok"
        },
        "content": "                    System.out.println(toDoList.get(indexCompleted - 1).toString());"
      },
      {
        "lineNumber": 53,
        "author": {
          "gitId": "DeetoMok"
        },
        "content": "                    printSeparator();"
      },
      {
        "lineNumber": 54,
        "author": {
          "gitId": "DeetoMok"
        },
        "content": "                }catch (NumberFormatException e){"
      },
      {
        "lineNumber": 55,
        "author": {
          "gitId": "DeetoMok"
        },
        "content": "                    printSeparator();"
      },
      {
        "lineNumber": 56,
        "author": {
          "gitId": "DeetoMok"
        },
        "content": "                    System.out.println(\"You did not enter a number. Try again!!\");"
      },
      {
        "lineNumber": 57,
        "author": {
          "gitId": "DeetoMok"
        },
        "content": "                    printSeparator();"
      },
      {
        "lineNumber": 58,
        "author": {
          "gitId": "DeetoMok"
        },
        "content": "                }catch (IndexOutOfBoundsException e){"
      },
      {
        "lineNumber": 59,
        "author": {
          "gitId": "DeetoMok"
        },
        "content": "                    printSeparator();"
      },
      {
        "lineNumber": 60,
        "author": {
          "gitId": "DeetoMok"
        },
        "content": "                    System.out.println(\"The index you entered does not exist??? Look at ur list properly lah\");"
      },
      {
        "lineNumber": 61,
        "author": {
          "gitId": "DeetoMok"
        },
        "content": "                    printSeparator();"
      },
      {
        "lineNumber": 62,
        "author": {
          "gitId": "DeetoMok"
        },
        "content": "                }"
      },
      {
        "lineNumber": 63,
        "author": {
          "gitId": "DeetoMok"
        },
        "content": "            }else if(userInput.startsWith(\"todo\")) {"
      },
      {
        "lineNumber": 64,
        "author": {
          "gitId": "DeetoMok"
        },
        "content": "                try {"
      },
      {
        "lineNumber": 65,
        "author": {
          "gitId": "DeetoMok"
        },
        "content": "                    userInput \u003d userInput.substring(5, userInput.length());"
      },
      {
        "lineNumber": 66,
        "author": {
          "gitId": "DeetoMok"
        },
        "content": "                    if (userInput.trim().equals(\"\")){"
      },
      {
        "lineNumber": 67,
        "author": {
          "gitId": "DeetoMok"
        },
        "content": "                        throw new EmptyStringException();"
      },
      {
        "lineNumber": 68,
        "author": {
          "gitId": "DeetoMok"
        },
        "content": "                    }"
      },
      {
        "lineNumber": 69,
        "author": {
          "gitId": "DeetoMok"
        },
        "content": "                    ToDo t \u003d new ToDo(userInput);"
      },
      {
        "lineNumber": 70,
        "author": {
          "gitId": "DeetoMok"
        },
        "content": "                    toDoList.add(t);"
      },
      {
        "lineNumber": 71,
        "author": {
          "gitId": "DeetoMok"
        },
        "content": "                    printSeparator();"
      },
      {
        "lineNumber": 72,
        "author": {
          "gitId": "DeetoMok"
        },
        "content": "                    System.out.println(\"Okie dokes, \\\"\" + userInput + \"\\\" has been added to your to do list:\");"
      },
      {
        "lineNumber": 73,
        "author": {
          "gitId": "DeetoMok"
        },
        "content": "                    System.out.println(t.toString());"
      },
      {
        "lineNumber": 74,
        "author": {
          "gitId": "DeetoMok"
        },
        "content": "                    System.out.println(\"Now there are \" + (todoSize + 1) + \" task(s) in your list\");"
      },
      {
        "lineNumber": 75,
        "author": {
          "gitId": "DeetoMok"
        },
        "content": "                    printSeparator();"
      },
      {
        "lineNumber": 76,
        "author": {
          "gitId": "DeetoMok"
        },
        "content": "                    todoSize++;"
      },
      {
        "lineNumber": 77,
        "author": {
          "gitId": "DeetoMok"
        },
        "content": "                } catch (EmptyStringException e){"
      },
      {
        "lineNumber": 78,
        "author": {
          "gitId": "DeetoMok"
        },
        "content": "                    System.out.println(\"☹ OOPS!!! The description of a todo cannot be empty.\");"
      },
      {
        "lineNumber": 79,
        "author": {
          "gitId": "DeetoMok"
        },
        "content": "                }"
      },
      {
        "lineNumber": 80,
        "author": {
          "gitId": "DeetoMok"
        },
        "content": "            }else if (userInput.startsWith(\"deadline\")){"
      },
      {
        "lineNumber": 81,
        "author": {
          "gitId": "DeetoMok"
        },
        "content": ""
      },
      {
        "lineNumber": 82,
        "author": {
          "gitId": "DeetoMok"
        },
        "content": "                try {"
      },
      {
        "lineNumber": 83,
        "author": {
          "gitId": "DeetoMok"
        },
        "content": "                    userInput \u003d userInput.substring(9, userInput.length());"
      },
      {
        "lineNumber": 84,
        "author": {
          "gitId": "DeetoMok"
        },
        "content": "                    if (userInput.trim().equals(\"\")){"
      },
      {
        "lineNumber": 85,
        "author": {
          "gitId": "DeetoMok"
        },
        "content": "                        throw new EmptyStringException();"
      },
      {
        "lineNumber": 86,
        "author": {
          "gitId": "DeetoMok"
        },
        "content": "                    }"
      },
      {
        "lineNumber": 87,
        "author": {
          "gitId": "DeetoMok"
        },
        "content": "                    Deadline d \u003d new Deadline(userInput);"
      },
      {
        "lineNumber": 88,
        "author": {
          "gitId": "DeetoMok"
        },
        "content": "                    toDoList.add(d);"
      },
      {
        "lineNumber": 89,
        "author": {
          "gitId": "DeetoMok"
        },
        "content": "                    printSeparator();"
      },
      {
        "lineNumber": 90,
        "author": {
          "gitId": "DeetoMok"
        },
        "content": ""
      },
      {
        "lineNumber": 91,
        "author": {
          "gitId": "DeetoMok"
        },
        "content": "                    System.out.println(\"Okie dokes, \\\"\" + userInput + \"\\\" has been added to your to do list:\");"
      },
      {
        "lineNumber": 92,
        "author": {
          "gitId": "DeetoMok"
        },
        "content": "                    System.out.println(d.toString());"
      },
      {
        "lineNumber": 93,
        "author": {
          "gitId": "DeetoMok"
        },
        "content": "                    System.out.println(\"Now there are \" + (todoSize + 1) + \" task(s) in your list\");"
      },
      {
        "lineNumber": 94,
        "author": {
          "gitId": "DeetoMok"
        },
        "content": "                    printSeparator();"
      },
      {
        "lineNumber": 95,
        "author": {
          "gitId": "DeetoMok"
        },
        "content": "                    todoSize++;"
      },
      {
        "lineNumber": 96,
        "author": {
          "gitId": "DeetoMok"
        },
        "content": "                }catch (EmptyStringException e){"
      },
      {
        "lineNumber": 97,
        "author": {
          "gitId": "DeetoMok"
        },
        "content": "                    System.out.println(\"☹ OOPS!!! The description of a deadline cannot be empty.\");"
      },
      {
        "lineNumber": 98,
        "author": {
          "gitId": "DeetoMok"
        },
        "content": "                }"
      },
      {
        "lineNumber": 99,
        "author": {
          "gitId": "DeetoMok"
        },
        "content": "            }else if (userInput.startsWith(\"event\")){"
      },
      {
        "lineNumber": 100,
        "author": {
          "gitId": "DeetoMok"
        },
        "content": "                try {"
      },
      {
        "lineNumber": 101,
        "author": {
          "gitId": "DeetoMok"
        },
        "content": "                    userInput \u003d userInput.substring(6, userInput.length());"
      },
      {
        "lineNumber": 102,
        "author": {
          "gitId": "DeetoMok"
        },
        "content": "                    if (userInput.trim().equals(\"\")) {"
      },
      {
        "lineNumber": 103,
        "author": {
          "gitId": "DeetoMok"
        },
        "content": "                        throw new EmptyStringException();"
      },
      {
        "lineNumber": 104,
        "author": {
          "gitId": "DeetoMok"
        },
        "content": "                    }"
      },
      {
        "lineNumber": 105,
        "author": {
          "gitId": "DeetoMok"
        },
        "content": "                    Events e \u003d new Events(userInput);"
      },
      {
        "lineNumber": 106,
        "author": {
          "gitId": "DeetoMok"
        },
        "content": "                    toDoList.add(e);"
      },
      {
        "lineNumber": 107,
        "author": {
          "gitId": "DeetoMok"
        },
        "content": "                    printSeparator();"
      },
      {
        "lineNumber": 108,
        "author": {
          "gitId": "DeetoMok"
        },
        "content": "                    System.out.println(\"Okie dokes, \\\"\" + userInput + \"\\\" has been added to your to do list:\");"
      },
      {
        "lineNumber": 109,
        "author": {
          "gitId": "DeetoMok"
        },
        "content": "                    System.out.println(e.toString());"
      },
      {
        "lineNumber": 110,
        "author": {
          "gitId": "DeetoMok"
        },
        "content": "                    System.out.println(\"Now there are \" + (todoSize + 1) + \" task(s) in your list\");"
      },
      {
        "lineNumber": 111,
        "author": {
          "gitId": "DeetoMok"
        },
        "content": "                    printSeparator();"
      },
      {
        "lineNumber": 112,
        "author": {
          "gitId": "DeetoMok"
        },
        "content": "                    todoSize++;"
      },
      {
        "lineNumber": 113,
        "author": {
          "gitId": "DeetoMok"
        },
        "content": "                }catch (EmptyStringException e){"
      },
      {
        "lineNumber": 114,
        "author": {
          "gitId": "DeetoMok"
        },
        "content": "                    System.out.println(\"☹ OOPS!!! The description of a event cannot be empty.\");"
      },
      {
        "lineNumber": 115,
        "author": {
          "gitId": "DeetoMok"
        },
        "content": "                }"
      },
      {
        "lineNumber": 116,
        "author": {
          "gitId": "DeetoMok"
        },
        "content": "            }else {"
      },
      {
        "lineNumber": 117,
        "author": {
          "gitId": "DeetoMok"
        },
        "content": "                printSeparator();"
      },
      {
        "lineNumber": 118,
        "author": {
          "gitId": "DeetoMok"
        },
        "content": "                System.out.println(\"☹ OOPS!!! I\u0027m sorry, but I don\u0027t know what that means :-(\");"
      },
      {
        "lineNumber": 119,
        "author": {
          "gitId": "DeetoMok"
        },
        "content": "                printSeparator();"
      },
      {
        "lineNumber": 120,
        "author": {
          "gitId": "DeetoMok"
        },
        "content": "            }"
      },
      {
        "lineNumber": 121,
        "author": {
          "gitId": "DeetoMok"
        },
        "content": "        } while (!userInput.equalsIgnoreCase(\"bye\"));"
      },
      {
        "lineNumber": 122,
        "author": {
          "gitId": "DeetoMok"
        },
        "content": ""
      },
      {
        "lineNumber": 123,
        "author": {
          "gitId": "DeetoMok"
        },
        "content": "        printSeparator();"
      },
      {
        "lineNumber": 124,
        "author": {
          "gitId": "DeetoMok"
        },
        "content": "        System.out.println(\"Bye. I hope to see u again soon ^^\");"
      },
      {
        "lineNumber": 125,
        "author": {
          "gitId": "DeetoMok"
        },
        "content": "        printSeparator();"
      },
      {
        "lineNumber": 126,
        "author": {
          "gitId": "-"
        },
        "content": "    }"
      },
      {
        "lineNumber": 127,
        "author": {
          "gitId": "-"
        },
        "content": "}"
      }
    ],
    "authorContributionMap": {
      "DeetoMok": 119,
      "-": 8
    }
  },
  {
    "path": "src/main/java/EmptyStringException.java",
    "fileType": "java",
    "lines": [
      {
        "lineNumber": 1,
        "author": {
          "gitId": "DeetoMok"
        },
        "content": "package src.main.java;"
      },
      {
        "lineNumber": 2,
        "author": {
          "gitId": "DeetoMok"
        },
        "content": ""
      },
      {
        "lineNumber": 3,
        "author": {
          "gitId": "DeetoMok"
        },
        "content": "public class EmptyStringException extends Exception {"
      },
      {
        "lineNumber": 4,
        "author": {
          "gitId": "DeetoMok"
        },
        "content": ""
      },
      {
        "lineNumber": 5,
        "author": {
          "gitId": "DeetoMok"
        },
        "content": "}"
      }
    ],
    "authorContributionMap": {
      "DeetoMok": 5
    }
  },
  {
    "path": "src/main/java/Events.java",
    "fileType": "java",
    "lines": [
      {
        "lineNumber": 1,
        "author": {
          "gitId": "DeetoMok"
        },
        "content": "package src.main.java;"
      },
      {
        "lineNumber": 2,
        "author": {
          "gitId": "DeetoMok"
        },
        "content": ""
      },
      {
        "lineNumber": 3,
        "author": {
          "gitId": "DeetoMok"
        },
        "content": "public class Events extends Task{"
      },
      {
        "lineNumber": 4,
        "author": {
          "gitId": "DeetoMok"
        },
        "content": "    public Events(String description) {"
      },
      {
        "lineNumber": 5,
        "author": {
          "gitId": "DeetoMok"
        },
        "content": "        super(description.substring(0, description.indexOf(\"/\")) + \"(\" +"
      },
      {
        "lineNumber": 6,
        "author": {
          "gitId": "DeetoMok"
        },
        "content": "                description.substring(description.indexOf(\"/\")+1, description.length()) + \")\");"
      },
      {
        "lineNumber": 7,
        "author": {
          "gitId": "DeetoMok"
        },
        "content": "    }"
      },
      {
        "lineNumber": 8,
        "author": {
          "gitId": "DeetoMok"
        },
        "content": ""
      },
      {
        "lineNumber": 9,
        "author": {
          "gitId": "DeetoMok"
        },
        "content": "    @Override"
      },
      {
        "lineNumber": 10,
        "author": {
          "gitId": "DeetoMok"
        },
        "content": "    public String toString(){"
      },
      {
        "lineNumber": 11,
        "author": {
          "gitId": "DeetoMok"
        },
        "content": "        return \"[E][\" + getStatusIcon() + \"] \" + description;"
      },
      {
        "lineNumber": 12,
        "author": {
          "gitId": "DeetoMok"
        },
        "content": "    }"
      },
      {
        "lineNumber": 13,
        "author": {
          "gitId": "DeetoMok"
        },
        "content": "}"
      }
    ],
    "authorContributionMap": {
      "DeetoMok": 13
    }
  },
  {
    "path": "src/main/java/Task.java",
    "fileType": "java",
    "lines": [
      {
        "lineNumber": 1,
        "author": {
          "gitId": "DeetoMok"
        },
        "content": "package src.main.java;"
      },
      {
        "lineNumber": 2,
        "author": {
          "gitId": "DeetoMok"
        },
        "content": ""
      },
      {
        "lineNumber": 3,
        "author": {
          "gitId": "DeetoMok"
        },
        "content": "public class Task {"
      },
      {
        "lineNumber": 4,
        "author": {
          "gitId": "DeetoMok"
        },
        "content": "    protected String description;"
      },
      {
        "lineNumber": 5,
        "author": {
          "gitId": "DeetoMok"
        },
        "content": "    protected boolean isDone;"
      },
      {
        "lineNumber": 6,
        "author": {
          "gitId": "DeetoMok"
        },
        "content": ""
      },
      {
        "lineNumber": 7,
        "author": {
          "gitId": "DeetoMok"
        },
        "content": "    public Task(String description){"
      },
      {
        "lineNumber": 8,
        "author": {
          "gitId": "DeetoMok"
        },
        "content": "        this.description \u003d description;"
      },
      {
        "lineNumber": 9,
        "author": {
          "gitId": "DeetoMok"
        },
        "content": "        this.isDone \u003d false;"
      },
      {
        "lineNumber": 10,
        "author": {
          "gitId": "DeetoMok"
        },
        "content": "    }"
      },
      {
        "lineNumber": 11,
        "author": {
          "gitId": "DeetoMok"
        },
        "content": "    public String getStatusIcon() {"
      },
      {
        "lineNumber": 12,
        "author": {
          "gitId": "DeetoMok"
        },
        "content": "        return (isDone ? \"\\u2713\" : \"\\u2718\"); //return tick or X symbols"
      },
      {
        "lineNumber": 13,
        "author": {
          "gitId": "DeetoMok"
        },
        "content": "    }"
      },
      {
        "lineNumber": 14,
        "author": {
          "gitId": "DeetoMok"
        },
        "content": "    public void markAsDone() {"
      },
      {
        "lineNumber": 15,
        "author": {
          "gitId": "DeetoMok"
        },
        "content": "        this.isDone \u003d true;"
      },
      {
        "lineNumber": 16,
        "author": {
          "gitId": "DeetoMok"
        },
        "content": "    }"
      },
      {
        "lineNumber": 17,
        "author": {
          "gitId": "DeetoMok"
        },
        "content": "    public String toString() {"
      },
      {
        "lineNumber": 18,
        "author": {
          "gitId": "DeetoMok"
        },
        "content": "        return this.description;"
      },
      {
        "lineNumber": 19,
        "author": {
          "gitId": "DeetoMok"
        },
        "content": "    }"
      },
      {
        "lineNumber": 20,
        "author": {
          "gitId": "DeetoMok"
        },
        "content": ""
      },
      {
        "lineNumber": 21,
        "author": {
          "gitId": "DeetoMok"
        },
        "content": ""
      },
      {
        "lineNumber": 22,
        "author": {
          "gitId": "DeetoMok"
        },
        "content": "}"
      }
    ],
    "authorContributionMap": {
      "DeetoMok": 22
    }
  },
  {
    "path": "src/main/java/ToDo.java",
    "fileType": "java",
    "lines": [
      {
        "lineNumber": 1,
        "author": {
          "gitId": "DeetoMok"
        },
        "content": "package src.main.java;"
      },
      {
        "lineNumber": 2,
        "author": {
          "gitId": "DeetoMok"
        },
        "content": ""
      },
      {
        "lineNumber": 3,
        "author": {
          "gitId": "DeetoMok"
        },
        "content": "public class ToDo extends Task{"
      },
      {
        "lineNumber": 4,
        "author": {
          "gitId": "DeetoMok"
        },
        "content": ""
      },
      {
        "lineNumber": 5,
        "author": {
          "gitId": "DeetoMok"
        },
        "content": "    public ToDo(String description) {"
      },
      {
        "lineNumber": 6,
        "author": {
          "gitId": "DeetoMok"
        },
        "content": "        super(description);"
      },
      {
        "lineNumber": 7,
        "author": {
          "gitId": "DeetoMok"
        },
        "content": "    }"
      },
      {
        "lineNumber": 8,
        "author": {
          "gitId": "DeetoMok"
        },
        "content": ""
      },
      {
        "lineNumber": 9,
        "author": {
          "gitId": "DeetoMok"
        },
        "content": "    @Override"
      },
      {
        "lineNumber": 10,
        "author": {
          "gitId": "DeetoMok"
        },
        "content": "    public String toString(){"
      },
      {
        "lineNumber": 11,
        "author": {
          "gitId": "DeetoMok"
        },
        "content": "        return \"[T][\" + getStatusIcon() + \"] \" + description;"
      },
      {
        "lineNumber": 12,
        "author": {
          "gitId": "DeetoMok"
        },
        "content": "    }"
      },
      {
        "lineNumber": 13,
        "author": {
          "gitId": "DeetoMok"
        },
        "content": ""
      },
      {
        "lineNumber": 14,
        "author": {
          "gitId": "DeetoMok"
        },
        "content": "}"
      }
    ],
    "authorContributionMap": {
      "DeetoMok": 14
    }
  }
]
