[
  {
    "path": "README.md",
    "fileType": "md",
    "lines": [
      {
        "lineNumber": 1,
        "author": {
          "gitId": "-"
        },
        "content": "# Setting up"
      },
      {
        "lineNumber": 2,
        "author": {
          "gitId": "-"
        },
        "content": ""
      },
      {
        "lineNumber": 3,
        "author": {
          "gitId": "-"
        },
        "content": "**Prerequisites**"
      },
      {
        "lineNumber": 4,
        "author": {
          "gitId": "-"
        },
        "content": ""
      },
      {
        "lineNumber": 5,
        "author": {
          "gitId": "-"
        },
        "content": "* JDK 11"
      },
      {
        "lineNumber": 6,
        "author": {
          "gitId": "-"
        },
        "content": "* Recommended: IntelliJ IDE"
      },
      {
        "lineNumber": 7,
        "author": {
          "gitId": "-"
        },
        "content": "* Fork this repo to your GitHub account and clone the fork to your computer"
      },
      {
        "lineNumber": 8,
        "author": {
          "gitId": "-"
        },
        "content": ""
      },
      {
        "lineNumber": 9,
        "author": {
          "gitId": "-"
        },
        "content": "**Importing the project into IntelliJ**"
      },
      {
        "lineNumber": 10,
        "author": {
          "gitId": "-"
        },
        "content": ""
      },
      {
        "lineNumber": 11,
        "author": {
          "gitId": "-"
        },
        "content": "1. Open IntelliJ (if you are not in the welcome screen, click `File` \u003e `Close Project` to close the existing project dialog first)."
      },
      {
        "lineNumber": 12,
        "author": {
          "gitId": "-"
        },
        "content": "1. Set up the correct JDK version."
      },
      {
        "lineNumber": 13,
        "author": {
          "gitId": "-"
        },
        "content": "   * Click `Configure` \u003e `Structure for new Projects` (in older versions of Intellij:`Configure` \u003e `Project Defaults` \u003e `Project Structure`)."
      },
      {
        "lineNumber": 14,
        "author": {
          "gitId": "-"
        },
        "content": "   * If JDK 11 is listed in the drop down, select it. If it is not, click `New...` and select the directory where you installed JDK 11."
      },
      {
        "lineNumber": 15,
        "author": {
          "gitId": "-"
        },
        "content": "   * Click `OK`."
      },
      {
        "lineNumber": 16,
        "author": {
          "gitId": "-"
        },
        "content": "1. Click `Import Project`."
      },
      {
        "lineNumber": 17,
        "author": {
          "gitId": "-"
        },
        "content": "1. Locate the project directory and click `OK`."
      },
      {
        "lineNumber": 18,
        "author": {
          "gitId": "-"
        },
        "content": "1. Select `Create project from existing sources` and click `Next`."
      },
      {
        "lineNumber": 19,
        "author": {
          "gitId": "-"
        },
        "content": "1. Rename the project if you want. Click `Next`."
      },
      {
        "lineNumber": 20,
        "author": {
          "gitId": "-"
        },
        "content": "1. Ensure that your src folder is checked. Keep clicking `Next`."
      },
      {
        "lineNumber": 21,
        "author": {
          "gitId": "-"
        },
        "content": "1. Click `Finish`."
      },
      {
        "lineNumber": 22,
        "author": {
          "gitId": "-"
        },
        "content": ""
      },
      {
        "lineNumber": 23,
        "author": {
          "gitId": "-"
        },
        "content": "# Tutorials "
      },
      {
        "lineNumber": 24,
        "author": {
          "gitId": "-"
        },
        "content": ""
      },
      {
        "lineNumber": 25,
        "author": {
          "gitId": "DeetoMok"
        },
        "content": "src.main.java.Duke Increment | Tutorial"
      },
      {
        "lineNumber": 26,
        "author": {
          "gitId": "-"
        },
        "content": "---------------|---------------"
      },
      {
        "lineNumber": 27,
        "author": {
          "gitId": "-"
        },
        "content": "`A-Gradle` | [Gradle Tutorial](tutorials/gradleTutorial.md)"
      },
      {
        "lineNumber": 28,
        "author": {
          "gitId": "-"
        },
        "content": "`A-TextUiTesting` | [Text UI Testing Tutorial](tutorials/textUiTestingTutorial.md)"
      },
      {
        "lineNumber": 29,
        "author": {
          "gitId": "DeetoMok"
        },
        "content": "`Level-10` | JavaFX tutorials:\u003cbr\u003e→ [Part 1: Introduction to JavaFX][fx1]\u003cbr\u003e→ [Part 2: Creating a GUI for src.main.java.Duke][fx2]\u003cbr\u003e→ [Part 3: Interacting with the user][fx3]\u003cbr\u003e→ [Part 4: Introduction to FXML][fx4]"
      },
      {
        "lineNumber": 30,
        "author": {
          "gitId": "-"
        },
        "content": ""
      },
      {
        "lineNumber": 31,
        "author": {
          "gitId": "-"
        },
        "content": "[fx1]: \u003ctutorials/javaFxTutorialPart1.md\u003e"
      },
      {
        "lineNumber": 32,
        "author": {
          "gitId": "-"
        },
        "content": "[fx2]: \u003ctutorials/javaFxTutorialPart2.md\u003e"
      },
      {
        "lineNumber": 33,
        "author": {
          "gitId": "-"
        },
        "content": "[fx3]: \u003ctutorials/javaFxTutorialPart3.md\u003e"
      },
      {
        "lineNumber": 34,
        "author": {
          "gitId": "-"
        },
        "content": "[fx4]: \u003ctutorials/javaFxTutorialPart4.md\u003e"
      },
      {
        "lineNumber": 35,
        "author": {
          "gitId": "-"
        },
        "content": ""
      },
      {
        "lineNumber": 36,
        "author": {
          "gitId": "-"
        },
        "content": "# Feedback, Bug Reports"
      },
      {
        "lineNumber": 37,
        "author": {
          "gitId": "-"
        },
        "content": ""
      },
      {
        "lineNumber": 38,
        "author": {
          "gitId": "-"
        },
        "content": "* If you have feedback or bug reports, please post in [se-edu/duke issue tracker](https://github.com/se-edu/duke/issues)."
      },
      {
        "lineNumber": 39,
        "author": {
          "gitId": "-"
        },
        "content": "* We welcome pull requests too."
      }
    ],
    "authorContributionMap": {
      "DeetoMok": 2,
      "-": 37
    }
  },
  {
    "path": "build.gradle",
    "fileType": "gradle",
    "lines": [
      {
        "lineNumber": 1,
        "author": {
          "gitId": "-"
        },
        "content": "plugins {"
      },
      {
        "lineNumber": 2,
        "author": {
          "gitId": "-"
        },
        "content": "    id \u0027java\u0027"
      },
      {
        "lineNumber": 3,
        "author": {
          "gitId": "-"
        },
        "content": "    id \u0027application\u0027"
      },
      {
        "lineNumber": 4,
        "author": {
          "gitId": "DeetoMok"
        },
        "content": "    id \u0027checkstyle\u0027"
      },
      {
        "lineNumber": 5,
        "author": {
          "gitId": "DeetoMok"
        },
        "content": "    id \u0027com.github.johnrengelman.shadow\u0027 version \u00275.1.0\u0027"
      },
      {
        "lineNumber": 6,
        "author": {
          "gitId": "DeetoMok"
        },
        "content": "}"
      },
      {
        "lineNumber": 7,
        "author": {
          "gitId": "DeetoMok"
        },
        "content": ""
      },
      {
        "lineNumber": 8,
        "author": {
          "gitId": "DeetoMok"
        },
        "content": "checkstyle {"
      },
      {
        "lineNumber": 9,
        "author": {
          "gitId": "DeetoMok"
        },
        "content": "    toolVersion \u003d \u00278.23\u0027"
      },
      {
        "lineNumber": 10,
        "author": {
          "gitId": "DeetoMok"
        },
        "content": "}"
      },
      {
        "lineNumber": 11,
        "author": {
          "gitId": "DeetoMok"
        },
        "content": ""
      },
      {
        "lineNumber": 12,
        "author": {
          "gitId": "DeetoMok"
        },
        "content": "shadowJar {"
      },
      {
        "lineNumber": 13,
        "author": {
          "gitId": "DeetoMok"
        },
        "content": "    archiveBaseName \u003d \"duke\""
      },
      {
        "lineNumber": 14,
        "author": {
          "gitId": "DeetoMok"
        },
        "content": "    archiveVersion \u003d \"0.1.1\""
      },
      {
        "lineNumber": 15,
        "author": {
          "gitId": "DeetoMok"
        },
        "content": "    archiveClassifier \u003d null"
      },
      {
        "lineNumber": 16,
        "author": {
          "gitId": "DeetoMok"
        },
        "content": "    archiveAppendix \u003d null"
      },
      {
        "lineNumber": 17,
        "author": {
          "gitId": "-"
        },
        "content": "}"
      },
      {
        "lineNumber": 18,
        "author": {
          "gitId": "-"
        },
        "content": ""
      },
      {
        "lineNumber": 19,
        "author": {
          "gitId": "DeetoMok"
        },
        "content": "dependencies {"
      },
      {
        "lineNumber": 20,
        "author": {
          "gitId": "DeetoMok"
        },
        "content": "    implementation \u0027com.google.code.gson:gson:2.8.6\u0027"
      },
      {
        "lineNumber": 21,
        "author": {
          "gitId": "-"
        },
        "content": "}"
      },
      {
        "lineNumber": 22,
        "author": {
          "gitId": "-"
        },
        "content": ""
      },
      {
        "lineNumber": 23,
        "author": {
          "gitId": "-"
        },
        "content": "group \u0027seedu.duke\u0027"
      },
      {
        "lineNumber": 24,
        "author": {
          "gitId": "-"
        },
        "content": "version \u00270.1.0\u0027"
      },
      {
        "lineNumber": 25,
        "author": {
          "gitId": "-"
        },
        "content": ""
      },
      {
        "lineNumber": 26,
        "author": {
          "gitId": "-"
        },
        "content": "repositories {"
      },
      {
        "lineNumber": 27,
        "author": {
          "gitId": "-"
        },
        "content": "    mavenCentral()"
      },
      {
        "lineNumber": 28,
        "author": {
          "gitId": "-"
        },
        "content": "}"
      },
      {
        "lineNumber": 29,
        "author": {
          "gitId": "-"
        },
        "content": ""
      },
      {
        "lineNumber": 30,
        "author": {
          "gitId": "-"
        },
        "content": "application {"
      },
      {
        "lineNumber": 31,
        "author": {
          "gitId": "-"
        },
        "content": "    // Change this to your main class."
      },
      {
        "lineNumber": 32,
        "author": {
          "gitId": "DeetoMok"
        },
        "content": "    mainClassName \u003d \"src.main.java.Duke\""
      },
      {
        "lineNumber": 33,
        "author": {
          "gitId": "-"
        },
        "content": "}"
      },
      {
        "lineNumber": 34,
        "author": {
          "gitId": "-"
        },
        "content": ""
      },
      {
        "lineNumber": 35,
        "author": {
          "gitId": "-"
        },
        "content": "run {"
      },
      {
        "lineNumber": 36,
        "author": {
          "gitId": "-"
        },
        "content": "    standardInput \u003d System.in"
      },
      {
        "lineNumber": 37,
        "author": {
          "gitId": "-"
        },
        "content": "}"
      }
    ],
    "authorContributionMap": {
      "DeetoMok": 16,
      "-": 21
    }
  },
  {
    "path": "src/main/java/Duke.java",
    "fileType": "java",
    "lines": [
      {
        "lineNumber": 1,
        "author": {
          "gitId": "DeetoMok"
        },
        "content": "import Exceptions.EmptyStringException;"
      },
      {
        "lineNumber": 2,
        "author": {
          "gitId": "DeetoMok"
        },
        "content": "import Tasks.Deadline;"
      },
      {
        "lineNumber": 3,
        "author": {
          "gitId": "DeetoMok"
        },
        "content": "import Tasks.Events;"
      },
      {
        "lineNumber": 4,
        "author": {
          "gitId": "DeetoMok"
        },
        "content": "import Tasks.Task;"
      },
      {
        "lineNumber": 5,
        "author": {
          "gitId": "DeetoMok"
        },
        "content": "import Tasks.ToDo;"
      },
      {
        "lineNumber": 6,
        "author": {
          "gitId": "DeetoMok"
        },
        "content": ""
      },
      {
        "lineNumber": 7,
        "author": {
          "gitId": "DeetoMok"
        },
        "content": "import java.io.FileNotFoundException;"
      },
      {
        "lineNumber": 8,
        "author": {
          "gitId": "DeetoMok"
        },
        "content": "import java.util.ArrayList;"
      },
      {
        "lineNumber": 9,
        "author": {
          "gitId": "DeetoMok"
        },
        "content": "import java.util.Scanner;"
      },
      {
        "lineNumber": 10,
        "author": {
          "gitId": "DeetoMok"
        },
        "content": ""
      },
      {
        "lineNumber": 11,
        "author": {
          "gitId": "-"
        },
        "content": "public class Duke {"
      },
      {
        "lineNumber": 12,
        "author": {
          "gitId": "DeetoMok"
        },
        "content": "    private static int todoSize \u003d 0;"
      },
      {
        "lineNumber": 13,
        "author": {
          "gitId": "DeetoMok"
        },
        "content": ""
      },
      {
        "lineNumber": 14,
        "author": {
          "gitId": "DeetoMok"
        },
        "content": "    public static void printSeparator() {"
      },
      {
        "lineNumber": 15,
        "author": {
          "gitId": "DeetoMok"
        },
        "content": "        System.out.println(\"----------------------------------------------\");"
      },
      {
        "lineNumber": 16,
        "author": {
          "gitId": "DeetoMok"
        },
        "content": "    }"
      },
      {
        "lineNumber": 17,
        "author": {
          "gitId": "DeetoMok"
        },
        "content": ""
      },
      {
        "lineNumber": 18,
        "author": {
          "gitId": "DeetoMok"
        },
        "content": "    public static String logo \u003d \" ____        _        \\n\""
      },
      {
        "lineNumber": 19,
        "author": {
          "gitId": "-"
        },
        "content": "            + \"|  _ \\\\ _   _| | _____ \\n\""
      },
      {
        "lineNumber": 20,
        "author": {
          "gitId": "-"
        },
        "content": "            + \"| | | | | | | |/ / _ \\\\\\n\""
      },
      {
        "lineNumber": 21,
        "author": {
          "gitId": "-"
        },
        "content": "            + \"| |_| | |_| |   \u003c  __/\\n\""
      },
      {
        "lineNumber": 22,
        "author": {
          "gitId": "-"
        },
        "content": "            + \"|____/ \\\\__,_|_|\\\\_\\\\___|\\n\";"
      },
      {
        "lineNumber": 23,
        "author": {
          "gitId": "DeetoMok"
        },
        "content": ""
      },
      {
        "lineNumber": 24,
        "author": {
          "gitId": "DeetoMok"
        },
        "content": "    public static void printWelcomeMessage() {"
      },
      {
        "lineNumber": 25,
        "author": {
          "gitId": "-"
        },
        "content": "        System.out.println(\"Hello from\\n\" + logo);"
      },
      {
        "lineNumber": 26,
        "author": {
          "gitId": "DeetoMok"
        },
        "content": "        printSeparator();"
      },
      {
        "lineNumber": 27,
        "author": {
          "gitId": "DeetoMok"
        },
        "content": "        System.out.println(\"Hello! I\u0027m Duke\");"
      },
      {
        "lineNumber": 28,
        "author": {
          "gitId": "DeetoMok"
        },
        "content": "        System.out.println(\"1. \\\"list\\\" to display To Do List\\n2. \\\"done [index]\\\" to mark as done\\n3. \\\"todo\\\" or \\\"deadline /by [date/time]\\\" or \\\"event /at [date/time]\\\" to add to list\\n4. \\\"delete [index]\\\" to delete\\n5. \\\"bye\\\" to exit\");"
      },
      {
        "lineNumber": 29,
        "author": {
          "gitId": "DeetoMok"
        },
        "content": "        printSeparator();"
      },
      {
        "lineNumber": 30,
        "author": {
          "gitId": "DeetoMok"
        },
        "content": "    }"
      },
      {
        "lineNumber": 31,
        "author": {
          "gitId": "DeetoMok"
        },
        "content": ""
      },
      {
        "lineNumber": 32,
        "author": {
          "gitId": "DeetoMok"
        },
        "content": "    public static void main(String[] args) {"
      },
      {
        "lineNumber": 33,
        "author": {
          "gitId": "DeetoMok"
        },
        "content": "        printWelcomeMessage();"
      },
      {
        "lineNumber": 34,
        "author": {
          "gitId": "DeetoMok"
        },
        "content": "        String userInput;"
      },
      {
        "lineNumber": 35,
        "author": {
          "gitId": "DeetoMok"
        },
        "content": "        ArrayList\u003cTask\u003e toDoList \u003d new ArrayList\u003c\u003e();"
      },
      {
        "lineNumber": 36,
        "author": {
          "gitId": "DeetoMok"
        },
        "content": "        Storage storage \u003d new Storage();"
      },
      {
        "lineNumber": 37,
        "author": {
          "gitId": "DeetoMok"
        },
        "content": "        try {"
      },
      {
        "lineNumber": 38,
        "author": {
          "gitId": "DeetoMok"
        },
        "content": "            toDoList \u003d storage.load();"
      },
      {
        "lineNumber": 39,
        "author": {
          "gitId": "DeetoMok"
        },
        "content": "        }catch(FileNotFoundException e){"
      },
      {
        "lineNumber": 40,
        "author": {
          "gitId": "DeetoMok"
        },
        "content": "            e.printStackTrace();"
      },
      {
        "lineNumber": 41,
        "author": {
          "gitId": "DeetoMok"
        },
        "content": "        }"
      },
      {
        "lineNumber": 42,
        "author": {
          "gitId": "DeetoMok"
        },
        "content": "        do {"
      },
      {
        "lineNumber": 43,
        "author": {
          "gitId": "DeetoMok"
        },
        "content": "            Scanner in \u003d new Scanner(System.in);"
      },
      {
        "lineNumber": 44,
        "author": {
          "gitId": "DeetoMok"
        },
        "content": "            userInput \u003d in.nextLine();"
      },
      {
        "lineNumber": 45,
        "author": {
          "gitId": "DeetoMok"
        },
        "content": "            userInput \u003d userInput.trim();"
      },
      {
        "lineNumber": 46,
        "author": {
          "gitId": "DeetoMok"
        },
        "content": "            //user checks list"
      },
      {
        "lineNumber": 47,
        "author": {
          "gitId": "DeetoMok"
        },
        "content": "            if (userInput.equalsIgnoreCase(\"list\")){"
      },
      {
        "lineNumber": 48,
        "author": {
          "gitId": "DeetoMok"
        },
        "content": "                if (toDoList.size() \u003e 0 ) {"
      },
      {
        "lineNumber": 49,
        "author": {
          "gitId": "DeetoMok"
        },
        "content": "                    printSeparator();"
      },
      {
        "lineNumber": 50,
        "author": {
          "gitId": "DeetoMok"
        },
        "content": "                    System.out.println(\"Here are the tasks in your list\");"
      },
      {
        "lineNumber": 51,
        "author": {
          "gitId": "DeetoMok"
        },
        "content": "                    for (int i \u003d 0; i \u003c toDoList.size(); i++) {"
      },
      {
        "lineNumber": 52,
        "author": {
          "gitId": "DeetoMok"
        },
        "content": "                        System.out.println(i + 1 + \". \" + toDoList.get(i).toString());"
      },
      {
        "lineNumber": 53,
        "author": {
          "gitId": "DeetoMok"
        },
        "content": "                    }"
      },
      {
        "lineNumber": 54,
        "author": {
          "gitId": "DeetoMok"
        },
        "content": "                    printSeparator();"
      },
      {
        "lineNumber": 55,
        "author": {
          "gitId": "DeetoMok"
        },
        "content": "                } else {"
      },
      {
        "lineNumber": 56,
        "author": {
          "gitId": "DeetoMok"
        },
        "content": "                    printSeparator();"
      },
      {
        "lineNumber": 57,
        "author": {
          "gitId": "DeetoMok"
        },
        "content": "                    System.out.println(\"Your list is empty bruhh\");"
      },
      {
        "lineNumber": 58,
        "author": {
          "gitId": "DeetoMok"
        },
        "content": "                    printSeparator();"
      },
      {
        "lineNumber": 59,
        "author": {
          "gitId": "DeetoMok"
        },
        "content": "                }"
      },
      {
        "lineNumber": 60,
        "author": {
          "gitId": "DeetoMok"
        },
        "content": ""
      },
      {
        "lineNumber": 61,
        "author": {
          "gitId": "DeetoMok"
        },
        "content": "            }else if (userInput.startsWith(\"done\")){"
      },
      {
        "lineNumber": 62,
        "author": {
          "gitId": "DeetoMok"
        },
        "content": "                try {"
      },
      {
        "lineNumber": 63,
        "author": {
          "gitId": "DeetoMok"
        },
        "content": "                    int indexCompleted \u003d Integer.parseInt(userInput.substring(5));"
      },
      {
        "lineNumber": 64,
        "author": {
          "gitId": "DeetoMok"
        },
        "content": "                    toDoList.get(indexCompleted - 1).markAsDone();"
      },
      {
        "lineNumber": 65,
        "author": {
          "gitId": "DeetoMok"
        },
        "content": "                    printSeparator();"
      },
      {
        "lineNumber": 66,
        "author": {
          "gitId": "DeetoMok"
        },
        "content": "                    System.out.println(\"Nice! I\u0027ve marked this task as done:\");"
      },
      {
        "lineNumber": 67,
        "author": {
          "gitId": "DeetoMok"
        },
        "content": "                    System.out.println(toDoList.get(indexCompleted - 1).toString());"
      },
      {
        "lineNumber": 68,
        "author": {
          "gitId": "DeetoMok"
        },
        "content": "                    printSeparator();"
      },
      {
        "lineNumber": 69,
        "author": {
          "gitId": "DeetoMok"
        },
        "content": "                }catch (NumberFormatException e){"
      },
      {
        "lineNumber": 70,
        "author": {
          "gitId": "DeetoMok"
        },
        "content": "                    printSeparator();"
      },
      {
        "lineNumber": 71,
        "author": {
          "gitId": "DeetoMok"
        },
        "content": "                    System.out.println(\"You did not enter a number. Try again!!\");"
      },
      {
        "lineNumber": 72,
        "author": {
          "gitId": "DeetoMok"
        },
        "content": "                    printSeparator();"
      },
      {
        "lineNumber": 73,
        "author": {
          "gitId": "DeetoMok"
        },
        "content": "                }catch (IndexOutOfBoundsException e){"
      },
      {
        "lineNumber": 74,
        "author": {
          "gitId": "DeetoMok"
        },
        "content": "                    printSeparator();"
      },
      {
        "lineNumber": 75,
        "author": {
          "gitId": "DeetoMok"
        },
        "content": "                    System.out.println(\"The index you entered does not exist??? Look at ur list properly lah\");"
      },
      {
        "lineNumber": 76,
        "author": {
          "gitId": "DeetoMok"
        },
        "content": "                    printSeparator();"
      },
      {
        "lineNumber": 77,
        "author": {
          "gitId": "DeetoMok"
        },
        "content": "                }"
      },
      {
        "lineNumber": 78,
        "author": {
          "gitId": "DeetoMok"
        },
        "content": "            }else if (userInput.startsWith(\"delete\")){"
      },
      {
        "lineNumber": 79,
        "author": {
          "gitId": "DeetoMok"
        },
        "content": "                try {"
      },
      {
        "lineNumber": 80,
        "author": {
          "gitId": "DeetoMok"
        },
        "content": "                    int indexToDelete \u003d Integer.parseInt(userInput.substring(7));"
      },
      {
        "lineNumber": 81,
        "author": {
          "gitId": "DeetoMok"
        },
        "content": "                    printSeparator();"
      },
      {
        "lineNumber": 82,
        "author": {
          "gitId": "DeetoMok"
        },
        "content": "                    System.out.println(\"Noted with thanks. This task is deleted liao: \");"
      },
      {
        "lineNumber": 83,
        "author": {
          "gitId": "DeetoMok"
        },
        "content": "                    System.out.println(toDoList.get(indexToDelete - 1).toString());"
      },
      {
        "lineNumber": 84,
        "author": {
          "gitId": "DeetoMok"
        },
        "content": "                    System.out.println(\"Now there are \" + (todoSize - 1) + \" task(s) in your list\");"
      },
      {
        "lineNumber": 85,
        "author": {
          "gitId": "DeetoMok"
        },
        "content": "                    printSeparator();"
      },
      {
        "lineNumber": 86,
        "author": {
          "gitId": "DeetoMok"
        },
        "content": "                    toDoList.remove( indexToDelete - 1);"
      },
      {
        "lineNumber": 87,
        "author": {
          "gitId": "DeetoMok"
        },
        "content": "                    todoSize--;"
      },
      {
        "lineNumber": 88,
        "author": {
          "gitId": "DeetoMok"
        },
        "content": "                }catch (NumberFormatException e){"
      },
      {
        "lineNumber": 89,
        "author": {
          "gitId": "DeetoMok"
        },
        "content": "                    printSeparator();"
      },
      {
        "lineNumber": 90,
        "author": {
          "gitId": "DeetoMok"
        },
        "content": "                    System.out.println(\"You did not enter a number. Try again!!\");"
      },
      {
        "lineNumber": 91,
        "author": {
          "gitId": "DeetoMok"
        },
        "content": "                    printSeparator();"
      },
      {
        "lineNumber": 92,
        "author": {
          "gitId": "DeetoMok"
        },
        "content": "                }catch (IndexOutOfBoundsException e){"
      },
      {
        "lineNumber": 93,
        "author": {
          "gitId": "DeetoMok"
        },
        "content": "                    printSeparator();"
      },
      {
        "lineNumber": 94,
        "author": {
          "gitId": "DeetoMok"
        },
        "content": "                    System.out.println(\"The index you entered does not exist??? Look at ur list properly lah\");"
      },
      {
        "lineNumber": 95,
        "author": {
          "gitId": "DeetoMok"
        },
        "content": "                    printSeparator();"
      },
      {
        "lineNumber": 96,
        "author": {
          "gitId": "DeetoMok"
        },
        "content": "                }"
      },
      {
        "lineNumber": 97,
        "author": {
          "gitId": "DeetoMok"
        },
        "content": "            }else if(userInput.startsWith(\"todo\")) {"
      },
      {
        "lineNumber": 98,
        "author": {
          "gitId": "DeetoMok"
        },
        "content": "                try {"
      },
      {
        "lineNumber": 99,
        "author": {
          "gitId": "DeetoMok"
        },
        "content": "                    userInput \u003d userInput.substring(5);"
      },
      {
        "lineNumber": 100,
        "author": {
          "gitId": "DeetoMok"
        },
        "content": "                    if (userInput.trim().equals(\"\")){"
      },
      {
        "lineNumber": 101,
        "author": {
          "gitId": "DeetoMok"
        },
        "content": "                        throw new EmptyStringException();"
      },
      {
        "lineNumber": 102,
        "author": {
          "gitId": "DeetoMok"
        },
        "content": "                    }"
      },
      {
        "lineNumber": 103,
        "author": {
          "gitId": "DeetoMok"
        },
        "content": "                    ToDo t \u003d new ToDo(userInput);"
      },
      {
        "lineNumber": 104,
        "author": {
          "gitId": "DeetoMok"
        },
        "content": "                    toDoList.add(t);"
      },
      {
        "lineNumber": 105,
        "author": {
          "gitId": "DeetoMok"
        },
        "content": "                    printSeparator();"
      },
      {
        "lineNumber": 106,
        "author": {
          "gitId": "DeetoMok"
        },
        "content": "                    System.out.println(\"Okie dokes, \\\"\" + userInput + \"\\\" has been added to your to do list:\");"
      },
      {
        "lineNumber": 107,
        "author": {
          "gitId": "DeetoMok"
        },
        "content": "                    System.out.println(t.toString());"
      },
      {
        "lineNumber": 108,
        "author": {
          "gitId": "DeetoMok"
        },
        "content": "                    System.out.println(\"Now there are \" + (todoSize + 1) + \" task(s) in your list\");"
      },
      {
        "lineNumber": 109,
        "author": {
          "gitId": "DeetoMok"
        },
        "content": "                    printSeparator();"
      },
      {
        "lineNumber": 110,
        "author": {
          "gitId": "DeetoMok"
        },
        "content": "                    todoSize++;"
      },
      {
        "lineNumber": 111,
        "author": {
          "gitId": "DeetoMok"
        },
        "content": "                } catch (EmptyStringException e){"
      },
      {
        "lineNumber": 112,
        "author": {
          "gitId": "DeetoMok"
        },
        "content": "                    System.out.println(\"☹ OOPS!!! The description of a todo cannot be empty.\");"
      },
      {
        "lineNumber": 113,
        "author": {
          "gitId": "DeetoMok"
        },
        "content": "                }"
      },
      {
        "lineNumber": 114,
        "author": {
          "gitId": "DeetoMok"
        },
        "content": "            }else if (userInput.startsWith(\"deadline\")){"
      },
      {
        "lineNumber": 115,
        "author": {
          "gitId": "DeetoMok"
        },
        "content": ""
      },
      {
        "lineNumber": 116,
        "author": {
          "gitId": "DeetoMok"
        },
        "content": "                try {"
      },
      {
        "lineNumber": 117,
        "author": {
          "gitId": "DeetoMok"
        },
        "content": "                    userInput \u003d userInput.substring(9);"
      },
      {
        "lineNumber": 118,
        "author": {
          "gitId": "DeetoMok"
        },
        "content": "                    if (userInput.trim().equals(\"\")){"
      },
      {
        "lineNumber": 119,
        "author": {
          "gitId": "DeetoMok"
        },
        "content": "                        throw new EmptyStringException();"
      },
      {
        "lineNumber": 120,
        "author": {
          "gitId": "DeetoMok"
        },
        "content": "                    }"
      },
      {
        "lineNumber": 121,
        "author": {
          "gitId": "DeetoMok"
        },
        "content": "                    Deadline d \u003d new Deadline(userInput);"
      },
      {
        "lineNumber": 122,
        "author": {
          "gitId": "DeetoMok"
        },
        "content": "                    toDoList.add(d);"
      },
      {
        "lineNumber": 123,
        "author": {
          "gitId": "DeetoMok"
        },
        "content": "                    printSeparator();"
      },
      {
        "lineNumber": 124,
        "author": {
          "gitId": "DeetoMok"
        },
        "content": ""
      },
      {
        "lineNumber": 125,
        "author": {
          "gitId": "DeetoMok"
        },
        "content": "                    System.out.println(\"Okie dokes, \\\"\" + userInput + \"\\\" has been added to your to do list:\");"
      },
      {
        "lineNumber": 126,
        "author": {
          "gitId": "DeetoMok"
        },
        "content": "                    System.out.println(d.toString());"
      },
      {
        "lineNumber": 127,
        "author": {
          "gitId": "DeetoMok"
        },
        "content": "                    System.out.println(\"Now there are \" + (todoSize + 1) + \" task(s) in your list\");"
      },
      {
        "lineNumber": 128,
        "author": {
          "gitId": "DeetoMok"
        },
        "content": "                    printSeparator();"
      },
      {
        "lineNumber": 129,
        "author": {
          "gitId": "DeetoMok"
        },
        "content": "                    todoSize++;"
      },
      {
        "lineNumber": 130,
        "author": {
          "gitId": "DeetoMok"
        },
        "content": "                }catch (EmptyStringException e){"
      },
      {
        "lineNumber": 131,
        "author": {
          "gitId": "DeetoMok"
        },
        "content": "                    System.out.println(\"☹ OOPS!!! The description of a deadline cannot be empty.\");"
      },
      {
        "lineNumber": 132,
        "author": {
          "gitId": "DeetoMok"
        },
        "content": "                }"
      },
      {
        "lineNumber": 133,
        "author": {
          "gitId": "DeetoMok"
        },
        "content": "            }else if (userInput.startsWith(\"event\")){"
      },
      {
        "lineNumber": 134,
        "author": {
          "gitId": "DeetoMok"
        },
        "content": "                try {"
      },
      {
        "lineNumber": 135,
        "author": {
          "gitId": "DeetoMok"
        },
        "content": "                    userInput \u003d userInput.substring(6);"
      },
      {
        "lineNumber": 136,
        "author": {
          "gitId": "DeetoMok"
        },
        "content": "                    if (userInput.trim().equals(\"\")) {"
      },
      {
        "lineNumber": 137,
        "author": {
          "gitId": "DeetoMok"
        },
        "content": "                        throw new EmptyStringException();"
      },
      {
        "lineNumber": 138,
        "author": {
          "gitId": "DeetoMok"
        },
        "content": "                    }"
      },
      {
        "lineNumber": 139,
        "author": {
          "gitId": "DeetoMok"
        },
        "content": "                    Events e \u003d new Events(userInput);"
      },
      {
        "lineNumber": 140,
        "author": {
          "gitId": "DeetoMok"
        },
        "content": "                    toDoList.add(e);"
      },
      {
        "lineNumber": 141,
        "author": {
          "gitId": "DeetoMok"
        },
        "content": "                    printSeparator();"
      },
      {
        "lineNumber": 142,
        "author": {
          "gitId": "DeetoMok"
        },
        "content": "                    System.out.println(\"Okie dokes, \\\"\" + userInput + \"\\\" has been added to your to do list:\");"
      },
      {
        "lineNumber": 143,
        "author": {
          "gitId": "DeetoMok"
        },
        "content": "                    System.out.println(e.toString());"
      },
      {
        "lineNumber": 144,
        "author": {
          "gitId": "DeetoMok"
        },
        "content": "                    System.out.println(\"Now there are \" + (todoSize + 1) + \" task(s) in your list\");"
      },
      {
        "lineNumber": 145,
        "author": {
          "gitId": "DeetoMok"
        },
        "content": "                    printSeparator();"
      },
      {
        "lineNumber": 146,
        "author": {
          "gitId": "DeetoMok"
        },
        "content": "                    todoSize++;"
      },
      {
        "lineNumber": 147,
        "author": {
          "gitId": "DeetoMok"
        },
        "content": "                }catch (EmptyStringException e){"
      },
      {
        "lineNumber": 148,
        "author": {
          "gitId": "DeetoMok"
        },
        "content": "                    System.out.println(\"☹ OOPS!!! The description of a event cannot be empty.\");"
      },
      {
        "lineNumber": 149,
        "author": {
          "gitId": "DeetoMok"
        },
        "content": "                }"
      },
      {
        "lineNumber": 150,
        "author": {
          "gitId": "DeetoMok"
        },
        "content": "            }else {"
      },
      {
        "lineNumber": 151,
        "author": {
          "gitId": "DeetoMok"
        },
        "content": "                printSeparator();"
      },
      {
        "lineNumber": 152,
        "author": {
          "gitId": "DeetoMok"
        },
        "content": "                System.out.println(\"OOPS!!! IDGI THAT\");"
      },
      {
        "lineNumber": 153,
        "author": {
          "gitId": "DeetoMok"
        },
        "content": "                printSeparator();"
      },
      {
        "lineNumber": 154,
        "author": {
          "gitId": "DeetoMok"
        },
        "content": "            }"
      },
      {
        "lineNumber": 155,
        "author": {
          "gitId": "DeetoMok"
        },
        "content": "            storage.save(toDoList);"
      },
      {
        "lineNumber": 156,
        "author": {
          "gitId": "DeetoMok"
        },
        "content": "        } while (!userInput.equalsIgnoreCase(\"bye\"));"
      },
      {
        "lineNumber": 157,
        "author": {
          "gitId": "DeetoMok"
        },
        "content": ""
      },
      {
        "lineNumber": 158,
        "author": {
          "gitId": "DeetoMok"
        },
        "content": "        printSeparator();"
      },
      {
        "lineNumber": 159,
        "author": {
          "gitId": "DeetoMok"
        },
        "content": "        System.out.println(\"Bye. I hope to see u again soon ^^\");"
      },
      {
        "lineNumber": 160,
        "author": {
          "gitId": "DeetoMok"
        },
        "content": "        printSeparator();"
      },
      {
        "lineNumber": 161,
        "author": {
          "gitId": "-"
        },
        "content": "    }"
      },
      {
        "lineNumber": 162,
        "author": {
          "gitId": "-"
        },
        "content": "}"
      }
    ],
    "authorContributionMap": {
      "DeetoMok": 154,
      "-": 8
    }
  },
  {
    "path": "src/main/java/Exceptions/EmptyStringException.java",
    "fileType": "java",
    "lines": [
      {
        "lineNumber": 1,
        "author": {
          "gitId": "DeetoMok"
        },
        "content": "package Exceptions;"
      },
      {
        "lineNumber": 2,
        "author": {
          "gitId": "DeetoMok"
        },
        "content": ""
      },
      {
        "lineNumber": 3,
        "author": {
          "gitId": "DeetoMok"
        },
        "content": "public class EmptyStringException extends Exception {"
      },
      {
        "lineNumber": 4,
        "author": {
          "gitId": "DeetoMok"
        },
        "content": ""
      },
      {
        "lineNumber": 5,
        "author": {
          "gitId": "DeetoMok"
        },
        "content": "}"
      }
    ],
    "authorContributionMap": {
      "DeetoMok": 5
    }
  },
  {
    "path": "src/main/java/Storage.java",
    "fileType": "java",
    "lines": [
      {
        "lineNumber": 1,
        "author": {
          "gitId": "DeetoMok"
        },
        "content": "import Tasks.Task;"
      },
      {
        "lineNumber": 2,
        "author": {
          "gitId": "DeetoMok"
        },
        "content": "import com.google.gson.Gson;"
      },
      {
        "lineNumber": 3,
        "author": {
          "gitId": "DeetoMok"
        },
        "content": "import com.google.gson.GsonBuilder;"
      },
      {
        "lineNumber": 4,
        "author": {
          "gitId": "DeetoMok"
        },
        "content": "import com.google.gson.reflect.TypeToken;"
      },
      {
        "lineNumber": 5,
        "author": {
          "gitId": "DeetoMok"
        },
        "content": ""
      },
      {
        "lineNumber": 6,
        "author": {
          "gitId": "DeetoMok"
        },
        "content": "import java.io.*;"
      },
      {
        "lineNumber": 7,
        "author": {
          "gitId": "DeetoMok"
        },
        "content": "import java.lang.reflect.Array;"
      },
      {
        "lineNumber": 8,
        "author": {
          "gitId": "DeetoMok"
        },
        "content": "import java.util.ArrayList;"
      },
      {
        "lineNumber": 9,
        "author": {
          "gitId": "DeetoMok"
        },
        "content": ""
      },
      {
        "lineNumber": 10,
        "author": {
          "gitId": "DeetoMok"
        },
        "content": "public class Storage {"
      },
      {
        "lineNumber": 11,
        "author": {
          "gitId": "DeetoMok"
        },
        "content": "    private String userDirectory \u003d System.getProperty(\"user.dir\");"
      },
      {
        "lineNumber": 12,
        "author": {
          "gitId": "DeetoMok"
        },
        "content": ""
      },
      {
        "lineNumber": 13,
        "author": {
          "gitId": "DeetoMok"
        },
        "content": "    public void save(ArrayList\u003cTask\u003e taskList) {"
      },
      {
        "lineNumber": 14,
        "author": {
          "gitId": "DeetoMok"
        },
        "content": "        Gson gson \u003d new GsonBuilder()"
      },
      {
        "lineNumber": 15,
        "author": {
          "gitId": "DeetoMok"
        },
        "content": "                .enableComplexMapKeySerialization()"
      },
      {
        "lineNumber": 16,
        "author": {
          "gitId": "DeetoMok"
        },
        "content": "                .setPrettyPrinting()"
      },
      {
        "lineNumber": 17,
        "author": {
          "gitId": "DeetoMok"
        },
        "content": "                .create();"
      },
      {
        "lineNumber": 18,
        "author": {
          "gitId": "DeetoMok"
        },
        "content": ""
      },
      {
        "lineNumber": 19,
        "author": {
          "gitId": "DeetoMok"
        },
        "content": "        try {"
      },
      {
        "lineNumber": 20,
        "author": {
          "gitId": "DeetoMok"
        },
        "content": "            FileWriter fileWriter \u003d new FileWriter(userDirectory + \"/taskList.json\");"
      },
      {
        "lineNumber": 21,
        "author": {
          "gitId": "DeetoMok"
        },
        "content": "            gson.toJson(taskList, fileWriter);"
      },
      {
        "lineNumber": 22,
        "author": {
          "gitId": "DeetoMok"
        },
        "content": "            fileWriter.flush();"
      },
      {
        "lineNumber": 23,
        "author": {
          "gitId": "DeetoMok"
        },
        "content": "            fileWriter.close();"
      },
      {
        "lineNumber": 24,
        "author": {
          "gitId": "DeetoMok"
        },
        "content": "        } catch (IOException e) {"
      },
      {
        "lineNumber": 25,
        "author": {
          "gitId": "DeetoMok"
        },
        "content": "            e.printStackTrace();"
      },
      {
        "lineNumber": 26,
        "author": {
          "gitId": "DeetoMok"
        },
        "content": "        }"
      },
      {
        "lineNumber": 27,
        "author": {
          "gitId": "DeetoMok"
        },
        "content": "    }"
      },
      {
        "lineNumber": 28,
        "author": {
          "gitId": "DeetoMok"
        },
        "content": ""
      },
      {
        "lineNumber": 29,
        "author": {
          "gitId": "DeetoMok"
        },
        "content": "    public ArrayList\u003cTask\u003e load() throws FileNotFoundException {"
      },
      {
        "lineNumber": 30,
        "author": {
          "gitId": "DeetoMok"
        },
        "content": "        GsonBuilder builder \u003d new GsonBuilder();"
      },
      {
        "lineNumber": 31,
        "author": {
          "gitId": "DeetoMok"
        },
        "content": "        Gson gson \u003d builder.create();"
      },
      {
        "lineNumber": 32,
        "author": {
          "gitId": "DeetoMok"
        },
        "content": "        BufferedReader bufferedReader \u003d new BufferedReader("
      },
      {
        "lineNumber": 33,
        "author": {
          "gitId": "DeetoMok"
        },
        "content": "                new FileReader(userDirectory + \"/taskList.json\"));"
      },
      {
        "lineNumber": 34,
        "author": {
          "gitId": "DeetoMok"
        },
        "content": "        ArrayList\u003cTask\u003e newTask \u003d gson.fromJson(bufferedReader, new TypeToken\u003cArrayList\u003cTask\u003e\u003e(){}.getType());"
      },
      {
        "lineNumber": 35,
        "author": {
          "gitId": "DeetoMok"
        },
        "content": "        return newTask;"
      },
      {
        "lineNumber": 36,
        "author": {
          "gitId": "DeetoMok"
        },
        "content": "    }"
      },
      {
        "lineNumber": 37,
        "author": {
          "gitId": "DeetoMok"
        },
        "content": ""
      },
      {
        "lineNumber": 38,
        "author": {
          "gitId": "DeetoMok"
        },
        "content": "}"
      }
    ],
    "authorContributionMap": {
      "DeetoMok": 38
    }
  },
  {
    "path": "src/main/java/Tasks/Deadline.java",
    "fileType": "java",
    "lines": [
      {
        "lineNumber": 1,
        "author": {
          "gitId": "DeetoMok"
        },
        "content": "package Tasks;"
      },
      {
        "lineNumber": 2,
        "author": {
          "gitId": "DeetoMok"
        },
        "content": ""
      },
      {
        "lineNumber": 3,
        "author": {
          "gitId": "DeetoMok"
        },
        "content": "public class Deadline extends Task {"
      },
      {
        "lineNumber": 4,
        "author": {
          "gitId": "DeetoMok"
        },
        "content": ""
      },
      {
        "lineNumber": 5,
        "author": {
          "gitId": "DeetoMok"
        },
        "content": "    public Deadline(String description) {"
      },
      {
        "lineNumber": 6,
        "author": {
          "gitId": "DeetoMok"
        },
        "content": "//        description \u003d description.substring(0, description.indexOf(\"/\")) +"
      },
      {
        "lineNumber": 7,
        "author": {
          "gitId": "DeetoMok"
        },
        "content": "//                description.substring(description.indexOf(\"/\"), description.length()) + \")\";"
      },
      {
        "lineNumber": 8,
        "author": {
          "gitId": "DeetoMok"
        },
        "content": "        super(description.substring(0, description.indexOf(\"/\")) + \"(\" +"
      },
      {
        "lineNumber": 9,
        "author": {
          "gitId": "DeetoMok"
        },
        "content": "                description.substring(description.indexOf(\"/\")+1, description.length()) + \")\");"
      },
      {
        "lineNumber": 10,
        "author": {
          "gitId": "DeetoMok"
        },
        "content": "    }"
      },
      {
        "lineNumber": 11,
        "author": {
          "gitId": "DeetoMok"
        },
        "content": ""
      },
      {
        "lineNumber": 12,
        "author": {
          "gitId": "DeetoMok"
        },
        "content": "    @Override"
      },
      {
        "lineNumber": 13,
        "author": {
          "gitId": "DeetoMok"
        },
        "content": "    public String toString(){"
      },
      {
        "lineNumber": 14,
        "author": {
          "gitId": "DeetoMok"
        },
        "content": ""
      },
      {
        "lineNumber": 15,
        "author": {
          "gitId": "DeetoMok"
        },
        "content": "        return \"[D][\" + getStatusIcon() + \"] \" + description;"
      },
      {
        "lineNumber": 16,
        "author": {
          "gitId": "DeetoMok"
        },
        "content": "    }"
      },
      {
        "lineNumber": 17,
        "author": {
          "gitId": "DeetoMok"
        },
        "content": "}"
      }
    ],
    "authorContributionMap": {
      "DeetoMok": 17
    }
  },
  {
    "path": "src/main/java/Tasks/Events.java",
    "fileType": "java",
    "lines": [
      {
        "lineNumber": 1,
        "author": {
          "gitId": "DeetoMok"
        },
        "content": "package Tasks;"
      },
      {
        "lineNumber": 2,
        "author": {
          "gitId": "DeetoMok"
        },
        "content": ""
      },
      {
        "lineNumber": 3,
        "author": {
          "gitId": "DeetoMok"
        },
        "content": "public class Events extends Task{"
      },
      {
        "lineNumber": 4,
        "author": {
          "gitId": "DeetoMok"
        },
        "content": "    public Events(String description) {"
      },
      {
        "lineNumber": 5,
        "author": {
          "gitId": "DeetoMok"
        },
        "content": "        super(description.substring(0, description.indexOf(\"/\")) + \"(\" +"
      },
      {
        "lineNumber": 6,
        "author": {
          "gitId": "DeetoMok"
        },
        "content": "                description.substring(description.indexOf(\"/\")+1, description.length()) + \")\");"
      },
      {
        "lineNumber": 7,
        "author": {
          "gitId": "DeetoMok"
        },
        "content": "    }"
      },
      {
        "lineNumber": 8,
        "author": {
          "gitId": "DeetoMok"
        },
        "content": ""
      },
      {
        "lineNumber": 9,
        "author": {
          "gitId": "DeetoMok"
        },
        "content": "    @Override"
      },
      {
        "lineNumber": 10,
        "author": {
          "gitId": "DeetoMok"
        },
        "content": "    public String toString(){"
      },
      {
        "lineNumber": 11,
        "author": {
          "gitId": "DeetoMok"
        },
        "content": "        return \"[E][\" + getStatusIcon() + \"] \" + description;"
      },
      {
        "lineNumber": 12,
        "author": {
          "gitId": "DeetoMok"
        },
        "content": "    }"
      },
      {
        "lineNumber": 13,
        "author": {
          "gitId": "DeetoMok"
        },
        "content": "}"
      }
    ],
    "authorContributionMap": {
      "DeetoMok": 13
    }
  },
  {
    "path": "src/main/java/Tasks/Task.java",
    "fileType": "java",
    "lines": [
      {
        "lineNumber": 1,
        "author": {
          "gitId": "DeetoMok"
        },
        "content": "package Tasks;"
      },
      {
        "lineNumber": 2,
        "author": {
          "gitId": "DeetoMok"
        },
        "content": ""
      },
      {
        "lineNumber": 3,
        "author": {
          "gitId": "DeetoMok"
        },
        "content": "public class Task {"
      },
      {
        "lineNumber": 4,
        "author": {
          "gitId": "DeetoMok"
        },
        "content": "    protected String description;"
      },
      {
        "lineNumber": 5,
        "author": {
          "gitId": "DeetoMok"
        },
        "content": "    protected boolean isDone;"
      },
      {
        "lineNumber": 6,
        "author": {
          "gitId": "DeetoMok"
        },
        "content": ""
      },
      {
        "lineNumber": 7,
        "author": {
          "gitId": "DeetoMok"
        },
        "content": "    public Task(String description){"
      },
      {
        "lineNumber": 8,
        "author": {
          "gitId": "DeetoMok"
        },
        "content": "        this.description \u003d description;"
      },
      {
        "lineNumber": 9,
        "author": {
          "gitId": "DeetoMok"
        },
        "content": "        this.isDone \u003d false;"
      },
      {
        "lineNumber": 10,
        "author": {
          "gitId": "DeetoMok"
        },
        "content": "    }"
      },
      {
        "lineNumber": 11,
        "author": {
          "gitId": "DeetoMok"
        },
        "content": "    public String getStatusIcon() {"
      },
      {
        "lineNumber": 12,
        "author": {
          "gitId": "DeetoMok"
        },
        "content": "        return (isDone ? \"\\u2713\" : \"\\u2718\"); //return tick or X symbols"
      },
      {
        "lineNumber": 13,
        "author": {
          "gitId": "DeetoMok"
        },
        "content": "    }"
      },
      {
        "lineNumber": 14,
        "author": {
          "gitId": "DeetoMok"
        },
        "content": "    public void markAsDone() {"
      },
      {
        "lineNumber": 15,
        "author": {
          "gitId": "DeetoMok"
        },
        "content": "        this.isDone \u003d true;"
      },
      {
        "lineNumber": 16,
        "author": {
          "gitId": "DeetoMok"
        },
        "content": "    }"
      },
      {
        "lineNumber": 17,
        "author": {
          "gitId": "DeetoMok"
        },
        "content": "    public String toString() {"
      },
      {
        "lineNumber": 18,
        "author": {
          "gitId": "DeetoMok"
        },
        "content": "        return this.description;"
      },
      {
        "lineNumber": 19,
        "author": {
          "gitId": "DeetoMok"
        },
        "content": "    }"
      },
      {
        "lineNumber": 20,
        "author": {
          "gitId": "DeetoMok"
        },
        "content": ""
      },
      {
        "lineNumber": 21,
        "author": {
          "gitId": "DeetoMok"
        },
        "content": ""
      },
      {
        "lineNumber": 22,
        "author": {
          "gitId": "DeetoMok"
        },
        "content": "}"
      }
    ],
    "authorContributionMap": {
      "DeetoMok": 22
    }
  },
  {
    "path": "src/main/java/Tasks/ToDo.java",
    "fileType": "java",
    "lines": [
      {
        "lineNumber": 1,
        "author": {
          "gitId": "DeetoMok"
        },
        "content": "package Tasks;"
      },
      {
        "lineNumber": 2,
        "author": {
          "gitId": "DeetoMok"
        },
        "content": ""
      },
      {
        "lineNumber": 3,
        "author": {
          "gitId": "DeetoMok"
        },
        "content": "public class ToDo extends Task {"
      },
      {
        "lineNumber": 4,
        "author": {
          "gitId": "DeetoMok"
        },
        "content": ""
      },
      {
        "lineNumber": 5,
        "author": {
          "gitId": "DeetoMok"
        },
        "content": "    public ToDo(String description) {"
      },
      {
        "lineNumber": 6,
        "author": {
          "gitId": "DeetoMok"
        },
        "content": "        super(description);"
      },
      {
        "lineNumber": 7,
        "author": {
          "gitId": "DeetoMok"
        },
        "content": "    }"
      },
      {
        "lineNumber": 8,
        "author": {
          "gitId": "DeetoMok"
        },
        "content": ""
      },
      {
        "lineNumber": 9,
        "author": {
          "gitId": "DeetoMok"
        },
        "content": "    @Override"
      },
      {
        "lineNumber": 10,
        "author": {
          "gitId": "DeetoMok"
        },
        "content": "    public String toString(){"
      },
      {
        "lineNumber": 11,
        "author": {
          "gitId": "DeetoMok"
        },
        "content": "        return \"[T][\" + getStatusIcon() + \"] \" + description;"
      },
      {
        "lineNumber": 12,
        "author": {
          "gitId": "DeetoMok"
        },
        "content": "    }"
      },
      {
        "lineNumber": 13,
        "author": {
          "gitId": "DeetoMok"
        },
        "content": ""
      },
      {
        "lineNumber": 14,
        "author": {
          "gitId": "DeetoMok"
        },
        "content": "}"
      }
    ],
    "authorContributionMap": {
      "DeetoMok": 14
    }
  }
]
