{
  "authorDailyContributionsMap": {
    "yuxianglim": [
      {
        "insertions": 28,
        "deletions": 5,
        "date": "2020-01-28",
        "commitResults": [
          {
            "hash": "e12ae5ec0fc8da8c4a630250b4be90969f778714",
            "messageTitle": "Completed iP Level-0",
            "messageBody": "",
            "tags": [
              "Level-1",
              "Level-0"
            ],
            "insertions": 8,
            "deletions": 0
          },
          {
            "hash": "c2ab1a4974174d578d63f37b71424324d7dccebd",
            "messageTitle": "Completed Level-1 and some personalisations of robot.",
            "messageBody": "",
            "tags": [
              "Level-2"
            ],
            "insertions": 20,
            "deletions": 5
          }
        ]
      },
      {
        "insertions": 11,
        "deletions": 3,
        "date": "2020-01-29",
        "commitResults": [
          {
            "hash": "9e4575b05c19cafbba9ae5b9c98974ce828ca764",
            "messageTitle": "Completed Level-2",
            "messageBody": "",
            "tags": [
              "Level-3",
              "A-Classes"
            ],
            "insertions": 11,
            "deletions": 3
          }
        ]
      },
      {
        "insertions": 60,
        "deletions": 20,
        "date": "2020-02-02",
        "commitResults": [
          {
            "hash": "81d6400e5cb96ee013f3caa8242494ca543ebb75",
            "messageTitle": "- Added additional functions after greetings - List of all functions available - Ability to mark task as done - UI customisation",
            "messageBody": "",
            "tags": [
              "A-CodingStandard"
            ],
            "insertions": 59,
            "deletions": 18
          },
          {
            "hash": "99ff32b7a8d6909fafd742a3c690de4a66faa239",
            "messageTitle": "Coding Standard",
            "messageBody": "",
            "tags": [
              "Level-4",
              "A-Inheritance"
            ],
            "insertions": 1,
            "deletions": 2
          }
        ]
      },
      {
        "insertions": 176,
        "deletions": 38,
        "date": "2020-02-05",
        "commitResults": [
          {
            "hash": "82f23724d73100d99f1f50decf34203faf8b8d3a",
            "messageTitle": "- Changed variables to private - Modified Task.java as parent class - Added Override for String toString method",
            "messageBody": "",
            "insertions": 11,
            "deletions": 3
          },
          {
            "hash": "79cf5c215dc429c257fc349720ff84f719ea250c",
            "messageTitle": "Major changes to program inclusives but not exhausive of: - Modified greeting statments - Addition of list of functions available in table format - Changed While loop conditions such that program will end when \"bye\" function is keyed in - Added default statement for program to continue prompting user for functions if system is unable to detect any available functions - Reorganised swtich cases - 3 new class type for tasks - Addition of ability to store 3 different types of task. ( Events, To-do, Deadline) - Streamlined printing of newly added task with a printing method",
            "messageBody": "",
            "insertions": 132,
            "deletions": 34
          },
          {
            "hash": "9e9b9183ef78ba03e5552c3287ea16e46013f074",
            "messageTitle": "- Fixed bug causing run-time error on \"done\" case",
            "messageBody": "",
            "tags": [
              "A-TextUiTesting"
            ],
            "insertions": 3,
            "deletions": 1
          },
          {
            "hash": "c6c5616a134d842df79b0956754fec8ade3b4fc3",
            "messageTitle": "A-TextUiTesting",
            "messageBody": "",
            "insertions": 30,
            "deletions": 0
          }
        ]
      },
      {
        "insertions": 9,
        "deletions": 4,
        "date": "2020-02-10",
        "commitResults": [
          {
            "hash": "800984e15a0fa50ad92ef5ab0ea8ca749c155539",
            "messageTitle": "Minor bug fix and output statements",
            "messageBody": "",
            "tags": [
              "A-CodeQuality"
            ],
            "insertions": 9,
            "deletions": 4
          }
        ]
      },
      {
        "insertions": 3,
        "deletions": 3,
        "date": "2020-02-11",
        "commitResults": [
          {
            "hash": "05f1df5bf5b79df617ade39d7d4bc884980b161f",
            "messageTitle": "A-CodeQuality",
            "messageBody": "",
            "insertions": 3,
            "deletions": 3
          }
        ]
      },
      {
        "insertions": 195,
        "deletions": 58,
        "date": "2020-02-13",
        "commitResults": [
          {
            "hash": "a53c341872f8834b5a1023f55d838089b6ede677",
            "messageTitle": "Level 5 + Exceptions class + Major bug fixes",
            "messageBody": "",
            "insertions": 99,
            "deletions": 0
          },
          {
            "hash": "41e721a01bb1bb3279bd5c21bec933ae874e2736",
            "messageTitle": "Added a space",
            "messageBody": "",
            "insertions": 96,
            "deletions": 58
          }
        ]
      },
      {
        "insertions": 95,
        "deletions": 135,
        "date": "2020-02-14",
        "commitResults": [
          {
            "hash": "aaddc820be7fd973df1162503738e6c36d01bd92",
            "messageTitle": "Major changes to program: - A-Packages - A- Exception - Individual Error exceptions print statements instead of generalised statements",
            "messageBody": "",
            "tags": [
              "Level-5"
            ],
            "insertions": 95,
            "deletions": 135
          }
        ]
      },
      {
        "insertions": 50,
        "deletions": 51,
        "date": "2020-02-15",
        "commitResults": [
          {
            "hash": "ef4f9c191ac52f3e63e9eec41fd17a335e1be47e",
            "messageTitle": "Removed Spacings",
            "messageBody": "",
            "insertions": 0,
            "deletions": 4
          },
          {
            "hash": "30f8cf5ccff071c81aeec55599ee016890ce2984",
            "messageTitle": "- Minor changes to duke file - Packaged duke - Changed name of program - Fixed Expected.txt / Actual.txt",
            "messageBody": "",
            "insertions": 38,
            "deletions": 36
          },
          {
            "hash": "2f86f6b34ed56add587b75b579d40849dd181f6c",
            "messageTitle": "Changed to Arraylist of objects",
            "messageBody": "",
            "insertions": 12,
            "deletions": 8
          },
          {
            "hash": "e91f327de4812c6e9f4308a5bf9fe11f3c0bfb80",
            "messageTitle": "no message",
            "messageBody": "",
            "insertions": 0,
            "deletions": 3
          }
        ]
      },
      {
        "insertions": 42,
        "deletions": 26,
        "date": "2020-02-20",
        "commitResults": [
          {
            "hash": "8bbd55d72d5e6d59a267322958b879dd55ef7667",
            "messageTitle": "- Completed Level 6. - Minor changes to UI. - Fixed exception errors ffor index out of bound issues",
            "messageBody": "",
            "insertions": 39,
            "deletions": 23
          },
          {
            "hash": "3358d37a4278f618b56ca615376e75a0175b5b5b",
            "messageTitle": "- Completed Level 6. - Minor changes to UI. - Fixed exception errors ffor index out of bound issues",
            "messageBody": "",
            "tags": [
              "Level-6"
            ],
            "insertions": 1,
            "deletions": 2
          },
          {
            "hash": "5bad4847cd8ee997bf7edc24c18bd397bbb60c11",
            "messageTitle": "No Changes",
            "messageBody": "",
            "insertions": 2,
            "deletions": 1
          }
        ]
      },
      {
        "insertions": 266,
        "deletions": 37,
        "date": "2020-02-21",
        "commitResults": [
          {
            "hash": "d4039d84e9763cca43b3dac94b32b6d5a91dd2bd",
            "messageTitle": "- Added support for importing tasks from txt file",
            "messageBody": "",
            "insertions": 55,
            "deletions": 1
          },
          {
            "hash": "3d0a4355515e433579341fe1d54f334d379c716a",
            "messageTitle": "- Added support for appending changes to file - Added support for writing to file - Fix whitespace errors on writing to file",
            "messageBody": "",
            "insertions": 106,
            "deletions": 9
          },
          {
            "hash": "80eed0d3a82ef0cf7d53131509c2f37af3d702c0",
            "messageTitle": "- Fixed more whitespace bugs in appending to txt file",
            "messageBody": "",
            "insertions": 24,
            "deletions": 20
          },
          {
            "hash": "c54c6d625b6ae29756c451c2b8d8397bd5c3474c",
            "messageTitle": "- Added support for deletion from file - Fix error exceptions for indexOutOfBound when using function \"done\"",
            "messageBody": "",
            "insertions": 75,
            "deletions": 7
          },
          {
            "hash": "ee24769a137d4f1e1039a5696fdd3a588a80acef",
            "messageTitle": "- Changed input.txt",
            "messageBody": "",
            "insertions": 6,
            "deletions": 0
          }
        ]
      },
      {
        "insertions": 75,
        "deletions": 34,
        "date": "2020-02-22",
        "commitResults": [
          {
            "hash": "7996383f7a6a91a6e306d6d58b8c217868e41e3a",
            "messageTitle": "- Added more OOP changes to main codes - Streamlined main in duke - Added ui packages",
            "messageBody": "",
            "tags": [
              "v1.0"
            ],
            "insertions": 75,
            "deletions": 34
          }
        ]
      },
      {
        "insertions": 72,
        "deletions": 11,
        "date": "2020-02-23",
        "commitResults": [
          {
            "hash": "f5df6e854c5cecffe1e67b4aed800b70362b41d1",
            "messageTitle": "- Exceptions error fix for Write to File",
            "messageBody": "",
            "insertions": 72,
            "deletions": 11
          }
        ]
      },
      {
        "insertions": 149,
        "deletions": 90,
        "date": "2020-03-01",
        "commitResults": [
          {
            "hash": "49ab2843e33dbbfb88c69f0fdc69ad57c261fc59",
            "messageTitle": "-Added functions",
            "messageBody": "",
            "insertions": 26,
            "deletions": 6
          },
          {
            "hash": "cec7b494c48a4a58b0898396391a02f2f6e9d177",
            "messageTitle": "- Completed Level-9 Find",
            "messageBody": "",
            "tags": [
              "Level-9"
            ],
            "insertions": 12,
            "deletions": 8
          },
          {
            "hash": "ee8a6ec88b3b609ccc1323151f947ff94bc987c9",
            "messageTitle": "no message",
            "messageBody": "",
            "insertions": 1,
            "deletions": 6
          },
          {
            "hash": "b06ecbaf19740ea6db2ffb395a9e9cb7b36763bb",
            "messageTitle": "- completed A-JavaDoc",
            "messageBody": "",
            "tags": [
              "A-JavaDoc"
            ],
            "insertions": 91,
            "deletions": 69
          },
          {
            "hash": "e7fd29f016b3b6f26bbab701f9a02aea1e0dbcb0",
            "messageTitle": "- no changes",
            "messageBody": "",
            "insertions": 1,
            "deletions": 0
          },
          {
            "hash": "3be8dda9521bb28a81a2c420ef26c97d14f403d2",
            "messageTitle": "Completed A-UserGuide",
            "messageBody": "",
            "tags": [
              "A-UserGuide",
              "A-Release",
              "A-Jar"
            ],
            "insertions": 18,
            "deletions": 1
          }
        ]
      },
      {
        "insertions": 440,
        "deletions": 360,
        "date": "2020-03-02",
        "commitResults": [
          {
            "hash": "b01baab0c4b451c8b1ee9c0bf89bf9df2a734202",
            "messageTitle": "- Added new packages - reorganised files",
            "messageBody": "",
            "insertions": 21,
            "deletions": 14
          },
          {
            "hash": "981adcd172071953d1bdeecccd93bfce8d13ddab",
            "messageTitle": "- Minor A-MoreOOP",
            "messageBody": "",
            "tags": [
              "A-MoreOOP"
            ],
            "insertions": 42,
            "deletions": 44
          },
          {
            "hash": "a169c8bd2d799e96a89bfbd6ca9950338cbd49f6",
            "messageTitle": "- Added \"Help\" function",
            "messageBody": "",
            "tags": [
              "release1"
            ],
            "insertions": 10,
            "deletions": 0
          },
          {
            "hash": "513e94b3ef61d41cfdc1619e011da88c3e7241ec",
            "messageTitle": "- Minor changes extracting methods",
            "messageBody": "",
            "tags": [
              "release3",
              "release2"
            ],
            "insertions": 146,
            "deletions": 101
          },
          {
            "hash": "782b4a1faadcbe2347dd1808b991767d4cf4f3ca",
            "messageTitle": "-User guide",
            "messageBody": "",
            "insertions": 147,
            "deletions": 107
          },
          {
            "hash": "e629b3cc7f5b39635d2a5cef6eec6a42c05fc059",
            "messageTitle": "Edited readme.md",
            "messageBody": "",
            "insertions": 14,
            "deletions": 1
          },
          {
            "hash": "80fab7b6d0245eac741a979e8f50dcd3c4c38b96",
            "messageTitle": "- Edited ReadMe.md",
            "messageBody": "",
            "insertions": 21,
            "deletions": 57
          },
          {
            "hash": "cb53eaa1695c052264167242e9f41ccd9e002d95",
            "messageTitle": "no message",
            "messageBody": "",
            "insertions": 1,
            "deletions": 0
          },
          {
            "hash": "83fbda007330f519f784425cce2272c473b72e03",
            "messageTitle": "-Fix to readme.md",
            "messageBody": "",
            "insertions": 16,
            "deletions": 16
          },
          {
            "hash": "31f2e26fb80182641912bdb1b0fea8a569b468bc",
            "messageTitle": "-Readme.md Fix",
            "messageBody": "",
            "insertions": 18,
            "deletions": 16
          },
          {
            "hash": "55eb3b10ed313c378e3af0c57fe77b0862575aa1",
            "messageTitle": "Readme edits",
            "messageBody": "",
            "insertions": 4,
            "deletions": 4
          }
        ]
      }
    ]
  },
  "authorFinalContributionMap": {
    "yuxianglim": 820
  },
  "authorFileTypeContributionMap": {
    "yuxianglim": {
      "java": 719,
      "md": 54,
      "fxml": 0,
      "sh": 0,
      "bat": 27,
      "gradle": 0,
      "txt": 20
    }
  },
  "authorContributionVariance": {
    "yuxianglim": 17269.553
  },
  "authorDisplayNameMap": {
    "yuxianglim": "CS2113-T15-4 LIM ..IANG"
  }
}
