{
  "authorDailyContributionsMap": {
    "yuxianglim": [
      {
        "insertions": 28,
        "deletions": 5,
        "date": "2020-01-28",
        "commitResults": [
          {
            "hash": "e12ae5ec0fc8da8c4a630250b4be90969f778714",
            "messageTitle": "Completed iP Level-0",
            "messageBody": "",
            "tags": [
              "Level-1",
              "Level-0"
            ],
            "insertions": 8,
            "deletions": 0
          },
          {
            "hash": "c2ab1a4974174d578d63f37b71424324d7dccebd",
            "messageTitle": "Completed Level-1 and some personalisations of robot.",
            "messageBody": "",
            "tags": [
              "Level-2"
            ],
            "insertions": 20,
            "deletions": 5
          }
        ]
      },
      {
        "insertions": 11,
        "deletions": 3,
        "date": "2020-01-29",
        "commitResults": [
          {
            "hash": "9e4575b05c19cafbba9ae5b9c98974ce828ca764",
            "messageTitle": "Completed Level-2",
            "messageBody": "",
            "tags": [
              "Level-3"
            ],
            "insertions": 11,
            "deletions": 3
          }
        ]
      },
      {
        "insertions": 60,
        "deletions": 20,
        "date": "2020-02-02",
        "commitResults": [
          {
            "hash": "81d6400e5cb96ee013f3caa8242494ca543ebb75",
            "messageTitle": "- Added additional functions after greetings - List of all functions available - Ability to mark task as done - UI customisation",
            "messageBody": "",
            "tags": [
              "A-CodingStandard"
            ],
            "insertions": 59,
            "deletions": 18
          },
          {
            "hash": "99ff32b7a8d6909fafd742a3c690de4a66faa239",
            "messageTitle": "Coding Standard",
            "messageBody": "",
            "tags": [
              "Level-4"
            ],
            "insertions": 1,
            "deletions": 2
          }
        ]
      },
      {
        "insertions": 176,
        "deletions": 38,
        "date": "2020-02-05",
        "commitResults": [
          {
            "hash": "82f23724d73100d99f1f50decf34203faf8b8d3a",
            "messageTitle": "- Changed variables to private - Modified Task.java as parent class - Added Override for String toString method",
            "messageBody": "",
            "insertions": 11,
            "deletions": 3
          },
          {
            "hash": "79cf5c215dc429c257fc349720ff84f719ea250c",
            "messageTitle": "Major changes to program inclusives but not exhausive of: - Modified greeting statments - Addition of list of functions available in table format - Changed While loop conditions such that program will end when \"bye\" function is keyed in - Added default statement for program to continue prompting user for functions if system is unable to detect any available functions - Reorganised swtich cases - 3 new class type for tasks - Addition of ability to store 3 different types of task. ( Events, To-do, Deadline) - Streamlined printing of newly added task with a printing method",
            "messageBody": "",
            "insertions": 132,
            "deletions": 34
          },
          {
            "hash": "9e9b9183ef78ba03e5552c3287ea16e46013f074",
            "messageTitle": "- Fixed bug causing run-time error on \"done\" case",
            "messageBody": "",
            "tags": [
              "A-TextUiTesting"
            ],
            "insertions": 3,
            "deletions": 1
          },
          {
            "hash": "c6c5616a134d842df79b0956754fec8ade3b4fc3",
            "messageTitle": "A-TextUiTesting",
            "messageBody": "",
            "insertions": 30,
            "deletions": 0
          }
        ]
      },
      {
        "insertions": 9,
        "deletions": 4,
        "date": "2020-02-10",
        "commitResults": [
          {
            "hash": "800984e15a0fa50ad92ef5ab0ea8ca749c155539",
            "messageTitle": "Minor bug fix and output statements",
            "messageBody": "",
            "tags": [
              "A-CodeQuality"
            ],
            "insertions": 9,
            "deletions": 4
          }
        ]
      },
      {
        "insertions": 3,
        "deletions": 3,
        "date": "2020-02-11",
        "commitResults": [
          {
            "hash": "05f1df5bf5b79df617ade39d7d4bc884980b161f",
            "messageTitle": "A-CodeQuality",
            "messageBody": "",
            "insertions": 3,
            "deletions": 3
          }
        ]
      },
      {
        "insertions": 195,
        "deletions": 58,
        "date": "2020-02-13",
        "commitResults": [
          {
            "hash": "a53c341872f8834b5a1023f55d838089b6ede677",
            "messageTitle": "Level 5 + Exceptions class + Major bug fixes",
            "messageBody": "",
            "insertions": 99,
            "deletions": 0
          },
          {
            "hash": "41e721a01bb1bb3279bd5c21bec933ae874e2736",
            "messageTitle": "Added a space",
            "messageBody": "",
            "insertions": 96,
            "deletions": 58
          }
        ]
      },
      {
        "insertions": 95,
        "deletions": 135,
        "date": "2020-02-14",
        "commitResults": [
          {
            "hash": "aaddc820be7fd973df1162503738e6c36d01bd92",
            "messageTitle": "Major changes to program: - A-Packages - A- Exception - Individual Error exceptions print statements instead of generalised statements",
            "messageBody": "",
            "insertions": 95,
            "deletions": 135
          }
        ]
      }
    ]
  },
  "authorFinalContributionMap": {
    "yuxianglim": 278
  },
  "authorFileTypeContributionMap": {
    "yuxianglim": {
      "java": 241,
      "md": 0,
      "fxml": 0,
      "sh": 0,
      "bat": 24,
      "gradle": 0,
      "txt": 13
    }
  },
  "authorContributionVariance": {
    "yuxianglim": 4516.975
  },
  "authorDisplayNameMap": {
    "yuxianglim": "CS2113-T15-4 LIM ..IANG"
  }
}
