{
  "authorDailyContributionsMap": {
    "thanhduc2000": [
      {
        "insertions": 36,
        "deletions": 6,
        "date": "2020-01-25",
        "commitResults": [
          {
            "hash": "c3651d277dbadc3925649fbac56775c1ec7359ba",
            "messageTitle": "Add echoing and list feature to the chatbot",
            "messageBody": "",
            "tags": [
              "Level-3"
            ],
            "insertions": 36,
            "deletions": 6
          }
        ]
      },
      {
        "insertions": 35,
        "deletions": 4,
        "date": "2020-01-26",
        "commitResults": [
          {
            "hash": "23df6752f2a2820401b7622b2ec4dcd1ccb1b2cb",
            "messageTitle": "Implement the \"Mark As Done\" feature for the chat box",
            "messageBody": "",
            "tags": [
              "A-CodingStandard"
            ],
            "insertions": 35,
            "deletions": 4
          }
        ]
      },
      {
        "insertions": 54,
        "deletions": 29,
        "date": "2020-02-10",
        "commitResults": [
          {
            "hash": "c709e076d0c6a2b609c0f0255e866fd72b1f1cea",
            "messageTitle": "Fix the code based on the Java coding standard",
            "messageBody": "",
            "tags": [
              "Level-4",
              "A-TextUiTesting",
              "A-CodeQuality"
            ],
            "insertions": 54,
            "deletions": 29
          }
        ]
      },
      {
        "insertions": 175,
        "deletions": 19,
        "date": "2020-02-11",
        "commitResults": [
          {
            "hash": "a596099ac995adbec347bbe27c0ed1d31aebd409",
            "messageTitle": "Add ToDo, Event, and Deadline class, test cases and improve code quality for the chatbot",
            "messageBody": "",
            "insertions": 175,
            "deletions": 19
          }
        ]
      },
      {
        "insertions": 85,
        "deletions": 37,
        "date": "2020-02-13",
        "commitResults": [
          {
            "hash": "1cb57413611b06d8c612aef00685b99cb46d5bab",
            "messageTitle": "Add error handling",
            "messageBody": "",
            "tags": [
              "A-Packages",
              "A-Exceptions"
            ],
            "insertions": 68,
            "deletions": 30
          },
          {
            "hash": "f90791d29e920e9d5310b235f9e0f413c70d6ecd",
            "messageTitle": "Save classes into duke package and improve the error handling code",
            "messageBody": "",
            "insertions": 17,
            "deletions": 7
          }
        ]
      },
      {
        "insertions": 143,
        "deletions": 27,
        "date": "2020-02-18",
        "commitResults": [
          {
            "hash": "a531a4e968dea0e1395966393b46c44259f8d4ba",
            "messageTitle": "Add \"delete task\" feature",
            "messageBody": "",
            "tags": [
              "Level-7"
            ],
            "insertions": 43,
            "deletions": 22
          },
          {
            "hash": "aac15e2cace863c14ab3ce1c9e2743b24843ed55",
            "messageTitle": "Save tasks into hard disk",
            "messageBody": "",
            "insertions": 100,
            "deletions": 5
          }
        ]
      },
      {
        "insertions": 53,
        "deletions": 36,
        "date": "2020-02-22",
        "commitResults": [
          {
            "hash": "1e1309f8d60b476e11451ca7b869d8af71559d68",
            "messageTitle": "Some minor changes",
            "messageBody": "",
            "insertions": 4,
            "deletions": 4
          },
          {
            "hash": "d3a6cb6ca4e56b4dafcf4fd42423390d6ebee94e",
            "messageTitle": "Fix the code to match the coding standard and add \"Gradle\" for unit testing",
            "messageBody": "",
            "tags": [
              "Level-9",
              "Level-8",
              "A-MoreOOP"
            ],
            "insertions": 49,
            "deletions": 32
          }
        ]
      },
      {
        "insertions": 541,
        "deletions": 229,
        "date": "2020-03-01",
        "commitResults": [
          {
            "hash": "0a74a97978edb53798dbb146ba7fcdd27c390593",
            "messageTitle": "Add \"find\" function and date format",
            "messageBody": "",
            "insertions": 541,
            "deletions": 229
          }
        ]
      },
      {
        "insertions": 689,
        "deletions": 106,
        "date": "2020-03-02",
        "commitResults": [
          {
            "hash": "eac9687e08301d8fe754c6f94120a2106fcfa0f5",
            "messageTitle": "Update JavaDoc #1",
            "messageBody": "",
            "insertions": 68,
            "deletions": 2
          },
          {
            "hash": "42b7e0fdb21ad65fec900d7a1caf4ceac4f10f55",
            "messageTitle": "Updating JavaDoc #2",
            "messageBody": "",
            "insertions": 8,
            "deletions": 1
          },
          {
            "hash": "2cd08ce1bdf5653823a3fc43dbc937dd035e2277",
            "messageTitle": "Updating JavaDoc #2",
            "messageBody": "",
            "insertions": 11,
            "deletions": 0
          },
          {
            "hash": "b4cec82441e823fde93b9d3782521c50adb97aa1",
            "messageTitle": "Updating JavaDoc #3",
            "messageBody": "",
            "insertions": 4,
            "deletions": 3
          },
          {
            "hash": "5fd1a3aa2a35eb10bb7b011c853dff2b8a56fe9a",
            "messageTitle": "Updating JavaDoc #4",
            "messageBody": "",
            "insertions": 7,
            "deletions": 0
          },
          {
            "hash": "2cd7fcb7cc4eb4d558854cacc7d0d8f0c1d6bd80",
            "messageTitle": "Updating JavaDoc #4",
            "messageBody": "",
            "insertions": 194,
            "deletions": 37
          },
          {
            "hash": "03ed5041c79bee5df12646068641b2d394458da6",
            "messageTitle": "Updating JavaDoc #5",
            "messageBody": "",
            "tags": [
              "A-JavaDoc"
            ],
            "insertions": 75,
            "deletions": 0
          },
          {
            "hash": "a935348dd66cfc4ff35a5a3ccacaa7ac524dcf0e",
            "messageTitle": "Add user guide to the iP",
            "messageBody": "",
            "tags": [
              "v0.2",
              "A-Release"
            ],
            "insertions": 196,
            "deletions": 9
          },
          {
            "hash": "40f2e8711faf4b31d78128c9b1ec1d70cda79c69",
            "messageTitle": "Create release Jar file with some minor refactoring",
            "messageBody": "",
            "insertions": 8,
            "deletions": 0
          },
          {
            "hash": "7c95c547ba2caf4b90395732b0a8c7cdd4ea8acd",
            "messageTitle": "Make table of content for UG",
            "messageBody": "",
            "insertions": 22,
            "deletions": 0
          },
          {
            "hash": "20c640c21ba43ac7f27ff524e84538ddb0400210",
            "messageTitle": "Packaging files",
            "messageBody": "",
            "tags": [
              "v0.2.1"
            ],
            "insertions": 57,
            "deletions": 15
          },
          {
            "hash": "aee86a9edd6a4cc6987fbd81f1ec91eb640115c3",
            "messageTitle": "Adjustment on UG",
            "messageBody": "",
            "insertions": 21,
            "deletions": 21
          },
          {
            "hash": "abfa427672831373231251ca6b0b82dd20d57e5d",
            "messageTitle": "Ajdustment on UG #2",
            "messageBody": "",
            "insertions": 10,
            "deletions": 10
          },
          {
            "hash": "c77aff4b59667b60a09ed314ab90ee8054e6e5c2",
            "messageTitle": "Adjustment #2",
            "messageBody": "",
            "insertions": 1,
            "deletions": 4
          },
          {
            "hash": "2d98e302046abe073593f204eb033429efd5e5fc",
            "messageTitle": "Adjust some JavaDoc",
            "messageBody": "",
            "insertions": 7,
            "deletions": 4
          }
        ]
      },
      {
        "insertions": 126,
        "deletions": 87,
        "date": "2020-03-03",
        "commitResults": [
          {
            "hash": "87c50ca7f4a2e43e531a8878a432ef5bb9da32a4",
            "messageTitle": "Final refactoring of code",
            "messageBody": "",
            "tags": [
              "v0.2.2"
            ],
            "insertions": 120,
            "deletions": 85
          },
          {
            "hash": "abdab4ae6ddbcffb09cec8ec1c31860bccba5176",
            "messageTitle": "Minor change in code",
            "messageBody": "",
            "tags": [
              "v0.2.2(Fixed)"
            ],
            "insertions": 6,
            "deletions": 2
          }
        ]
      }
    ]
  },
  "authorFinalContributionMap": {
    "thanhduc2000": 1368
  },
  "authorFileTypeContributionMap": {
    "thanhduc2000": {
      "java": 1048,
      "md": 213,
      "fxml": 0,
      "sh": 0,
      "bat": 21,
      "gradle": 21,
      "txt": 65
    }
  },
  "authorContributionVariance": {
    "thanhduc2000": 24423.285
  },
  "authorDisplayNameMap": {
    "thanhduc2000": "CS2113T-T13-3 NGUY.. DUC"
  }
}
