{
  "authorDailyContributionsMap": {
    "btricec": [
      {
        "insertions": 7,
        "deletions": 0,
        "date": "2020-01-22",
        "commitResults": [
          {
            "hash": "7a90f59949c194767e44ae130d74414f6c3538c2",
            "messageTitle": "Add increment -- Greet",
            "messageBody": "",
            "tags": [
              "Level-0"
            ],
            "insertions": 7,
            "deletions": 0
          }
        ]
      },
      {
        "insertions": 61,
        "deletions": 12,
        "date": "2020-01-29",
        "commitResults": [
          {
            "hash": "6c5551baf8dc39b9fbc879881caee80a61333d68",
            "messageTitle": "Add increment -- Echo",
            "messageBody": "",
            "tags": [
              "Level-1"
            ],
            "insertions": 12,
            "deletions": 0
          },
          {
            "hash": "4470719400b59e43af32c7ef1bf86e37681058d6",
            "messageTitle": "Add increment -- Add, List",
            "messageBody": "",
            "tags": [
              "Level-2"
            ],
            "insertions": 18,
            "deletions": 5
          },
          {
            "hash": "21c6f434463374b80dabe65def5459e12385df23",
            "messageTitle": "Add increment -- Mark as done",
            "messageBody": "",
            "tags": [
              "Level-3"
            ],
            "insertions": 31,
            "deletions": 7
          }
        ]
      },
      {
        "insertions": 87,
        "deletions": 18,
        "date": "2020-01-31",
        "commitResults": [
          {
            "hash": "d66b002fb62945b589dff693a715705be031471b",
            "messageTitle": "Add subclasses Todo, Event, Deadline",
            "messageBody": "",
            "tags": [
              "Level-4"
            ],
            "insertions": 87,
            "deletions": 18
          }
        ]
      },
      {
        "insertions": 168,
        "deletions": 100,
        "date": "2020-02-09",
        "commitResults": [
          {
            "hash": "eb97da123a44563c6973646775f101c839af9f7d",
            "messageTitle": "Improve code quality",
            "messageBody": "",
            "tags": [
              "A-CodeQuality"
            ],
            "insertions": 70,
            "deletions": 54
          },
          {
            "hash": "d4d007ab4745ee347b19a9517a0276c7ac039496",
            "messageTitle": "Handle Errors",
            "messageBody": "",
            "tags": [
              "Level-5"
            ],
            "insertions": 61,
            "deletions": 28
          },
          {
            "hash": "3af1a07fcf7c7d4a732fc960375039f34bfdf34e",
            "messageTitle": "Add more error handling and fix bugs",
            "messageBody": "",
            "tags": [
              "A-CodingStandard"
            ],
            "insertions": 37,
            "deletions": 18
          }
        ]
      },
      {
        "insertions": 36,
        "deletions": 7,
        "date": "2020-02-10",
        "commitResults": [
          {
            "hash": "0dc3f356c2ea39195072115e314f7d03fcd9c2f1",
            "messageTitle": "Add packages",
            "messageBody": "",
            "tags": [
              "A-Packages"
            ],
            "insertions": 36,
            "deletions": 7
          }
        ]
      },
      {
        "insertions": 188,
        "deletions": 53,
        "date": "2020-02-16",
        "commitResults": [
          {
            "hash": "dc691870e37f26ef50ce7607016087632c83d6af",
            "messageTitle": "Add delete",
            "messageBody": "",
            "insertions": 14,
            "deletions": 12
          },
          {
            "hash": "729f2bfcf460118974491d8958fe93e96b545ec9",
            "messageTitle": "Revert \"Add delete\"",
            "messageBody": "This reverts commit dc691870e37f26ef50ce7607016087632c83d6af.\n",
            "insertions": 12,
            "deletions": 14
          },
          {
            "hash": "d5450f5cabacadb076df0b221d2d40780abd4c36",
            "messageTitle": "Change to ArrayList\u003c\u003e",
            "messageBody": "",
            "tags": [
              "A-Collections"
            ],
            "insertions": 14,
            "deletions": 12
          },
          {
            "hash": "a65f3115c50b3598a36c27d7985206a0e630b12f",
            "messageTitle": "Add delete",
            "messageBody": "",
            "tags": [
              "Level-6"
            ],
            "insertions": 15,
            "deletions": 0
          },
          {
            "hash": "4b207f926e36079c7c89459aa675373246e13987",
            "messageTitle": "Add save",
            "messageBody": "",
            "tags": [
              "Level-7"
            ],
            "insertions": 133,
            "deletions": 15
          }
        ]
      },
      {
        "insertions": 154,
        "deletions": 29,
        "date": "2020-02-17",
        "commitResults": [
          {
            "hash": "04d2cc9e639c79ee67a75b66eef0262bece8253d",
            "messageTitle": "Add save",
            "messageBody": "",
            "insertions": 154,
            "deletions": 19
          },
          {
            "hash": "b4d631011065f801aed6e246ea27bb7beed2a28c",
            "messageTitle": "Fixed bugs",
            "messageBody": "",
            "tags": [
              "A-Jar"
            ],
            "insertions": 0,
            "deletions": 10
          }
        ]
      },
      {
        "insertions": 381,
        "deletions": 226,
        "date": "2020-02-22",
        "commitResults": [
          {
            "hash": "755171970675f2c0849b9a7cc2d916ab63d18e0e",
            "messageTitle": "Refactor run commands",
            "messageBody": "",
            "tags": [
              "A-MoreOOP"
            ],
            "insertions": 381,
            "deletions": 226
          }
        ]
      }
    ]
  },
  "authorFinalContributionMap": {
    "btricec": 517
  },
  "authorFileTypeContributionMap": {
    "btricec": {
      "java": 503,
      "md": 2,
      "fxml": 0,
      "sh": 0,
      "bat": 0,
      "gradle": 0,
      "txt": 12
    }
  },
  "authorContributionVariance": {
    "btricec": 12029.844
  },
  "authorDisplayNameMap": {
    "btricec": "CS2113-T15-1 BEAT..TONG"
  }
}
