{
  "authorDailyContributionsMap": {
    "btricec": [
      {
        "insertions": 7,
        "deletions": 0,
        "date": "2020-01-22",
        "commitResults": [
          {
            "hash": "7a90f59949c194767e44ae130d74414f6c3538c2",
            "messageTitle": "Add increment -- Greet",
            "messageBody": "",
            "tags": [
              "Level-0"
            ],
            "insertions": 7,
            "deletions": 0
          }
        ]
      },
      {
        "insertions": 61,
        "deletions": 12,
        "date": "2020-01-29",
        "commitResults": [
          {
            "hash": "6c5551baf8dc39b9fbc879881caee80a61333d68",
            "messageTitle": "Add increment -- Echo",
            "messageBody": "",
            "tags": [
              "Level-1"
            ],
            "insertions": 12,
            "deletions": 0
          },
          {
            "hash": "4470719400b59e43af32c7ef1bf86e37681058d6",
            "messageTitle": "Add increment -- Add, List",
            "messageBody": "",
            "tags": [
              "Level-2"
            ],
            "insertions": 18,
            "deletions": 5
          },
          {
            "hash": "21c6f434463374b80dabe65def5459e12385df23",
            "messageTitle": "Add increment -- Mark as done",
            "messageBody": "",
            "tags": [
              "Level-3"
            ],
            "insertions": 31,
            "deletions": 7
          }
        ]
      },
      {
        "insertions": 87,
        "deletions": 18,
        "date": "2020-01-31",
        "commitResults": [
          {
            "hash": "d66b002fb62945b589dff693a715705be031471b",
            "messageTitle": "Add subclasses Todo, Event, Deadline",
            "messageBody": "",
            "tags": [
              "Level-4"
            ],
            "insertions": 87,
            "deletions": 18
          }
        ]
      },
      {
        "insertions": 168,
        "deletions": 100,
        "date": "2020-02-09",
        "commitResults": [
          {
            "hash": "eb97da123a44563c6973646775f101c839af9f7d",
            "messageTitle": "Improve code quality",
            "messageBody": "",
            "tags": [
              "A-CodeQuality"
            ],
            "insertions": 70,
            "deletions": 54
          },
          {
            "hash": "d4d007ab4745ee347b19a9517a0276c7ac039496",
            "messageTitle": "Handle Errors",
            "messageBody": "",
            "tags": [
              "Level-5"
            ],
            "insertions": 61,
            "deletions": 28
          },
          {
            "hash": "3af1a07fcf7c7d4a732fc960375039f34bfdf34e",
            "messageTitle": "Add more error handling and fix bugs",
            "messageBody": "",
            "tags": [
              "A-CodingStandard"
            ],
            "insertions": 37,
            "deletions": 18
          }
        ]
      },
      {
        "insertions": 36,
        "deletions": 7,
        "date": "2020-02-10",
        "commitResults": [
          {
            "hash": "0dc3f356c2ea39195072115e314f7d03fcd9c2f1",
            "messageTitle": "Add packages",
            "messageBody": "",
            "tags": [
              "A-Packages"
            ],
            "insertions": 36,
            "deletions": 7
          }
        ]
      },
      {
        "insertions": 188,
        "deletions": 53,
        "date": "2020-02-16",
        "commitResults": [
          {
            "hash": "dc691870e37f26ef50ce7607016087632c83d6af",
            "messageTitle": "Add delete",
            "messageBody": "",
            "insertions": 14,
            "deletions": 12
          },
          {
            "hash": "729f2bfcf460118974491d8958fe93e96b545ec9",
            "messageTitle": "Revert \"Add delete\"",
            "messageBody": "This reverts commit dc691870e37f26ef50ce7607016087632c83d6af.\n",
            "insertions": 12,
            "deletions": 14
          },
          {
            "hash": "d5450f5cabacadb076df0b221d2d40780abd4c36",
            "messageTitle": "Change to ArrayList\u003c\u003e",
            "messageBody": "",
            "tags": [
              "A-Collections"
            ],
            "insertions": 14,
            "deletions": 12
          },
          {
            "hash": "a65f3115c50b3598a36c27d7985206a0e630b12f",
            "messageTitle": "Add delete",
            "messageBody": "",
            "tags": [
              "Level-6"
            ],
            "insertions": 15,
            "deletions": 0
          },
          {
            "hash": "4b207f926e36079c7c89459aa675373246e13987",
            "messageTitle": "Add save",
            "messageBody": "",
            "tags": [
              "Level-7"
            ],
            "insertions": 133,
            "deletions": 15
          }
        ]
      },
      {
        "insertions": 154,
        "deletions": 29,
        "date": "2020-02-17",
        "commitResults": [
          {
            "hash": "04d2cc9e639c79ee67a75b66eef0262bece8253d",
            "messageTitle": "Add save",
            "messageBody": "",
            "insertions": 154,
            "deletions": 19
          },
          {
            "hash": "b4d631011065f801aed6e246ea27bb7beed2a28c",
            "messageTitle": "Fixed bugs",
            "messageBody": "",
            "tags": [
              "A-Jar"
            ],
            "insertions": 0,
            "deletions": 10
          }
        ]
      },
      {
        "insertions": 400,
        "deletions": 249,
        "date": "2020-02-22",
        "commitResults": [
          {
            "hash": "755171970675f2c0849b9a7cc2d916ab63d18e0e",
            "messageTitle": "Refactor run commands",
            "messageBody": "",
            "tags": [
              "A-MoreOOP"
            ],
            "insertions": 381,
            "deletions": 226
          },
          {
            "hash": "c9f5c64232f33688883c272537175a115625a69d",
            "messageTitle": "Add dates",
            "messageBody": "",
            "tags": [
              "Level-8"
            ],
            "insertions": 19,
            "deletions": 23
          }
        ]
      },
      {
        "insertions": 212,
        "deletions": 5,
        "date": "2020-02-24",
        "commitResults": [
          {
            "hash": "5e73fc63bb59587053844a55b0249ff0805025c7",
            "messageTitle": "Add command to print tasks on a specific date",
            "messageBody": "",
            "insertions": 61,
            "deletions": 2
          },
          {
            "hash": "9962d47d8c515551ea57fe4d5f233216d421d1f8",
            "messageTitle": "Add find",
            "messageBody": "",
            "tags": [
              "Level-9"
            ],
            "insertions": 28,
            "deletions": 0
          },
          {
            "hash": "ac6c31c5a1fe102b031bcb8bdacb56d3e7a089c6",
            "messageTitle": "Add javadoc for all the classes",
            "messageBody": "",
            "tags": [
              "A-JavaDoc"
            ],
            "insertions": 123,
            "deletions": 3
          }
        ]
      },
      {
        "insertions": 230,
        "deletions": 52,
        "date": "2020-02-28",
        "commitResults": [
          {
            "hash": "35f76a53c0463540a8f65e77eaca3635d0f7bd3e",
            "messageTitle": "Add case insensitivity for input",
            "messageBody": "",
            "insertions": 2,
            "deletions": 1
          },
          {
            "hash": "d16c593ee3129ba8101f6bf3c117427c73349077",
            "messageTitle": "Add more java docs",
            "messageBody": "",
            "insertions": 228,
            "deletions": 51
          }
        ]
      },
      {
        "insertions": 336,
        "deletions": 145,
        "date": "2020-02-29",
        "commitResults": [
          {
            "hash": "4464051699d24e561dd2df17c630940bd7500389",
            "messageTitle": "Improve UI",
            "messageBody": "",
            "insertions": 150,
            "deletions": 46
          },
          {
            "hash": "305303b4533c091ce76240179a0171b4521ce1e4",
            "messageTitle": "Add user guide",
            "messageBody": "",
            "tags": [
              "A-UserGuide"
            ],
            "insertions": 39,
            "deletions": 49
          },
          {
            "hash": "99e94ab2c728e1cdffd0c882fb5d0ab8ec24d90c",
            "messageTitle": "Update README",
            "messageBody": "",
            "insertions": 8,
            "deletions": 0
          },
          {
            "hash": "e6b2d74f98ae999926c88eb6229a4e3836ae397a",
            "messageTitle": "Fixed bugs in UI and exceptions",
            "messageBody": "",
            "insertions": 62,
            "deletions": 31
          },
          {
            "hash": "61e92d2d8e4ed1611571215f8be16bc2c6adfd91",
            "messageTitle": "Add case insensitive and update README",
            "messageBody": "",
            "insertions": 62,
            "deletions": 19
          },
          {
            "hash": "e1a82bfa6330b13e45fd5d38b7b7ce5ef549c519",
            "messageTitle": "Update README formatting",
            "messageBody": "",
            "insertions": 15,
            "deletions": 0
          }
        ]
      }
    ]
  },
  "authorFinalContributionMap": {
    "btricec": 1131
  },
  "authorFileTypeContributionMap": {
    "btricec": {
      "java": 1021,
      "md": 99,
      "fxml": 0,
      "sh": 0,
      "bat": 0,
      "gradle": 0,
      "txt": 11
    }
  },
  "authorContributionVariance": {
    "btricec": 17197.05
  },
  "authorDisplayNameMap": {
    "btricec": "CS2113-T15-1 BEAT..TONG"
  }
}
