[
  {
    "path": "README.md",
    "fileType": "md",
    "lines": [
      {
        "lineNumber": 1,
        "author": {
          "gitId": "-"
        },
        "content": "# Setting up"
      },
      {
        "lineNumber": 2,
        "author": {
          "gitId": "-"
        },
        "content": ""
      },
      {
        "lineNumber": 3,
        "author": {
          "gitId": "-"
        },
        "content": "**Prerequisites**"
      },
      {
        "lineNumber": 4,
        "author": {
          "gitId": "-"
        },
        "content": ""
      },
      {
        "lineNumber": 5,
        "author": {
          "gitId": "-"
        },
        "content": "* JDK 11"
      },
      {
        "lineNumber": 6,
        "author": {
          "gitId": "-"
        },
        "content": "* Recommended: IntelliJ IDE"
      },
      {
        "lineNumber": 7,
        "author": {
          "gitId": "-"
        },
        "content": "* Fork this repo to your GitHub account and clone the fork to your computer"
      },
      {
        "lineNumber": 8,
        "author": {
          "gitId": "-"
        },
        "content": ""
      },
      {
        "lineNumber": 9,
        "author": {
          "gitId": "-"
        },
        "content": "**Importing the project into IntelliJ**"
      },
      {
        "lineNumber": 10,
        "author": {
          "gitId": "-"
        },
        "content": ""
      },
      {
        "lineNumber": 11,
        "author": {
          "gitId": "-"
        },
        "content": "1. Open IntelliJ (if you are not in the welcome screen, click `File` \u003e `Close Project` to close the existing project dialog first)."
      },
      {
        "lineNumber": 12,
        "author": {
          "gitId": "-"
        },
        "content": "1. Set up the correct JDK version."
      },
      {
        "lineNumber": 13,
        "author": {
          "gitId": "-"
        },
        "content": "   * Click `Configure` \u003e `Structure for new Projects` (in older versions of Intellij:`Configure` \u003e `Project Defaults` \u003e `Project Structure`)."
      },
      {
        "lineNumber": 14,
        "author": {
          "gitId": "-"
        },
        "content": "   * If JDK 11 is listed in the drop down, select it. If it is not, click `New...` and select the directory where you installed JDK 11."
      },
      {
        "lineNumber": 15,
        "author": {
          "gitId": "-"
        },
        "content": "   * Click `OK`."
      },
      {
        "lineNumber": 16,
        "author": {
          "gitId": "-"
        },
        "content": "1. Click `Import Project`."
      },
      {
        "lineNumber": 17,
        "author": {
          "gitId": "-"
        },
        "content": "1. Locate the project directory and click `OK`."
      },
      {
        "lineNumber": 18,
        "author": {
          "gitId": "-"
        },
        "content": "1. Select `Create project from existing sources` and click `Next`."
      },
      {
        "lineNumber": 19,
        "author": {
          "gitId": "-"
        },
        "content": "1. Rename the project if you want. Click `Next`."
      },
      {
        "lineNumber": 20,
        "author": {
          "gitId": "-"
        },
        "content": "1. Ensure that your src folder is checked. Keep clicking `Next`."
      },
      {
        "lineNumber": 21,
        "author": {
          "gitId": "-"
        },
        "content": "1. Click `Finish`."
      },
      {
        "lineNumber": 22,
        "author": {
          "gitId": "-"
        },
        "content": ""
      },
      {
        "lineNumber": 23,
        "author": {
          "gitId": "-"
        },
        "content": "# Tutorials "
      },
      {
        "lineNumber": 24,
        "author": {
          "gitId": "-"
        },
        "content": ""
      },
      {
        "lineNumber": 25,
        "author": {
          "gitId": "-"
        },
        "content": "Duke Increment | Tutorial"
      },
      {
        "lineNumber": 26,
        "author": {
          "gitId": "-"
        },
        "content": "---------------|---------------"
      },
      {
        "lineNumber": 27,
        "author": {
          "gitId": "-"
        },
        "content": "`A-Gradle` | [Gradle Tutorial](tutorials/gradleTutorial.md)"
      },
      {
        "lineNumber": 28,
        "author": {
          "gitId": "DDzuikeai"
        },
        "content": "`A-TextUiTesting` | [Text UI Testing Tutorial](tutorials/textUiTestingTutorial.md)"
      },
      {
        "lineNumber": 29,
        "author": {
          "gitId": "-"
        },
        "content": "`Level-10` | JavaFX tutorials:\u003cbr\u003e→ [Part 1: Introduction to JavaFX][fx1]\u003cbr\u003e→ [Part 2: Creating a GUI for Duke][fx2]\u003cbr\u003e→ [Part 3: Interacting with the user][fx3]\u003cbr\u003e→ [Part 4: Introduction to FXML][fx4]"
      },
      {
        "lineNumber": 30,
        "author": {
          "gitId": "-"
        },
        "content": ""
      },
      {
        "lineNumber": 31,
        "author": {
          "gitId": "-"
        },
        "content": "[fx1]: \u003ctutorials/javaFxTutorialPart1.md\u003e"
      },
      {
        "lineNumber": 32,
        "author": {
          "gitId": "-"
        },
        "content": "[fx2]: \u003ctutorials/javaFxTutorialPart2.md\u003e"
      },
      {
        "lineNumber": 33,
        "author": {
          "gitId": "-"
        },
        "content": "[fx3]: \u003ctutorials/javaFxTutorialPart3.md\u003e"
      },
      {
        "lineNumber": 34,
        "author": {
          "gitId": "-"
        },
        "content": "[fx4]: \u003ctutorials/javaFxTutorialPart4.md\u003e"
      },
      {
        "lineNumber": 35,
        "author": {
          "gitId": "-"
        },
        "content": ""
      },
      {
        "lineNumber": 36,
        "author": {
          "gitId": "-"
        },
        "content": "# Feedback, Bug Reports"
      },
      {
        "lineNumber": 37,
        "author": {
          "gitId": "-"
        },
        "content": ""
      },
      {
        "lineNumber": 38,
        "author": {
          "gitId": "-"
        },
        "content": "* If you have feedback or bug reports, please post in [se-edu/duke issue tracker](https://github.com/se-edu/duke/issues)."
      },
      {
        "lineNumber": 39,
        "author": {
          "gitId": "-"
        },
        "content": "* We welcome pull requests too."
      }
    ],
    "authorContributionMap": {
      "DDzuikeai": 1,
      "-": 38
    }
  },
  {
    "path": "build.gradle",
    "fileType": "gradle",
    "lines": [
      {
        "lineNumber": 1,
        "author": {
          "gitId": "-"
        },
        "content": "plugins {"
      },
      {
        "lineNumber": 2,
        "author": {
          "gitId": "-"
        },
        "content": "    id \u0027java\u0027"
      },
      {
        "lineNumber": 3,
        "author": {
          "gitId": "-"
        },
        "content": "    id \u0027application\u0027"
      },
      {
        "lineNumber": 4,
        "author": {
          "gitId": "-"
        },
        "content": "}"
      },
      {
        "lineNumber": 5,
        "author": {
          "gitId": "-"
        },
        "content": ""
      },
      {
        "lineNumber": 6,
        "author": {
          "gitId": "-"
        },
        "content": "group \u0027seedu.duke\u0027"
      },
      {
        "lineNumber": 7,
        "author": {
          "gitId": "-"
        },
        "content": "version \u00270.1.0\u0027"
      },
      {
        "lineNumber": 8,
        "author": {
          "gitId": "-"
        },
        "content": ""
      },
      {
        "lineNumber": 9,
        "author": {
          "gitId": "-"
        },
        "content": "repositories {"
      },
      {
        "lineNumber": 10,
        "author": {
          "gitId": "-"
        },
        "content": "    mavenCentral()"
      },
      {
        "lineNumber": 11,
        "author": {
          "gitId": "-"
        },
        "content": "}"
      },
      {
        "lineNumber": 12,
        "author": {
          "gitId": "-"
        },
        "content": ""
      },
      {
        "lineNumber": 13,
        "author": {
          "gitId": "-"
        },
        "content": "application {"
      },
      {
        "lineNumber": 14,
        "author": {
          "gitId": "-"
        },
        "content": "    // Change this to your main class."
      },
      {
        "lineNumber": 15,
        "author": {
          "gitId": "DDzuikeai"
        },
        "content": "    mainClassName \u003d \"Duke\""
      },
      {
        "lineNumber": 16,
        "author": {
          "gitId": "-"
        },
        "content": "}"
      },
      {
        "lineNumber": 17,
        "author": {
          "gitId": "-"
        },
        "content": ""
      },
      {
        "lineNumber": 18,
        "author": {
          "gitId": "-"
        },
        "content": "run {"
      },
      {
        "lineNumber": 19,
        "author": {
          "gitId": "-"
        },
        "content": "    standardInput \u003d System.in"
      },
      {
        "lineNumber": 20,
        "author": {
          "gitId": "-"
        },
        "content": "}"
      }
    ],
    "authorContributionMap": {
      "DDzuikeai": 1,
      "-": 19
    }
  },
  {
    "path": "src/main/java/Duke.java",
    "fileType": "java",
    "lines": [
      {
        "lineNumber": 1,
        "author": {
          "gitId": "DDzuikeai"
        },
        "content": "import java.util.*;"
      },
      {
        "lineNumber": 2,
        "author": {
          "gitId": "-"
        },
        "content": "public class Duke {"
      },
      {
        "lineNumber": 3,
        "author": {
          "gitId": "-"
        },
        "content": "    public static void main(String[] args) {"
      },
      {
        "lineNumber": 4,
        "author": {
          "gitId": "-"
        },
        "content": "        String logo \u003d \" ____        _        \\n\""
      },
      {
        "lineNumber": 5,
        "author": {
          "gitId": "-"
        },
        "content": "                + \"|  _ \\\\ _   _| | _____ \\n\""
      },
      {
        "lineNumber": 6,
        "author": {
          "gitId": "-"
        },
        "content": "                + \"| | | | | | | |/ / _ \\\\\\n\""
      },
      {
        "lineNumber": 7,
        "author": {
          "gitId": "-"
        },
        "content": "                + \"| |_| | |_| |   \u003c  __/\\n\""
      },
      {
        "lineNumber": 8,
        "author": {
          "gitId": "-"
        },
        "content": "                + \"|____/ \\\\__,_|_|\\\\_\\\\___|\\n\";"
      },
      {
        "lineNumber": 9,
        "author": {
          "gitId": "-"
        },
        "content": "        System.out.println(\"Hello from\\n\" + logo);"
      },
      {
        "lineNumber": 10,
        "author": {
          "gitId": "DDzuikeai"
        },
        "content": "        System.out.println(\"________________________________\");"
      },
      {
        "lineNumber": 11,
        "author": {
          "gitId": "DDzuikeai"
        },
        "content": "        System.out.println(\"Hello,I\u0027m little pepper. Your personal sweetheart.\");"
      },
      {
        "lineNumber": 12,
        "author": {
          "gitId": "DDzuikeai"
        },
        "content": "        System.out.println(\"What can I do for you? You can choose two model:\");"
      },
      {
        "lineNumber": 13,
        "author": {
          "gitId": "DDzuikeai"
        },
        "content": "        System.out.println(\"1.echo mode\\n2.command mode\");"
      },
      {
        "lineNumber": 14,
        "author": {
          "gitId": "DDzuikeai"
        },
        "content": "        System.out.println(\"________________________________\");"
      },
      {
        "lineNumber": 15,
        "author": {
          "gitId": "DDzuikeai"
        },
        "content": "        Scanner in \u003d new Scanner(System.in);"
      },
      {
        "lineNumber": 16,
        "author": {
          "gitId": "DDzuikeai"
        },
        "content": "        String input \u003d in.nextLine();"
      },
      {
        "lineNumber": 17,
        "author": {
          "gitId": "DDzuikeai"
        },
        "content": "        Boolean inputNotValid \u003d Boolean.TRUE;"
      },
      {
        "lineNumber": 18,
        "author": {
          "gitId": "DDzuikeai"
        },
        "content": "        while(inputNotValid) {"
      },
      {
        "lineNumber": 19,
        "author": {
          "gitId": "DDzuikeai"
        },
        "content": "            switch(input.trim()){"
      },
      {
        "lineNumber": 20,
        "author": {
          "gitId": "DDzuikeai"
        },
        "content": "            case \"1\":"
      },
      {
        "lineNumber": 21,
        "author": {
          "gitId": "DDzuikeai"
        },
        "content": "                echoMode(input,in);"
      },
      {
        "lineNumber": 22,
        "author": {
          "gitId": "DDzuikeai"
        },
        "content": "                inputNotValid \u003d Boolean.FALSE;"
      },
      {
        "lineNumber": 23,
        "author": {
          "gitId": "DDzuikeai"
        },
        "content": "                break;"
      },
      {
        "lineNumber": 24,
        "author": {
          "gitId": "DDzuikeai"
        },
        "content": "            case \"2\":"
      },
      {
        "lineNumber": 25,
        "author": {
          "gitId": "DDzuikeai"
        },
        "content": "                commandMode(input,in);"
      },
      {
        "lineNumber": 26,
        "author": {
          "gitId": "DDzuikeai"
        },
        "content": "                inputNotValid \u003d Boolean.FALSE;"
      },
      {
        "lineNumber": 27,
        "author": {
          "gitId": "DDzuikeai"
        },
        "content": "                break;"
      },
      {
        "lineNumber": 28,
        "author": {
          "gitId": "DDzuikeai"
        },
        "content": "            default:"
      },
      {
        "lineNumber": 29,
        "author": {
          "gitId": "DDzuikeai"
        },
        "content": "                System.out.println(\"Unknown mode, please try again.\");"
      },
      {
        "lineNumber": 30,
        "author": {
          "gitId": "DDzuikeai"
        },
        "content": "                input \u003d in.nextLine();"
      },
      {
        "lineNumber": 31,
        "author": {
          "gitId": "DDzuikeai"
        },
        "content": "            }"
      },
      {
        "lineNumber": 32,
        "author": {
          "gitId": "DDzuikeai"
        },
        "content": "        }"
      },
      {
        "lineNumber": 33,
        "author": {
          "gitId": "-"
        },
        "content": "    }"
      },
      {
        "lineNumber": 34,
        "author": {
          "gitId": "DDzuikeai"
        },
        "content": ""
      },
      {
        "lineNumber": 35,
        "author": {
          "gitId": "DDzuikeai"
        },
        "content": "    public static void echoMode(String input,Scanner in){"
      },
      {
        "lineNumber": 36,
        "author": {
          "gitId": "DDzuikeai"
        },
        "content": "        input \u003d in.nextLine().trim().toLowerCase();"
      },
      {
        "lineNumber": 37,
        "author": {
          "gitId": "DDzuikeai"
        },
        "content": "        while(!(input.equals(\"bye\"))){"
      },
      {
        "lineNumber": 38,
        "author": {
          "gitId": "DDzuikeai"
        },
        "content": "            System.out.println(\"    ________________________________\");"
      },
      {
        "lineNumber": 39,
        "author": {
          "gitId": "DDzuikeai"
        },
        "content": "            System.out.println(\"    \"+input);"
      },
      {
        "lineNumber": 40,
        "author": {
          "gitId": "DDzuikeai"
        },
        "content": "            System.out.println(\"    ________________________________\");"
      },
      {
        "lineNumber": 41,
        "author": {
          "gitId": "DDzuikeai"
        },
        "content": "            input \u003d in.nextLine();"
      },
      {
        "lineNumber": 42,
        "author": {
          "gitId": "DDzuikeai"
        },
        "content": "        }"
      },
      {
        "lineNumber": 43,
        "author": {
          "gitId": "DDzuikeai"
        },
        "content": "        sayBye();"
      },
      {
        "lineNumber": 44,
        "author": {
          "gitId": "DDzuikeai"
        },
        "content": "    }"
      },
      {
        "lineNumber": 45,
        "author": {
          "gitId": "DDzuikeai"
        },
        "content": ""
      },
      {
        "lineNumber": 46,
        "author": {
          "gitId": "DDzuikeai"
        },
        "content": "    public static void commandMode(String input,Scanner in){"
      },
      {
        "lineNumber": 47,
        "author": {
          "gitId": "DDzuikeai"
        },
        "content": "        TaskList taskList \u003d new TaskList();"
      },
      {
        "lineNumber": 48,
        "author": {
          "gitId": "DDzuikeai"
        },
        "content": "        int taskNum \u003d 0;"
      },
      {
        "lineNumber": 49,
        "author": {
          "gitId": "DDzuikeai"
        },
        "content": "        input \u003d in.nextLine().trim().toLowerCase();"
      },
      {
        "lineNumber": 50,
        "author": {
          "gitId": "DDzuikeai"
        },
        "content": "        while(!input.equals(\"bye\")){"
      },
      {
        "lineNumber": 51,
        "author": {
          "gitId": "DDzuikeai"
        },
        "content": "            System.out.println(\"    ________________________________\");"
      },
      {
        "lineNumber": 52,
        "author": {
          "gitId": "DDzuikeai"
        },
        "content": "            if(input.startsWith(\"done\")){"
      },
      {
        "lineNumber": 53,
        "author": {
          "gitId": "DDzuikeai"
        },
        "content": "                int dividePosition \u003d input.indexOf(\" \");"
      },
      {
        "lineNumber": 54,
        "author": {
          "gitId": "DDzuikeai"
        },
        "content": "                int taskIndex \u003d Integer.parseInt(input.substring(dividePosition+1));"
      },
      {
        "lineNumber": 55,
        "author": {
          "gitId": "DDzuikeai"
        },
        "content": "                Task cur_task \u003d taskList.getOneTask(taskIndex-1);"
      },
      {
        "lineNumber": 56,
        "author": {
          "gitId": "DDzuikeai"
        },
        "content": "                cur_task.setTaskStatus(\"[\\u2713]\");"
      },
      {
        "lineNumber": 57,
        "author": {
          "gitId": "DDzuikeai"
        },
        "content": "                System.out.println(\"    Congratulations! You have just finished this task:\");"
      },
      {
        "lineNumber": 58,
        "author": {
          "gitId": "DDzuikeai"
        },
        "content": "                System.out.println(\"    \"+cur_task.getTaskStatus()+cur_task.getTaskName());"
      },
      {
        "lineNumber": 59,
        "author": {
          "gitId": "DDzuikeai"
        },
        "content": "            }"
      },
      {
        "lineNumber": 60,
        "author": {
          "gitId": "DDzuikeai"
        },
        "content": "            else if(!input.equals(\"list\")) {"
      },
      {
        "lineNumber": 61,
        "author": {
          "gitId": "DDzuikeai"
        },
        "content": "                input \u003d input.replaceAll(\"i want to \",\"\");"
      },
      {
        "lineNumber": 62,
        "author": {
          "gitId": "DDzuikeai"
        },
        "content": "                System.out.println(\"    added: \"+input);"
      },
      {
        "lineNumber": 63,
        "author": {
          "gitId": "DDzuikeai"
        },
        "content": "                taskList.append(new Task(input));"
      },
      {
        "lineNumber": 64,
        "author": {
          "gitId": "DDzuikeai"
        },
        "content": "            }"
      },
      {
        "lineNumber": 65,
        "author": {
          "gitId": "DDzuikeai"
        },
        "content": "            else"
      },
      {
        "lineNumber": 66,
        "author": {
          "gitId": "DDzuikeai"
        },
        "content": "                taskList.printTaskList();"
      },
      {
        "lineNumber": 67,
        "author": {
          "gitId": "DDzuikeai"
        },
        "content": "            System.out.println(\"    ________________________________\");"
      },
      {
        "lineNumber": 68,
        "author": {
          "gitId": "DDzuikeai"
        },
        "content": "            input \u003d in.nextLine().trim().toLowerCase();"
      },
      {
        "lineNumber": 69,
        "author": {
          "gitId": "DDzuikeai"
        },
        "content": "        }"
      },
      {
        "lineNumber": 70,
        "author": {
          "gitId": "DDzuikeai"
        },
        "content": "        sayBye();"
      },
      {
        "lineNumber": 71,
        "author": {
          "gitId": "DDzuikeai"
        },
        "content": "    }"
      },
      {
        "lineNumber": 72,
        "author": {
          "gitId": "DDzuikeai"
        },
        "content": ""
      },
      {
        "lineNumber": 73,
        "author": {
          "gitId": "DDzuikeai"
        },
        "content": "    "
      },
      {
        "lineNumber": 74,
        "author": {
          "gitId": "DDzuikeai"
        },
        "content": "    public static void sayBye(){"
      },
      {
        "lineNumber": 75,
        "author": {
          "gitId": "DDzuikeai"
        },
        "content": "        System.out.println(\"    ________________________________\");"
      },
      {
        "lineNumber": 76,
        "author": {
          "gitId": "DDzuikeai"
        },
        "content": "        System.out.println(\"    Don\u0027t leave me alone! Please come back soon!\");"
      },
      {
        "lineNumber": 77,
        "author": {
          "gitId": "DDzuikeai"
        },
        "content": "        System.out.println(\"    ________________________________\");"
      },
      {
        "lineNumber": 78,
        "author": {
          "gitId": "DDzuikeai"
        },
        "content": "    }"
      },
      {
        "lineNumber": 79,
        "author": {
          "gitId": "DDzuikeai"
        },
        "content": ""
      },
      {
        "lineNumber": 80,
        "author": {
          "gitId": "-"
        },
        "content": "}"
      }
    ],
    "authorContributionMap": {
      "DDzuikeai": 70,
      "-": 10
    }
  },
  {
    "path": "src/main/java/Task.java",
    "fileType": "java",
    "lines": [
      {
        "lineNumber": 1,
        "author": {
          "gitId": "DDzuikeai"
        },
        "content": "public class Task {"
      },
      {
        "lineNumber": 2,
        "author": {
          "gitId": "DDzuikeai"
        },
        "content": "    private static int taskNum \u003d 0;"
      },
      {
        "lineNumber": 3,
        "author": {
          "gitId": "DDzuikeai"
        },
        "content": "    private String taskStatus;"
      },
      {
        "lineNumber": 4,
        "author": {
          "gitId": "DDzuikeai"
        },
        "content": "    private String taskName;"
      },
      {
        "lineNumber": 5,
        "author": {
          "gitId": "DDzuikeai"
        },
        "content": ""
      },
      {
        "lineNumber": 6,
        "author": {
          "gitId": "DDzuikeai"
        },
        "content": "    public Task(){"
      },
      {
        "lineNumber": 7,
        "author": {
          "gitId": "DDzuikeai"
        },
        "content": "        this(\"\");"
      },
      {
        "lineNumber": 8,
        "author": {
          "gitId": "DDzuikeai"
        },
        "content": "    }"
      },
      {
        "lineNumber": 9,
        "author": {
          "gitId": "DDzuikeai"
        },
        "content": ""
      },
      {
        "lineNumber": 10,
        "author": {
          "gitId": "DDzuikeai"
        },
        "content": "    public Task(String taskName){"
      },
      {
        "lineNumber": 11,
        "author": {
          "gitId": "DDzuikeai"
        },
        "content": "        setTaskName(taskName);"
      },
      {
        "lineNumber": 12,
        "author": {
          "gitId": "DDzuikeai"
        },
        "content": "        if(!taskName.equals(\"\"))"
      },
      {
        "lineNumber": 13,
        "author": {
          "gitId": "DDzuikeai"
        },
        "content": "            setTaskNum(Task.taskNum+1);"
      },
      {
        "lineNumber": 14,
        "author": {
          "gitId": "DDzuikeai"
        },
        "content": "        setTaskStatus(\"[\\u2717]\");"
      },
      {
        "lineNumber": 15,
        "author": {
          "gitId": "DDzuikeai"
        },
        "content": "    }"
      },
      {
        "lineNumber": 16,
        "author": {
          "gitId": "DDzuikeai"
        },
        "content": ""
      },
      {
        "lineNumber": 17,
        "author": {
          "gitId": "DDzuikeai"
        },
        "content": "    public static void setTaskNum(int taskNum){"
      },
      {
        "lineNumber": 18,
        "author": {
          "gitId": "DDzuikeai"
        },
        "content": "        Task.taskNum \u003d taskNum;"
      },
      {
        "lineNumber": 19,
        "author": {
          "gitId": "DDzuikeai"
        },
        "content": "    }"
      },
      {
        "lineNumber": 20,
        "author": {
          "gitId": "DDzuikeai"
        },
        "content": ""
      },
      {
        "lineNumber": 21,
        "author": {
          "gitId": "DDzuikeai"
        },
        "content": "    public void setTaskName(String taskName){"
      },
      {
        "lineNumber": 22,
        "author": {
          "gitId": "DDzuikeai"
        },
        "content": "        this.taskName \u003d taskName;"
      },
      {
        "lineNumber": 23,
        "author": {
          "gitId": "DDzuikeai"
        },
        "content": "    }"
      },
      {
        "lineNumber": 24,
        "author": {
          "gitId": "DDzuikeai"
        },
        "content": ""
      },
      {
        "lineNumber": 25,
        "author": {
          "gitId": "DDzuikeai"
        },
        "content": "    public void setTaskStatus(String taskStatus){"
      },
      {
        "lineNumber": 26,
        "author": {
          "gitId": "DDzuikeai"
        },
        "content": "        this.taskStatus \u003d taskStatus;"
      },
      {
        "lineNumber": 27,
        "author": {
          "gitId": "DDzuikeai"
        },
        "content": "    }"
      },
      {
        "lineNumber": 28,
        "author": {
          "gitId": "DDzuikeai"
        },
        "content": ""
      },
      {
        "lineNumber": 29,
        "author": {
          "gitId": "DDzuikeai"
        },
        "content": "    public String getTaskName(){"
      },
      {
        "lineNumber": 30,
        "author": {
          "gitId": "DDzuikeai"
        },
        "content": "        return this.taskName;"
      },
      {
        "lineNumber": 31,
        "author": {
          "gitId": "DDzuikeai"
        },
        "content": "    }"
      },
      {
        "lineNumber": 32,
        "author": {
          "gitId": "DDzuikeai"
        },
        "content": ""
      },
      {
        "lineNumber": 33,
        "author": {
          "gitId": "DDzuikeai"
        },
        "content": "    public String getTaskStatus(){"
      },
      {
        "lineNumber": 34,
        "author": {
          "gitId": "DDzuikeai"
        },
        "content": "        return this.taskStatus;"
      },
      {
        "lineNumber": 35,
        "author": {
          "gitId": "DDzuikeai"
        },
        "content": "    }"
      },
      {
        "lineNumber": 36,
        "author": {
          "gitId": "DDzuikeai"
        },
        "content": ""
      },
      {
        "lineNumber": 37,
        "author": {
          "gitId": "DDzuikeai"
        },
        "content": "    public static int getTaskNum(){"
      },
      {
        "lineNumber": 38,
        "author": {
          "gitId": "DDzuikeai"
        },
        "content": "        return taskNum;"
      },
      {
        "lineNumber": 39,
        "author": {
          "gitId": "DDzuikeai"
        },
        "content": "    }"
      },
      {
        "lineNumber": 40,
        "author": {
          "gitId": "DDzuikeai"
        },
        "content": "}"
      }
    ],
    "authorContributionMap": {
      "DDzuikeai": 40
    }
  },
  {
    "path": "src/main/java/TaskList.java",
    "fileType": "java",
    "lines": [
      {
        "lineNumber": 1,
        "author": {
          "gitId": "DDzuikeai"
        },
        "content": "import java.util.Arrays;"
      },
      {
        "lineNumber": 2,
        "author": {
          "gitId": "DDzuikeai"
        },
        "content": ""
      },
      {
        "lineNumber": 3,
        "author": {
          "gitId": "DDzuikeai"
        },
        "content": "public class TaskList {"
      },
      {
        "lineNumber": 4,
        "author": {
          "gitId": "DDzuikeai"
        },
        "content": "    private Task[] taskList;"
      },
      {
        "lineNumber": 5,
        "author": {
          "gitId": "DDzuikeai"
        },
        "content": "    private int lenOfList;"
      },
      {
        "lineNumber": 6,
        "author": {
          "gitId": "DDzuikeai"
        },
        "content": ""
      },
      {
        "lineNumber": 7,
        "author": {
          "gitId": "DDzuikeai"
        },
        "content": "    public TaskList(){"
      },
      {
        "lineNumber": 8,
        "author": {
          "gitId": "DDzuikeai"
        },
        "content": "        this.lenOfList \u003d 0;"
      },
      {
        "lineNumber": 9,
        "author": {
          "gitId": "DDzuikeai"
        },
        "content": "        this.taskList \u003d new Task[0];"
      },
      {
        "lineNumber": 10,
        "author": {
          "gitId": "DDzuikeai"
        },
        "content": "    }"
      },
      {
        "lineNumber": 11,
        "author": {
          "gitId": "DDzuikeai"
        },
        "content": ""
      },
      {
        "lineNumber": 12,
        "author": {
          "gitId": "DDzuikeai"
        },
        "content": "    public Task getOneTask(int taskIndex){"
      },
      {
        "lineNumber": 13,
        "author": {
          "gitId": "DDzuikeai"
        },
        "content": "        return taskList[taskIndex];"
      },
      {
        "lineNumber": 14,
        "author": {
          "gitId": "DDzuikeai"
        },
        "content": "    }"
      },
      {
        "lineNumber": 15,
        "author": {
          "gitId": "DDzuikeai"
        },
        "content": ""
      },
      {
        "lineNumber": 16,
        "author": {
          "gitId": "DDzuikeai"
        },
        "content": "    public int getLenOfList(){"
      },
      {
        "lineNumber": 17,
        "author": {
          "gitId": "DDzuikeai"
        },
        "content": "        return this.lenOfList;"
      },
      {
        "lineNumber": 18,
        "author": {
          "gitId": "DDzuikeai"
        },
        "content": "    }"
      },
      {
        "lineNumber": 19,
        "author": {
          "gitId": "DDzuikeai"
        },
        "content": ""
      },
      {
        "lineNumber": 20,
        "author": {
          "gitId": "DDzuikeai"
        },
        "content": "    public void append(Task task){"
      },
      {
        "lineNumber": 21,
        "author": {
          "gitId": "DDzuikeai"
        },
        "content": "        this.taskList \u003d Arrays.copyOf(taskList,lenOfList+1);"
      },
      {
        "lineNumber": 22,
        "author": {
          "gitId": "DDzuikeai"
        },
        "content": "        this.lenOfList +\u003d 1;"
      },
      {
        "lineNumber": 23,
        "author": {
          "gitId": "DDzuikeai"
        },
        "content": "        taskList[lenOfList-1] \u003d task;"
      },
      {
        "lineNumber": 24,
        "author": {
          "gitId": "DDzuikeai"
        },
        "content": "    }"
      },
      {
        "lineNumber": 25,
        "author": {
          "gitId": "DDzuikeai"
        },
        "content": ""
      },
      {
        "lineNumber": 26,
        "author": {
          "gitId": "DDzuikeai"
        },
        "content": "    public void printTaskList(){"
      },
      {
        "lineNumber": 27,
        "author": {
          "gitId": "DDzuikeai"
        },
        "content": "        int index \u003d 0;"
      },
      {
        "lineNumber": 28,
        "author": {
          "gitId": "DDzuikeai"
        },
        "content": "        for(Task task:taskList){"
      },
      {
        "lineNumber": 29,
        "author": {
          "gitId": "DDzuikeai"
        },
        "content": "            index++;"
      },
      {
        "lineNumber": 30,
        "author": {
          "gitId": "DDzuikeai"
        },
        "content": "            System.out.println(\"    \"+index+\".\"+task.getTaskStatus()+task.getTaskName());"
      },
      {
        "lineNumber": 31,
        "author": {
          "gitId": "DDzuikeai"
        },
        "content": "        }"
      },
      {
        "lineNumber": 32,
        "author": {
          "gitId": "DDzuikeai"
        },
        "content": "    }"
      },
      {
        "lineNumber": 33,
        "author": {
          "gitId": "DDzuikeai"
        },
        "content": "}"
      }
    ],
    "authorContributionMap": {
      "DDzuikeai": 33
    }
  }
]
