{
  "authorDailyContributionsMap": {
    "DDzuikeai": [
      {
        "insertions": 97,
        "deletions": 50,
        "date": "2020-01-17",
        "commitResults": [
          {
            "hash": "2e8cfa84fca56a86f0b2128ab0387aff40a9447d",
            "messageTitle": "week1,version1",
            "messageBody": "",
            "insertions": 94,
            "deletions": 0
          },
          {
            "hash": "6d78f8daeedd9746bd11f1d923cd90d74ccb010d",
            "messageTitle": "modified conflicts between two branches",
            "messageBody": "",
            "insertions": 2,
            "deletions": 2
          },
          {
            "hash": "ca10e6de5ed311c5d5125fd62b26c437a8489b59",
            "messageTitle": "for merge of master and gradle",
            "messageBody": "",
            "insertions": 0,
            "deletions": 48
          },
          {
            "hash": "06337b795ccad0fe22d9346f5d634abb7e1ca1ac",
            "messageTitle": "simply for test",
            "messageBody": "",
            "insertions": 0,
            "deletions": 0
          },
          {
            "hash": "8aac08f60b924065df544108cf98600bac9cd6d2",
            "messageTitle": "naive version:echo,greetings,bye",
            "messageBody": "",
            "tags": [
              "week2.v2.1",
              "Level-1"
            ],
            "insertions": 1,
            "deletions": 0
          }
        ]
      },
      {
        "insertions": 149,
        "deletions": 24,
        "date": "2020-01-27",
        "commitResults": [
          {
            "hash": "470c7464ac0912d034e929e823cba988320321b1",
            "messageTitle": "week3: two modes:1.echo,2.command; class Task used for tasks support addding tasks and marking task status",
            "messageBody": "",
            "tags": [
              "week3.v2.1",
              "Level-2",
              "A-Classes"
            ],
            "insertions": 111,
            "deletions": 11
          },
          {
            "hash": "0d373ae3aafb7d9a260112f192166ce4cfef78dc",
            "messageTitle": "week3:v2.2  finish basic requirments and extensions two modes:1.echo,2.command; class Task used for tasks support addding tasks and marking task status",
            "messageBody": "",
            "tags": [
              "week3.v2.2",
              "Level-3"
            ],
            "insertions": 1,
            "deletions": 1
          },
          {
            "hash": "c7f55a42b631456d344822b12a870dc58f2fd176",
            "messageTitle": "week3.v2.3 use class TaskList instead of Task[] to store tasks.",
            "messageBody": "",
            "tags": [
              "week3.v2.3",
              "A-CodingStandard"
            ],
            "insertions": 37,
            "deletions": 12
          }
        ]
      },
      {
        "insertions": 1,
        "deletions": 0,
        "date": "2020-01-30",
        "commitResults": [
          {
            "hash": "a85a29e384e64b794168423f99f8486a713ab33b",
            "messageTitle": "simply for test(whether user.name will affect automatic tracking)",
            "messageBody": "",
            "tags": [
              "week3.v2.4"
            ],
            "insertions": 1,
            "deletions": 0
          }
        ]
      },
      {
        "insertions": 202,
        "deletions": 42,
        "date": "2020-02-02",
        "commitResults": [
          {
            "hash": "c7eedad4c4d2dd6143c11e9f3d088b4613349f1c",
            "messageTitle": "add three subclasses of Task(ToDo,Event,Deadline) and improve the code quality",
            "messageBody": "",
            "tags": [
              "week4.v3.1",
              "Level-4",
              "A-TextUiTesting",
              "A-Inheritance",
              "A-CodeQuality"
            ],
            "insertions": 202,
            "deletions": 42
          }
        ]
      },
      {
        "insertions": 35,
        "deletions": 2,
        "date": "2020-02-03",
        "commitResults": [
          {
            "hash": "183d0dc54afb8841ddeedce580675faaf54039c8",
            "messageTitle": "Add support for textUiTesting. Change unicode code to print correctly in *.txt",
            "messageBody": "",
            "tags": [
              "week4.v3.2"
            ],
            "insertions": 35,
            "deletions": 2
          }
        ]
      },
      {
        "insertions": 95,
        "deletions": 29,
        "date": "2020-02-09",
        "commitResults": [
          {
            "hash": "1f4777ad80f3aa45d7f6398e5a4f2027bf00832e",
            "messageTitle": "Add possible exception classes in duke",
            "messageBody": "",
            "tags": [
              "A-Exceptions"
            ],
            "insertions": 8,
            "deletions": 0
          },
          {
            "hash": "6c0453705bcc6ae9efc5ce1d4f9b3dc15d2e12d0",
            "messageTitle": "Add codes to support exception handle",
            "messageBody": "",
            "tags": [
              "Level-5"
            ],
            "insertions": 57,
            "deletions": 26
          },
          {
            "hash": "159b475a4a66dfafec6d599d8b463fc9052776af",
            "messageTitle": "Reorgnize the code and put java classes into its corresponding packages",
            "messageBody": "",
            "tags": [
              "A-Packages"
            ],
            "insertions": 25,
            "deletions": 2
          },
          {
            "hash": "3fdb4c29441f8ea3e1417eb67af34a090bd1a04b",
            "messageTitle": "Modify runtest.bat, input.txt to support semi-automatic testing for new changes",
            "messageBody": "",
            "insertions": 5,
            "deletions": 1
          }
        ]
      }
    ]
  },
  "authorFinalContributionMap": {
    "DDzuikeai": 404
  },
  "authorFileTypeContributionMap": {
    "DDzuikeai": {
      "java": 365,
      "md": 1,
      "fxml": 0,
      "sh": 0,
      "bat": 21,
      "gradle": 1,
      "txt": 16
    }
  },
  "authorContributionVariance": {
    "DDzuikeai": 3892.7087
  },
  "authorDisplayNameMap": {
    "DDzuikeai": "CS2113-T15-4 YAN ..GHAO"
  }
}
