{
  "authorDailyContributionsMap": {
    "DDzuikeai": [
      {
        "insertions": 94,
        "deletions": 0,
        "date": "2020-01-17",
        "commitResults": [
          {
            "hash": "2e8cfa84fca56a86f0b2128ab0387aff40a9447d",
            "messageTitle": "week1,version1",
            "messageBody": "",
            "insertions": 94,
            "deletions": 0
          }
        ]
      },
      {
        "insertions": 1,
        "deletions": 0,
        "date": "2020-01-30",
        "commitResults": [
          {
            "hash": "a85a29e384e64b794168423f99f8486a713ab33b",
            "messageTitle": "simply for test(whether user.name will affect automatic tracking)",
            "messageBody": "",
            "tags": [
              "week3.v2.4"
            ],
            "insertions": 1,
            "deletions": 0
          }
        ]
      }
    ]
  },
  "authorFinalContributionMap": {
    "DDzuikeai": 12
  },
  "authorFileTypeContributionMap": {
    "DDzuikeai": {
      "java": 11,
      "md": 1,
      "fxml": 0,
      "sh": 0,
      "bat": 0,
      "gradle": 0,
      "txt": 0
    }
  },
  "authorContributionVariance": {
    "DDzuikeai": 463.08942
  },
  "authorDisplayNameMap": {
    "DDzuikeai": "YAN ..GHAO"
  }
}
